row_id,split,cluster
0,train,1
1,train,2
2,train,2
3,train,1
4,train,0
5,train,0
6,train,0
7,train,0
8,train,0
9,train,1
10,train,0
11,train,2
12,train,2
13,train,1
14,train,0
15,train,0
16,train,2
17,train,2
18,train,2
19,train,1
20,train,1
21,train,2
22,train,2
23,train,0
24,train,2
25,train,1
26,train,0
27,train,2
28,train,2
29,train,1
30,train,1
31,train,0
32,train,1
33,train,1
34,train,1
35,train,0
36,train,0
37,train,0
38,train,2
39,train,2
40,train,2
41,train,0
42,train,2
43,train,2
44,train,2
45,train,0
46,train,1
47,train,1
48,train,2
49,train,1
50,train,2
51,train,1
52,train,2
53,train,2
54,train,0
55,train,1
56,train,2
57,train,2
58,train,0
59,train,0
60,train,0
61,train,2
62,train,2
63,train,2
64,train,0
65,train,2
66,train,0
67,train,0
68,train,0
69,train,1
70,train,0
71,train,2
72,train,1
73,train,2
74,train,2
75,train,0
76,train,1
77,train,0
78,train,2
79,train,1
80,train,0
81,train,2
82,train,2
83,train,0
84,train,0
85,train,0
86,train,1
87,train,1
88,train,1
89,train,1
90,train,1
91,train,1
92,train,0
93,train,0
94,train,2
95,train,0
96,train,2
97,train,0
98,train,0
99,train,0
100,train,2
101,train,2
102,train,1
103,train,0
104,train,0
105,train,1
106,train,0
107,train,1
108,train,1
109,train,2
110,train,2
111,train,0
112,train,0
113,train,0
114,train,0
115,train,0
116,train,0
117,train,1
118,train,2
119,train,0
120,train,1
121,train,2
122,train,1
123,train,2
124,train,2
125,train,1
126,train,1
127,train,0
128,train,2
129,train,1
130,train,1
131,train,2
132,train,2
133,train,2
134,train,0
135,train,0
136,train,0
137,train,1
138,train,1
139,train,2
140,train,1
141,train,0
142,train,2
143,train,1
144,train,0
145,train,0
146,train,1
147,train,1
148,train,1
149,train,2
150,train,0
151,train,2
152,train,0
153,train,0
154,train,1
155,train,2
156,train,1
157,train,0
158,train,2
159,train,2
160,train,2
161,train,1
162,train,0
163,train,2
164,train,0
165,train,2
166,train,1
167,train,0
168,train,0
169,train,1
170,train,2
171,train,0
172,train,0
173,train,0
174,train,1
175,train,2
176,train,1
177,train,1
178,train,2
179,train,1
180,train,1
181,train,0
182,train,2
183,train,2
184,train,1
185,train,2
186,train,1
187,train,0
188,train,0
189,train,0
190,train,2
191,train,0
192,train,2
193,train,1
194,train,0
195,train,2
196,train,2
197,train,0
198,train,0
199,train,2
200,train,2
201,train,1
202,train,2
203,train,0
204,train,0
205,train,1
206,train,2
207,train,0
208,train,2
209,train,2
210,train,0
211,train,0
212,train,0
213,train,0
214,train,0
215,train,2
216,train,0
217,train,0
218,train,0
219,train,2
220,train,1
221,train,0
222,train,0
223,train,1
224,train,1
225,train,1
226,train,0
227,train,1
228,train,2
229,train,2
230,train,1
231,train,0
232,train,2
233,train,2
234,train,0
235,train,0
236,train,2
237,train,0
238,train,0
239,train,0
240,train,0
241,train,1
242,train,2
243,train,0
244,train,2
245,train,0
246,train,1
247,train,0
248,train,0
249,train,1
250,train,1
251,train,1
252,train,1
253,train,0
254,train,2
255,train,0
256,train,0
257,train,1
258,train,2
259,train,2
260,train,2
261,train,1
262,train,1
263,train,1
264,train,2
265,train,1
266,train,0
267,train,0
268,train,1
269,train,1
270,train,2
271,train,0
272,train,0
273,train,1
274,train,1
275,train,2
276,train,0
277,train,2
278,train,1
279,train,1
280,train,1
281,train,2
282,train,0
283,train,1
284,train,0
285,train,1
286,train,2
287,train,1
288,train,1
289,train,0
290,train,1
291,train,1
292,train,2
293,train,2
294,train,2
295,train,1
296,train,0
297,train,2
298,train,1
299,train,1
300,train,0
301,train,0
302,train,1
303,train,1
304,train,0
305,train,0
306,train,2
307,train,2
308,train,1
309,train,1
310,train,2
311,train,1
312,train,2
313,train,1
314,train,2
315,train,1
316,train,0
317,train,1
318,train,0
319,train,1
320,train,0
321,train,2
322,train,1
323,train,1
324,train,1
325,train,2
326,train,2
327,train,0
328,train,0
329,train,1
330,train,2
331,train,0
332,train,2
333,train,2
334,train,2
335,train,2
336,train,0
337,train,0
338,train,2
339,train,0
340,train,1
341,train,2
342,train,2
343,train,1
344,train,1
345,train,1
346,train,0
347,train,1
348,train,0
349,train,1
350,train,1
351,train,1
352,train,2
353,train,0
354,train,1
355,train,2
356,train,0
357,train,1
358,train,0
359,train,1
360,train,0
361,train,0
362,train,1
363,train,1
364,train,1
365,train,1
366,train,0
367,train,1
368,train,2
369,train,2
370,train,1
371,train,0
372,train,2
373,train,0
374,train,0
375,train,1
376,train,2
377,train,1
378,train,2
379,train,2
380,train,2
381,train,1
382,train,0
383,train,0
384,train,0
385,train,1
386,train,0
387,train,2
388,train,0
389,train,1
390,train,1
391,train,1
392,train,1
393,train,2
394,train,0
395,train,0
396,train,0
397,train,2
398,train,1
399,train,2
400,train,2
401,train,1
402,train,2
403,train,2
404,train,2
405,train,2
406,train,0
407,train,0
408,train,0
409,train,0
410,train,0
411,train,1
412,train,0
413,train,0
414,train,0
415,train,0
416,train,1
417,train,1
418,train,1
419,train,1
420,train,1
421,train,1
422,train,2
423,train,1
424,train,1
425,train,1
426,train,0
427,train,1
428,train,0
429,train,0
430,train,1
431,train,1
432,train,2
433,train,1
434,train,2
435,train,0
436,train,1
437,train,1
438,train,2
439,train,0
440,train,2
441,train,2
442,train,2
443,train,2
444,train,0
445,train,1
446,train,1
447,train,1
448,train,1
449,train,1
450,train,0
451,train,0
452,train,2
453,train,0
454,train,1
455,train,1
456,train,0
457,train,2
458,train,0
459,train,1
460,train,1
461,train,0
462,train,0
463,train,2
464,train,0
465,train,1
466,train,2
467,train,1
468,train,1
469,train,1
470,train,0
471,train,1
472,train,0
473,train,2
474,train,1
475,train,1
476,train,0
477,train,0
478,train,0
479,train,2
480,train,0
481,train,2
482,train,0
483,train,0
484,train,2
485,train,1
486,train,0
487,train,0
488,train,2
489,train,1
490,train,1
491,train,2
492,train,0
493,train,0
494,train,2
495,train,0
496,train,1
497,train,0
498,train,2
499,train,1
500,train,0
501,train,0
502,train,0
503,train,2
504,train,1
505,train,0
506,train,1
507,train,1
508,train,1
509,train,2
510,train,1
511,train,0
512,train,1
513,train,2
514,train,2
515,train,1
516,train,1
517,train,0
518,train,2
519,train,0
520,train,2
521,train,0
522,train,0
523,train,0
524,train,0
525,train,0
526,train,1
527,train,1
528,train,1
529,train,1
530,train,0
531,train,1
532,train,0
533,train,1
534,train,1
535,train,0
536,train,1
537,train,1
538,train,2
539,train,1
540,train,2
541,train,0
542,train,0
543,train,0
544,train,2
545,train,1
546,train,2
547,train,0
548,train,0
549,train,0
550,train,1
551,train,2
552,train,1
553,train,0
554,train,0
555,train,1
556,train,2
557,train,1
558,train,1
559,train,2
560,train,1
561,train,0
562,train,0
563,train,1
564,train,2
565,train,2
566,train,2
567,train,0
568,train,1
569,train,0
570,train,0
571,train,0
572,train,1
573,train,0
574,train,1
575,train,1
576,train,2
577,train,2
578,train,2
579,train,1
580,train,2
581,train,0
582,train,0
583,train,0
584,train,0
585,train,0
586,train,2
587,train,1
588,train,0
589,train,0
590,train,0
591,train,0
592,train,1
593,train,1
594,train,0
595,train,1
596,train,0
597,train,0
598,train,1
599,train,0
600,train,2
601,train,0
602,train,2
603,train,2
604,train,2
605,train,1
606,train,1
607,train,0
608,train,1
609,train,1
610,train,2
611,train,1
612,train,2
613,train,0
614,train,1
615,train,2
616,train,0
617,train,1
618,train,1
619,train,1
620,train,2
621,train,1
622,train,1
623,train,0
624,train,2
625,train,2
626,train,2
627,train,0
628,train,1
629,train,2
630,train,0
631,train,0
632,train,0
633,train,2
634,train,2
635,train,1
636,train,1
637,train,0
638,train,2
639,train,1
640,train,1
641,train,1
642,train,0
643,train,2
644,train,1
645,train,2
646,train,2
647,train,0
648,train,2
649,train,1
650,train,1
651,train,1
652,train,0
653,train,0
654,train,1
655,train,1
656,train,2
657,train,0
658,train,2
659,train,0
660,train,0
661,train,1
662,train,1
663,train,0
664,train,0
665,train,0
666,train,1
667,train,1
668,train,2
669,train,0
670,train,1
671,train,0
672,train,1
673,train,1
674,train,1
675,train,2
676,train,0
677,train,0
678,train,1
679,train,0
680,train,2
681,train,1
682,train,1
683,train,0
684,train,1
685,train,2
686,train,2
687,train,0
688,train,0
689,train,0
690,train,1
691,train,0
692,train,1
693,train,2
694,train,2
695,train,2
696,train,1
697,train,0
698,train,0
699,train,2
700,train,1
701,train,0
702,train,2
703,train,0
704,train,0
705,train,0
706,train,1
707,train,1
708,train,1
709,train,1
710,train,1
711,train,2
712,train,0
713,train,0
714,train,2
715,train,0
716,train,1
717,train,1
718,train,1
719,train,2
720,train,0
721,train,1
722,train,1
723,train,1
724,train,2
725,train,2
726,train,0
727,train,1
728,train,1
729,train,1
730,train,2
731,train,1
732,train,2
733,train,0
734,train,2
735,train,1
736,train,1
737,train,1
738,train,1
739,train,2
740,train,1
741,train,2
742,train,0
743,train,0
744,train,2
745,train,2
746,train,1
747,train,2
748,train,2
749,train,2
750,train,1
751,train,0
752,train,0
753,train,1
754,train,2
755,train,1
756,train,0
757,train,0
758,train,0
759,train,2
760,train,0
761,train,1
762,train,2
763,train,1
764,train,1
765,train,0
766,train,2
767,train,1
768,train,0
769,train,0
770,train,1
771,train,1
772,train,2
773,train,0
774,train,0
775,train,1
776,train,0
777,train,0
778,train,0
779,train,1
780,train,2
781,train,1
782,train,1
783,train,2
784,train,0
785,train,2
786,train,2
787,train,2
788,train,2
789,train,0
790,train,0
791,train,2
792,train,0
793,train,0
794,train,0
795,train,2
796,train,2
797,train,0
798,train,2
799,train,1
800,train,1
801,train,0
802,train,1
803,train,0
804,train,0
805,train,2
806,train,1
807,train,1
808,train,1
809,train,1
810,train,2
811,train,2
812,train,2
813,train,2
814,train,1
815,train,2
816,train,1
817,train,2
818,train,1
819,train,0
820,train,0
821,train,1
822,train,2
823,train,2
824,train,0
825,train,1
826,train,1
827,train,0
828,train,0
829,train,2
830,train,0
831,train,1
832,train,0
833,train,1
834,train,0
835,train,1
836,train,2
837,train,1
838,train,0
839,train,1
840,train,1
841,train,1
842,train,0
843,train,2
844,train,0
845,train,0
846,train,0
847,train,1
848,train,1
849,train,0
850,train,2
851,train,1
852,train,2
853,train,2
854,train,2
855,train,2
856,train,1
857,train,0
858,train,1
859,train,1
860,train,1
861,train,1
862,train,2
863,train,0
864,train,1
865,train,0
866,train,1
867,train,0
868,train,1
869,train,2
870,train,1
871,train,1
872,train,0
873,train,1
874,train,1
875,train,1
876,train,0
877,train,1
878,train,0
879,train,1
880,train,1
881,train,1
882,train,0
883,train,0
884,train,0
885,train,0
886,train,0
887,train,0
888,train,2
889,train,2
890,train,2
891,train,2
892,train,0
893,train,0
894,train,1
895,train,1
896,train,0
897,train,2
898,train,1
899,train,0
900,train,0
901,train,1
902,train,0
903,train,0
904,train,1
905,train,2
906,train,2
907,train,0
908,train,0
909,train,0
910,train,2
911,train,1
912,train,2
913,train,0
914,train,1
915,train,1
916,train,1
917,train,0
918,train,1
919,train,1
920,train,1
921,train,0
922,train,1
923,train,0
924,train,2
925,train,1
926,train,0
927,train,1
928,train,1
929,train,0
930,train,2
931,train,1
932,train,1
933,train,0
934,train,1
935,train,2
936,train,0
937,train,0
938,train,1
939,train,1
940,train,1
941,train,2
942,train,0
943,train,2
944,train,1
945,train,0
946,train,2
947,train,0
948,train,1
949,train,1
950,train,1
951,train,1
952,train,0
953,train,2
954,train,2
955,train,0
956,train,1
957,train,2
958,train,1
959,train,0
960,train,1
961,train,0
962,train,1
963,train,1
964,train,0
965,train,2
966,train,0
967,train,1
968,train,2
969,train,1
970,train,1
971,train,1
972,train,1
973,train,1
974,train,0
975,train,2
976,train,0
977,train,2
978,train,0
979,train,2
980,train,2
981,train,1
982,train,2
983,train,2
984,train,1
985,train,2
986,train,2
987,train,0
988,train,1
989,train,0
990,train,1
991,train,0
992,train,1
993,train,2
994,train,1
995,train,0
996,train,1
997,train,1
998,train,2
999,train,0
1000,train,0
1001,train,1
1002,train,0
1003,train,1
1004,train,2
1005,train,1
1006,train,1
1007,train,0
1008,train,0
1009,train,2
1010,train,1
1011,train,2
1012,train,1
1013,train,1
1014,train,0
1015,train,2
1016,train,0
1017,train,1
1018,train,1
1019,train,1
1020,train,1
1021,train,2
1022,train,1
1023,train,0
1024,train,1
1025,train,2
1026,train,0
1027,train,0
1028,train,0
1029,train,1
1030,train,1
1031,train,0
1032,train,2
1033,train,0
1034,train,1
1035,train,0
1036,train,2
1037,train,1
1038,train,0
1039,train,0
1040,train,0
1041,train,2
1042,train,2
1043,train,2
1044,train,2
1045,train,0
1046,train,1
1047,train,1
1048,train,0
1049,train,0
1050,train,0
1051,train,0
1052,train,1
1053,train,1
1054,train,1
1055,train,0
1056,train,0
1057,train,0
1058,train,1
1059,train,1
1060,train,0
1061,train,2
1062,train,0
1063,train,0
1064,train,2
1065,train,0
1066,train,1
1067,train,0
1068,train,0
1069,train,1
1070,train,0
1071,train,2
1072,train,1
1073,train,2
1074,train,1
1075,train,0
1076,train,0
1077,train,1
1078,train,1
1079,train,2
1080,train,0
1081,train,0
1082,train,0
1083,train,0
1084,train,2
1085,train,2
1086,train,0
1087,train,0
1088,train,0
1089,train,2
1090,train,1
1091,train,1
1092,train,0
1093,train,1
1094,train,2
1095,train,0
1096,train,0
1097,train,2
1098,train,2
1099,train,0
1100,train,0
1101,train,1
1102,train,1
1103,train,0
1104,train,1
1105,train,1
1106,train,0
1107,train,0
1108,train,1
1109,train,0
1110,train,0
1111,train,0
1112,train,2
1113,train,2
1114,train,1
1115,train,0
1116,train,0
1117,train,1
1118,train,0
1119,train,0
1120,train,0
1121,train,2
1122,train,0
1123,train,2
1124,train,2
1125,train,2
1126,train,2
1127,train,1
1128,train,1
1129,train,1
1130,train,0
1131,train,0
1132,train,2
1133,train,0
1134,train,0
1135,train,0
1136,train,0
1137,train,1
1138,train,2
1139,train,1
1140,train,0
1141,train,2
1142,train,1
1143,train,0
1144,train,2
1145,train,0
1146,train,0
1147,train,1
1148,train,1
1149,train,2
1150,train,1
1151,train,0
1152,train,0
1153,train,1
1154,train,0
1155,train,0
1156,train,2
1157,train,1
1158,train,0
1159,train,2
1160,train,1
1161,train,1
1162,train,0
1163,train,2
1164,train,0
1165,train,2
1166,train,2
1167,train,1
1168,train,0
1169,train,0
1170,train,1
1171,train,2
1172,train,1
1173,train,1
1174,train,2
1175,train,2
1176,train,0
1177,train,0
1178,train,1
1179,train,2
1180,train,2
1181,train,1
1182,train,0
1183,train,2
1184,train,0
1185,train,2
1186,train,2
1187,train,1
1188,train,2
1189,train,2
1190,train,2
1191,train,1
1192,train,1
1193,train,0
1194,train,1
1195,train,2
1196,train,1
1197,train,1
1198,train,0
1199,train,2
1200,train,2
1201,train,1
1202,train,2
1203,train,1
1204,train,1
1205,train,0
1206,train,2
1207,train,0
1208,train,1
1209,train,0
1210,train,1
1211,train,0
1212,train,2
1213,train,0
1214,train,0
1215,train,0
1216,train,1
1217,train,0
1218,train,1
1219,train,0
1220,train,0
1221,train,0
1222,train,1
1223,train,2
1224,train,0
1225,train,1
1226,train,2
1227,train,2
1228,train,2
1229,train,0
1230,train,1
1231,train,1
1232,train,2
1233,train,2
1234,train,1
1235,train,0
1236,train,1
1237,train,1
1238,train,0
1239,train,0
1240,train,1
1241,train,1
1242,train,1
1243,train,0
1244,train,2
1245,train,0
1246,train,1
1247,train,1
1248,train,1
1249,train,2
1250,train,0
1251,train,0
1252,train,2
1253,train,1
1254,train,1
1255,train,2
1256,train,2
1257,train,2
1258,train,0
1259,train,1
1260,train,0
1261,train,1
1262,train,0
1263,train,1
1264,train,1
1265,train,0
1266,train,0
1267,train,1
1268,train,2
1269,train,2
1270,train,0
1271,train,1
1272,train,2
1273,train,1
1274,train,2
1275,train,0
1276,train,0
1277,train,0
1278,train,1
1279,train,2
1280,train,1
1281,train,1
1282,train,0
1283,train,1
1284,train,0
1285,train,0
1286,train,1
1287,train,1
1288,train,0
1289,train,1
1290,train,0
1291,train,1
1292,train,2
1293,train,0
1294,train,0
1295,train,0
1296,train,1
1297,train,1
1298,train,1
1299,train,0
1300,train,0
1301,train,2
1302,train,0
1303,train,2
1304,train,1
1305,train,2
1306,train,1
1307,train,0
1308,train,1
1309,train,0
1310,train,0
1311,train,0
1312,train,0
1313,train,0
1314,train,0
1315,train,1
1316,train,0
1317,train,0
1318,train,2
1319,train,1
1320,train,0
1321,train,2
1322,train,2
1323,train,0
1324,train,1
1325,train,1
1326,train,1
1327,train,2
1328,train,1
1329,train,1
1330,train,2
1331,train,1
1332,train,2
1333,train,1
1334,train,1
1335,train,1
1336,train,0
1337,train,1
1338,train,2
1339,train,1
1340,train,2
1341,train,1
1342,train,0
1343,train,0
1344,train,2
1345,train,0
1346,train,0
1347,train,0
1348,train,0
1349,train,0
1350,train,2
1351,train,1
1352,train,0
1353,train,0
1354,train,0
1355,train,1
1356,train,0
1357,train,2
1358,train,0
1359,train,1
1360,train,1
1361,train,0
1362,train,0
1363,train,0
1364,train,1
1365,train,1
1366,train,1
1367,train,2
1368,train,1
1369,train,0
1370,train,1
1371,train,0
1372,train,2
1373,train,1
1374,train,0
1375,train,1
1376,train,2
1377,train,1
1378,train,1
1379,train,1
1380,train,2
1381,train,1
1382,train,1
1383,train,1
1384,train,0
1385,train,1
1386,train,0
1387,train,1
1388,train,1
1389,train,1
1390,train,0
1391,train,2
1392,train,1
1393,train,2
1394,train,1
1395,train,2
1396,train,1
1397,train,0
1398,train,2
1399,train,2
1400,train,0
1401,train,2
1402,train,0
1403,train,0
1404,train,0
1405,train,2
1406,train,0
1407,train,1
1408,train,2
1409,train,2
1410,train,2
1411,train,2
1412,train,2
1413,train,0
1414,train,1
1415,train,0
1416,train,2
1417,train,0
1418,train,1
1419,train,0
1420,train,0
1421,train,1
1422,train,0
1423,train,1
1424,train,2
1425,train,0
1426,train,0
1427,train,0
1428,train,0
1429,train,2
1430,train,1
1431,train,2
1432,train,2
1433,train,1
1434,train,1
1435,train,2
1436,train,1
1437,train,2
1438,train,0
1439,train,0
1440,train,0
1441,train,1
1442,train,1
1443,train,1
1444,train,2
1445,train,0
1446,train,0
1447,train,0
1448,train,2
1449,train,0
1450,train,1
1451,train,0
1452,train,1
1453,train,1
1454,train,2
1455,train,2
1456,train,1
1457,train,0
1458,train,2
1459,train,2
1460,train,1
1461,train,0
1462,train,1
1463,train,1
1464,train,1
1465,train,1
1466,train,0
1467,train,0
1468,train,1
1469,train,2
1470,train,2
1471,train,0
1472,train,0
1473,train,0
1474,train,2
1475,train,0
1476,train,2
1477,train,0
1478,train,2
1479,train,0
1480,train,0
1481,train,1
1482,train,1
1483,train,1
1484,train,1
1485,train,1
1486,train,2
1487,train,0
1488,train,2
1489,train,1
1490,train,0
1491,train,0
1492,train,0
1493,train,2
1494,train,1
1495,train,2
1496,train,1
1497,train,0
1498,train,0
1499,train,1
1500,train,2
1501,train,2
1502,train,1
1503,train,0
1504,train,1
1505,train,0
1506,train,1
1507,train,0
1508,train,1
1509,train,1
1510,train,2
1511,train,1
1512,train,2
1513,train,1
1514,train,0
1515,train,1
1516,train,1
1517,train,2
1518,train,2
1519,train,0
1520,train,0
1521,train,1
1522,train,1
1523,train,0
1524,train,0
1525,train,1
1526,train,0
1527,train,0
1528,train,1
1529,train,0
1530,train,2
1531,train,1
1532,train,0
1533,train,1
1534,train,1
1535,train,0
1536,train,1
1537,train,1
1538,train,2
1539,train,2
1540,train,0
1541,train,2
1542,train,1
1543,train,0
1544,train,1
1545,train,2
1546,train,1
1547,train,0
1548,train,1
1549,train,2
1550,train,0
1551,train,2
1552,train,2
1553,train,2
1554,train,0
1555,train,1
1556,train,0
1557,train,0
1558,train,1
1559,train,1
1560,train,0
1561,train,1
1562,train,1
1563,train,0
1564,train,2
1565,train,2
1566,train,0
1567,train,2
1568,train,0
1569,train,0
1570,train,2
1571,train,2
1572,train,1
1573,train,1
1574,train,0
1575,train,1
1576,train,1
1577,train,2
1578,train,2
1579,train,2
1580,train,2
1581,train,0
1582,train,2
1583,train,1
1584,train,1
1585,train,1
1586,train,2
1587,train,1
1588,train,0
1589,train,1
1590,train,1
1591,train,1
1592,train,1
1593,train,0
1594,train,2
1595,train,1
1596,train,0
1597,train,2
1598,train,1
1599,train,0
1600,train,0
1601,train,2
1602,train,2
1603,train,1
1604,train,1
1605,train,1
1606,train,0
1607,train,1
1608,train,0
1609,train,1
1610,train,0
1611,train,2
1612,train,1
1613,train,0
1614,train,0
1615,train,2
1616,train,0
1617,train,2
1618,train,1
1619,train,1
1620,train,1
1621,train,2
1622,train,0
1623,train,0
1624,train,1
1625,train,1
1626,train,1
1627,train,2
1628,train,1
1629,train,0
1630,train,0
1631,train,0
1632,train,0
1633,train,1
1634,train,1
1635,train,2
1636,train,0
1637,train,2
1638,train,0
1639,train,0
1640,train,0
1641,train,2
1642,train,0
1643,train,1
1644,train,2
1645,train,0
1646,train,1
1647,train,1
1648,train,1
1649,train,2
1650,train,0
1651,train,2
1652,train,0
1653,train,1
1654,train,0
1655,train,1
1656,train,0
1657,train,1
1658,train,1
1659,train,0
1660,train,2
1661,train,1
1662,train,1
1663,train,1
1664,train,1
1665,train,1
1666,train,0
1667,train,1
1668,train,0
1669,train,2
1670,train,1
1671,train,0
1672,train,1
1673,train,1
1674,train,1
1675,train,2
1676,train,1
1677,train,0
1678,train,1
1679,train,1
1680,train,1
1681,train,0
1682,train,1
1683,train,1
1684,train,1
1685,train,0
1686,train,0
1687,train,2
1688,train,0
1689,train,1
1690,train,2
1691,train,1
1692,train,1
1693,train,1
1694,train,1
1695,train,0
1696,train,1
1697,train,1
1698,train,2
1699,train,0
1700,train,1
1701,train,0
1702,train,1
1703,train,1
1704,train,1
1705,train,0
1706,train,0
1707,train,0
1708,train,1
1709,train,1
1710,train,2
1711,train,1
1712,train,1
1713,train,0
1714,train,1
1715,train,0
1716,train,1
1717,train,0
1718,train,1
1719,train,2
1720,train,1
1721,train,1
1722,train,2
1723,train,1
1724,train,1
1725,train,0
1726,train,1
1727,train,1
1728,train,0
1729,train,0
1730,train,0
1731,train,1
1732,train,2
1733,train,0
1734,train,0
1735,train,1
1736,train,0
1737,train,2
1738,train,0
1739,train,0
1740,train,1
1741,train,1
1742,train,2
1743,train,1
1744,train,1
1745,train,0
1746,train,1
1747,train,0
1748,train,0
1749,train,0
1750,train,0
1751,train,0
1752,train,1
1753,train,2
1754,train,1
1755,train,2
1756,train,1
1757,train,2
1758,train,1
1759,train,2
1760,train,0
1761,train,0
1762,train,0
1763,train,2
1764,train,1
1765,train,2
1766,train,1
1767,train,0
1768,train,2
1769,train,2
1770,train,2
1771,train,1
1772,train,0
1773,train,1
1774,train,0
1775,train,1
1776,train,0
1777,train,1
1778,train,0
1779,train,1
1780,train,2
1781,train,2
1782,train,1
1783,train,1
1784,train,0
1785,train,2
1786,train,0
1787,train,1
1788,train,0
1789,train,0
1790,train,1
1791,train,1
1792,train,0
1793,train,0
1794,train,0
1795,train,0
1796,train,1
1797,train,1
1798,train,0
1799,train,1
1800,train,1
1801,train,1
1802,train,1
1803,train,2
1804,train,1
1805,train,2
1806,train,0
1807,train,1
1808,train,1
1809,train,0
1810,train,2
1811,train,2
1812,train,0
1813,train,1
1814,train,1
1815,train,2
1816,train,0
1817,train,0
1818,train,2
1819,train,1
1820,train,1
1821,train,1
1822,train,0
1823,train,0
1824,train,2
1825,train,1
1826,train,1
1827,train,0
1828,train,1
1829,train,0
1830,train,1
1831,train,2
1832,train,0
1833,train,1
1834,train,0
1835,train,0
1836,train,0
1837,train,1
1838,train,1
1839,train,2
1840,train,1
1841,train,1
1842,train,1
1843,train,0
1844,train,2
1845,train,2
1846,train,2
1847,train,0
1848,train,2
1849,train,1
1850,train,0
1851,train,1
1852,train,1
1853,train,2
1854,train,1
1855,train,0
1856,train,1
1857,train,0
1858,train,1
1859,train,1
1860,train,2
1861,train,0
1862,train,0
1863,train,1
1864,train,0
1865,train,2
1866,train,1
1867,train,2
1868,train,0
1869,train,1
1870,train,2
1871,train,0
1872,train,0
1873,train,2
1874,train,1
1875,train,1
1876,train,2
1877,train,2
1878,train,1
1879,train,0
1880,train,0
1881,train,2
1882,train,1
1883,train,1
1884,train,1
1885,train,2
1886,train,0
1887,train,0
1888,train,2
1889,train,1
1890,train,2
1891,train,2
1892,train,1
1893,train,2
1894,train,2
1895,train,0
1896,train,0
1897,train,1
1898,train,1
1899,train,0
1900,train,2
1901,train,0
1902,train,2
1903,train,2
1904,train,2
1905,train,0
1906,train,1
1907,train,1
1908,train,2
1909,train,0
1910,train,0
1911,train,2
1912,train,0
1913,train,1
1914,train,0
1915,train,1
1916,train,0
1917,train,1
1918,train,0
1919,train,2
1920,train,0
1921,train,0
1922,train,0
1923,train,2
1924,train,1
1925,train,1
1926,train,1
1927,train,1
1928,train,2
1929,train,2
1930,train,0
1931,train,0
1932,train,0
1933,train,0
1934,train,1
1935,train,0
1936,train,0
1937,train,0
1938,train,1
1939,train,2
1940,train,2
1941,train,2
1942,train,0
1943,train,1
1944,train,0
1945,train,0
1946,train,1
1947,train,2
1948,train,1
1949,train,1
1950,train,2
1951,train,1
1952,train,0
1953,train,1
1954,train,1
1955,train,1
1956,train,2
1957,train,1
1958,train,0
1959,train,0
1960,train,2
1961,train,1
1962,train,2
1963,train,0
1964,train,0
1965,train,0
1966,train,1
1967,train,2
1968,train,0
1969,train,2
1970,train,1
1971,train,0
1972,train,1
1973,train,0
1974,train,2
1975,train,2
1976,train,0
1977,train,0
1978,train,2
1979,train,0
1980,train,2
1981,train,0
1982,train,1
1983,train,2
1984,train,0
1985,train,1
1986,train,2
1987,train,1
1988,train,0
1989,train,0
1990,train,1
1991,train,1
1992,train,0
1993,train,1
1994,train,1
1995,train,1
1996,train,2
1997,train,2
1998,train,1
1999,train,0
2000,train,0
2001,train,1
2002,train,2
2003,train,1
2004,train,0
2005,train,2
2006,train,1
2007,train,2
2008,train,0
2009,train,1
2010,train,2
2011,train,2
2012,train,1
2013,train,1
2014,train,2
2015,train,1
2016,train,0
2017,train,2
2018,train,2
2019,train,2
2020,train,0
2021,train,0
2022,train,0
2023,train,1
2024,train,1
2025,train,0
2026,train,2
2027,train,1
2028,train,2
2029,train,0
2030,train,0
2031,train,1
2032,train,2
2033,train,2
2034,train,0
2035,train,1
2036,train,2
2037,train,0
2038,train,1
2039,train,1
2040,train,2
2041,train,1
2042,train,2
2043,train,0
2044,train,2
2045,train,1
2046,train,1
2047,train,1
2048,train,0
2049,train,0
2050,train,1
2051,train,1
2052,train,2
2053,train,0
2054,train,2
2055,train,1
2056,train,2
2057,train,2
2058,train,1
2059,train,2
2060,train,1
2061,train,0
2062,train,2
2063,train,1
2064,train,2
2065,train,1
2066,train,0
2067,train,0
2068,train,0
2069,train,2
2070,train,2
2071,train,1
2072,train,0
2073,train,0
2074,train,1
2075,train,2
2076,train,1
2077,train,2
2078,train,0
2079,train,2
2080,train,0
2081,train,0
2082,train,1
2083,train,0
2084,train,1
2085,train,1
2086,train,2
2087,train,2
2088,train,0
2089,train,0
2090,train,1
2091,train,2
2092,train,1
2093,train,2
2094,train,2
2095,train,2
2096,train,2
2097,train,1
2098,train,2
2099,train,0
2100,train,0
2101,train,2
2102,train,2
2103,train,2
2104,train,1
2105,train,1
2106,train,2
2107,train,1
2108,train,0
2109,train,1
2110,train,0
2111,train,0
2112,train,1
2113,train,2
2114,train,1
2115,train,1
2116,train,2
2117,train,0
2118,train,1
2119,train,1
2120,train,2
2121,train,1
2122,train,2
2123,train,2
2124,train,2
2125,train,2
2126,train,2
2127,train,0
2128,train,2
2129,train,1
2130,train,1
2131,train,1
2132,train,1
2133,train,1
2134,train,2
2135,train,1
2136,train,2
2137,train,2
2138,train,1
2139,train,0
2140,train,2
2141,train,2
2142,train,0
2143,train,2
2144,train,0
2145,train,2
2146,train,0
2147,train,1
2148,train,2
2149,train,0
2150,train,2
2151,train,2
2152,train,0
2153,train,1
2154,train,0
2155,train,0
2156,train,0
2157,train,1
2158,train,1
2159,train,1
2160,train,0
2161,train,2
2162,train,0
2163,train,0
2164,train,2
2165,train,1
2166,train,2
2167,train,2
2168,train,1
2169,train,1
2170,train,0
2171,train,1
2172,train,2
2173,train,2
2174,train,0
2175,train,2
2176,train,0
2177,train,2
2178,train,2
2179,train,1
2180,train,2
2181,train,0
2182,train,2
2183,train,0
2184,train,2
2185,train,1
2186,train,2
2187,train,1
2188,train,1
2189,train,0
2190,train,0
2191,train,0
2192,train,1
2193,train,1
2194,train,1
2195,train,0
2196,train,2
2197,train,2
2198,train,2
2199,train,2
2200,train,1
2201,train,1
2202,train,0
2203,train,1
2204,train,1
2205,train,0
2206,train,0
2207,train,1
2208,train,1
2209,train,2
2210,train,2
2211,train,2
2212,train,0
2213,train,2
2214,train,0
2215,train,1
2216,train,2
2217,train,0
2218,train,0
2219,train,0
2220,train,2
2221,train,0
2222,train,0
2223,train,1
2224,train,1
2225,train,0
2226,train,0
2227,train,2
2228,train,0
2229,train,1
2230,train,0
2231,train,1
2232,train,2
2233,train,2
2234,train,0
2235,train,1
2236,train,0
2237,train,1
2238,train,1
2239,train,0
2240,train,2
2241,train,1
2242,train,1
2243,train,2
2244,train,0
2245,train,2
2246,train,2
2247,train,0
2248,train,1
2249,train,1
2250,train,0
2251,train,1
2252,train,1
2253,train,0
2254,train,0
2255,train,2
2256,train,2
2257,train,2
2258,train,2
2259,train,2
2260,train,1
2261,train,0
2262,train,2
2263,train,1
2264,train,0
2265,train,1
2266,train,2
2267,train,2
2268,train,2
2269,train,1
2270,train,2
2271,train,2
2272,train,0
2273,train,0
2274,train,0
2275,train,0
2276,train,1
2277,train,2
2278,train,0
2279,train,0
2280,train,0
2281,train,1
2282,train,0
2283,train,0
2284,train,0
2285,train,1
2286,train,1
2287,train,2
2288,train,0
2289,train,1
2290,train,0
2291,train,2
2292,train,1
2293,train,1
2294,train,0
2295,train,0
2296,train,2
2297,train,1
2298,train,2
2299,train,0
2300,train,2
2301,train,1
2302,train,2
2303,train,1
2304,train,1
2305,train,1
2306,train,2
2307,train,1
2308,train,0
2309,train,2
2310,train,1
2311,train,0
2312,train,1
2313,train,1
2314,train,2
2315,train,2
2316,train,1
2317,train,1
2318,train,1
2319,train,0
2320,train,0
2321,train,1
2322,train,1
2323,train,1
2324,train,1
2325,train,0
2326,train,0
2327,train,0
2328,train,2
2329,train,2
2330,train,0
2331,train,0
2332,train,0
2333,train,0
2334,train,0
2335,train,0
2336,train,1
2337,train,1
2338,train,0
2339,train,2
2340,train,1
2341,train,2
2342,train,0
2343,train,0
2344,train,2
2345,train,2
2346,train,2
2347,train,0
2348,train,1
2349,train,1
2350,train,0
2351,train,0
2352,train,1
2353,train,2
2354,train,0
2355,train,0
2356,train,1
2357,train,0
2358,train,0
2359,train,1
2360,train,1
2361,train,2
2362,train,1
2363,train,0
2364,train,0
2365,train,1
2366,train,1
2367,train,2
2368,train,0
2369,train,1
2370,train,0
2371,train,1
2372,train,1
2373,train,2
2374,train,2
2375,train,1
2376,train,2
2377,train,1
2378,train,2
2379,train,0
2380,train,1
2381,train,2
2382,train,0
2383,train,2
2384,train,0
2385,train,0
2386,train,1
2387,train,1
2388,train,0
2389,train,2
2390,train,0
2391,train,1
2392,train,0
2393,train,1
2394,train,0
2395,train,0
2396,train,2
2397,train,1
2398,train,1
2399,train,2
2400,train,0
2401,train,2
2402,train,2
2403,train,1
2404,train,1
2405,train,1
2406,train,0
2407,train,1
2408,train,2
2409,train,0
2410,train,0
2411,train,1
2412,train,2
2413,train,0
2414,train,0
2415,train,2
2416,train,1
2417,train,0
2418,train,0
2419,train,1
2420,train,0
2421,train,2
2422,train,0
2423,train,0
2424,train,1
2425,train,1
2426,train,0
2427,train,0
2428,train,0
2429,train,0
2430,train,0
2431,train,2
2432,train,2
2433,train,0
2434,train,1
2435,train,1
2436,train,1
2437,train,0
2438,train,2
2439,train,1
2440,train,2
2441,train,2
2442,train,1
2443,train,2
2444,train,0
2445,train,1
2446,train,1
2447,train,0
2448,train,0
2449,train,1
2450,train,1
2451,train,0
2452,train,2
2453,train,0
2454,train,0
2455,train,2
2456,train,2
2457,train,1
2458,train,1
2459,train,2
2460,train,2
2461,train,1
2462,train,0
2463,train,0
2464,train,0
2465,train,1
2466,train,0
2467,train,1
2468,train,0
2469,train,1
2470,train,2
2471,train,2
2472,train,0
2473,train,0
2474,train,2
2475,train,0
2476,train,2
2477,train,0
2478,train,0
2479,train,2
2480,train,0
2481,train,2
2482,train,2
2483,train,0
2484,train,1
2485,train,1
2486,train,1
2487,train,2
2488,train,2
2489,train,1
2490,train,0
2491,train,2
2492,train,0
2493,train,2
2494,train,0
2495,train,2
2496,train,2
2497,train,0
2498,train,2
2499,train,0
2500,train,2
2501,train,2
2502,train,1
2503,train,1
2504,train,2
2505,train,2
2506,train,1
2507,train,2
2508,train,0
2509,train,1
2510,train,1
2511,train,2
2512,train,1
2513,train,0
2514,train,0
2515,train,1
2516,train,2
2517,train,2
2518,train,1
2519,train,0
2520,train,1
2521,train,1
2522,train,0
2523,train,1
2524,train,0
2525,train,1
2526,train,1
2527,train,2
2528,train,2
2529,train,2
2530,train,1
2531,train,1
2532,train,1
2533,train,1
2534,train,2
2535,train,2
2536,train,1
2537,train,0
2538,train,1
2539,train,0
2540,train,1
2541,train,1
2542,train,1
2543,train,1
2544,train,1
2545,train,0
2546,train,0
2547,train,0
2548,train,1
2549,train,1
2550,train,0
2551,train,1
2552,train,0
2553,train,0
2554,train,1
2555,train,2
2556,train,0
2557,train,0
2558,train,0
2559,train,1
2560,train,1
2561,train,0
2562,train,0
2563,train,1
2564,train,1
2565,train,1
2566,train,0
2567,train,0
2568,train,1
2569,train,0
2570,train,0
2571,train,1
2572,train,1
2573,train,2
2574,train,1
2575,train,0
2576,train,1
2577,train,2
2578,train,1
2579,train,1
2580,train,2
2581,train,1
2582,train,0
2583,train,0
2584,train,1
2585,train,1
2586,train,2
2587,train,2
2588,train,1
2589,train,2
2590,train,1
2591,train,2
2592,train,1
2593,train,1
2594,train,1
2595,train,0
2596,train,2
2597,train,0
2598,train,0
2599,train,2
2600,train,0
2601,train,2
2602,train,2
2603,train,2
2604,train,2
2605,train,0
2606,train,0
2607,train,0
2608,train,0
2609,train,1
2610,train,2
2611,train,2
2612,train,1
2613,train,0
2614,train,2
2615,train,1
2616,train,1
2617,train,1
2618,train,0
2619,train,0
2620,train,2
2621,train,0
2622,train,0
2623,train,2
2624,train,0
2625,train,1
2626,train,2
2627,train,0
2628,train,0
2629,train,2
2630,train,2
2631,train,0
2632,train,2
2633,train,0
2634,train,0
2635,train,0
2636,train,2
2637,train,1
2638,train,0
2639,train,2
2640,train,1
2641,train,1
2642,train,0
2643,train,2
2644,train,0
2645,train,1
2646,train,0
2647,train,2
2648,train,0
2649,train,0
2650,train,0
2651,train,1
2652,train,1
2653,train,1
2654,train,0
2655,train,2
2656,train,0
2657,train,1
2658,train,0
2659,train,0
2660,train,0
2661,train,0
2662,train,2
2663,train,2
2664,train,1
2665,train,1
2666,train,0
2667,train,1
2668,train,2
2669,train,0
2670,train,0
2671,train,2
2672,train,1
2673,train,0
2674,train,0
2675,train,1
2676,train,1
2677,train,0
2678,train,1
2679,train,0
2680,train,1
2681,train,2
2682,train,0
2683,train,0
2684,train,2
2685,train,2
2686,train,0
2687,train,0
2688,train,2
2689,train,2
2690,train,1
2691,train,2
2692,train,1
2693,train,2
2694,train,0
2695,train,1
2696,train,2
2697,train,0
2698,train,1
2699,train,1
2700,train,2
2701,train,0
2702,train,2
2703,train,2
2704,train,2
2705,train,2
2706,train,0
2707,train,2
2708,train,2
2709,train,1
2710,train,0
2711,train,0
2712,train,0
2713,train,0
2714,train,2
2715,train,2
2716,train,0
2717,train,0
2718,train,1
2719,train,0
2720,train,0
2721,train,0
2722,train,2
2723,train,2
2724,train,0
2725,train,2
2726,train,2
2727,train,0
2728,train,1
2729,train,1
2730,train,1
2731,train,0
2732,train,1
2733,train,2
2734,train,1
2735,train,2
2736,train,1
2737,train,0
2738,train,2
2739,train,0
2740,train,0
2741,train,2
2742,train,0
2743,train,0
2744,train,1
2745,train,0
2746,train,0
2747,train,0
2748,train,2
2749,train,1
2750,train,0
2751,train,1
2752,train,1
2753,train,2
2754,train,0
2755,train,0
2756,train,0
2757,train,1
2758,train,1
2759,train,2
2760,train,0
2761,train,2
2762,train,2
2763,train,0
2764,train,1
2765,train,0
2766,train,0
2767,train,1
2768,train,0
2769,train,0
2770,train,0
2771,train,1
2772,train,1
2773,train,0
2774,train,0
2775,train,0
2776,train,2
2777,train,1
2778,train,0
2779,train,0
2780,train,0
2781,train,0
2782,train,0
2783,train,0
2784,train,1
2785,train,0
2786,train,2
2787,train,1
2788,train,1
2789,train,0
2790,train,2
2791,train,1
2792,train,2
2793,train,0
2794,train,0
2795,train,2
2796,train,0
2797,train,2
2798,train,0
2799,train,2
2800,train,1
2801,train,1
2802,train,2
2803,train,1
2804,train,2
2805,train,0
2806,train,2
2807,train,1
2808,train,1
2809,train,2
2810,train,1
2811,train,2
2812,train,0
2813,train,1
2814,train,0
2815,train,0
2816,train,1
2817,train,1
2818,train,2
2819,train,2
2820,train,2
2821,train,1
2822,train,0
2823,train,0
2824,train,2
2825,train,1
2826,train,0
2827,train,0
2828,train,0
2829,train,1
2830,train,0
2831,train,2
2832,train,2
2833,train,0
2834,train,2
2835,train,2
2836,train,0
2837,train,0
2838,train,1
2839,train,2
2840,train,0
2841,train,1
2842,train,1
2843,train,0
2844,train,2
2845,train,0
2846,train,0
2847,train,1
2848,train,0
2849,train,0
2850,train,1
2851,train,1
2852,train,2
2853,train,2
2854,train,1
2855,train,2
2856,train,2
2857,train,1
2858,train,0
2859,train,1
2860,train,2
2861,train,0
2862,train,1
2863,train,1
2864,train,1
2865,train,2
2866,train,1
2867,train,0
2868,train,1
2869,train,1
2870,train,0
2871,train,1
2872,train,2
2873,train,2
2874,train,1
2875,train,2
2876,train,1
2877,train,1
2878,train,0
2879,train,0
2880,train,1
2881,train,0
2882,train,2
2883,train,0
2884,train,2
2885,train,1
2886,train,0
2887,train,0
2888,train,1
2889,train,0
2890,train,1
2891,train,0
2892,train,1
2893,train,1
2894,train,0
2895,train,0
2896,train,0
2897,train,2
2898,train,1
2899,train,1
2900,train,1
2901,train,0
2902,train,0
2903,train,2
2904,train,1
2905,train,2
2906,train,0
2907,train,0
2908,train,0
2909,train,1
2910,train,1
2911,train,1
2912,train,1
2913,train,2
2914,train,1
2915,train,0
2916,train,1
2917,train,1
2918,train,0
2919,train,2
2920,train,0
2921,train,1
2922,train,0
2923,train,0
2924,train,0
2925,train,1
2926,train,2
2927,train,0
2928,train,1
2929,train,1
2930,train,0
2931,train,0
2932,train,0
2933,train,0
2934,train,0
2935,train,0
2936,train,0
2937,train,0
2938,train,1
2939,train,0
2940,train,0
2941,train,2
2942,train,1
2943,train,0
2944,train,2
2945,train,0
2946,train,1
2947,train,2
2948,train,1
2949,train,2
2950,train,0
2951,train,2
2952,train,0
2953,train,0
2954,train,1
2955,train,0
2956,train,0
2957,train,2
2958,train,0
2959,train,0
2960,train,1
2961,train,0
2962,train,1
2963,train,1
2964,train,0
2965,train,1
2966,train,2
2967,train,2
2968,train,1
2969,train,1
2970,train,1
2971,train,0
2972,train,2
2973,train,1
2974,train,1
2975,train,0
2976,train,1
2977,train,0
2978,train,0
2979,train,2
2980,train,1
2981,train,1
2982,train,1
2983,train,0
2984,train,1
2985,train,2
2986,train,2
2987,train,0
2988,train,1
2989,train,1
2990,train,0
2991,train,0
2992,train,2
2993,train,1
2994,train,1
2995,train,2
2996,train,2
2997,train,2
2998,train,0
2999,train,0
3000,train,1
3001,train,2
3002,train,2
3003,train,1
3004,train,1
3005,train,0
3006,train,0
3007,train,0
3008,train,0
3009,train,2
3010,train,2
3011,train,0
3012,train,0
3013,train,2
3014,train,1
3015,train,0
3016,train,1
3017,train,0
3018,train,1
3019,train,2
3020,train,2
3021,train,0
3022,train,1
3023,train,0
3024,train,0
3025,train,1
3026,train,2
3027,train,1
3028,train,0
3029,train,2
3030,train,0
3031,train,2
3032,train,1
3033,train,2
3034,train,0
3035,train,2
3036,train,2
3037,train,1
3038,train,2
3039,train,2
3040,train,0
3041,train,1
3042,train,0
3043,train,0
3044,train,2
3045,train,1
3046,train,0
3047,train,0
3048,train,0
3049,train,2
3050,train,0
3051,train,0
3052,train,0
3053,train,1
3054,train,2
3055,train,0
3056,train,1
3057,train,2
3058,train,0
3059,train,0
3060,train,2
3061,train,1
3062,train,0
3063,train,0
3064,train,0
3065,train,2
3066,train,1
3067,train,0
3068,train,1
3069,train,1
3070,train,0
3071,train,0
3072,train,1
3073,train,0
3074,train,0
3075,train,2
3076,train,2
3077,train,1
3078,train,2
3079,train,1
3080,train,1
3081,train,1
3082,train,0
3083,train,1
3084,train,1
3085,train,0
3086,train,1
3087,train,0
3088,train,0
3089,train,1
3090,train,0
3091,train,2
3092,train,2
3093,train,1
3094,train,0
3095,train,0
3096,train,1
3097,train,0
3098,train,2
3099,train,1
3100,train,1
3101,train,1
3102,train,0
3103,train,1
3104,train,0
3105,train,0
3106,train,0
3107,train,0
3108,train,1
3109,train,1
3110,train,1
3111,train,1
3112,train,2
3113,train,2
3114,train,1
3115,train,0
3116,train,1
3117,train,2
3118,train,2
3119,train,2
3120,train,2
3121,train,1
3122,train,1
3123,train,1
3124,train,0
3125,train,1
3126,train,0
3127,train,2
3128,train,0
3129,train,2
3130,train,2
3131,train,0
3132,train,2
3133,train,1
3134,train,0
3135,train,1
3136,train,0
3137,train,1
3138,train,0
3139,train,0
3140,train,1
3141,train,1
3142,train,0
3143,train,1
3144,train,1
3145,train,1
3146,train,1
3147,train,0
3148,train,0
3149,train,2
3150,train,2
3151,train,1
3152,train,0
3153,train,0
3154,train,2
3155,train,1
3156,train,1
3157,train,0
3158,train,0
3159,train,2
3160,train,0
3161,train,0
3162,train,1
3163,train,0
3164,train,1
3165,train,0
3166,train,0
3167,train,2
3168,train,0
3169,train,2
3170,train,0
3171,train,1
3172,train,0
3173,train,0
3174,train,1
3175,train,2
3176,train,0
3177,train,1
3178,train,1
3179,train,0
3180,train,2
3181,train,2
3182,train,2
3183,train,1
3184,train,1
3185,train,0
3186,train,1
3187,train,1
3188,train,0
3189,train,1
3190,train,2
3191,train,0
3192,train,1
3193,train,0
3194,train,1
3195,train,1
3196,train,1
3197,train,1
3198,train,0
3199,train,0
3200,train,1
3201,train,0
3202,train,1
3203,train,2
3204,train,0
3205,train,2
3206,train,2
3207,train,2
3208,train,0
3209,train,0
3210,train,2
3211,train,1
3212,train,0
3213,train,0
3214,train,0
3215,train,1
3216,train,1
3217,train,0
3218,train,2
3219,train,0
3220,train,0
3221,train,1
3222,train,1
3223,train,0
3224,train,0
3225,train,0
3226,train,1
3227,train,1
3228,train,1
3229,train,2
3230,train,1
3231,train,1
3232,train,0
3233,train,1
3234,train,1
3235,train,0
3236,train,2
3237,train,0
3238,train,0
3239,train,1
3240,train,1
3241,train,0
3242,train,1
3243,train,0
3244,train,2
3245,train,1
3246,train,1
3247,train,1
3248,train,1
3249,train,2
3250,train,2
3251,train,2
3252,train,0
3253,train,1
3254,train,2
3255,train,0
3256,train,1
3257,train,1
3258,train,1
3259,train,1
3260,train,2
3261,train,0
3262,train,0
3263,train,1
3264,train,0
3265,train,2
3266,train,0
3267,train,1
3268,train,0
3269,train,0
3270,train,0
3271,train,2
3272,train,0
3273,train,2
3274,train,1
3275,train,0
3276,train,0
3277,train,1
3278,train,0
3279,train,2
3280,train,0
3281,train,0
3282,train,0
3283,train,0
3284,train,2
3285,train,0
3286,train,0
3287,train,0
3288,train,0
3289,train,1
3290,train,0
3291,train,2
3292,train,1
3293,train,0
3294,train,0
3295,train,2
3296,train,1
3297,train,1
3298,train,2
3299,train,0
3300,train,1
3301,train,2
3302,train,1
3303,train,1
3304,train,0
3305,train,1
3306,train,1
3307,train,2
3308,train,0
3309,train,1
3310,train,1
3311,train,0
3312,train,1
3313,train,0
3314,train,2
3315,train,0
3316,train,2
3317,train,0
3318,train,1
3319,train,0
3320,train,1
3321,train,2
3322,train,2
3323,train,2
3324,train,2
3325,train,2
3326,train,2
3327,train,0
3328,train,0
3329,train,0
3330,train,1
3331,train,1
3332,train,2
3333,train,2
3334,train,0
3335,train,1
3336,train,2
3337,train,1
3338,train,2
3339,train,1
3340,train,0
3341,train,0
3342,train,1
3343,train,2
3344,train,1
3345,train,0
3346,train,0
3347,train,2
3348,train,0
3349,train,0
3350,train,1
3351,train,0
3352,train,0
3353,train,0
3354,train,2
3355,train,1
3356,train,1
3357,train,1
3358,train,0
3359,train,1
3360,train,2
3361,train,2
3362,train,2
3363,train,2
3364,train,1
3365,train,2
3366,train,2
3367,train,1
3368,train,1
3369,train,0
3370,train,1
3371,train,1
3372,train,0
3373,train,2
3374,train,2
3375,train,0
3376,train,0
3377,train,0
3378,train,2
3379,train,1
3380,train,1
3381,train,0
3382,train,2
3383,train,2
3384,train,0
3385,train,2
3386,train,0
3387,train,0
3388,train,1
3389,train,1
3390,train,0
3391,train,1
3392,train,0
3393,train,0
3394,train,1
3395,train,0
3396,train,1
3397,train,1
3398,train,1
3399,train,0
3400,train,0
3401,train,0
3402,train,0
3403,train,1
3404,train,0
3405,train,2
3406,train,1
3407,train,2
3408,train,2
3409,train,0
3410,train,1
3411,train,2
3412,train,1
3413,train,1
3414,train,0
3415,train,2
3416,train,0
3417,train,2
3418,train,0
3419,train,0
3420,train,0
3421,train,1
3422,train,1
3423,train,1
3424,train,2
3425,train,2
3426,train,0
3427,train,2
3428,train,2
3429,train,1
3430,train,0
3431,train,2
3432,train,1
3433,train,1
3434,train,1
3435,train,2
3436,train,0
3437,train,1
3438,train,1
3439,train,0
3440,train,1
3441,train,0
3442,train,2
3443,train,2
3444,train,1
3445,train,0
3446,train,1
3447,train,0
3448,train,0
3449,train,0
3450,train,0
3451,train,0
3452,train,0
3453,train,0
3454,train,0
3455,train,1
3456,train,1
3457,train,1
3458,train,1
3459,train,2
3460,train,0
3461,train,0
3462,train,0
3463,train,0
3464,train,0
3465,train,2
3466,train,2
3467,train,1
3468,train,1
3469,train,0
3470,train,1
3471,train,0
3472,train,2
3473,train,0
3474,train,1
3475,train,1
3476,train,2
3477,train,1
3478,train,1
3479,train,1
3480,train,2
3481,train,0
3482,train,0
3483,train,0
3484,train,2
3485,train,2
3486,train,0
3487,train,1
3488,train,1
3489,train,2
3490,train,2
3491,train,2
3492,train,0
3493,train,2
3494,train,1
3495,train,1
3496,train,2
3497,train,2
3498,train,0
3499,train,2
3500,train,2
3501,train,0
3502,train,2
3503,train,0
3504,train,2
3505,train,2
3506,train,2
3507,train,2
3508,train,2
3509,train,1
3510,train,0
3511,train,1
3512,train,0
3513,train,1
3514,train,1
3515,train,0
3516,train,0
3517,train,1
3518,train,1
3519,train,1
3520,train,2
3521,train,0
3522,train,0
3523,train,0
3524,train,0
3525,train,1
3526,train,0
3527,train,0
3528,train,1
3529,train,0
3530,train,0
3531,train,0
3532,train,1
3533,train,0
3534,train,2
3535,train,2
3536,train,1
3537,train,1
3538,train,1
3539,train,2
3540,train,0
3541,train,0
3542,train,0
3543,train,1
3544,train,0
3545,train,2
3546,train,1
3547,train,2
3548,train,1
3549,train,1
3550,train,2
3551,train,1
3552,train,2
3553,train,1
3554,train,0
3555,train,0
3556,train,1
3557,train,1
3558,train,1
3559,train,0
3560,train,2
3561,train,0
3562,train,2
3563,train,1
3564,train,2
3565,train,0
3566,train,0
3567,train,0
3568,train,0
3569,train,2
3570,train,1
3571,train,1
3572,train,0
3573,train,0
3574,train,1
3575,train,2
3576,train,1
3577,train,2
3578,train,2
3579,train,1
3580,train,2
3581,train,1
3582,train,1
3583,train,2
3584,train,0
3585,train,0
3586,train,1
3587,train,1
3588,train,1
3589,train,0
3590,train,0
3591,train,1
3592,train,1
3593,train,2
3594,train,0
3595,train,1
3596,train,0
3597,train,1
3598,train,1
3599,train,2
3600,train,1
3601,train,1
3602,train,0
3603,train,2
3604,train,0
3605,train,1
3606,train,0
3607,train,1
3608,train,1
3609,train,0
3610,train,0
3611,train,0
3612,train,2
3613,train,0
3614,train,2
3615,train,0
3616,train,1
3617,train,0
3618,train,1
3619,train,0
3620,train,2
3621,train,1
3622,train,1
3623,train,1
3624,train,1
3625,train,1
3626,train,0
3627,train,0
3628,train,2
3629,train,0
3630,train,0
3631,train,0
3632,train,2
3633,train,2
3634,train,1
3635,train,0
3636,train,2
3637,train,1
3638,train,0
3639,train,2
3640,train,1
3641,train,1
3642,train,0
3643,train,1
3644,train,0
3645,train,1
3646,train,0
3647,train,2
3648,train,0
3649,train,1
3650,train,2
3651,train,2
3652,train,1
3653,train,0
3654,train,1
3655,train,2
3656,train,2
3657,train,0
3658,train,1
3659,train,0
3660,train,1
3661,train,0
3662,train,0
3663,train,1
3664,train,2
3665,train,0
3666,train,1
3667,train,2
3668,train,2
3669,train,0
3670,train,0
3671,train,2
3672,train,1
3673,train,1
3674,train,2
3675,train,2
3676,train,2
3677,train,1
3678,train,0
3679,train,1
3680,train,0
3681,train,0
3682,train,1
3683,train,0
3684,train,2
3685,train,0
3686,train,0
3687,train,2
3688,train,1
3689,train,2
3690,train,2
3691,train,0
3692,train,1
3693,train,1
3694,train,1
3695,train,2
3696,train,2
3697,train,2
3698,train,0
3699,train,0
3700,train,0
3701,train,1
3702,train,2
3703,train,0
3704,train,2
3705,train,2
3706,train,2
3707,train,1
3708,train,1
3709,train,2
3710,train,0
3711,train,1
3712,train,2
3713,train,1
3714,train,1
3715,train,1
3716,train,0
3717,train,2
3718,train,1
3719,train,2
3720,train,0
3721,train,1
3722,train,2
3723,train,1
3724,train,2
3725,train,2
3726,train,2
3727,train,2
3728,train,1
3729,train,1
3730,train,1
3731,train,2
3732,train,1
3733,train,0
3734,train,2
3735,train,1
3736,train,1
3737,train,2
3738,train,0
3739,train,2
3740,train,1
3741,train,1
3742,train,0
3743,train,2
3744,train,2
3745,train,2
3746,train,0
3747,train,2
3748,train,1
3749,train,1
3750,train,2
3751,train,2
3752,train,1
3753,train,1
3754,train,0
3755,train,0
3756,train,0
3757,train,1
3758,train,0
3759,train,2
3760,train,2
3761,train,1
3762,train,1
3763,train,2
3764,train,0
3765,train,0
3766,train,0
3767,train,2
3768,train,0
3769,train,2
3770,train,0
3771,train,2
3772,train,0
3773,train,1
3774,train,2
3775,train,0
3776,train,2
3777,train,0
3778,train,2
3779,train,1
3780,train,0
3781,train,1
3782,train,0
3783,train,2
3784,train,1
3785,train,0
3786,train,1
3787,train,2
3788,train,0
3789,train,1
3790,train,2
3791,train,1
3792,train,0
3793,train,1
3794,train,0
3795,train,0
3796,train,0
3797,train,1
3798,train,0
3799,train,2
3800,train,1
3801,train,1
3802,train,1
3803,train,0
3804,train,0
3805,train,1
3806,train,2
3807,train,0
3808,train,0
3809,train,0
3810,train,2
3811,train,2
3812,train,2
3813,train,2
3814,train,0
3815,train,2
3816,train,0
3817,train,2
3818,train,0
3819,train,0
3820,train,1
3821,train,1
3822,train,1
3823,train,2
3824,train,1
3825,train,1
3826,train,2
3827,train,0
3828,train,0
3829,train,1
3830,train,1
3831,train,2
3832,train,2
3833,train,2
3834,train,0
3835,train,0
3836,train,2
3837,train,1
3838,train,0
3839,train,0
3840,train,2
3841,train,1
3842,train,1
3843,train,0
3844,train,0
3845,train,0
3846,train,1
3847,train,1
3848,train,0
3849,train,1
3850,train,0
3851,train,0
3852,train,2
3853,train,1
3854,train,0
3855,train,0
3856,train,0
3857,train,2
3858,train,2
3859,train,0
3860,train,2
3861,train,1
3862,train,1
3863,train,0
3864,train,1
3865,train,1
3866,train,2
3867,train,1
3868,train,2
3869,train,1
3870,train,1
3871,train,2
3872,train,1
3873,train,2
3874,train,0
3875,train,0
3876,train,0
3877,train,1
3878,train,1
3879,train,0
3880,train,1
3881,train,0
3882,train,2
3883,train,2
3884,train,2
3885,train,0
3886,train,2
3887,train,1
3888,train,1
3889,train,2
3890,train,2
3891,train,2
3892,train,2
3893,train,2
3894,train,0
3895,train,0
3896,train,2
3897,train,1
3898,train,0
3899,train,0
3900,train,1
3901,train,2
3902,train,0
3903,train,0
3904,train,0
3905,train,1
3906,train,2
3907,train,2
3908,train,0
3909,train,1
3910,train,1
3911,train,0
3912,train,1
3913,train,2
3914,train,0
3915,train,1
3916,train,1
3917,train,2
3918,train,1
3919,train,0
3920,train,1
3921,train,0
3922,train,0
3923,train,1
3924,train,1
3925,train,0
3926,train,2
3927,train,0
3928,train,1
3929,train,0
3930,train,1
3931,train,2
3932,train,1
3933,train,1
3934,train,2
3935,train,1
3936,train,0
3937,train,1
3938,train,0
3939,train,1
3940,train,2
3941,train,0
3942,train,0
3943,train,1
3944,train,2
3945,train,1
3946,train,0
3947,train,2
3948,train,0
3949,train,0
3950,train,1
3951,train,0
3952,train,1
3953,train,0
3954,train,2
3955,train,1
3956,train,0
3957,train,0
3958,train,1
3959,train,0
3960,train,0
3961,train,2
3962,train,1
3963,train,2
3964,train,2
3965,train,1
3966,train,1
3967,train,2
3968,train,1
3969,train,0
3970,train,1
3971,train,1
3972,train,2
3973,train,0
3974,train,2
3975,train,2
3976,train,1
3977,train,0
3978,train,2
3979,train,1
3980,train,1
3981,train,1
3982,train,1
3983,train,1
3984,train,1
3985,train,2
3986,train,2
3987,train,2
3988,train,2
3989,train,0
3990,train,2
3991,train,1
3992,train,2
3993,train,2
3994,train,0
3995,train,0
3996,train,2
3997,train,0
3998,train,0
3999,train,1
4000,train,2
4001,train,0
4002,train,1
4003,train,0
4004,train,0
4005,train,0
4006,train,2
4007,train,0
4008,train,2
4009,train,2
4010,train,2
4011,train,0
4012,train,0
4013,train,1
4014,train,2
4015,train,1
4016,train,2
4017,train,0
4018,train,1
4019,train,2
4020,train,2
4021,train,0
4022,train,1
4023,train,0
4024,train,2
4025,train,2
4026,train,2
4027,train,1
4028,train,2
4029,train,2
4030,train,1
4031,train,1
4032,train,1
4033,train,0
4034,train,1
4035,train,2
4036,train,0
4037,train,1
4038,train,1
4039,train,0
4040,train,2
4041,train,1
4042,train,0
4043,train,0
4044,train,0
4045,train,1
4046,train,1
4047,train,1
4048,train,1
4049,train,2
4050,train,1
4051,train,2
4052,train,0
4053,train,1
4054,train,2
4055,train,1
4056,train,1
4057,train,1
4058,train,2
4059,train,0
4060,train,2
4061,train,1
4062,train,1
4063,train,2
4064,train,0
4065,train,2
4066,train,1
4067,train,2
4068,train,2
4069,train,2
4070,train,0
4071,train,0
4072,train,0
4073,train,0
4074,train,0
4075,train,1
4076,train,1
4077,train,1
4078,train,1
4079,train,1
4080,train,1
4081,train,0
4082,train,1
4083,train,2
4084,train,1
4085,train,1
4086,train,2
4087,train,2
4088,train,0
4089,train,1
4090,train,2
4091,train,1
4092,train,1
4093,train,0
4094,train,1
4095,train,0
4096,train,1
4097,train,1
4098,train,0
4099,train,2
4100,train,2
4101,train,0
4102,train,1
4103,train,2
4104,train,0
4105,train,0
4106,train,0
4107,train,0
4108,train,2
4109,train,1
4110,train,2
4111,train,2
4112,train,1
4113,train,1
4114,train,2
4115,train,2
4116,train,1
4117,train,2
4118,train,1
4119,train,1
4120,train,2
4121,train,2
4122,train,2
4123,train,1
4124,train,0
4125,train,2
4126,train,2
4127,train,0
4128,train,1
4129,train,2
4130,train,2
4131,train,0
4132,train,0
4133,train,0
4134,train,1
4135,train,0
4136,train,0
4137,train,1
4138,train,2
4139,train,1
4140,train,1
4141,train,1
4142,train,2
4143,train,0
4144,train,0
4145,train,0
4146,train,1
4147,train,1
4148,train,1
4149,train,0
4150,train,2
4151,train,0
4152,train,2
4153,train,2
4154,train,0
4155,train,2
4156,train,1
4157,train,2
4158,train,2
4159,train,1
4160,train,0
4161,train,2
4162,train,0
4163,train,0
4164,train,0
4165,train,1
4166,train,2
4167,train,1
4168,train,2
4169,train,0
4170,train,2
4171,train,1
4172,train,0
4173,train,1
4174,train,0
4175,train,0
4176,train,1
4177,train,1
4178,train,2
4179,train,0
4180,train,2
4181,train,0
4182,train,2
4183,train,1
4184,train,0
4185,train,0
4186,train,0
4187,train,2
4188,train,1
4189,train,1
4190,train,1
4191,train,0
4192,train,1
4193,train,0
4194,train,0
4195,train,0
4196,train,2
4197,train,2
4198,train,0
4199,train,0
4200,train,1
4201,train,0
4202,train,2
4203,train,0
4204,train,2
4205,train,0
4206,train,2
4207,train,2
4208,train,2
4209,train,2
4210,train,1
4211,train,2
4212,train,0
4213,train,1
4214,train,0
4215,train,0
4216,train,1
4217,train,2
4218,train,0
4219,train,0
4220,train,0
4221,train,2
4222,train,0
4223,train,0
4224,train,2
4225,train,0
4226,train,2
4227,train,2
4228,train,2
4229,train,1
4230,train,1
4231,train,2
4232,train,1
4233,train,0
4234,train,0
4235,train,1
4236,train,2
4237,train,0
4238,train,2
4239,train,1
4240,train,0
4241,train,2
4242,train,1
4243,train,2
4244,train,2
4245,train,1
4246,train,2
4247,train,2
4248,train,0
4249,train,2
4250,train,2
4251,train,0
4252,train,2
4253,train,1
4254,train,2
4255,train,0
4256,train,0
4257,train,1
4258,train,1
4259,train,0
4260,train,2
4261,train,2
4262,train,1
4263,train,1
4264,train,2
4265,train,0
4266,train,1
4267,train,1
4268,train,0
4269,train,1
4270,train,0
4271,train,1
4272,train,0
4273,train,2
4274,train,0
4275,train,0
4276,train,1
4277,train,0
4278,train,2
4279,train,2
4280,train,2
4281,train,1
4282,train,1
4283,train,1
4284,train,0
4285,train,0
4286,train,0
4287,train,2
4288,train,1
4289,train,0
4290,train,1
4291,train,0
4292,train,1
4293,train,2
4294,train,1
4295,train,2
4296,train,1
4297,train,0
4298,train,2
4299,train,2
4300,train,0
4301,train,1
4302,train,0
4303,train,0
4304,train,0
4305,train,2
4306,train,2
4307,train,0
4308,train,1
4309,train,0
4310,train,1
4311,train,2
4312,train,2
4313,train,1
4314,train,0
4315,train,1
4316,train,2
4317,train,2
4318,train,2
4319,train,1
4320,train,0
4321,train,2
4322,train,0
4323,train,1
4324,train,1
4325,train,1
4326,train,1
4327,train,0
4328,train,1
4329,train,0
4330,train,1
4331,train,2
4332,train,2
4333,train,2
4334,train,1
4335,train,0
4336,train,0
4337,train,0
4338,train,0
4339,train,2
4340,train,0
4341,train,0
4342,train,1
4343,train,1
4344,train,2
4345,train,1
4346,train,2
4347,train,0
4348,train,0
4349,train,1
4350,train,0
4351,train,2
4352,train,1
4353,train,0
4354,train,0
4355,train,2
4356,train,1
4357,train,2
4358,train,0
4359,train,1
4360,train,0
4361,train,0
4362,train,2
4363,train,1
4364,train,1
4365,train,1
4366,train,2
4367,train,1
4368,train,0
4369,train,2
4370,train,1
4371,train,0
4372,train,1
4373,train,0
4374,train,2
4375,train,2
4376,train,1
4377,train,2
4378,train,1
4379,train,1
4380,train,0
4381,train,1
4382,train,2
4383,train,0
4384,train,0
4385,train,0
4386,train,2
4387,train,1
4388,train,0
4389,train,2
4390,train,0
4391,train,0
4392,train,0
4393,train,0
4394,train,2
4395,train,0
4396,train,0
4397,train,0
4398,train,1
4399,train,1
4400,train,0
4401,train,0
4402,train,2
4403,train,1
4404,train,1
4405,train,0
4406,train,2
4407,train,0
4408,train,1
4409,train,1
4410,train,0
4411,train,0
4412,train,0
4413,train,0
4414,train,1
4415,train,0
4416,train,2
4417,train,1
4418,train,1
4419,train,0
4420,train,0
4421,train,0
4422,train,2
4423,train,0
4424,train,0
4425,train,1
4426,train,1
4427,train,2
4428,train,2
4429,train,0
4430,train,2
4431,train,1
4432,train,0
4433,train,2
4434,train,1
4435,train,2
4436,train,1
4437,train,0
4438,train,0
4439,train,1
4440,train,0
4441,train,0
4442,train,0
4443,train,0
4444,train,1
4445,train,0
4446,train,0
4447,train,2
4448,train,2
4449,train,1
4450,train,1
4451,train,2
4452,train,2
4453,train,2
4454,train,0
4455,train,0
4456,train,1
4457,train,1
4458,train,0
4459,train,1
4460,train,0
4461,train,2
4462,train,2
4463,train,2
4464,train,1
4465,train,0
4466,train,1
4467,train,1
4468,train,0
4469,train,0
4470,train,0
4471,train,1
4472,train,1
4473,train,0
4474,train,1
4475,train,0
4476,train,2
4477,train,1
4478,train,0
4479,train,2
4480,train,0
4481,train,1
4482,train,1
4483,train,0
4484,train,1
4485,train,1
4486,train,0
4487,train,0
4488,train,2
4489,train,1
4490,train,0
4491,train,1
4492,train,0
4493,train,0
4494,train,2
4495,train,1
4496,train,1
4497,train,2
4498,train,1
4499,train,0
4500,train,2
4501,train,0
4502,train,2
4503,train,1
4504,train,1
4505,train,0
4506,train,0
4507,train,1
4508,train,1
4509,train,1
4510,train,1
4511,train,0
4512,train,0
4513,train,0
4514,train,1
4515,train,1
4516,train,0
4517,train,1
4518,train,2
4519,train,1
4520,train,0
4521,train,0
4522,train,2
4523,train,1
4524,train,2
4525,train,0
4526,train,0
4527,train,0
4528,train,0
4529,train,0
4530,train,1
4531,train,0
4532,train,2
4533,train,1
4534,train,1
4535,train,0
4536,train,1
4537,train,0
4538,train,1
4539,train,1
4540,train,0
4541,train,1
4542,train,1
4543,train,1
4544,train,0
4545,train,1
4546,train,2
4547,train,0
4548,train,0
4549,train,2
4550,train,1
4551,train,2
4552,train,0
4553,train,0
4554,train,0
4555,train,2
4556,train,0
4557,train,1
4558,train,0
4559,train,1
4560,train,2
4561,train,0
4562,train,2
4563,train,1
4564,train,0
4565,train,1
4566,train,2
4567,train,2
4568,train,1
4569,train,0
4570,train,1
4571,train,1
4572,train,2
4573,train,1
4574,train,1
4575,train,1
4576,train,0
4577,train,1
4578,train,1
4579,train,2
4580,train,1
4581,train,1
4582,train,0
4583,train,2
4584,train,2
4585,train,2
4586,train,2
4587,train,2
4588,train,2
4589,train,2
4590,train,2
4591,train,0
4592,train,0
4593,train,0
4594,train,0
4595,train,2
4596,train,2
4597,train,1
4598,train,1
4599,train,1
4600,train,0
4601,train,1
4602,train,2
4603,train,0
4604,train,1
4605,train,2
4606,train,0
4607,train,0
4608,train,1
4609,train,0
4610,train,0
4611,train,1
4612,train,1
4613,train,0
4614,train,2
4615,train,0
4616,train,0
4617,train,0
4618,train,2
4619,train,1
4620,train,0
4621,train,0
4622,train,0
4623,train,0
4624,train,0
4625,train,1
4626,train,0
4627,train,1
4628,train,0
4629,train,1
4630,train,2
4631,train,1
4632,train,2
4633,train,1
4634,train,2
4635,train,1
4636,train,0
4637,train,2
4638,train,2
4639,train,1
4640,train,0
4641,train,0
4642,train,1
4643,train,0
4644,train,1
4645,train,2
4646,train,0
4647,train,0
4648,train,0
4649,train,2
4650,train,1
4651,train,2
4652,train,2
4653,train,0
4654,train,2
4655,train,1
4656,train,0
4657,train,0
4658,train,0
4659,train,1
4660,train,0
4661,train,0
4662,train,2
4663,train,2
4664,train,1
4665,train,0
4666,train,2
4667,train,0
4668,train,1
4669,train,2
4670,train,2
4671,train,1
4672,train,1
4673,train,1
4674,train,0
4675,train,2
4676,train,2
4677,train,2
4678,train,1
4679,train,0
4680,train,2
4681,train,0
4682,train,1
4683,train,2
4684,train,0
4685,train,0
4686,train,0
4687,train,0
4688,train,1
4689,train,2
4690,train,0
4691,train,1
4692,train,0
4693,train,1
4694,train,2
4695,train,0
4696,train,2
4697,train,0
4698,train,0
4699,train,1
4700,train,0
4701,train,1
4702,train,0
4703,train,2
4704,train,1
4705,train,1
4706,train,0
4707,train,1
4708,train,1
4709,train,1
4710,train,1
4711,train,1
4712,train,0
4713,train,2
4714,train,0
4715,train,1
4716,train,0
4717,train,1
4718,train,0
4719,train,2
4720,train,0
4721,train,1
4722,train,2
4723,train,0
4724,train,1
4725,train,2
4726,train,2
4727,train,2
4728,train,2
4729,train,1
4730,train,1
4731,train,0
4732,train,0
4733,train,1
4734,train,1
4735,train,1
4736,train,0
4737,train,0
4738,train,0
4739,train,1
4740,train,1
4741,train,2
4742,train,2
4743,train,1
4744,train,0
4745,train,0
4746,train,1
4747,train,2
4748,train,1
4749,train,0
4750,train,2
4751,train,1
4752,train,1
4753,train,1
4754,train,0
4755,train,1
4756,train,0
4757,train,2
4758,train,0
4759,train,0
4760,train,1
4761,train,2
4762,train,1
4763,train,0
4764,train,2
4765,train,0
4766,train,0
4767,train,1
4768,train,0
4769,train,1
4770,train,2
4771,train,0
4772,train,1
4773,train,0
4774,train,0
4775,train,1
4776,train,2
4777,train,0
4778,train,0
4779,train,0
4780,train,0
4781,train,1
4782,train,2
4783,train,2
4784,train,2
4785,train,0
4786,train,0
4787,train,0
4788,train,1
4789,train,2
4790,train,1
4791,train,0
4792,train,0
4793,train,0
4794,train,0
4795,train,0
4796,train,1
4797,train,1
4798,train,2
4799,train,0
4800,train,0
4801,train,2
4802,train,0
4803,train,1
4804,train,2
4805,train,0
4806,train,2
4807,train,1
4808,train,0
4809,train,0
4810,train,1
4811,train,0
4812,train,0
4813,train,0
4814,train,2
4815,train,1
4816,train,1
4817,train,2
4818,train,0
4819,train,2
4820,train,1
4821,train,1
4822,train,1
4823,train,2
4824,train,1
4825,train,0
4826,train,0
4827,train,0
4828,train,0
4829,train,1
4830,train,1
4831,train,1
4832,train,2
4833,train,0
4834,train,0
4835,train,2
4836,train,1
4837,train,0
4838,train,2
4839,train,1
4840,train,0
4841,train,1
4842,train,2
4843,train,1
4844,train,0
4845,train,1
4846,train,0
4847,train,1
4848,train,2
4849,train,2
4850,train,0
4851,train,2
4852,train,1
4853,train,1
4854,train,0
4855,train,0
4856,train,2
4857,train,1
4858,train,2
4859,train,2
4860,train,0
4861,train,2
4862,train,1
4863,train,0
4864,train,1
4865,train,2
4866,train,1
4867,train,2
4868,train,1
4869,train,2
4870,train,0
4871,train,1
4872,train,0
4873,train,2
4874,train,1
4875,train,1
4876,train,2
4877,train,0
4878,train,1
4879,train,1
4880,train,1
4881,train,1
4882,train,0
4883,train,2
4884,train,0
4885,train,0
4886,train,0
4887,train,2
4888,train,0
4889,train,0
4890,train,1
4891,train,2
4892,train,1
4893,train,2
4894,train,0
4895,train,1
4896,train,1
4897,train,2
4898,train,0
4899,train,2
4900,train,2
4901,train,2
4902,train,1
4903,train,1
4904,train,1
4905,train,2
4906,train,0
4907,train,2
4908,train,2
4909,train,1
4910,train,2
4911,train,2
4912,train,1
4913,train,2
4914,train,2
4915,train,2
4916,train,2
4917,train,0
4918,train,2
4919,train,1
4920,train,1
4921,train,1
4922,train,0
4923,train,0
4924,train,0
4925,train,2
4926,train,2
4927,train,2
4928,train,1
4929,train,2
4930,train,2
4931,train,0
4932,train,0
4933,train,1
4934,train,1
4935,train,1
4936,train,1
4937,train,1
4938,train,0
4939,train,0
4940,train,0
4941,train,0
4942,train,1
4943,train,1
4944,train,1
4945,train,1
4946,train,2
4947,train,0
4948,train,0
4949,train,2
4950,train,1
4951,train,0
4952,train,2
4953,train,0
4954,train,2
4955,train,2
4956,train,2
4957,train,2
4958,train,2
4959,train,1
4960,train,1
4961,train,0
4962,train,1
4963,train,0
4964,train,0
4965,train,0
4966,train,2
4967,train,0
4968,train,1
4969,train,1
4970,train,2
4971,train,1
4972,train,1
4973,train,0
4974,train,2
4975,train,0
4976,train,1
4977,train,1
4978,train,2
4979,train,2
4980,train,0
4981,train,1
4982,train,2
4983,train,2
4984,train,1
4985,train,0
4986,train,1
4987,train,0
4988,train,1
4989,train,1
4990,train,0
4991,train,1
4992,train,2
4993,train,2
4994,train,0
4995,train,0
4996,train,2
4997,train,0
4998,train,0
4999,train,1
5000,train,0
5001,train,1
5002,train,1
5003,train,2
5004,train,2
5005,train,1
5006,train,1
5007,train,1
5008,train,1
5009,train,1
5010,train,1
5011,train,0
5012,train,2
5013,train,0
5014,train,1
5015,train,0
5016,train,0
5017,train,0
5018,train,1
5019,train,2
5020,train,2
5021,train,1
5022,train,0
5023,train,2
5024,train,0
5025,train,0
5026,train,1
5027,train,1
5028,train,2
5029,train,0
5030,train,1
5031,train,1
5032,train,0
5033,train,1
5034,train,0
5035,train,2
5036,train,1
5037,train,2
5038,train,2
5039,train,1
5040,train,1
5041,train,0
5042,train,2
5043,train,2
5044,train,0
5045,train,0
5046,train,2
5047,train,2
5048,train,2
5049,train,0
5050,train,0
5051,train,0
5052,train,1
5053,train,0
5054,train,0
5055,train,1
5056,train,1
5057,train,1
5058,train,1
5059,train,0
5060,train,1
5061,train,1
5062,train,1
5063,train,1
5064,train,1
5065,train,0
5066,train,2
5067,train,2
5068,train,0
5069,train,0
5070,train,1
5071,train,0
5072,train,0
5073,train,0
5074,train,0
5075,train,2
5076,train,1
5077,train,2
5078,train,1
5079,train,0
5080,train,1
5081,train,1
5082,train,1
5083,train,2
5084,train,2
5085,train,0
5086,train,2
5087,train,1
5088,train,0
5089,train,1
5090,train,1
5091,train,2
5092,train,0
5093,train,0
5094,train,0
5095,train,2
5096,train,1
5097,train,0
5098,train,0
5099,train,2
5100,train,2
5101,train,1
5102,train,0
5103,train,0
5104,train,1
5105,train,1
5106,train,1
5107,train,1
5108,train,1
5109,train,2
5110,train,0
5111,train,1
5112,train,1
5113,train,2
5114,train,0
5115,train,0
5116,train,2
5117,train,0
5118,train,1
5119,train,2
5120,train,1
5121,train,2
5122,train,0
5123,train,0
5124,train,0
5125,train,0
5126,train,0
5127,train,1
5128,train,2
5129,train,0
5130,train,0
5131,train,1
5132,train,0
5133,train,2
5134,train,2
5135,train,2
5136,train,0
5137,train,0
5138,train,1
5139,train,0
5140,train,1
5141,train,1
5142,train,2
5143,train,1
5144,train,0
5145,train,0
5146,train,1
5147,train,2
5148,train,2
5149,train,1
5150,train,2
5151,train,1
5152,train,2
5153,train,1
5154,train,0
5155,train,0
5156,train,1
5157,train,2
5158,train,0
5159,train,0
5160,train,0
5161,train,1
5162,train,1
5163,train,2
5164,train,1
5165,train,1
5166,train,1
5167,train,2
5168,train,1
5169,train,1
5170,train,0
5171,train,0
5172,train,2
5173,train,0
5174,train,1
5175,train,2
5176,train,2
5177,train,2
5178,train,1
5179,train,0
5180,train,2
5181,train,1
5182,train,0
5183,train,2
5184,train,0
5185,train,0
5186,train,0
5187,train,0
5188,train,0
5189,train,0
5190,train,2
5191,train,1
5192,train,1
5193,train,1
5194,train,0
5195,train,1
5196,train,1
5197,train,2
5198,train,0
5199,train,2
5200,train,0
5201,train,2
5202,train,0
5203,train,2
5204,train,2
5205,train,0
5206,train,0
5207,train,0
5208,train,1
5209,train,2
5210,train,0
5211,train,0
5212,train,1
5213,train,2
5214,train,2
5215,train,0
5216,train,1
5217,train,2
5218,train,0
5219,train,1
5220,train,1
5221,train,1
5222,train,0
5223,train,0
5224,train,1
5225,train,1
5226,train,2
5227,train,2
5228,train,0
5229,train,0
5230,train,0
5231,train,2
5232,train,1
5233,train,0
5234,train,2
5235,train,2
5236,train,0
5237,train,2
5238,train,2
5239,train,2
5240,train,0
5241,train,2
5242,train,0
5243,train,2
5244,train,0
5245,train,0
5246,train,2
5247,train,0
5248,train,2
5249,train,0
5250,train,0
5251,train,0
5252,train,1
5253,train,0
5254,train,1
5255,train,2
5256,train,0
5257,train,0
5258,train,2
5259,train,2
5260,train,0
5261,train,0
5262,train,2
5263,train,1
5264,train,1
5265,train,2
5266,train,2
5267,train,0
5268,train,0
5269,train,2
5270,train,1
5271,train,0
5272,train,2
5273,train,2
5274,train,0
5275,train,0
5276,train,1
5277,train,0
5278,train,0
5279,train,0
5280,train,1
5281,train,1
5282,train,1
5283,train,0
5284,train,0
5285,train,1
5286,train,0
5287,train,0
5288,train,1
5289,train,0
5290,train,0
5291,train,0
5292,train,2
5293,train,2
5294,train,1
5295,train,1
5296,train,1
5297,train,1
5298,train,1
5299,train,0
5300,train,2
5301,train,0
5302,train,0
5303,train,0
5304,train,0
5305,train,0
5306,train,1
5307,train,0
5308,train,0
5309,train,2
5310,train,0
5311,train,2
5312,train,1
5313,train,0
5314,train,1
5315,train,0
5316,train,2
5317,train,0
5318,train,2
5319,train,1
5320,train,0
5321,train,0
5322,train,1
5323,train,2
5324,train,0
5325,train,0
5326,train,0
5327,train,0
5328,train,2
5329,train,0
5330,train,1
5331,train,0
5332,train,1
5333,train,0
5334,train,1
5335,train,0
5336,train,0
5337,train,2
5338,train,0
5339,train,0
5340,train,2
5341,train,0
5342,train,0
5343,train,2
5344,train,0
5345,train,2
5346,train,0
5347,train,1
5348,train,1
5349,train,0
5350,train,0
5351,train,0
5352,train,0
5353,train,1
5354,train,0
5355,train,0
5356,train,1
5357,train,1
5358,train,2
5359,train,2
5360,train,0
5361,train,0
5362,train,2
5363,train,2
5364,train,1
5365,train,0
5366,train,0
5367,train,1
5368,train,1
5369,train,0
5370,train,1
5371,train,1
5372,train,0
5373,train,0
5374,train,0
5375,train,1
5376,train,1
5377,train,2
5378,train,1
5379,train,1
5380,train,0
5381,train,2
5382,train,0
5383,train,0
5384,train,1
5385,train,1
5386,train,2
5387,train,0
5388,train,1
5389,train,0
5390,train,1
5391,train,0
5392,train,0
5393,train,1
5394,train,0
5395,train,0
5396,train,2
5397,train,2
5398,train,0
5399,train,1
5400,train,2
5401,train,0
5402,train,1
5403,train,1
5404,train,1
5405,train,2
5406,train,0
5407,train,1
5408,train,2
5409,train,1
5410,train,1
5411,train,1
5412,train,2
5413,train,0
5414,train,1
5415,train,0
5416,train,0
5417,train,1
5418,train,1
5419,train,0
5420,train,1
5421,train,0
5422,train,1
5423,train,2
5424,train,0
5425,train,1
5426,train,2
5427,train,2
5428,train,2
5429,train,0
5430,train,2
5431,train,1
5432,train,1
5433,train,1
5434,train,2
5435,train,1
5436,train,1
5437,train,0
5438,train,1
5439,train,1
5440,train,1
5441,train,2
5442,train,1
5443,train,2
5444,train,1
5445,train,1
5446,train,2
5447,train,0
5448,train,0
5449,train,0
5450,train,1
5451,train,1
5452,train,1
5453,train,0
5454,train,1
5455,train,0
5456,train,0
5457,train,1
5458,train,0
5459,train,2
5460,train,1
5461,train,0
5462,train,1
5463,train,0
5464,train,0
5465,train,0
5466,train,1
5467,train,0
5468,train,0
5469,train,1
5470,train,1
5471,train,2
5472,train,2
5473,train,2
5474,train,0
5475,train,0
5476,train,2
5477,train,0
5478,train,1
5479,train,2
5480,train,1
5481,train,1
5482,train,0
5483,train,2
5484,train,0
5485,train,2
5486,train,2
5487,train,2
5488,train,0
5489,train,0
5490,train,0
5491,train,1
5492,train,1
5493,train,0
5494,train,0
5495,train,2
5496,train,0
5497,train,0
5498,train,1
5499,train,1
5500,train,1
5501,train,0
5502,train,2
5503,train,1
5504,train,1
5505,train,1
5506,train,1
5507,train,1
5508,train,1
5509,train,2
5510,train,1
5511,train,0
5512,train,1
5513,train,2
5514,train,1
5515,train,0
5516,train,2
5517,train,0
5518,train,0
5519,train,2
5520,train,2
5521,train,1
5522,train,1
5523,train,0
5524,train,2
5525,train,0
5526,train,0
5527,train,1
5528,train,0
5529,train,1
5530,train,0
5531,train,1
5532,train,2
5533,train,1
5534,train,2
5535,train,2
5536,train,0
5537,train,0
5538,train,1
5539,train,2
5540,train,1
5541,train,0
5542,train,1
5543,train,0
5544,train,2
5545,train,0
5546,train,0
5547,train,0
5548,train,0
5549,train,1
5550,train,2
5551,train,1
5552,train,0
5553,train,1
5554,train,2
5555,train,0
5556,train,1
5557,train,0
5558,train,2
5559,train,1
5560,train,1
5561,train,0
5562,train,0
5563,train,0
5564,train,2
5565,train,1
5566,train,2
5567,train,1
5568,train,2
5569,train,0
5570,train,0
5571,train,2
5572,train,0
5573,train,2
5574,train,1
5575,train,0
5576,train,0
5577,train,0
5578,train,1
5579,train,1
5580,train,2
5581,train,1
5582,train,1
5583,train,2
5584,train,1
5585,train,1
5586,train,1
5587,train,0
5588,train,0
5589,train,1
5590,train,0
5591,train,0
5592,train,0
5593,train,0
5594,train,2
5595,train,0
5596,train,0
5597,train,2
5598,train,2
5599,train,2
5600,train,1
5601,train,2
5602,train,2
5603,train,0
5604,train,0
5605,train,2
5606,train,1
5607,train,1
5608,train,1
5609,train,1
5610,train,1
5611,train,2
5612,train,0
5613,train,0
5614,train,1
5615,train,0
5616,train,2
5617,train,0
5618,train,0
5619,train,2
5620,train,2
5621,train,0
5622,train,1
5623,train,0
5624,train,2
5625,train,1
5626,train,0
5627,train,2
5628,train,0
5629,train,0
5630,train,1
5631,train,2
5632,train,0
5633,train,1
5634,train,2
5635,train,2
5636,train,2
5637,train,0
5638,train,2
5639,train,2
5640,train,1
5641,train,1
5642,train,2
5643,train,0
5644,train,1
5645,train,1
5646,train,1
5647,train,0
5648,train,2
5649,train,0
5650,train,2
5651,train,1
5652,train,1
5653,train,0
5654,train,0
5655,train,1
5656,train,1
5657,train,2
5658,train,2
5659,train,2
5660,train,2
5661,train,1
5662,train,1
5663,train,1
5664,train,2
5665,train,1
5666,train,1
5667,train,0
5668,train,0
5669,train,2
5670,train,0
5671,train,1
5672,train,0
5673,train,1
5674,train,0
5675,train,0
5676,train,1
5677,train,1
5678,train,1
5679,train,2
5680,train,2
5681,train,2
5682,train,1
5683,train,1
5684,train,1
5685,train,1
5686,train,2
5687,train,2
5688,train,0
5689,train,1
5690,train,2
5691,train,1
5692,train,1
5693,train,0
5694,train,2
5695,train,1
5696,train,0
5697,train,1
5698,train,2
5699,train,1
5700,train,1
5701,train,1
5702,train,2
5703,train,0
5704,train,0
5705,train,0
5706,train,2
5707,train,0
5708,train,2
5709,train,0
5710,train,1
5711,train,1
5712,train,1
5713,train,1
5714,train,0
5715,train,0
5716,train,0
5717,train,2
5718,train,0
5719,train,0
5720,train,2
5721,train,1
5722,train,2
5723,train,1
5724,train,2
5725,train,2
5726,train,1
5727,train,0
5728,train,0
5729,train,2
5730,train,2
5731,train,1
5732,train,0
5733,train,0
5734,train,1
5735,train,2
5736,train,0
5737,train,0
5738,train,1
5739,train,1
5740,train,2
5741,train,2
5742,train,0
5743,train,1
5744,train,1
5745,train,2
5746,train,1
5747,train,1
5748,train,1
5749,train,0
5750,train,1
5751,train,1
5752,train,1
5753,train,1
5754,train,1
5755,train,2
5756,train,0
5757,train,2
5758,train,0
5759,train,0
5760,train,1
5761,train,1
5762,train,0
5763,train,1
5764,train,0
5765,train,1
5766,train,2
5767,train,1
5768,train,0
5769,train,0
5770,train,0
5771,train,1
5772,train,2
5773,train,2
5774,train,1
5775,train,1
5776,train,1
5777,train,1
5778,train,2
5779,train,1
5780,train,0
5781,train,1
5782,train,1
5783,train,1
5784,train,0
5785,train,0
5786,train,1
5787,train,0
5788,train,2
5789,train,1
5790,train,2
5791,train,2
5792,train,1
5793,train,2
5794,train,2
5795,train,0
5796,train,1
5797,train,1
5798,train,1
5799,train,1
5800,train,1
5801,train,1
5802,train,1
5803,train,2
5804,train,2
5805,train,2
5806,train,2
5807,train,1
5808,train,2
5809,train,1
5810,train,0
5811,train,0
5812,train,0
5813,train,1
5814,train,0
5815,train,2
5816,train,1
5817,train,0
5818,train,0
5819,train,2
5820,train,0
5821,train,0
5822,train,0
5823,train,2
5824,train,2
5825,train,0
5826,train,0
5827,train,0
5828,train,0
5829,train,0
5830,train,0
5831,train,1
5832,train,0
5833,train,2
5834,train,0
5835,train,1
5836,train,0
5837,train,2
5838,train,0
5839,train,1
5840,train,1
5841,train,0
5842,train,0
5843,train,1
5844,train,2
5845,train,1
5846,train,2
5847,train,0
5848,train,2
5849,train,2
5850,train,2
5851,train,0
5852,train,2
5853,train,1
5854,train,0
5855,train,0
5856,train,0
5857,train,0
5858,train,2
5859,train,0
5860,train,0
5861,train,1
5862,train,1
5863,train,0
5864,train,0
5865,train,0
5866,train,0
5867,train,2
5868,train,1
5869,train,2
5870,train,0
5871,train,0
5872,train,1
5873,train,1
5874,train,1
5875,train,0
5876,train,2
5877,train,1
5878,train,0
5879,train,2
5880,train,0
5881,train,2
5882,train,0
5883,train,0
5884,train,2
5885,train,0
5886,train,0
5887,train,1
5888,train,0
5889,train,2
5890,train,0
5891,train,0
5892,train,2
5893,train,1
5894,train,0
5895,train,1
5896,train,1
5897,train,2
5898,train,0
5899,train,1
5900,train,1
5901,train,1
5902,train,1
5903,train,0
5904,train,2
5905,train,0
5906,train,1
5907,train,1
5908,train,2
5909,train,0
5910,train,0
5911,train,2
5912,train,2
5913,train,2
5914,train,1
5915,train,1
5916,train,0
5917,train,1
5918,train,0
5919,train,2
5920,train,1
5921,train,0
5922,train,1
5923,train,1
5924,train,0
5925,train,1
5926,train,1
5927,train,2
5928,train,0
5929,train,0
5930,train,0
5931,train,0
5932,train,1
5933,train,0
5934,train,1
5935,train,2
5936,train,1
5937,train,2
5938,train,0
5939,train,2
5940,train,0
5941,train,2
5942,train,0
5943,train,0
5944,train,2
5945,train,0
5946,train,1
5947,train,2
5948,train,0
5949,train,0
5950,train,1
5951,train,1
5952,train,2
5953,train,0
5954,train,1
5955,train,0
5956,train,2
5957,train,1
5958,train,1
5959,train,2
5960,train,1
5961,train,2
5962,train,0
5963,train,2
5964,train,2
5965,train,1
5966,train,0
5967,train,1
5968,train,1
5969,train,0
5970,train,2
5971,train,1
5972,train,0
5973,train,1
5974,train,1
5975,train,2
5976,train,0
5977,train,1
5978,train,0
5979,train,1
5980,train,1
5981,train,1
5982,train,1
5983,train,0
5984,train,0
5985,train,2
5986,train,0
5987,train,0
5988,train,1
5989,train,0
5990,train,1
5991,train,1
5992,train,0
5993,train,1
5994,train,1
5995,train,0
5996,train,1
5997,train,0
5998,train,1
5999,train,1
6000,train,1
6001,train,1
6002,train,0
6003,train,1
6004,train,1
6005,train,0
6006,train,1
6007,train,2
6008,train,2
6009,train,1
6010,train,0
6011,train,0
6012,train,1
6013,train,1
6014,train,1
6015,train,1
6016,train,0
6017,train,2
6018,train,2
6019,train,1
6020,train,2
6021,train,1
6022,train,2
6023,train,1
6024,train,2
6025,train,0
6026,train,2
6027,train,2
6028,train,0
6029,train,1
6030,train,0
6031,train,2
6032,train,0
6033,train,1
6034,train,0
6035,train,1
6036,train,2
6037,train,0
6038,train,2
6039,train,0
6040,train,1
6041,train,0
6042,train,2
6043,train,1
6044,train,1
6045,train,1
6046,train,2
6047,train,2
6048,train,0
6049,train,0
6050,train,0
6051,train,2
6052,train,1
6053,train,1
6054,train,0
6055,train,1
6056,train,1
6057,train,1
6058,train,1
6059,train,0
6060,train,1
6061,train,2
6062,train,0
6063,train,2
6064,train,0
6065,train,2
6066,train,1
6067,train,0
6068,train,0
6069,train,0
6070,train,1
6071,train,0
6072,train,0
6073,train,1
6074,train,1
6075,train,1
6076,train,1
6077,train,0
6078,train,1
6079,train,1
6080,train,0
6081,train,1
6082,train,2
6083,train,0
6084,train,1
6085,train,2
6086,train,0
6087,train,0
6088,train,0
6089,train,0
6090,train,1
6091,train,0
6092,train,1
6093,train,2
6094,train,2
6095,train,0
6096,train,1
6097,train,0
6098,train,0
6099,train,1
6100,train,0
6101,train,1
6102,train,0
6103,train,2
6104,train,1
6105,train,2
6106,train,1
6107,train,2
6108,train,0
6109,train,2
6110,train,1
6111,train,1
6112,train,0
6113,train,1
6114,train,0
6115,train,0
6116,train,0
6117,train,1
6118,train,0
6119,train,1
6120,train,0
6121,train,0
6122,train,2
6123,train,1
6124,train,0
6125,train,0
6126,train,0
6127,train,1
6128,train,0
6129,train,0
6130,train,2
6131,train,0
6132,train,1
6133,train,1
6134,train,2
6135,train,0
6136,train,1
6137,train,1
6138,train,1
6139,train,1
6140,train,0
6141,train,0
6142,train,1
6143,train,1
6144,train,2
6145,train,0
6146,train,0
6147,train,1
6148,train,2
6149,train,0
6150,train,1
6151,train,0
6152,train,2
6153,train,1
6154,train,2
6155,train,0
6156,train,1
6157,train,0
6158,train,0
6159,train,2
6160,train,1
6161,train,1
6162,train,1
6163,train,2
6164,train,2
6165,train,0
6166,train,0
6167,train,0
6168,train,1
6169,train,1
6170,train,0
6171,train,2
6172,train,1
6173,train,0
6174,train,1
6175,train,2
6176,train,0
6177,train,1
6178,train,0
6179,train,0
6180,train,0
6181,train,0
6182,train,0
6183,train,2
6184,train,0
6185,train,1
6186,train,1
6187,train,0
6188,train,2
6189,train,0
6190,train,0
6191,train,0
6192,train,1
6193,train,0
6194,train,0
6195,train,2
6196,train,1
6197,train,1
6198,train,1
6199,train,2
6200,train,2
6201,train,1
6202,train,1
6203,train,0
6204,train,0
6205,train,2
6206,train,1
6207,train,0
6208,train,0
6209,train,0
6210,train,2
6211,train,2
6212,train,2
6213,train,0
6214,train,1
6215,train,1
6216,train,1
6217,train,0
6218,train,2
6219,train,2
6220,train,1
6221,train,2
6222,train,0
6223,train,1
6224,train,1
6225,train,0
6226,train,0
6227,train,2
6228,train,0
6229,train,1
6230,train,0
6231,train,1
6232,train,2
6233,train,1
6234,train,1
6235,train,1
6236,train,0
6237,train,0
6238,train,0
6239,train,1
6240,train,1
6241,train,0
6242,train,1
6243,train,0
6244,train,2
6245,train,1
6246,train,1
6247,train,0
6248,train,2
6249,train,0
6250,train,1
6251,train,1
6252,train,0
6253,train,2
6254,train,2
6255,train,0
6256,train,1
6257,train,0
6258,train,0
6259,train,0
6260,train,0
6261,train,2
6262,train,2
6263,train,0
6264,train,1
6265,train,0
6266,train,1
6267,train,2
6268,train,0
6269,train,1
6270,train,1
6271,train,0
6272,train,0
6273,train,2
6274,train,0
6275,train,2
6276,train,1
6277,train,0
6278,train,2
6279,train,0
6280,train,0
6281,train,2
6282,train,1
6283,train,0
6284,train,2
6285,train,0
6286,train,0
6287,train,1
6288,train,0
6289,train,0
6290,train,1
6291,train,2
6292,train,2
6293,train,1
6294,train,0
6295,train,0
6296,train,2
6297,train,1
6298,train,1
6299,train,2
6300,train,0
6301,train,0
6302,train,0
6303,train,1
6304,train,2
6305,train,2
6306,train,0
6307,train,0
6308,train,1
6309,train,2
6310,train,2
6311,train,0
6312,train,2
6313,train,1
6314,train,1
6315,train,0
6316,train,2
6317,train,2
6318,train,0
6319,train,2
6320,train,1
6321,train,2
6322,train,0
6323,train,1
6324,train,0
6325,train,2
6326,train,0
6327,train,1
6328,train,0
6329,train,0
6330,train,2
6331,train,1
6332,train,0
6333,train,0
6334,train,0
6335,train,2
6336,train,0
6337,train,2
6338,train,2
6339,train,0
6340,train,1
6341,train,0
6342,train,0
6343,train,0
6344,train,2
6345,train,2
6346,train,0
6347,train,1
6348,train,1
6349,train,1
6350,train,1
6351,train,1
6352,train,1
6353,train,1
6354,train,2
6355,train,0
6356,train,0
6357,train,1
6358,train,2
6359,train,1
6360,train,0
6361,train,0
6362,train,0
6363,train,0
6364,train,0
6365,train,1
6366,train,1
6367,train,0
6368,train,0
6369,train,2
6370,train,2
6371,train,2
6372,train,1
6373,train,1
6374,train,2
6375,train,2
6376,train,0
6377,train,0
6378,train,2
6379,train,0
6380,train,2
6381,train,0
6382,train,2
6383,train,2
6384,train,1
6385,train,1
6386,train,1
6387,train,1
6388,train,1
6389,train,1
6390,train,0
6391,train,0
6392,train,1
6393,train,0
6394,train,2
6395,train,2
6396,train,1
6397,train,1
6398,train,2
6399,train,2
6400,train,0
6401,train,2
6402,train,1
6403,train,1
6404,train,1
6405,train,2
6406,train,2
6407,train,0
6408,train,2
6409,train,1
6410,train,1
6411,train,2
6412,train,1
6413,train,2
6414,train,1
6415,train,0
6416,train,2
6417,train,2
6418,train,0
6419,train,2
6420,train,2
6421,train,1
6422,train,1
6423,train,1
6424,train,2
6425,train,2
6426,train,1
6427,train,2
6428,train,1
6429,train,0
6430,train,2
6431,train,2
6432,train,0
6433,train,2
6434,train,0
6435,train,0
6436,train,0
6437,train,2
6438,train,1
6439,train,2
6440,train,2
6441,train,1
6442,train,0
6443,train,2
6444,train,2
6445,train,1
6446,train,0
6447,train,1
6448,train,0
6449,train,0
6450,train,0
6451,train,0
6452,train,1
6453,train,0
6454,train,1
6455,train,1
6456,train,0
6457,train,2
6458,train,0
6459,train,2
6460,train,1
6461,train,1
6462,train,0
6463,train,2
6464,train,2
6465,train,0
6466,train,2
6467,train,0
6468,train,2
6469,train,0
6470,train,0
6471,train,0
6472,train,1
6473,train,2
6474,train,2
6475,train,1
6476,train,1
6477,train,0
6478,train,1
6479,train,1
6480,train,1
6481,train,0
6482,train,0
6483,train,0
6484,train,0
6485,train,0
6486,train,1
6487,train,2
6488,train,0
6489,train,1
6490,train,1
6491,train,0
6492,train,0
6493,train,2
6494,train,0
6495,train,2
6496,train,0
6497,train,1
6498,train,2
6499,train,0
6500,train,2
6501,train,2
6502,train,0
6503,train,0
6504,train,2
6505,train,0
6506,train,0
6507,train,2
6508,train,0
6509,train,1
6510,train,0
6511,train,0
6512,train,0
6513,train,0
6514,train,1
6515,train,1
6516,train,0
6517,train,1
6518,train,1
6519,train,0
6520,train,0
6521,train,2
6522,train,0
6523,train,1
6524,train,2
6525,train,1
6526,train,1
6527,train,0
6528,train,0
6529,train,1
6530,train,1
6531,train,0
6532,train,2
6533,train,1
6534,train,1
6535,train,0
6536,train,1
6537,train,2
6538,train,1
6539,train,2
6540,train,1
6541,train,2
6542,train,0
6543,train,1
6544,train,1
6545,train,2
6546,train,1
6547,train,0
6548,train,1
6549,train,1
6550,train,2
6551,train,0
6552,train,2
6553,train,0
6554,train,1
6555,train,2
6556,train,1
6557,train,2
6558,train,2
6559,train,0
6560,train,1
6561,train,2
6562,train,0
6563,train,0
6564,train,1
6565,train,1
6566,train,1
6567,train,0
6568,train,1
6569,train,2
6570,train,1
6571,train,1
6572,train,2
6573,train,2
6574,train,0
6575,train,2
6576,train,0
6577,train,2
6578,train,0
6579,train,0
6580,train,2
6581,train,0
6582,train,2
6583,train,1
6584,train,0
6585,train,0
6586,train,2
6587,train,2
6588,train,0
6589,train,0
6590,train,2
6591,train,0
6592,train,1
6593,train,2
6594,train,0
6595,train,2
6596,train,1
6597,train,0
6598,train,0
6599,train,2
6600,train,0
6601,train,1
6602,train,1
6603,train,1
6604,train,1
6605,train,2
6606,train,0
6607,train,2
6608,train,0
6609,train,0
6610,train,1
6611,train,2
6612,train,0
6613,train,2
6614,train,2
6615,train,2
6616,train,2
6617,train,1
6618,train,0
6619,train,1
6620,train,0
6621,train,2
6622,train,2
6623,train,2
6624,train,2
6625,train,2
6626,train,1
6627,train,2
6628,train,2
6629,train,1
6630,train,2
6631,train,0
6632,train,2
6633,train,0
6634,train,0
6635,train,1
6636,train,2
6637,train,0
6638,train,1
6639,train,1
6640,train,2
6641,train,1
6642,train,2
6643,train,0
6644,train,0
6645,train,2
6646,train,2
6647,train,1
6648,train,2
6649,train,1
6650,train,2
6651,train,0
6652,train,2
6653,train,2
6654,train,1
6655,train,0
6656,train,1
6657,train,0
6658,train,1
6659,train,1
6660,train,1
6661,train,0
6662,train,0
6663,train,1
6664,train,1
6665,train,0
6666,train,1
6667,train,1
6668,train,2
6669,train,1
6670,train,0
6671,train,1
6672,train,0
6673,train,1
6674,train,0
6675,train,1
6676,train,0
6677,train,0
6678,train,1
6679,train,0
6680,train,1
6681,train,0
6682,train,0
6683,train,0
6684,train,0
6685,train,1
6686,train,2
6687,train,1
6688,train,1
6689,train,2
6690,train,1
6691,train,2
6692,train,0
6693,train,1
6694,train,0
6695,train,1
6696,train,0
6697,train,1
6698,train,0
6699,train,1
6700,train,2
6701,train,2
6702,train,2
6703,train,1
6704,train,0
6705,train,0
6706,train,0
6707,train,1
6708,train,2
6709,train,1
6710,train,1
6711,train,2
6712,train,0
6713,train,0
6714,train,2
6715,train,0
6716,train,0
6717,train,0
6718,train,1
6719,train,2
6720,train,0
6721,train,1
6722,train,1
6723,train,2
6724,train,2
6725,train,0
6726,train,1
6727,train,2
6728,train,1
6729,train,2
6730,train,2
6731,train,0
6732,train,0
6733,train,0
6734,train,0
6735,train,1
6736,train,1
6737,train,1
6738,train,1
6739,train,2
6740,train,0
6741,train,1
6742,train,0
6743,train,0
6744,train,0
6745,train,2
6746,train,1
6747,train,0
6748,train,2
6749,train,1
6750,train,1
6751,train,0
6752,train,1
6753,train,0
6754,train,0
6755,train,2
6756,train,0
6757,train,2
6758,train,2
6759,train,0
6760,train,2
6761,train,0
6762,train,1
6763,train,1
6764,train,0
6765,train,0
6766,train,0
6767,train,2
6768,train,1
6769,train,2
6770,train,2
6771,train,2
6772,train,1
6773,train,0
6774,train,1
6775,train,2
6776,train,1
6777,train,1
6778,train,2
6779,train,0
6780,train,0
6781,train,2
6782,train,0
6783,train,0
6784,train,1
6785,train,2
6786,train,0
6787,train,2
6788,train,1
6789,train,2
6790,train,0
6791,train,1
6792,train,0
6793,train,2
6794,train,0
6795,train,2
6796,train,0
6797,train,1
6798,train,0
6799,train,0
6800,train,0
6801,train,2
6802,train,2
6803,train,1
6804,train,0
6805,train,0
6806,train,1
6807,train,0
6808,train,0
6809,train,0
6810,train,1
6811,train,0
6812,train,0
6813,train,2
6814,train,2
6815,train,1
6816,train,0
6817,train,1
6818,train,0
6819,train,0
6820,train,0
6821,train,2
6822,train,1
6823,train,0
6824,train,0
6825,train,2
6826,train,1
6827,train,1
6828,train,0
6829,train,0
6830,train,0
6831,train,0
6832,train,0
6833,train,0
6834,train,1
6835,train,0
6836,train,0
6837,train,2
6838,train,1
6839,train,0
6840,train,0
6841,train,0
6842,train,0
6843,train,1
6844,train,0
6845,train,0
6846,train,1
6847,train,0
6848,train,0
6849,train,0
6850,train,2
6851,train,0
6852,train,2
6853,train,1
6854,train,0
6855,train,0
6856,train,1
6857,train,0
6858,train,0
6859,train,2
6860,train,0
6861,train,1
6862,train,1
6863,train,0
6864,train,1
6865,train,1
6866,train,1
6867,train,0
6868,train,0
6869,train,1
6870,train,0
6871,train,2
6872,train,2
6873,train,1
6874,train,1
6875,train,1
6876,train,0
6877,train,0
6878,train,0
6879,train,0
6880,train,0
6881,train,0
6882,train,0
6883,train,2
6884,train,1
6885,train,0
6886,train,0
6887,train,0
6888,train,1
6889,train,0
6890,train,1
6891,train,1
6892,train,0
6893,train,2
6894,train,0
6895,train,0
6896,train,0
6897,train,0
6898,train,0
6899,train,0
6900,train,1
6901,train,2
6902,train,1
6903,train,0
6904,train,1
6905,train,2
6906,train,1
6907,train,1
6908,train,0
6909,train,0
6910,train,0
6911,train,2
6912,train,1
6913,train,1
6914,train,1
6915,train,1
6916,train,2
6917,train,0
6918,train,1
6919,train,0
6920,train,1
6921,train,2
6922,train,2
6923,train,0
6924,train,2
6925,train,0
6926,train,0
6927,train,1
6928,train,1
6929,train,2
6930,train,0
6931,train,0
6932,train,2
6933,train,2
6934,train,1
6935,train,1
6936,train,0
6937,train,2
6938,train,1
6939,train,1
6940,train,2
6941,train,1
6942,train,0
6943,train,2
6944,train,0
6945,train,0
6946,train,1
6947,train,0
6948,train,0
6949,train,0
6950,train,1
6951,train,0
6952,train,1
6953,train,2
6954,train,1
6955,train,1
6956,train,0
6957,train,2
6958,train,1
6959,train,1
6960,train,0
6961,train,0
6962,train,1
6963,train,2
6964,train,1
6965,train,2
6966,train,2
6967,train,0
6968,train,1
6969,train,1
6970,train,0
6971,train,0
6972,train,1
6973,train,1
6974,train,1
6975,train,1
6976,train,2
6977,train,1
6978,train,0
6979,train,1
6980,train,2
6981,train,1
6982,train,1
6983,train,0
6984,train,0
6985,train,2
6986,train,1
6987,train,0
6988,train,1
6989,train,0
6990,train,0
6991,train,2
6992,train,2
6993,train,2
6994,train,0
6995,train,1
6996,train,0
6997,train,0
6998,train,0
6999,train,2
7000,train,1
7001,train,2
7002,train,0
7003,train,0
7004,train,1
7005,train,0
7006,train,0
7007,train,1
7008,train,0
7009,train,1
7010,train,2
7011,train,2
7012,train,1
7013,train,0
7014,train,0
7015,train,0
7016,train,1
7017,train,0
7018,train,0
7019,train,2
7020,train,1
7021,train,0
7022,train,0
7023,train,2
7024,train,2
7025,train,0
7026,train,1
7027,train,0
7028,train,0
7029,train,1
7030,train,1
7031,train,2
7032,train,2
7033,train,1
7034,train,1
7035,train,2
7036,train,2
7037,train,2
7038,train,2
7039,train,2
7040,train,2
7041,train,1
7042,train,0
7043,train,0
7044,train,0
7045,train,0
7046,train,2
7047,train,0
7048,train,1
7049,train,1
7050,train,0
7051,train,0
7052,train,2
7053,train,0
7054,train,1
7055,train,0
7056,train,0
7057,train,1
7058,train,1
7059,train,0
7060,train,1
7061,train,0
7062,train,0
7063,train,1
7064,train,1
7065,train,2
7066,train,2
7067,train,0
7068,train,2
7069,train,0
7070,train,2
7071,train,1
7072,train,0
7073,train,0
7074,train,0
7075,train,1
7076,train,0
7077,train,2
7078,train,2
7079,train,1
7080,train,1
7081,train,2
7082,train,1
7083,train,1
7084,train,1
7085,train,2
7086,train,0
7087,train,0
7088,train,1
7089,train,0
7090,train,2
7091,train,0
7092,train,0
7093,train,0
7094,train,1
7095,train,1
7096,train,0
7097,train,0
7098,train,1
7099,train,0
7100,train,1
7101,train,2
7102,train,1
7103,train,1
7104,train,2
7105,train,0
7106,train,0
7107,train,0
7108,train,0
7109,train,2
7110,train,0
7111,train,0
7112,train,2
7113,train,1
7114,train,0
7115,train,1
7116,train,0
7117,train,1
7118,train,0
7119,train,2
7120,train,1
7121,train,0
7122,train,0
7123,train,0
7124,train,1
7125,train,0
7126,train,0
7127,train,1
7128,train,0
7129,train,0
7130,train,0
7131,train,2
7132,train,2
7133,train,0
7134,train,0
7135,train,1
7136,train,2
7137,train,1
7138,train,1
7139,train,0
7140,train,0
7141,train,1
7142,train,0
7143,train,2
7144,train,1
7145,train,1
7146,train,0
7147,train,1
7148,train,1
7149,train,0
7150,train,1
7151,train,1
7152,train,2
7153,train,0
7154,train,2
7155,train,2
7156,train,1
7157,train,0
7158,train,0
7159,train,0
7160,train,2
7161,train,0
7162,train,0
7163,train,2
7164,train,1
7165,train,1
7166,train,0
7167,train,1
7168,train,0
7169,train,1
7170,train,1
7171,train,2
7172,train,0
7173,train,1
7174,train,0
7175,train,0
7176,train,0
7177,train,2
7178,train,0
7179,train,2
7180,train,0
7181,train,2
7182,train,1
7183,train,2
7184,train,1
7185,train,1
7186,train,1
7187,train,0
7188,train,2
7189,train,1
7190,train,0
7191,train,2
7192,train,0
7193,train,1
7194,train,0
7195,train,2
7196,train,1
7197,train,0
7198,train,0
7199,train,1
7200,train,2
7201,train,0
7202,train,1
7203,train,1
7204,train,1
7205,train,1
7206,train,1
7207,train,1
7208,train,0
7209,train,1
7210,train,1
7211,train,0
7212,train,2
7213,train,2
7214,train,2
7215,train,1
7216,train,0
7217,train,1
7218,train,1
7219,train,2
7220,train,0
7221,train,0
7222,train,1
7223,train,1
7224,train,1
7225,train,2
7226,train,2
7227,train,0
7228,train,1
7229,train,2
7230,train,1
7231,train,1
7232,train,0
7233,train,0
7234,train,1
7235,train,2
7236,train,1
7237,train,0
7238,train,1
7239,train,1
7240,train,1
7241,train,0
7242,train,0
7243,train,1
7244,train,0
7245,train,2
7246,train,2
7247,train,0
7248,train,2
7249,train,2
7250,train,0
7251,train,1
7252,train,2
7253,train,0
7254,train,1
7255,train,2
7256,train,2
7257,train,2
7258,train,2
7259,train,1
7260,train,1
7261,train,1
7262,train,0
7263,train,2
7264,train,2
7265,train,1
7266,train,0
7267,train,2
7268,train,1
7269,train,2
7270,train,0
7271,train,1
7272,train,0
7273,train,1
7274,train,2
7275,train,0
7276,train,1
7277,train,0
7278,train,0
7279,train,2
7280,train,0
7281,train,0
7282,train,2
7283,train,1
7284,train,2
7285,train,0
7286,train,2
7287,train,1
7288,train,0
7289,train,1
7290,train,2
7291,train,0
7292,train,0
7293,train,0
7294,train,0
7295,train,0
7296,train,0
7297,train,0
7298,train,1
7299,train,2
7300,train,0
7301,train,1
7302,train,0
7303,train,0
7304,train,1
7305,train,1
7306,train,0
7307,train,1
7308,train,0
7309,train,1
7310,train,0
7311,train,1
7312,train,2
7313,train,2
7314,train,1
7315,train,1
7316,train,1
7317,train,0
7318,train,2
7319,train,0
7320,train,1
7321,train,1
7322,train,1
7323,train,1
7324,train,2
7325,train,0
7326,train,2
7327,train,0
7328,train,1
7329,train,0
7330,train,2
7331,train,0
7332,train,0
7333,train,1
7334,train,2
7335,train,2
7336,train,1
7337,train,1
7338,train,1
7339,train,2
7340,train,1
7341,train,2
7342,train,0
7343,train,0
7344,train,1
7345,train,2
7346,train,2
7347,train,1
7348,train,2
7349,train,2
7350,train,1
7351,train,2
7352,train,0
7353,train,2
7354,train,0
7355,train,1
7356,train,1
7357,train,2
7358,train,1
7359,train,0
7360,train,1
7361,train,1
7362,train,0
7363,train,0
7364,train,0
7365,train,0
7366,train,1
7367,train,1
7368,train,1
7369,train,0
7370,train,1
7371,train,2
7372,train,0
7373,train,1
7374,train,0
7375,train,1
7376,train,0
7377,train,1
7378,train,1
7379,train,1
7380,train,0
7381,train,0
7382,train,0
7383,train,1
7384,train,0
7385,train,0
7386,train,0
7387,train,2
7388,train,1
7389,train,2
7390,train,0
7391,train,2
7392,train,0
7393,train,2
7394,train,0
7395,train,0
7396,train,0
7397,train,2
7398,train,0
7399,train,0
7400,train,0
7401,train,0
7402,train,1
7403,train,2
7404,train,0
7405,train,1
7406,train,1
7407,train,1
7408,train,1
7409,train,1
7410,train,1
7411,train,1
7412,train,0
7413,train,0
7414,train,1
7415,train,0
7416,train,0
7417,train,1
7418,train,0
7419,train,2
7420,train,0
7421,train,0
7422,train,1
7423,train,0
7424,train,0
7425,train,1
7426,train,2
7427,train,0
7428,train,2
7429,train,0
7430,train,0
7431,train,1
7432,train,1
7433,train,0
7434,train,1
7435,train,1
7436,train,2
7437,train,2
7438,train,1
7439,train,2
7440,train,0
7441,train,1
7442,train,0
7443,train,1
7444,train,1
7445,train,0
7446,train,0
7447,train,0
7448,train,1
7449,train,2
7450,train,0
7451,train,1
7452,train,1
7453,train,0
7454,train,1
7455,train,2
7456,train,0
7457,train,1
7458,train,0
7459,train,0
7460,train,0
7461,train,0
7462,train,1
7463,train,1
7464,train,1
7465,train,2
7466,train,2
7467,train,1
7468,train,1
7469,train,1
7470,train,2
7471,train,1
7472,train,1
7473,train,1
7474,train,2
7475,train,1
7476,train,0
7477,train,1
7478,train,0
7479,train,1
7480,train,0
7481,train,1
7482,train,0
7483,train,2
7484,train,0
7485,train,0
7486,train,2
7487,train,1
7488,train,0
7489,train,2
7490,train,2
7491,train,1
7492,train,2
7493,train,0
7494,train,2
7495,train,1
7496,train,1
7497,train,1
7498,train,0
7499,train,2
7500,train,2
7501,train,1
7502,train,1
7503,train,0
7504,train,1
7505,train,0
7506,train,1
7507,train,1
7508,train,2
7509,train,0
7510,train,0
7511,train,0
7512,train,2
7513,train,2
7514,train,2
7515,train,2
7516,train,2
7517,train,0
7518,train,2
7519,train,0
7520,train,2
7521,train,0
7522,train,0
7523,train,2
7524,train,0
7525,train,2
7526,train,1
7527,train,1
7528,train,2
7529,train,0
7530,train,0
7531,train,2
7532,train,1
7533,train,1
7534,train,0
7535,train,1
7536,train,1
7537,train,0
7538,train,1
7539,train,0
7540,train,1
7541,train,1
7542,train,0
7543,train,0
7544,train,2
7545,train,1
7546,train,0
7547,train,0
7548,train,2
7549,train,2
7550,train,1
7551,train,0
7552,train,2
7553,train,0
7554,train,1
7555,train,1
7556,train,2
7557,train,1
7558,train,1
7559,train,1
7560,train,0
7561,train,1
7562,train,2
7563,train,1
7564,train,1
7565,train,0
7566,train,2
7567,train,1
7568,train,2
7569,train,1
7570,train,0
7571,train,0
7572,train,2
7573,train,0
7574,train,0
7575,train,2
7576,train,2
7577,train,1
7578,train,0
7579,train,2
7580,train,1
7581,train,0
7582,train,1
7583,train,2
7584,train,2
7585,train,2
7586,train,2
7587,train,0
7588,train,0
7589,train,0
7590,train,0
7591,train,1
7592,train,0
7593,train,2
7594,train,2
7595,train,0
7596,train,2
7597,train,1
7598,train,1
7599,train,1
7600,train,0
7601,train,1
7602,train,0
7603,train,1
7604,train,2
7605,train,2
7606,train,0
7607,train,1
7608,train,0
7609,train,0
7610,train,2
7611,train,0
7612,train,1
7613,train,1
7614,train,2
7615,train,1
7616,train,1
7617,train,1
7618,train,0
7619,train,1
7620,train,2
7621,train,1
7622,train,2
7623,train,2
7624,train,2
7625,train,2
7626,train,1
7627,train,2
7628,train,2
7629,train,2
7630,train,1
7631,train,0
7632,train,2
7633,train,2
7634,train,2
7635,train,2
7636,train,0
7637,train,1
7638,train,1
7639,train,0
7640,train,0
7641,train,1
7642,train,0
7643,train,1
7644,train,1
7645,train,2
7646,train,0
7647,train,0
7648,train,0
7649,train,2
7650,train,2
7651,train,2
7652,train,0
7653,train,0
7654,train,1
7655,train,1
7656,train,0
7657,train,0
7658,train,0
7659,train,2
7660,train,1
7661,train,2
7662,train,2
7663,train,0
7664,train,0
7665,train,0
7666,train,2
7667,train,1
7668,train,0
7669,train,0
7670,train,2
7671,train,2
7672,train,1
7673,train,2
7674,train,0
7675,train,0
7676,train,0
7677,train,0
7678,train,2
7679,train,0
7680,train,2
7681,train,0
7682,train,0
7683,train,0
7684,train,0
7685,train,0
7686,train,2
7687,train,2
7688,train,1
7689,train,2
7690,train,0
7691,train,1
7692,train,2
7693,train,1
7694,train,2
7695,train,0
7696,train,2
7697,train,1
7698,train,1
7699,train,2
7700,train,1
7701,train,2
7702,train,0
7703,train,2
7704,train,0
7705,train,1
7706,train,0
7707,train,0
7708,train,0
7709,train,0
7710,train,0
7711,train,1
7712,train,0
7713,train,0
7714,train,2
7715,train,2
7716,train,2
7717,train,0
7718,train,0
7719,train,2
7720,train,0
7721,train,1
7722,train,1
7723,train,1
7724,train,1
7725,train,1
7726,train,1
7727,train,1
7728,train,1
7729,train,0
7730,train,0
7731,train,0
7732,train,1
7733,train,0
7734,train,0
7735,train,0
7736,train,0
7737,train,1
7738,train,0
7739,train,1
7740,train,2
7741,train,0
7742,train,1
7743,train,1
7744,train,0
7745,train,0
7746,train,2
7747,train,1
7748,train,1
7749,train,1
7750,train,1
7751,train,2
7752,train,2
7753,train,0
7754,train,1
7755,train,0
7756,train,2
7757,train,0
7758,train,2
7759,train,1
7760,train,0
7761,train,0
7762,train,1
7763,train,0
7764,train,0
7765,train,1
7766,train,0
7767,train,2
7768,train,2
7769,train,0
7770,train,2
7771,train,1
7772,train,0
7773,train,0
7774,train,0
7775,train,0
7776,train,0
7777,train,0
7778,train,1
7779,train,2
7780,train,1
7781,train,0
7782,train,0
7783,train,0
7784,train,0
7785,train,2
7786,train,2
7787,train,1
7788,train,2
7789,train,2
7790,train,1
7791,train,0
7792,train,1
7793,train,0
7794,train,1
7795,train,1
7796,train,2
7797,train,1
7798,train,0
7799,train,0
7800,train,2
7801,train,0
7802,train,1
7803,train,1
7804,train,1
7805,train,2
7806,train,0
7807,train,0
7808,train,0
7809,train,1
7810,train,2
7811,train,0
7812,train,1
7813,train,2
7814,train,0
7815,train,0
7816,train,1
7817,train,1
7818,train,2
7819,train,1
7820,train,1
7821,train,0
7822,train,1
7823,train,2
7824,train,0
7825,train,2
7826,train,1
7827,train,0
7828,train,1
7829,train,0
7830,train,1
7831,train,1
7832,train,0
7833,train,1
7834,train,1
7835,train,2
7836,train,1
7837,train,0
7838,train,2
7839,train,2
7840,train,1
7841,train,1
7842,train,1
7843,train,2
7844,train,1
7845,train,0
7846,train,2
7847,train,1
7848,train,2
7849,train,0
7850,train,2
7851,train,1
7852,train,2
7853,train,2
7854,train,0
7855,train,1
7856,train,1
7857,train,1
7858,train,1
7859,train,0
7860,train,2
7861,train,1
7862,train,2
7863,train,0
7864,train,1
7865,train,0
7866,train,0
7867,train,2
7868,train,0
7869,train,1
7870,train,2
7871,train,0
7872,train,1
7873,train,2
7874,train,1
7875,train,0
7876,train,0
7877,train,1
7878,train,0
7879,train,1
7880,train,1
7881,train,0
7882,train,2
7883,train,1
7884,train,1
7885,train,0
7886,train,1
7887,train,1
7888,train,2
7889,train,2
7890,train,2
7891,train,1
7892,train,2
7893,train,2
7894,train,0
7895,train,0
7896,train,0
7897,train,1
7898,train,2
7899,train,1
7900,train,1
7901,train,0
7902,train,2
7903,train,0
7904,train,1
7905,train,0
7906,train,2
7907,train,1
7908,train,2
7909,train,2
7910,train,0
7911,train,0
7912,train,2
7913,train,1
7914,train,2
7915,train,1
7916,train,2
7917,train,2
7918,train,0
7919,train,1
7920,train,1
7921,train,0
7922,train,1
7923,train,0
7924,train,0
7925,train,2
7926,train,0
7927,train,2
7928,train,1
7929,train,1
7930,train,1
7931,train,0
7932,train,0
7933,train,1
7934,train,0
7935,train,1
7936,train,1
7937,train,0
7938,train,2
7939,train,1
7940,train,2
7941,train,0
7942,train,1
7943,train,0
7944,train,2
7945,train,1
7946,train,1
7947,train,2
7948,train,2
7949,train,1
7950,train,0
7951,train,1
7952,train,2
7953,train,1
7954,train,2
7955,train,2
7956,train,2
7957,train,1
7958,train,2
7959,train,1
7960,train,1
7961,train,2
7962,train,1
7963,train,0
7964,train,0
7965,train,0
7966,train,0
7967,train,1
7968,train,0
7969,train,1
7970,train,1
7971,train,2
7972,train,0
7973,train,2
7974,train,0
7975,train,1
7976,train,2
7977,train,2
7978,train,1
7979,train,1
7980,train,1
7981,train,1
7982,train,1
7983,train,0
7984,train,1
7985,train,1
7986,train,0
7987,train,0
7988,train,0
7989,train,1
7990,train,2
7991,train,1
7992,train,1
7993,train,0
7994,train,0
7995,train,1
7996,train,0
7997,train,2
7998,train,0
7999,train,2
8000,train,1
8001,train,0
8002,train,0
8003,train,0
8004,train,1
8005,train,1
8006,train,0
8007,train,2
8008,train,1
8009,train,2
8010,train,0
8011,train,1
8012,train,0
8013,train,0
8014,train,1
8015,train,0
8016,train,2
8017,train,0
8018,train,1
8019,train,0
8020,train,0
8021,train,2
8022,train,0
8023,train,2
8024,train,2
8025,train,2
8026,train,1
8027,train,2
8028,train,1
8029,train,2
8030,train,1
8031,train,0
8032,train,0
8033,train,2
8034,train,1
8035,train,0
8036,train,2
8037,train,0
8038,train,1
8039,train,1
8040,train,0
8041,train,1
8042,train,1
8043,train,0
8044,train,1
8045,train,1
8046,train,2
8047,train,2
8048,train,1
8049,train,1
8050,train,1
8051,train,0
8052,train,1
8053,train,2
8054,train,1
8055,train,1
8056,train,2
8057,train,2
8058,train,1
8059,train,1
8060,train,2
8061,train,0
8062,train,1
8063,train,1
8064,train,2
8065,train,1
8066,train,2
8067,train,1
8068,train,0
8069,train,2
8070,train,1
8071,train,2
8072,train,2
8073,train,2
8074,train,0
8075,train,2
8076,train,0
8077,train,2
8078,train,2
8079,train,1
8080,train,0
8081,train,1
8082,train,2
8083,train,1
8084,train,0
8085,train,1
8086,train,1
8087,train,1
8088,train,0
8089,train,2
8090,train,0
8091,train,1
8092,train,0
8093,train,1
8094,train,2
8095,train,2
8096,train,0
8097,train,1
8098,train,0
8099,train,2
8100,train,1
8101,train,0
8102,train,1
8103,train,0
8104,train,0
8105,train,0
8106,train,1
8107,train,2
8108,train,0
8109,train,1
8110,train,1
8111,train,2
8112,train,1
8113,train,1
8114,train,0
8115,train,1
8116,train,2
8117,train,0
8118,train,1
8119,train,0
8120,train,1
8121,train,0
8122,train,1
8123,train,1
8124,train,1
8125,train,1
8126,train,0
8127,train,1
8128,train,0
8129,train,0
8130,train,2
8131,train,1
8132,train,0
8133,train,0
8134,train,0
8135,train,2
8136,train,1
8137,train,0
8138,train,0
8139,train,2
8140,train,0
8141,train,2
8142,train,1
8143,train,0
8144,train,0
8145,train,1
8146,train,0
8147,train,1
8148,train,1
8149,train,2
8150,train,2
8151,train,2
8152,train,0
8153,train,2
8154,train,0
8155,train,0
8156,train,2
8157,train,1
8158,train,1
8159,train,0
8160,train,1
8161,train,2
8162,train,2
8163,train,1
8164,train,0
8165,train,0
8166,train,0
8167,train,1
8168,train,0
8169,train,1
8170,train,1
8171,train,1
8172,train,2
8173,train,2
8174,train,0
8175,train,0
8176,train,1
8177,train,1
8178,train,1
8179,train,2
8180,train,0
8181,train,2
8182,train,2
8183,train,2
8184,train,2
8185,train,0
8186,train,0
8187,train,1
8188,train,2
8189,train,1
8190,train,0
8191,train,0
8192,train,2
8193,train,2
8194,train,1
8195,train,0
8196,train,2
8197,train,2
8198,train,1
8199,train,2
8200,train,1
8201,train,0
8202,train,2
8203,train,1
8204,train,1
8205,train,0
8206,train,2
8207,train,1
8208,train,0
8209,train,2
8210,train,0
8211,train,0
8212,train,2
8213,train,0
8214,train,1
8215,train,1
8216,train,2
8217,train,1
8218,train,2
8219,train,0
8220,train,1
8221,train,2
8222,train,0
8223,train,0
8224,train,1
8225,train,2
8226,train,2
8227,train,2
8228,train,1
8229,train,2
8230,train,1
8231,train,1
8232,train,2
8233,train,0
8234,train,0
8235,train,2
8236,train,1
8237,train,1
8238,train,2
8239,train,1
8240,train,0
8241,train,1
8242,train,2
8243,train,2
8244,train,0
8245,train,1
8246,train,2
8247,train,0
8248,train,0
8249,train,0
8250,train,0
8251,train,0
8252,train,2
8253,train,0
8254,train,1
8255,train,0
8256,train,2
8257,train,0
8258,train,2
8259,train,2
8260,train,2
8261,train,1
8262,train,1
8263,train,2
8264,train,1
8265,train,0
8266,train,0
8267,train,1
8268,train,2
8269,train,2
8270,train,0
8271,train,1
8272,train,0
8273,train,0
8274,train,0
8275,train,0
8276,train,0
8277,train,1
8278,train,1
8279,train,1
8280,train,0
8281,train,2
8282,train,2
8283,train,2
8284,train,1
8285,train,2
8286,train,1
8287,train,1
8288,train,1
8289,train,0
8290,train,1
8291,train,0
8292,train,1
8293,train,1
8294,train,2
8295,train,1
8296,train,0
8297,train,2
8298,train,2
8299,train,2
8300,train,0
8301,train,1
8302,train,2
8303,train,0
8304,train,1
8305,train,2
8306,train,0
8307,train,1
8308,train,1
8309,train,1
8310,train,0
8311,train,1
8312,train,2
8313,train,0
8314,train,2
8315,train,2
8316,train,2
8317,train,0
8318,train,1
8319,train,1
8320,train,0
8321,train,1
8322,train,1
8323,train,1
8324,train,0
8325,train,0
8326,train,2
8327,train,2
8328,train,0
8329,train,0
8330,train,1
8331,train,1
8332,train,1
8333,train,0
8334,train,2
8335,train,2
8336,train,1
8337,train,1
8338,train,2
8339,train,1
8340,train,0
8341,train,1
8342,train,2
8343,train,1
8344,train,1
8345,train,0
8346,train,2
8347,train,2
8348,train,0
8349,train,1
8350,train,1
8351,train,0
8352,train,2
8353,train,1
8354,train,1
8355,train,0
8356,train,2
8357,train,1
8358,train,1
8359,train,0
8360,train,2
8361,train,1
8362,train,0
8363,train,0
8364,train,1
8365,train,1
8366,train,2
8367,train,1
8368,train,2
8369,train,1
8370,train,1
8371,train,0
8372,train,0
8373,train,0
8374,train,0
8375,train,0
8376,train,0
8377,train,0
8378,train,1
8379,train,0
8380,train,1
8381,train,2
8382,train,1
8383,train,1
8384,train,0
8385,train,1
8386,train,1
8387,train,1
8388,train,0
8389,train,2
8390,train,1
8391,train,0
8392,train,1
8393,train,2
8394,train,0
8395,train,2
8396,train,1
8397,train,0
8398,train,1
8399,train,2
8400,train,2
8401,train,1
8402,train,0
8403,train,2
8404,train,2
8405,train,0
8406,train,0
8407,train,1
8408,train,1
8409,train,1
8410,train,2
8411,train,1
8412,train,0
8413,train,0
8414,train,2
8415,train,2
8416,train,1
8417,train,1
8418,train,2
8419,train,1
8420,train,1
8421,train,0
8422,train,1
8423,train,2
8424,train,0
8425,train,2
8426,train,2
8427,train,0
8428,train,2
8429,train,1
8430,train,1
8431,train,0
8432,train,1
8433,train,1
8434,train,2
8435,train,0
8436,train,1
8437,train,0
8438,train,0
8439,train,0
8440,train,2
8441,train,1
8442,train,0
8443,train,1
8444,train,0
8445,train,1
8446,train,0
8447,train,0
8448,train,1
8449,train,0
8450,train,1
8451,train,2
8452,train,1
8453,train,2
8454,train,0
8455,train,0
8456,train,2
8457,train,1
8458,train,2
8459,train,1
8460,train,2
8461,train,1
8462,train,0
8463,train,2
8464,train,1
8465,train,1
8466,train,1
8467,train,0
8468,train,0
8469,train,1
8470,train,2
8471,train,1
8472,train,0
8473,train,2
8474,train,1
8475,train,0
8476,train,0
8477,train,1
8478,train,1
8479,train,1
8480,train,2
8481,train,0
8482,train,0
8483,train,0
8484,train,0
8485,train,0
8486,train,2
8487,train,0
8488,train,0
8489,train,0
8490,train,0
8491,train,2
8492,train,2
8493,train,0
8494,train,0
8495,train,1
8496,train,0
8497,train,1
8498,train,2
8499,train,0
8500,train,0
8501,train,1
8502,train,0
8503,train,1
8504,train,0
8505,train,0
8506,train,0
8507,train,1
8508,train,0
8509,train,2
8510,train,0
8511,train,1
8512,train,2
8513,train,0
8514,train,1
8515,train,1
8516,train,1
8517,train,0
8518,train,0
8519,train,1
8520,train,0
8521,train,1
8522,train,2
8523,train,1
8524,train,0
8525,train,0
8526,train,0
8527,train,2
8528,train,2
8529,train,1
8530,train,0
8531,train,0
8532,train,0
8533,train,2
8534,train,1
8535,train,1
8536,train,0
8537,train,0
8538,train,2
8539,train,0
8540,train,1
8541,train,1
8542,train,0
8543,train,0
8544,train,2
8545,train,1
8546,train,1
8547,train,1
8548,train,1
8549,train,1
8550,train,0
8551,train,1
8552,train,1
8553,train,2
8554,train,0
8555,train,0
8556,train,1
8557,train,1
8558,train,0
8559,train,0
8560,train,2
8561,train,1
8562,train,1
8563,train,2
8564,train,1
8565,train,0
8566,train,0
8567,train,0
8568,train,1
8569,train,1
8570,train,2
8571,train,2
8572,train,0
8573,train,1
8574,train,1
8575,train,0
8576,train,2
8577,train,0
8578,train,0
8579,train,0
8580,train,1
8581,train,0
8582,train,2
8583,train,2
8584,train,2
8585,train,0
8586,train,1
8587,train,0
8588,train,1
8589,train,1
8590,train,1
8591,train,1
8592,train,0
8593,train,2
8594,train,0
8595,train,0
8596,train,0
8597,train,0
8598,train,0
8599,train,0
8600,train,1
8601,train,1
8602,train,0
8603,train,1
8604,train,2
8605,train,0
8606,train,0
8607,train,0
8608,train,0
8609,train,0
8610,train,1
8611,train,1
8612,train,0
8613,train,1
8614,train,2
8615,train,1
8616,train,2
8617,train,2
8618,train,2
8619,train,1
8620,train,1
8621,train,2
8622,train,1
8623,train,1
8624,train,2
8625,train,0
8626,train,0
8627,train,1
8628,train,0
8629,train,1
8630,train,2
8631,train,2
8632,train,2
8633,train,1
8634,train,1
8635,train,1
8636,train,1
8637,train,0
8638,train,1
8639,train,1
8640,train,2
8641,train,2
8642,train,1
8643,train,0
8644,train,0
8645,train,1
8646,train,0
8647,train,2
8648,train,0
8649,train,1
8650,train,1
8651,train,1
8652,train,0
8653,train,0
8654,train,0
8655,train,1
8656,train,0
8657,train,0
8658,train,2
8659,train,0
8660,train,0
8661,train,2
8662,train,1
8663,train,0
8664,train,1
8665,train,0
8666,train,2
8667,train,2
8668,train,2
8669,train,0
8670,train,0
8671,train,0
8672,train,0
8673,train,0
8674,train,0
8675,train,0
8676,train,1
8677,train,1
8678,train,1
8679,train,0
8680,train,1
8681,train,0
8682,train,0
8683,train,1
8684,train,1
8685,train,0
8686,train,0
8687,train,1
8688,train,0
8689,train,0
8690,train,1
8691,train,1
8692,train,0
8693,train,2
8694,train,1
8695,train,2
8696,train,1
8697,train,0
8698,train,0
8699,train,1
8700,train,2
8701,train,0
8702,train,1
8703,train,0
8704,train,1
8705,train,2
8706,train,1
8707,train,1
8708,train,1
8709,train,0
8710,train,2
8711,train,1
8712,train,1
8713,train,0
8714,train,0
8715,train,1
8716,train,0
8717,train,0
8718,train,1
8719,train,2
8720,train,1
8721,train,1
8722,train,1
8723,train,0
8724,train,1
8725,train,2
8726,train,2
8727,train,0
8728,train,2
8729,train,1
8730,train,0
8731,train,1
8732,train,0
8733,train,1
8734,train,1
8735,train,0
8736,train,2
8737,train,1
8738,train,2
8739,train,0
8740,train,0
8741,train,1
8742,train,0
8743,train,0
8744,train,1
8745,train,2
8746,train,1
8747,train,1
8748,train,2
8749,train,0
8750,train,0
8751,train,2
8752,train,0
8753,train,0
8754,train,2
8755,train,0
8756,train,1
8757,train,1
8758,train,0
8759,train,1
8760,train,0
8761,train,0
8762,train,1
8763,train,0
8764,train,0
8765,train,1
8766,train,0
8767,train,1
8768,train,0
8769,train,2
8770,train,1
8771,train,2
8772,train,0
8773,train,1
8774,train,0
8775,train,2
8776,train,2
8777,train,0
8778,train,0
8779,train,0
8780,train,1
8781,train,0
8782,train,0
8783,train,0
8784,train,0
8785,train,1
8786,train,1
8787,train,0
8788,train,1
8789,train,2
8790,train,2
8791,train,2
8792,train,0
8793,train,2
8794,train,1
8795,train,1
8796,train,1
8797,train,1
8798,train,2
8799,train,2
8800,train,1
8801,train,1
8802,train,1
8803,train,0
8804,train,0
8805,train,0
8806,train,1
8807,train,0
8808,train,0
8809,train,1
8810,train,1
8811,train,1
8812,train,1
8813,train,0
8814,train,0
8815,train,1
8816,train,1
8817,train,1
8818,train,2
8819,train,1
8820,train,2
8821,train,0
8822,train,2
8823,train,0
8824,train,2
8825,train,1
8826,train,1
8827,train,2
8828,train,0
8829,train,0
8830,train,1
8831,train,1
8832,train,0
8833,train,1
8834,train,0
8835,train,2
8836,train,1
8837,train,0
8838,train,0
8839,train,1
8840,train,2
8841,train,1
8842,train,0
8843,train,2
8844,train,2
8845,train,0
8846,train,1
8847,train,1
8848,train,1
8849,train,0
8850,train,0
8851,train,0
8852,train,1
8853,train,2
8854,train,0
8855,train,1
8856,train,0
8857,train,0
8858,train,0
8859,train,1
8860,train,1
8861,train,2
8862,train,0
8863,train,2
8864,train,0
8865,train,2
8866,train,2
8867,train,0
8868,train,1
8869,train,2
8870,train,0
8871,train,0
8872,train,2
8873,train,0
8874,train,0
8875,train,1
8876,train,0
8877,train,0
8878,train,2
8879,train,1
8880,train,1
8881,train,2
8882,train,1
8883,train,2
8884,train,2
8885,train,0
8886,train,2
8887,train,0
8888,train,2
8889,train,2
8890,train,2
8891,train,2
8892,train,2
8893,train,1
8894,train,0
8895,train,2
8896,train,1
8897,train,0
8898,train,1
8899,train,2
8900,train,1
8901,train,1
8902,train,1
8903,train,2
8904,train,1
8905,train,2
8906,train,1
8907,train,1
8908,train,2
8909,train,0
8910,train,0
8911,train,0
8912,train,1
8913,train,0
8914,train,0
8915,train,0
8916,train,1
8917,train,1
8918,train,1
8919,train,0
8920,train,0
8921,train,2
8922,train,0
8923,train,2
8924,train,0
8925,train,1
8926,train,0
8927,train,0
8928,train,1
8929,train,0
8930,train,0
8931,train,0
8932,train,0
8933,train,1
8934,train,2
8935,train,2
8936,train,1
8937,train,0
8938,train,2
8939,train,1
8940,train,0
8941,train,2
8942,train,1
8943,train,1
8944,train,0
8945,train,1
8946,train,0
8947,train,1
8948,train,0
8949,train,2
8950,train,0
8951,train,0
8952,train,1
8953,train,0
8954,train,0
8955,train,2
8956,train,0
8957,train,0
8958,train,1
8959,train,1
8960,train,2
8961,train,1
8962,train,2
8963,train,1
8964,train,1
8965,train,1
8966,train,1
8967,train,0
8968,train,0
8969,train,2
8970,train,0
8971,train,0
8972,train,1
8973,train,1
8974,train,0
8975,train,1
8976,train,0
8977,train,1
8978,train,1
8979,train,2
8980,train,1
8981,train,1
8982,train,0
8983,train,0
8984,train,2
8985,train,2
8986,train,2
8987,train,2
8988,train,1
8989,train,1
8990,train,0
8991,train,1
8992,train,0
8993,train,0
8994,train,0
8995,train,0
8996,train,2
8997,train,1
8998,train,0
8999,train,1
9000,train,0
9001,train,0
9002,train,0
9003,train,0
9004,train,1
9005,train,2
9006,train,1
9007,train,0
9008,train,0
9009,train,0
9010,train,0
9011,train,0
9012,train,2
9013,train,0
9014,train,1
9015,train,1
9016,train,0
9017,train,0
9018,train,0
9019,train,2
9020,train,1
9021,train,1
9022,train,2
9023,train,1
9024,train,2
9025,train,0
9026,train,0
9027,train,2
9028,train,0
9029,train,1
9030,train,1
9031,train,2
9032,train,0
9033,train,2
9034,train,1
9035,train,0
9036,train,1
9037,train,2
9038,train,0
9039,train,2
9040,train,1
9041,train,2
9042,train,2
9043,train,1
9044,train,1
9045,train,2
9046,train,0
9047,train,1
9048,train,0
9049,train,0
9050,train,0
9051,train,1
9052,train,2
9053,train,0
9054,train,0
9055,train,2
9056,train,0
9057,train,0
9058,train,0
9059,train,0
9060,train,0
9061,train,1
9062,train,0
9063,train,1
9064,train,1
9065,train,1
9066,train,1
9067,train,0
9068,train,0
9069,train,0
9070,train,1
9071,train,2
9072,train,1
9073,train,1
9074,train,1
9075,train,1
9076,train,0
9077,train,1
9078,train,1
9079,train,1
9080,train,1
9081,train,2
9082,train,0
9083,train,1
9084,train,0
9085,train,1
9086,train,1
9087,train,0
9088,train,0
9089,train,2
9090,train,0
9091,train,2
9092,train,1
9093,train,0
9094,train,0
9095,train,2
9096,train,0
9097,train,2
9098,train,1
9099,train,0
9100,train,0
9101,train,0
9102,train,1
9103,train,0
9104,train,1
9105,train,1
9106,train,2
9107,train,1
9108,train,1
9109,train,2
9110,train,2
9111,train,2
9112,train,0
9113,train,0
9114,train,0
9115,train,1
9116,train,1
9117,train,0
9118,train,2
9119,train,0
9120,train,2
9121,train,0
9122,train,2
9123,train,0
9124,train,1
9125,train,1
9126,train,1
9127,train,2
9128,train,0
9129,train,1
9130,train,2
9131,train,1
9132,train,0
9133,train,2
9134,train,0
9135,train,2
9136,train,0
9137,train,1
9138,train,0
9139,train,0
9140,train,0
9141,train,2
9142,train,1
9143,train,1
9144,train,0
9145,train,0
9146,train,0
9147,train,0
9148,train,1
9149,train,2
9150,train,1
9151,train,0
9152,train,1
9153,train,0
9154,train,2
9155,train,2
9156,train,0
9157,train,0
9158,train,1
9159,train,0
9160,train,2
9161,train,0
9162,train,0
9163,train,2
9164,train,0
9165,train,0
9166,train,0
9167,train,2
9168,train,0
9169,train,0
9170,train,0
9171,train,0
9172,train,0
9173,train,2
9174,train,1
9175,train,2
9176,train,1
9177,train,1
9178,train,1
9179,train,2
9180,train,0
9181,train,0
9182,train,2
9183,train,2
9184,train,2
9185,train,1
9186,train,1
9187,train,0
9188,train,1
9189,train,2
9190,train,1
9191,train,2
9192,train,0
9193,train,2
9194,train,0
9195,train,0
9196,train,1
9197,train,0
9198,train,1
9199,train,0
9200,train,0
9201,train,0
9202,train,2
9203,train,0
9204,train,0
9205,train,2
9206,train,2
9207,train,0
9208,train,1
9209,train,1
9210,train,2
9211,train,0
9212,train,1
9213,train,2
9214,train,2
9215,train,0
9216,train,1
9217,train,2
9218,train,2
9219,train,2
9220,train,1
9221,train,2
9222,train,2
9223,train,1
9224,train,2
9225,train,2
9226,train,0
9227,train,1
9228,train,2
9229,train,0
9230,train,2
9231,train,2
9232,train,1
9233,train,2
9234,train,0
9235,train,1
9236,train,0
9237,train,0
9238,train,0
9239,train,0
9240,train,0
9241,train,1
9242,train,1
9243,train,1
9244,train,1
9245,train,0
9246,train,2
9247,train,2
9248,train,0
9249,train,1
9250,train,1
9251,train,0
9252,train,0
9253,train,1
9254,train,0
9255,train,0
9256,train,2
9257,train,1
9258,train,0
9259,train,0
9260,train,2
9261,train,0
9262,train,2
9263,train,0
9264,train,1
9265,train,2
9266,train,2
9267,train,0
9268,train,1
9269,train,0
9270,train,0
9271,train,1
9272,train,1
9273,train,0
9274,train,1
9275,train,1
9276,train,0
9277,train,0
9278,train,0
9279,train,1
9280,train,1
9281,train,1
9282,train,1
9283,train,1
9284,train,0
9285,train,2
9286,train,0
9287,train,1
9288,train,0
9289,train,2
9290,train,1
9291,train,0
9292,train,2
9293,train,1
9294,train,1
9295,train,0
9296,train,0
9297,train,1
9298,train,2
9299,train,0
9300,train,1
9301,train,2
9302,train,1
9303,train,0
9304,train,2
9305,train,0
9306,train,1
9307,train,2
9308,train,0
9309,train,1
9310,train,1
9311,train,2
9312,train,1
9313,train,1
9314,train,1
9315,train,1
9316,train,1
9317,train,2
9318,train,1
9319,train,0
9320,train,0
9321,train,0
9322,train,0
9323,train,2
9324,train,2
9325,train,1
9326,train,2
9327,train,2
9328,train,0
9329,train,1
9330,train,0
9331,train,1
9332,train,0
9333,train,0
9334,train,0
9335,train,0
9336,train,0
9337,train,0
9338,train,1
9339,train,2
9340,train,0
9341,train,0
9342,train,1
9343,train,0
9344,train,2
9345,train,0
9346,train,1
9347,train,1
9348,train,0
9349,train,1
9350,train,1
9351,train,1
9352,train,1
9353,train,1
9354,train,0
9355,train,0
9356,train,0
9357,train,0
9358,train,1
9359,train,1
9360,train,2
9361,train,0
9362,train,1
9363,train,1
9364,train,1
9365,train,0
9366,train,1
9367,train,1
9368,train,1
9369,train,2
9370,train,1
9371,train,1
9372,train,0
9373,train,0
9374,train,0
9375,train,1
9376,train,1
9377,train,1
9378,train,1
9379,train,2
9380,train,2
9381,train,0
9382,train,2
9383,train,0
9384,train,1
9385,train,1
9386,train,1
9387,train,0
9388,train,1
9389,train,0
9390,train,0
9391,train,0
9392,train,2
9393,train,0
9394,train,0
9395,train,1
9396,train,1
9397,train,0
9398,train,0
9399,train,2
9400,train,0
9401,train,2
9402,train,2
9403,train,1
9404,train,2
9405,train,1
9406,train,2
9407,train,1
9408,train,1
9409,train,2
9410,train,2
9411,train,0
9412,train,1
9413,train,2
9414,train,0
9415,train,1
9416,train,0
9417,train,0
9418,train,2
9419,train,2
9420,train,1
9421,train,1
9422,train,1
9423,train,2
9424,train,2
9425,train,1
9426,train,2
9427,train,1
9428,train,0
9429,train,2
9430,train,1
9431,train,1
9432,train,2
9433,train,1
9434,train,0
9435,train,2
9436,train,0
9437,train,2
9438,train,0
9439,train,0
9440,train,0
9441,train,2
9442,train,1
9443,train,2
9444,train,1
9445,train,2
9446,train,0
9447,train,2
9448,train,0
9449,train,1
9450,train,2
9451,train,1
9452,train,2
9453,train,2
9454,train,2
9455,train,0
9456,train,1
9457,train,0
9458,train,0
9459,train,0
9460,train,2
9461,train,2
9462,train,0
9463,train,0
9464,train,1
9465,train,1
9466,train,0
9467,train,2
9468,train,1
9469,train,1
9470,train,2
9471,train,0
9472,train,1
9473,train,2
9474,train,1
9475,train,0
9476,train,1
9477,train,1
9478,train,2
9479,train,2
9480,train,0
9481,train,0
9482,train,0
9483,train,0
9484,train,1
9485,train,1
9486,train,1
9487,train,2
9488,train,1
9489,train,1
9490,train,0
9491,train,1
9492,train,1
9493,train,0
9494,train,2
9495,train,0
9496,train,0
9497,train,1
9498,train,0
9499,train,0
9500,train,1
9501,train,0
9502,train,0
9503,train,0
9504,train,1
9505,train,1
9506,train,2
9507,train,0
9508,train,2
9509,train,0
9510,train,1
9511,train,2
9512,train,2
9513,train,0
9514,train,1
9515,train,1
9516,train,1
9517,train,1
9518,train,0
9519,train,1
9520,train,0
9521,train,1
9522,train,0
9523,train,0
9524,train,0
9525,train,0
9526,train,1
9527,train,0
9528,train,2
9529,train,2
9530,train,2
9531,train,0
9532,train,0
9533,train,0
9534,train,1
9535,train,0
9536,train,0
9537,train,0
9538,train,0
9539,train,2
9540,train,1
9541,train,0
9542,train,0
9543,train,1
9544,train,0
9545,train,0
9546,train,1
9547,train,1
9548,train,0
9549,train,0
9550,train,1
9551,train,1
9552,train,2
9553,train,2
9554,train,1
9555,train,2
9556,train,0
9557,train,1
9558,train,2
9559,train,2
9560,train,0
9561,train,0
9562,train,1
9563,train,0
9564,train,0
9565,train,0
9566,train,2
9567,train,0
9568,train,1
9569,train,0
9570,train,0
9571,train,1
9572,train,2
9573,train,2
9574,train,0
9575,train,0
9576,train,2
9577,train,1
9578,train,1
9579,train,1
9580,train,1
9581,train,2
9582,train,1
9583,train,1
9584,train,0
9585,train,0
9586,train,0
9587,train,0
9588,train,2
9589,train,0
9590,train,0
9591,train,1
9592,train,2
9593,train,2
9594,train,0
9595,train,1
9596,train,1
9597,train,1
9598,train,0
9599,train,1
9600,train,1
9601,train,0
9602,train,1
9603,train,0
9604,train,0
9605,train,1
9606,train,2
9607,train,1
9608,train,2
9609,train,0
9610,train,0
9611,train,0
9612,train,0
9613,train,2
9614,train,1
9615,train,2
9616,train,1
9617,train,1
9618,train,0
9619,train,0
9620,train,2
9621,train,0
9622,train,0
9623,train,2
9624,train,0
9625,train,2
9626,train,1
9627,train,1
9628,train,0
9629,train,0
9630,train,2
9631,train,0
9632,train,1
9633,train,1
9634,train,2
9635,train,0
9636,train,0
9637,train,0
9638,train,0
9639,train,0
9640,train,0
9641,train,1
9642,train,0
9643,train,0
9644,train,0
9645,train,2
9646,train,0
9647,train,1
9648,train,1
9649,train,2
9650,train,0
9651,train,1
9652,train,0
9653,train,2
9654,train,1
9655,train,0
9656,train,0
9657,train,1
9658,train,1
9659,train,2
9660,train,1
9661,train,0
9662,train,2
9663,train,0
9664,train,0
9665,train,1
9666,train,0
9667,train,1
9668,train,2
9669,train,1
9670,train,1
9671,train,0
9672,train,2
9673,train,1
9674,train,1
9675,train,0
9676,train,0
9677,train,0
9678,train,2
9679,train,2
9680,train,1
9681,train,2
9682,train,2
9683,train,1
9684,train,2
9685,train,1
9686,train,2
9687,train,1
9688,train,0
9689,train,1
9690,train,0
9691,train,0
9692,train,1
9693,train,0
9694,train,1
9695,train,0
9696,train,1
9697,train,0
9698,train,1
9699,train,2
9700,train,0
9701,train,1
9702,train,2
9703,train,0
9704,train,0
9705,train,2
9706,train,1
9707,train,2
9708,train,1
9709,train,0
9710,train,2
9711,train,1
9712,train,0
9713,train,0
9714,train,1
9715,train,0
9716,train,2
9717,train,2
9718,train,2
9719,train,0
9720,train,2
9721,train,1
9722,train,2
9723,train,0
9724,train,2
9725,train,0
9726,train,2
9727,train,0
9728,train,0
9729,train,2
9730,train,0
9731,train,2
9732,train,1
9733,train,0
9734,train,0
9735,train,0
9736,train,2
9737,train,0
9738,train,1
9739,train,2
9740,train,0
9741,train,2
9742,train,1
9743,train,1
9744,train,2
9745,train,1
9746,train,2
9747,train,1
9748,train,0
9749,train,2
9750,train,1
9751,train,0
9752,train,0
9753,train,0
9754,train,0
9755,train,2
9756,train,2
9757,train,0
9758,train,0
9759,train,1
9760,train,1
9761,train,0
9762,train,1
9763,train,0
9764,train,0
9765,train,1
9766,train,1
9767,train,1
9768,train,0
9769,train,0
9770,train,1
9771,train,1
9772,train,2
9773,train,1
9774,train,2
9775,train,1
9776,train,1
9777,train,1
9778,train,1
9779,train,0
9780,train,2
9781,train,1
9782,train,0
9783,train,1
9784,train,0
9785,train,0
9786,train,2
9787,train,0
9788,train,2
9789,train,0
9790,train,1
9791,train,0
9792,train,0
9793,train,0
9794,train,0
9795,train,1
9796,train,1
9797,train,2
9798,train,0
9799,train,2
9800,train,0
9801,train,1
9802,train,0
9803,train,0
9804,train,1
9805,train,1
9806,train,2
9807,train,1
9808,train,2
9809,train,0
9810,train,0
9811,train,2
9812,train,1
9813,train,0
9814,train,0
9815,train,0
9816,train,0
9817,train,0
9818,train,2
9819,train,0
9820,train,2
9821,train,2
9822,train,1
9823,train,2
9824,train,0
9825,train,2
9826,train,1
9827,train,1
9828,train,2
9829,train,2
9830,train,0
9831,train,0
9832,train,0
9833,train,0
9834,train,0
9835,train,1
9836,train,1
9837,train,2
9838,train,0
9839,train,2
9840,train,0
9841,train,0
9842,train,2
9843,train,2
9844,train,1
9845,train,2
9846,train,1
9847,train,1
9848,train,2
9849,train,1
9850,train,0
9851,train,2
9852,train,2
9853,train,1
9854,train,0
9855,train,0
9856,train,0
9857,train,1
9858,train,1
9859,train,0
9860,train,0
9861,train,2
9862,train,0
9863,train,1
9864,train,0
9865,train,0
9866,train,0
9867,train,0
9868,train,0
9869,train,0
9870,train,1
9871,train,2
9872,train,1
9873,train,2
9874,train,1
9875,train,0
9876,train,0
9877,train,0
9878,train,0
9879,train,2
9880,train,1
9881,train,0
9882,train,1
9883,train,0
9884,train,0
9885,train,1
9886,train,1
9887,train,2
9888,train,1
9889,train,2
9890,train,0
9891,train,0
9892,train,1
9893,train,1
9894,train,1
9895,train,0
9896,train,0
9897,train,1
9898,train,0
9899,train,2
9900,train,1
9901,train,2
9902,train,0
9903,train,1
9904,train,0
9905,train,2
9906,train,2
9907,train,1
9908,train,2
9909,train,2
9910,train,1
9911,train,1
9912,train,1
9913,train,2
9914,train,2
9915,train,1
9916,train,1
9917,train,1
9918,train,0
9919,train,2
9920,train,2
9921,train,1
9922,train,1
9923,train,0
9924,train,1
9925,train,0
9926,train,1
9927,train,0
9928,train,1
9929,train,1
9930,train,0
9931,train,0
9932,train,0
9933,train,0
9934,train,0
9935,train,2
9936,train,0
9937,train,1
9938,train,1
9939,train,1
9940,train,1
9941,train,0
9942,train,1
9943,train,1
9944,train,2
9945,train,0
9946,train,1
9947,train,2
9948,train,0
9949,train,0
9950,train,1
9951,train,0
9952,train,2
9953,train,0
9954,train,1
9955,train,2
9956,train,0
9957,train,0
9958,train,1
9959,train,1
9960,train,2
9961,train,0
9962,train,1
9963,train,1
9964,train,2
9965,train,2
9966,train,1
9967,train,1
9968,train,2
9969,train,0
9970,train,2
9971,train,0
9972,train,2
9973,train,2
9974,train,0
9975,train,0
9976,train,2
9977,train,2
9978,train,2
9979,train,1
9980,train,0
9981,train,1
9982,train,0
9983,train,0
9984,train,0
9985,train,1
9986,train,0
9987,train,0
9988,train,1
9989,train,1
9990,train,0
9991,train,2
9992,train,1
9993,train,2
9994,train,1
9995,train,2
9996,train,1
9997,train,0
9998,train,1
9999,train,2
10000,train,1
10001,train,1
10002,train,0
10003,train,1
10004,train,0
10005,train,1
10006,train,0
10007,train,0
10008,train,0
10009,train,2
10010,train,0
10011,train,2
10012,train,0
10013,train,0
10014,train,0
10015,train,0
10016,train,2
10017,train,1
10018,train,2
10019,train,1
10020,train,2
10021,train,1
10022,train,2
10023,train,2
10024,train,2
10025,train,0
10026,train,2
10027,train,0
10028,train,1
10029,train,0
10030,train,1
10031,train,1
10032,train,1
10033,train,1
10034,train,0
10035,train,0
10036,train,1
10037,train,2
10038,train,0
10039,train,2
10040,train,2
10041,train,0
10042,train,1
10043,train,0
10044,train,1
10045,train,2
10046,train,0
10047,train,0
10048,train,0
10049,train,1
10050,train,1
10051,train,2
10052,train,1
10053,train,1
10054,train,2
10055,train,1
10056,train,0
10057,train,1
10058,train,2
10059,train,1
10060,train,2
10061,train,2
10062,train,0
10063,train,2
10064,train,2
10065,train,0
10066,train,2
10067,train,0
10068,train,0
10069,train,2
10070,train,0
10071,train,1
10072,train,0
10073,train,1
10074,train,1
10075,train,2
10076,train,1
10077,train,2
10078,train,0
10079,train,0
10080,train,1
10081,train,1
10082,train,2
10083,train,0
10084,train,1
10085,train,0
10086,train,2
10087,train,2
10088,train,0
10089,train,1
10090,train,0
10091,train,0
10092,train,0
10093,train,0
10094,train,2
10095,train,0
10096,train,0
10097,train,0
10098,train,0
10099,train,0
10100,train,1
10101,train,1
10102,train,0
10103,train,1
10104,train,2
10105,train,0
10106,train,0
10107,train,2
10108,train,1
10109,train,2
10110,train,0
10111,train,0
10112,train,1
10113,train,2
10114,train,0
10115,train,1
10116,train,0
10117,train,2
10118,train,0
10119,train,1
10120,train,1
10121,train,0
10122,train,1
10123,train,0
10124,train,1
10125,train,1
10126,train,0
10127,train,1
10128,train,1
10129,train,1
10130,train,1
10131,train,0
10132,train,2
10133,train,1
10134,train,0
10135,train,2
10136,train,2
10137,train,2
10138,train,0
10139,train,1
10140,train,1
10141,train,2
10142,train,0
10143,train,1
10144,train,0
10145,train,2
10146,train,0
10147,train,1
10148,train,1
10149,train,0
10150,train,1
10151,train,1
10152,train,1
10153,train,1
10154,train,1
10155,train,0
10156,train,0
10157,train,0
10158,train,0
10159,train,1
10160,train,0
10161,train,0
10162,train,0
10163,train,0
10164,train,0
10165,train,0
10166,train,1
10167,train,0
10168,train,2
10169,train,1
10170,train,1
10171,train,2
10172,train,2
10173,train,1
10174,train,2
10175,train,0
10176,train,1
10177,train,2
10178,train,0
10179,train,1
10180,train,1
10181,train,0
10182,train,1
10183,train,1
10184,train,1
10185,train,1
10186,train,1
10187,train,0
10188,train,0
10189,train,1
10190,train,1
10191,train,0
10192,train,0
10193,train,2
10194,train,1
10195,train,1
10196,train,1
10197,train,1
10198,train,1
10199,train,0
10200,train,2
10201,train,0
10202,train,2
10203,train,1
10204,train,1
10205,train,2
10206,train,0
10207,train,0
10208,train,0
10209,train,1
10210,train,0
10211,train,0
10212,train,2
10213,train,2
10214,train,1
10215,train,1
10216,train,1
10217,train,1
10218,train,0
10219,train,2
10220,train,2
10221,train,0
10222,train,2
10223,train,2
10224,train,1
10225,train,0
10226,train,1
10227,train,2
10228,train,2
10229,train,0
10230,train,0
10231,train,0
10232,train,0
10233,train,1
10234,train,1
10235,train,0
10236,train,1
10237,train,1
10238,train,0
10239,train,2
10240,train,0
10241,train,1
10242,train,1
10243,train,0
10244,train,0
10245,train,2
10246,train,0
10247,train,1
10248,train,1
10249,train,1
10250,train,2
10251,train,0
10252,train,2
10253,train,1
10254,train,0
10255,train,1
10256,train,0
10257,train,0
10258,train,1
10259,train,0
10260,train,0
10261,train,1
10262,train,1
10263,train,1
10264,train,2
10265,train,0
10266,train,1
10267,train,1
10268,train,0
10269,train,1
10270,train,0
10271,train,2
10272,train,2
10273,train,0
10274,train,2
10275,train,0
10276,train,1
10277,train,2
10278,train,0
10279,train,2
10280,train,1
10281,train,1
10282,train,2
10283,train,0
10284,train,1
10285,train,0
10286,train,1
10287,train,2
10288,train,0
10289,train,0
10290,train,1
10291,train,1
10292,train,0
10293,train,0
10294,train,1
10295,train,1
10296,train,2
10297,train,2
10298,train,0
10299,train,1
10300,train,1
10301,train,1
10302,train,1
10303,train,2
10304,train,1
10305,train,2
10306,train,2
10307,train,1
10308,train,0
10309,train,1
10310,train,1
10311,train,1
10312,train,0
10313,train,0
10314,train,2
10315,train,1
10316,train,2
10317,train,0
10318,train,0
10319,train,2
10320,train,2
10321,train,0
10322,train,1
10323,train,2
10324,train,0
10325,train,0
10326,train,2
10327,train,2
10328,train,0
10329,train,0
10330,train,1
10331,train,1
10332,train,1
10333,train,1
10334,train,1
10335,train,0
10336,train,1
10337,train,0
10338,train,1
10339,train,1
10340,train,0
10341,train,0
10342,train,2
10343,train,1
10344,train,1
10345,train,1
10346,train,1
10347,train,0
10348,train,1
10349,train,2
10350,train,0
10351,train,1
10352,train,0
10353,train,1
10354,train,1
10355,train,2
10356,train,1
10357,train,2
10358,train,0
10359,train,1
10360,train,1
10361,train,2
10362,train,1
10363,train,1
10364,train,0
10365,train,1
10366,train,0
10367,train,1
10368,train,1
10369,train,1
10370,train,2
10371,train,0
10372,train,1
10373,train,1
10374,train,0
10375,train,2
10376,train,0
10377,train,1
10378,train,2
10379,train,0
10380,train,0
10381,train,0
10382,train,1
10383,train,1
10384,train,1
10385,train,2
10386,train,0
10387,train,0
10388,train,0
10389,train,0
10390,train,1
10391,train,1
10392,train,0
10393,train,0
10394,train,0
10395,train,0
10396,train,2
10397,train,2
10398,train,1
10399,train,1
10400,train,1
10401,train,1
10402,train,1
10403,train,0
10404,train,0
10405,train,2
10406,train,0
10407,train,1
10408,train,0
10409,train,1
10410,train,0
10411,train,2
10412,train,0
10413,train,2
10414,train,1
10415,train,0
10416,train,0
10417,train,2
10418,train,1
10419,train,0
10420,train,1
10421,train,2
10422,train,0
10423,train,1
10424,train,1
10425,train,1
10426,train,0
10427,train,2
10428,train,0
10429,train,0
10430,train,0
10431,train,0
10432,train,1
10433,train,1
10434,train,2
10435,train,1
10436,train,1
10437,train,1
10438,train,2
10439,train,2
10440,train,0
10441,train,1
10442,train,0
10443,train,2
10444,train,2
10445,train,0
10446,train,0
10447,train,0
10448,train,1
10449,train,0
10450,train,1
10451,train,1
10452,train,2
10453,train,2
10454,train,2
10455,train,2
10456,train,2
10457,train,2
10458,train,0
10459,train,1
10460,train,1
10461,train,1
10462,train,0
10463,train,2
10464,train,0
10465,train,1
10466,train,1
10467,train,2
10468,train,1
10469,train,1
10470,train,0
10471,train,1
10472,train,0
10473,train,2
10474,train,2
10475,train,1
10476,train,1
10477,train,1
10478,train,2
10479,train,2
10480,train,1
10481,train,2
10482,train,0
10483,train,1
10484,train,0
10485,train,0
10486,train,0
10487,train,0
10488,train,0
10489,train,1
10490,train,0
10491,train,1
10492,train,0
10493,train,2
10494,train,1
10495,train,2
10496,train,1
10497,train,0
10498,train,2
10499,train,2
10500,train,2
10501,train,1
10502,train,1
10503,train,1
10504,train,1
10505,train,0
10506,train,1
10507,train,1
10508,train,1
10509,train,2
10510,train,1
10511,train,2
10512,train,2
10513,train,0
10514,train,1
10515,train,0
10516,train,2
10517,train,1
10518,train,1
10519,train,0
10520,train,0
10521,train,1
10522,train,1
10523,train,0
10524,train,0
10525,train,0
10526,train,2
10527,train,0
10528,train,1
10529,train,2
10530,train,1
10531,train,2
10532,train,0
10533,train,1
10534,train,0
10535,train,2
10536,train,2
10537,train,0
10538,train,1
10539,train,0
10540,train,2
10541,train,2
10542,train,1
10543,train,1
10544,train,0
10545,train,1
10546,train,0
10547,train,1
10548,train,2
10549,train,2
10550,train,2
10551,train,0
10552,train,2
10553,train,1
10554,train,0
10555,train,0
10556,train,1
10557,train,0
10558,train,1
10559,train,2
10560,train,1
10561,train,2
10562,train,1
10563,train,1
10564,train,0
10565,train,2
10566,train,0
10567,train,2
10568,train,1
10569,train,0
10570,train,0
10571,train,1
10572,train,2
10573,train,0
10574,train,2
10575,train,0
10576,train,2
10577,train,1
10578,train,1
10579,train,2
10580,train,0
10581,train,1
10582,train,1
10583,train,0
10584,train,0
10585,train,1
10586,train,0
10587,train,0
10588,train,1
10589,train,1
10590,train,0
10591,train,0
10592,train,2
10593,train,1
10594,train,1
10595,train,2
10596,train,2
10597,train,1
10598,train,0
10599,train,0
10600,train,1
10601,train,0
10602,train,0
10603,train,2
10604,train,1
10605,train,0
10606,train,1
10607,train,0
10608,train,1
10609,train,1
10610,train,0
10611,train,1
10612,train,2
10613,train,0
10614,train,1
10615,train,1
10616,train,2
10617,train,2
10618,train,2
10619,train,1
10620,train,0
10621,train,1
10622,train,0
10623,train,0
10624,train,2
10625,train,1
10626,train,0
10627,train,0
10628,train,1
10629,train,1
10630,train,1
10631,train,2
10632,train,1
10633,train,0
10634,train,2
10635,train,1
10636,train,1
10637,train,0
10638,train,1
10639,train,0
10640,train,1
10641,train,1
10642,train,0
10643,train,0
10644,train,2
10645,train,1
10646,train,1
10647,train,1
10648,train,1
10649,train,0
10650,train,2
10651,train,2
10652,train,1
10653,train,1
10654,train,2
10655,train,1
10656,train,2
10657,train,2
10658,train,0
10659,train,2
10660,train,0
10661,train,0
10662,train,1
10663,train,2
10664,train,1
10665,train,0
10666,train,0
10667,train,2
10668,train,0
10669,train,0
10670,train,1
10671,train,1
10672,train,1
10673,train,2
10674,train,2
10675,train,0
10676,train,1
10677,train,1
10678,train,0
10679,train,1
10680,train,0
10681,train,2
10682,train,0
10683,train,0
10684,train,1
10685,train,0
10686,train,0
10687,train,0
10688,train,1
10689,train,0
10690,train,1
10691,train,0
10692,train,1
10693,train,0
10694,train,0
10695,train,1
10696,train,2
10697,train,1
10698,train,1
10699,train,1
10700,train,1
10701,train,0
10702,train,1
10703,train,0
10704,train,1
10705,train,0
10706,train,0
10707,train,0
10708,train,0
10709,train,2
10710,train,0
10711,train,1
10712,train,2
10713,train,1
10714,train,1
10715,train,1
10716,train,2
10717,train,1
10718,train,0
10719,train,1
10720,train,0
10721,train,2
10722,train,2
10723,train,2
10724,train,1
10725,train,0
10726,train,0
10727,train,1
10728,train,1
10729,train,2
10730,train,0
10731,train,2
10732,train,2
10733,train,2
10734,train,1
10735,train,2
10736,train,0
10737,train,1
10738,train,1
10739,train,0
10740,train,2
10741,train,0
10742,train,2
10743,train,0
10744,train,0
10745,train,1
10746,train,0
10747,train,2
10748,train,0
10749,train,1
10750,train,2
10751,train,0
10752,train,0
10753,train,0
10754,train,1
10755,train,0
10756,train,1
10757,train,2
10758,train,0
10759,train,1
10760,train,1
10761,train,2
10762,train,0
10763,train,2
10764,train,0
10765,train,0
10766,train,1
10767,train,0
10768,train,2
10769,train,0
10770,train,2
10771,train,0
10772,train,1
10773,train,2
10774,train,0
10775,train,1
10776,train,1
10777,train,0
10778,train,2
10779,train,2
10780,train,0
10781,train,0
10782,train,1
10783,train,1
10784,train,0
10785,train,0
10786,train,1
10787,train,0
10788,train,0
10789,train,1
10790,train,0
10791,train,1
10792,train,0
10793,train,2
10794,train,0
10795,train,2
10796,train,0
10797,train,0
10798,train,1
10799,train,2
10800,train,2
10801,train,0
10802,train,0
10803,train,2
10804,train,1
10805,train,0
10806,train,2
10807,train,1
10808,train,0
10809,train,1
10810,train,1
10811,train,1
10812,train,0
10813,train,1
10814,train,1
10815,train,1
10816,train,0
10817,train,1
10818,train,2
10819,train,1
10820,train,2
10821,train,0
10822,train,0
10823,train,0
10824,train,1
10825,train,0
10826,train,2
10827,train,1
10828,train,0
10829,train,2
10830,train,1
10831,train,0
10832,train,0
10833,train,2
10834,train,0
10835,train,2
10836,train,2
10837,train,1
10838,train,1
10839,train,0
10840,train,0
10841,train,2
10842,train,1
10843,train,0
10844,train,2
10845,train,0
10846,train,2
10847,train,2
10848,train,2
10849,train,0
10850,train,1
10851,train,1
10852,train,0
10853,train,2
10854,train,2
10855,train,1
10856,train,1
10857,train,0
10858,train,0
10859,train,0
10860,train,0
10861,train,0
10862,train,0
10863,train,1
10864,train,1
10865,train,0
10866,train,2
10867,train,0
10868,train,0
10869,train,1
10870,train,1
10871,train,0
10872,train,0
10873,train,1
10874,train,2
10875,train,0
10876,train,0
10877,train,1
10878,train,0
10879,train,0
10880,train,0
10881,train,2
10882,train,2
10883,train,2
10884,train,1
10885,train,0
10886,train,2
10887,train,0
10888,train,1
10889,train,0
10890,train,0
10891,train,2
10892,train,1
10893,train,2
10894,train,2
10895,train,0
10896,train,2
10897,train,2
10898,train,1
10899,train,1
10900,train,0
10901,train,1
10902,train,0
10903,train,0
10904,train,2
10905,train,0
10906,train,0
10907,train,1
10908,train,1
10909,train,2
10910,train,0
10911,train,1
10912,train,1
10913,train,2
10914,train,1
10915,train,1
10916,train,0
10917,train,1
10918,train,0
10919,train,1
10920,train,1
10921,train,1
10922,train,0
10923,train,1
10924,train,2
10925,train,0
10926,train,0
10927,train,0
10928,train,1
10929,train,0
10930,train,0
10931,train,2
10932,train,0
10933,train,1
10934,train,2
10935,train,2
10936,train,2
10937,train,1
10938,train,0
10939,train,0
10940,train,0
10941,train,2
10942,train,1
10943,train,1
10944,train,2
10945,train,0
10946,train,0
10947,train,1
10948,train,0
10949,train,2
10950,train,0
10951,train,1
10952,train,0
10953,train,2
10954,train,0
10955,train,2
10956,train,2
10957,train,2
10958,train,1
10959,train,1
10960,train,1
10961,train,1
10962,train,1
10963,train,0
10964,train,2
10965,train,2
10966,train,1
10967,train,1
10968,train,0
10969,train,0
10970,train,1
10971,train,0
10972,train,1
10973,train,0
10974,train,1
10975,train,0
10976,train,1
10977,train,1
10978,train,1
10979,train,0
10980,train,0
10981,train,0
10982,train,1
10983,train,2
10984,train,0
10985,train,1
10986,train,2
10987,train,2
10988,train,2
10989,train,0
10990,train,2
10991,train,1
10992,train,1
10993,train,0
10994,train,0
10995,train,0
10996,train,1
10997,train,1
10998,train,1
10999,train,1
11000,train,0
11001,train,0
11002,train,2
11003,train,1
11004,train,0
11005,train,1
11006,train,2
11007,train,2
11008,train,1
11009,train,1
11010,train,0
11011,train,0
11012,train,0
11013,train,2
11014,train,2
11015,train,0
11016,train,0
11017,train,1
11018,train,2
11019,train,2
11020,train,2
11021,train,2
11022,train,0
11023,train,1
11024,train,0
11025,train,0
11026,train,1
11027,train,2
11028,train,2
11029,train,0
11030,train,2
11031,train,1
11032,train,2
11033,train,2
11034,train,0
11035,train,1
11036,train,1
11037,train,1
11038,train,0
11039,train,1
11040,train,0
11041,train,2
11042,train,2
11043,train,0
11044,train,2
11045,train,0
11046,train,1
11047,train,2
11048,train,2
11049,train,1
11050,train,0
11051,train,2
11052,train,0
11053,train,1
11054,train,1
11055,train,0
11056,train,0
11057,train,0
11058,train,2
11059,train,0
11060,train,1
11061,train,2
11062,train,0
11063,train,2
11064,train,0
11065,train,2
11066,train,2
11067,train,1
11068,train,1
11069,train,1
11070,train,2
11071,train,2
11072,train,0
11073,train,2
11074,train,0
11075,train,2
11076,train,2
11077,train,0
11078,train,1
11079,train,2
11080,train,1
11081,train,0
11082,train,0
11083,train,0
11084,train,1
11085,train,0
11086,train,2
11087,train,1
11088,train,1
11089,train,2
11090,train,1
11091,train,2
11092,train,1
11093,train,2
11094,train,1
11095,train,1
11096,train,1
11097,train,0
11098,train,0
11099,train,2
11100,train,0
11101,train,2
11102,train,1
11103,train,2
11104,train,1
11105,train,0
11106,train,1
11107,train,2
11108,train,0
11109,train,0
11110,train,2
11111,train,1
11112,train,2
11113,train,2
11114,train,1
11115,train,0
11116,train,0
11117,train,0
11118,train,1
11119,train,2
11120,train,1
11121,train,0
11122,train,2
11123,train,0
11124,train,1
11125,train,2
11126,train,1
11127,train,0
11128,train,0
11129,train,1
11130,train,1
11131,train,0
11132,train,1
11133,train,0
11134,train,2
11135,train,1
11136,train,1
11137,train,2
11138,train,1
11139,train,1
11140,train,1
11141,train,1
11142,train,0
11143,train,0
11144,train,0
11145,train,0
11146,train,0
11147,train,1
11148,train,0
11149,train,0
11150,train,1
11151,train,1
11152,train,2
11153,train,2
11154,train,1
11155,train,1
11156,train,1
11157,train,1
11158,train,1
11159,train,1
11160,train,2
11161,train,0
11162,train,1
11163,train,2
11164,train,1
11165,train,0
11166,train,2
11167,train,2
11168,train,1
11169,train,0
11170,train,2
11171,train,2
11172,train,2
11173,train,2
11174,train,0
11175,train,2
11176,train,0
11177,train,0
11178,train,1
11179,train,1
11180,train,0
11181,train,2
11182,train,2
11183,train,0
11184,train,0
11185,train,1
11186,train,0
11187,train,2
11188,train,2
11189,train,0
11190,train,0
11191,train,1
11192,train,1
11193,train,0
11194,train,1
11195,train,0
11196,train,0
11197,train,1
11198,train,0
11199,train,1
11200,train,0
11201,train,1
11202,train,2
11203,train,1
11204,train,0
11205,train,1
11206,train,1
11207,train,1
11208,train,2
11209,train,1
11210,train,0
11211,train,1
11212,train,2
11213,train,2
11214,train,1
11215,train,2
11216,train,2
11217,train,1
11218,train,2
11219,train,1
11220,train,0
11221,train,0
11222,train,1
11223,train,2
11224,train,0
11225,train,1
11226,train,1
11227,train,2
11228,train,0
11229,train,2
11230,train,1
11231,train,0
11232,train,2
11233,train,2
11234,train,2
11235,train,0
11236,train,1
11237,train,1
11238,train,2
11239,train,0
11240,train,1
11241,train,2
11242,train,1
11243,train,0
11244,train,0
11245,train,2
11246,train,2
11247,train,0
11248,train,1
11249,train,0
11250,train,0
11251,train,1
11252,train,2
11253,train,0
11254,train,1
11255,train,1
11256,train,1
11257,train,2
11258,train,1
11259,train,0
11260,train,1
11261,train,0
11262,train,0
11263,train,2
11264,train,2
11265,train,1
11266,train,1
11267,train,0
11268,train,0
11269,train,1
11270,train,1
11271,train,2
11272,train,1
11273,train,0
11274,train,2
11275,train,0
11276,train,0
11277,train,0
11278,train,1
11279,train,1
11280,train,0
11281,train,1
11282,train,0
11283,train,0
11284,train,0
11285,train,1
11286,train,0
11287,train,2
11288,train,0
11289,train,2
11290,train,1
11291,train,0
11292,train,1
11293,train,2
11294,train,2
11295,train,0
11296,train,1
11297,train,0
11298,train,2
11299,train,2
11300,train,2
11301,train,1
11302,train,2
11303,train,0
11304,train,0
11305,train,0
11306,train,0
11307,train,0
11308,train,2
11309,train,1
11310,train,1
11311,train,2
11312,train,0
11313,train,2
11314,train,1
11315,train,0
11316,train,0
11317,train,0
11318,train,1
11319,train,2
11320,train,2
11321,train,0
11322,train,0
11323,train,0
11324,train,0
11325,train,0
11326,train,2
11327,train,2
11328,train,1
11329,train,1
11330,train,0
11331,train,0
11332,train,1
11333,train,0
11334,train,2
11335,train,1
11336,train,1
11337,train,0
11338,train,1
11339,train,2
11340,train,2
11341,train,0
11342,train,2
11343,train,2
11344,train,1
11345,train,0
11346,train,1
11347,train,0
11348,train,2
11349,train,1
11350,train,0
11351,train,0
11352,train,2
11353,train,1
11354,train,2
11355,train,0
11356,train,2
11357,train,1
11358,train,1
11359,train,0
11360,train,2
11361,train,0
11362,train,1
11363,train,2
11364,train,2
11365,train,2
11366,train,2
11367,train,1
11368,train,2
11369,train,0
11370,train,2
11371,train,2
11372,train,1
11373,train,1
11374,train,2
11375,train,2
11376,train,2
11377,train,2
11378,train,0
11379,train,2
11380,train,0
11381,train,2
11382,train,1
11383,train,2
11384,train,0
11385,train,0
11386,train,2
11387,train,1
11388,train,0
11389,train,1
11390,train,0
11391,train,1
11392,train,0
11393,train,1
11394,train,2
11395,train,1
11396,train,1
11397,train,0
11398,train,1
11399,train,0
11400,train,1
11401,train,1
11402,train,1
11403,train,2
11404,train,1
11405,train,0
11406,train,1
11407,train,0
11408,train,1
11409,train,0
11410,train,0
11411,train,0
11412,train,0
11413,train,2
11414,train,2
11415,train,1
11416,train,0
11417,train,1
11418,train,2
11419,train,2
11420,train,0
11421,train,1
11422,train,0
11423,train,1
11424,train,2
11425,train,1
11426,train,0
11427,train,0
11428,train,0
11429,train,0
11430,train,2
11431,train,1
11432,train,2
11433,train,0
11434,train,1
11435,train,1
11436,train,1
11437,train,0
11438,train,1
11439,train,1
11440,train,1
11441,train,2
11442,train,1
11443,train,1
11444,train,2
11445,train,0
11446,train,1
11447,train,2
11448,train,0
11449,train,0
11450,train,2
11451,train,1
11452,train,2
11453,train,1
11454,train,1
11455,train,0
11456,train,1
11457,train,1
11458,train,0
11459,train,2
11460,train,1
11461,train,1
11462,train,2
11463,train,0
11464,train,1
11465,train,0
11466,train,1
11467,train,0
11468,train,0
11469,train,2
11470,train,1
11471,train,2
11472,train,0
11473,train,1
11474,train,0
11475,train,0
11476,train,2
11477,train,2
11478,train,0
11479,train,2
11480,train,1
11481,train,2
11482,train,1
11483,train,0
11484,train,0
11485,train,0
11486,train,0
11487,train,1
11488,train,1
11489,train,0
11490,train,1
11491,train,2
11492,train,0
11493,train,1
11494,train,0
11495,train,0
11496,train,1
11497,train,2
11498,train,2
11499,train,0
11500,train,0
11501,train,1
11502,train,2
11503,train,1
11504,train,0
11505,train,1
11506,train,0
11507,train,1
11508,train,1
11509,train,1
11510,train,1
11511,train,1
11512,train,1
11513,train,2
11514,train,0
11515,train,0
11516,train,0
11517,train,0
11518,train,0
11519,train,1
11520,train,1
11521,train,1
11522,train,0
11523,train,0
11524,train,0
11525,train,2
11526,train,1
11527,train,0
11528,train,0
11529,train,2
11530,train,1
11531,train,1
11532,train,0
11533,train,1
11534,train,0
11535,train,0
11536,train,2
11537,train,0
11538,train,0
11539,train,0
11540,train,1
11541,train,0
11542,train,0
11543,train,1
11544,train,0
11545,train,2
11546,train,0
11547,train,0
11548,train,0
11549,train,2
11550,train,2
11551,train,1
11552,train,1
11553,train,0
11554,train,0
11555,train,0
11556,train,1
11557,train,0
11558,train,2
11559,train,2
11560,train,1
11561,train,0
11562,train,0
11563,train,2
11564,train,2
11565,train,0
11566,train,0
11567,train,0
11568,train,0
11569,train,0
11570,train,2
11571,train,0
11572,train,2
11573,train,1
11574,train,1
11575,train,0
11576,train,1
11577,train,2
11578,train,1
11579,train,1
11580,train,0
11581,train,0
11582,train,1
11583,train,2
11584,train,2
11585,train,0
11586,train,0
11587,train,1
11588,train,0
11589,train,2
11590,train,2
11591,train,1
11592,train,0
11593,train,1
11594,train,1
11595,train,0
11596,train,2
11597,train,1
11598,train,0
11599,train,0
11600,train,2
11601,train,1
11602,train,1
11603,train,0
11604,train,0
11605,train,0
11606,train,2
11607,train,1
11608,train,0
11609,train,2
11610,train,0
11611,train,0
11612,train,0
11613,train,2
11614,train,2
11615,train,2
11616,train,1
11617,train,1
11618,train,0
11619,train,2
11620,train,2
11621,train,1
11622,train,2
11623,train,2
11624,train,1
11625,train,1
11626,train,0
11627,train,1
11628,train,2
11629,train,0
11630,train,1
11631,train,2
11632,train,2
11633,train,2
11634,train,2
11635,train,1
11636,train,1
11637,train,1
11638,train,1
11639,train,2
11640,train,2
11641,train,0
11642,train,0
11643,train,0
11644,train,1
11645,train,1
11646,train,2
11647,train,0
11648,train,2
11649,train,0
11650,train,0
11651,train,0
11652,train,0
11653,train,2
11654,train,0
11655,train,0
11656,train,0
11657,train,0
11658,train,0
11659,train,0
11660,train,0
11661,train,1
11662,train,1
11663,train,2
11664,train,0
11665,train,2
11666,train,0
11667,train,1
11668,train,1
11669,train,1
11670,train,1
11671,train,2
11672,train,2
11673,train,1
11674,train,2
11675,train,0
11676,train,0
11677,train,2
11678,train,1
11679,train,2
11680,train,1
11681,train,1
11682,train,0
11683,train,2
11684,train,1
11685,train,2
11686,train,1
11687,train,1
11688,train,1
11689,train,2
11690,train,1
11691,train,0
11692,train,0
11693,train,0
11694,train,2
11695,train,1
11696,train,0
11697,train,0
11698,train,1
11699,train,2
11700,train,0
11701,train,1
11702,train,2
11703,train,1
11704,train,1
11705,train,0
11706,train,2
11707,train,0
11708,train,1
11709,train,0
11710,train,0
11711,train,0
11712,train,0
11713,train,2
11714,train,1
11715,train,0
11716,train,1
11717,train,0
11718,train,0
11719,train,0
11720,train,1
11721,train,1
11722,train,0
11723,train,0
11724,train,0
11725,train,2
11726,train,2
11727,train,1
11728,train,1
11729,train,1
11730,train,0
11731,train,2
11732,train,1
11733,train,0
11734,train,2
11735,train,0
11736,train,1
11737,train,0
11738,train,1
11739,train,1
11740,train,2
11741,train,0
11742,train,2
11743,train,2
11744,train,1
11745,train,0
11746,train,0
11747,train,0
11748,train,2
11749,train,1
11750,train,0
11751,train,0
11752,train,2
11753,train,0
11754,train,1
11755,train,0
11756,train,0
11757,train,0
11758,train,1
11759,train,0
11760,train,2
11761,train,0
11762,train,1
11763,train,1
11764,train,2
11765,train,2
11766,train,0
11767,train,1
11768,train,1
11769,train,1
11770,train,2
11771,train,0
11772,train,2
11773,train,2
11774,train,1
11775,train,2
11776,train,0
11777,train,2
11778,train,2
11779,train,1
11780,train,2
11781,train,1
11782,train,1
11783,train,0
11784,train,2
11785,train,0
11786,train,2
11787,train,1
11788,train,1
11789,train,0
11790,train,1
11791,train,2
11792,train,2
11793,train,1
11794,train,0
11795,train,1
11796,train,1
11797,train,1
11798,train,2
11799,train,1
11800,train,2
11801,train,0
11802,train,1
11803,train,1
11804,train,0
11805,train,0
11806,train,0
11807,train,0
11808,train,2
11809,train,1
11810,train,0
11811,train,2
11812,train,2
11813,train,1
11814,train,0
11815,train,0
11816,train,1
11817,train,1
11818,train,2
11819,train,2
11820,train,1
11821,train,0
11822,train,1
11823,train,0
11824,train,0
11825,train,0
11826,train,0
11827,train,0
11828,train,1
11829,train,1
11830,train,1
11831,train,1
11832,train,2
11833,train,2
11834,train,1
11835,train,1
11836,train,0
11837,train,1
11838,train,0
11839,train,2
11840,train,2
11841,train,0
11842,train,1
11843,train,0
11844,train,1
11845,train,1
11846,train,1
11847,train,2
11848,train,1
11849,train,0
11850,train,0
11851,train,1
11852,train,1
11853,train,1
11854,train,1
11855,train,1
11856,train,2
11857,train,0
11858,train,2
11859,train,2
11860,train,1
11861,train,2
11862,train,1
11863,train,2
11864,train,0
11865,train,0
11866,train,0
11867,train,2
11868,train,0
11869,train,1
11870,train,0
11871,train,2
11872,train,0
11873,train,1
11874,train,0
11875,train,2
11876,train,1
11877,train,0
11878,train,2
11879,train,2
11880,train,1
11881,train,0
11882,train,2
11883,train,0
11884,train,1
11885,train,0
11886,train,2
11887,train,2
11888,train,0
11889,train,2
11890,train,1
11891,train,0
11892,train,1
11893,train,1
11894,train,2
11895,train,1
11896,train,1
11897,train,0
11898,train,0
11899,train,0
11900,train,1
11901,train,1
11902,train,2
11903,train,0
11904,train,2
11905,train,2
11906,train,0
11907,train,2
11908,train,2
11909,train,0
11910,train,2
11911,train,0
11912,train,2
11913,train,0
11914,train,2
11915,train,0
11916,train,2
11917,train,0
11918,train,0
11919,train,0
11920,train,2
11921,train,1
11922,train,2
11923,train,2
11924,train,1
11925,train,1
11926,train,2
11927,train,1
11928,train,1
11929,train,0
11930,train,1
11931,train,0
11932,train,0
11933,train,0
11934,train,1
11935,train,1
11936,train,0
11937,train,0
11938,train,0
11939,train,2
11940,train,2
11941,train,2
11942,train,0
11943,train,0
11944,train,2
11945,train,0
11946,train,0
11947,train,0
11948,train,2
11949,train,0
11950,train,2
11951,train,1
11952,train,1
11953,train,1
11954,train,2
11955,train,2
11956,train,0
11957,train,1
11958,train,1
11959,train,2
11960,train,0
11961,train,0
11962,train,2
11963,train,0
11964,train,0
11965,train,0
11966,train,0
11967,train,2
11968,train,1
11969,train,1
11970,train,1
11971,train,0
11972,train,0
11973,train,0
11974,train,0
11975,train,1
11976,train,2
11977,train,0
11978,train,1
11979,train,0
11980,train,0
11981,train,1
11982,train,1
11983,train,2
11984,train,0
11985,train,1
11986,train,2
11987,train,1
11988,train,2
11989,train,2
11990,train,1
11991,train,1
11992,train,0
11993,train,0
11994,train,1
11995,train,0
11996,train,1
11997,train,0
11998,train,0
11999,train,2
12000,train,2
12001,train,0
12002,train,2
12003,train,2
12004,train,2
12005,train,1
12006,train,2
12007,train,2
12008,train,0
12009,train,2
12010,train,1
12011,train,2
12012,train,0
12013,train,2
12014,train,1
12015,train,1
12016,train,1
12017,train,2
12018,train,1
12019,train,1
12020,train,0
12021,train,0
12022,train,2
12023,train,2
12024,train,0
12025,train,1
12026,train,1
12027,train,0
12028,train,1
12029,train,0
12030,train,2
12031,train,0
12032,train,2
12033,train,2
12034,train,2
12035,train,0
12036,train,2
12037,train,1
12038,train,0
12039,train,2
12040,train,2
12041,train,0
12042,train,2
12043,train,0
12044,train,0
12045,train,1
12046,train,1
12047,train,2
12048,train,1
12049,train,0
12050,train,2
12051,train,1
12052,train,0
12053,train,2
12054,train,0
12055,train,1
12056,train,1
12057,train,2
12058,train,1
12059,train,1
12060,train,0
12061,train,2
12062,train,2
12063,train,0
12064,train,0
12065,train,1
12066,train,0
12067,train,2
12068,train,0
12069,train,2
12070,train,2
12071,train,2
12072,train,1
12073,train,0
12074,train,1
12075,train,2
12076,train,0
12077,train,2
12078,train,0
12079,train,2
12080,train,2
12081,train,0
12082,train,0
12083,train,2
12084,train,0
12085,train,2
12086,train,0
12087,train,2
12088,train,1
12089,train,2
12090,train,2
12091,train,1
12092,train,2
12093,train,2
12094,train,2
12095,train,1
12096,train,0
12097,train,0
12098,train,1
12099,train,1
12100,train,2
12101,train,2
12102,train,0
12103,train,2
12104,train,1
12105,train,1
12106,train,1
12107,train,0
12108,train,2
12109,train,2
12110,train,1
12111,train,1
12112,train,0
12113,train,1
12114,train,0
12115,train,0
12116,train,1
12117,train,0
12118,train,0
12119,train,0
12120,train,0
12121,train,2
12122,train,2
12123,train,1
12124,train,1
12125,train,2
12126,train,0
12127,train,2
12128,train,2
12129,train,2
12130,train,2
12131,train,1
12132,train,1
12133,train,1
12134,train,2
12135,train,2
12136,train,0
12137,train,2
12138,train,0
12139,train,0
12140,train,2
12141,train,0
12142,train,2
12143,train,0
12144,train,1
12145,train,0
12146,train,0
12147,train,0
12148,train,1
12149,train,2
12150,train,1
12151,train,2
12152,train,2
12153,train,2
12154,train,0
12155,train,1
12156,train,2
12157,train,2
12158,train,1
12159,train,0
12160,train,0
12161,train,0
12162,train,1
12163,train,0
12164,train,0
12165,train,0
12166,train,1
12167,train,1
12168,train,0
12169,train,0
12170,train,0
12171,train,0
12172,train,0
12173,train,1
12174,train,1
12175,train,0
12176,train,1
12177,train,1
12178,train,0
12179,train,2
12180,train,0
12181,train,2
12182,train,0
12183,train,1
12184,train,1
12185,train,2
12186,train,2
12187,train,1
12188,train,1
12189,train,0
12190,train,1
12191,train,1
12192,train,0
12193,train,2
12194,train,1
12195,train,1
12196,train,2
12197,train,0
12198,train,0
12199,train,0
12200,train,2
12201,train,1
12202,train,0
12203,train,1
12204,train,0
12205,train,2
12206,train,0
12207,train,1
12208,train,2
12209,train,1
12210,train,2
12211,train,1
12212,train,0
12213,train,2
12214,train,1
12215,train,2
12216,train,0
12217,train,0
12218,train,2
12219,train,1
12220,train,1
12221,train,1
12222,train,0
12223,train,0
12224,train,0
12225,train,1
12226,train,0
12227,train,2
12228,train,1
12229,train,0
12230,train,2
12231,train,2
12232,train,2
12233,train,2
12234,train,1
12235,train,0
12236,train,1
12237,train,0
12238,train,1
12239,train,1
12240,train,0
12241,train,1
12242,train,0
12243,train,0
12244,train,1
12245,train,0
12246,train,1
12247,train,0
12248,train,1
12249,train,2
12250,train,1
12251,train,1
12252,train,1
12253,train,2
12254,train,1
12255,train,0
12256,train,1
12257,train,1
12258,train,0
12259,train,0
12260,train,0
12261,train,1
12262,train,2
12263,train,0
12264,train,0
12265,train,2
12266,train,0
12267,train,2
12268,train,2
12269,train,1
12270,train,1
12271,train,0
12272,train,2
12273,train,1
12274,train,2
12275,train,0
12276,train,0
12277,train,0
12278,train,1
12279,train,2
12280,train,1
12281,train,1
12282,train,2
12283,train,2
12284,train,0
12285,train,0
12286,train,1
12287,train,1
12288,train,1
12289,train,0
12290,train,0
12291,train,0
12292,train,0
12293,train,0
12294,train,1
12295,train,2
12296,train,0
12297,train,2
12298,train,0
12299,train,1
12300,train,0
12301,train,2
12302,train,0
12303,train,2
12304,train,2
12305,train,2
12306,train,1
12307,train,1
12308,train,1
12309,train,1
12310,train,1
12311,train,2
12312,train,0
12313,train,0
12314,train,0
12315,train,0
12316,train,1
12317,train,0
12318,train,0
12319,train,2
12320,train,0
12321,train,2
12322,train,1
12323,train,0
12324,train,2
12325,train,0
12326,train,1
12327,train,0
12328,train,2
12329,train,2
12330,train,0
12331,train,0
12332,train,0
12333,train,2
12334,train,0
12335,train,2
12336,train,1
12337,train,2
12338,train,1
12339,train,1
12340,train,2
12341,train,1
12342,train,2
12343,train,0
12344,train,2
12345,train,0
12346,train,2
12347,train,2
12348,train,2
12349,train,0
12350,train,0
12351,train,0
12352,train,2
12353,train,0
12354,train,2
12355,train,0
12356,train,2
12357,train,2
12358,train,1
12359,train,0
12360,train,0
12361,train,2
12362,train,1
12363,train,2
12364,train,1
12365,train,0
12366,train,1
12367,train,1
12368,train,0
12369,train,0
12370,train,1
12371,train,0
12372,train,0
12373,train,2
12374,train,0
12375,train,2
12376,train,2
12377,train,2
12378,train,1
12379,train,1
12380,train,1
12381,train,1
12382,train,2
12383,train,1
12384,train,1
12385,train,0
12386,train,1
12387,train,1
12388,train,0
12389,train,1
12390,train,0
12391,train,0
12392,train,0
12393,train,1
12394,train,0
12395,train,1
12396,train,0
12397,train,2
12398,train,0
12399,train,1
12400,train,1
12401,train,2
12402,train,1
12403,train,0
12404,train,0
12405,train,1
12406,train,1
12407,train,2
12408,train,0
12409,train,0
12410,train,0
12411,train,1
12412,train,0
12413,train,0
12414,train,1
12415,train,2
12416,train,0
12417,train,1
12418,train,2
12419,train,0
12420,train,0
12421,train,0
12422,train,0
12423,train,2
12424,train,2
12425,train,2
12426,train,0
12427,train,2
12428,train,1
12429,train,1
12430,train,0
12431,train,0
12432,train,2
12433,train,1
12434,train,2
12435,train,2
12436,train,1
12437,train,1
12438,train,2
12439,train,2
12440,train,2
12441,train,2
12442,train,1
12443,train,0
12444,train,2
12445,train,1
12446,train,2
12447,train,2
12448,train,0
12449,train,2
12450,train,2
12451,train,1
12452,train,1
12453,train,1
12454,train,2
12455,train,2
12456,train,1
12457,train,0
12458,train,2
12459,train,2
12460,train,2
12461,train,1
12462,train,2
12463,train,0
12464,train,1
12465,train,2
12466,train,2
12467,train,1
12468,train,1
12469,train,2
12470,train,1
12471,train,0
12472,train,0
12473,train,0
12474,train,2
12475,train,0
12476,train,2
12477,train,0
12478,train,0
12479,train,1
12480,train,1
12481,train,2
12482,train,2
12483,train,0
12484,train,1
12485,train,2
12486,train,2
12487,train,1
12488,train,2
12489,train,0
12490,train,0
12491,train,0
12492,train,1
12493,train,1
12494,train,1
12495,train,1
12496,train,2
12497,train,2
12498,train,2
12499,train,2
12500,train,2
12501,train,2
12502,train,2
12503,train,2
12504,train,1
12505,train,1
12506,train,1
12507,train,1
12508,train,1
12509,train,2
12510,train,0
12511,train,1
12512,train,0
12513,train,0
12514,train,0
12515,train,2
12516,train,2
12517,train,1
12518,train,1
12519,train,2
12520,train,2
12521,train,2
12522,train,0
12523,train,2
12524,train,1
12525,train,1
12526,train,2
12527,train,2
12528,train,0
12529,train,0
12530,train,2
12531,train,2
12532,train,2
12533,train,1
12534,train,0
12535,train,0
12536,train,1
12537,train,0
12538,train,0
12539,train,2
12540,train,1
12541,train,2
12542,train,0
12543,train,0
12544,train,1
12545,train,1
12546,train,1
12547,train,2
12548,train,0
12549,train,0
12550,train,2
12551,train,0
12552,train,0
12553,train,0
12554,train,0
12555,train,1
12556,train,1
12557,train,1
12558,train,0
12559,train,2
12560,train,2
12561,train,0
12562,train,1
12563,train,1
12564,train,1
12565,train,1
12566,train,1
12567,train,0
12568,train,1
12569,train,1
12570,train,1
12571,train,1
12572,train,2
12573,train,0
12574,train,1
12575,train,2
12576,train,1
12577,train,2
12578,train,0
12579,train,2
12580,train,1
12581,train,1
12582,train,1
12583,train,1
12584,train,1
12585,train,1
12586,train,2
12587,train,1
12588,train,0
12589,train,1
12590,train,0
12591,train,0
12592,train,0
12593,train,1
12594,train,1
12595,train,0
12596,train,2
12597,train,0
12598,train,0
12599,train,2
12600,train,1
12601,train,0
12602,train,0
12603,train,1
12604,train,2
12605,train,1
12606,train,1
12607,train,2
12608,train,1
12609,train,1
12610,train,0
12611,train,0
12612,train,0
12613,train,0
12614,train,0
12615,train,2
12616,train,0
12617,train,2
12618,train,0
12619,train,0
12620,train,0
12621,train,2
12622,train,0
12623,train,1
12624,train,2
12625,train,0
12626,train,0
12627,train,1
12628,train,1
12629,train,0
12630,train,0
12631,train,1
12632,train,0
12633,train,1
12634,train,2
12635,train,2
12636,train,1
12637,train,1
12638,train,0
12639,train,0
12640,train,1
12641,train,0
12642,train,2
12643,train,1
12644,train,2
12645,train,0
12646,train,1
12647,train,1
12648,train,1
12649,train,0
12650,train,0
12651,train,1
12652,train,1
12653,train,2
12654,train,0
12655,train,1
12656,train,2
12657,train,0
12658,train,1
12659,train,0
12660,train,1
12661,train,1
12662,train,0
12663,train,0
12664,train,2
12665,train,2
12666,train,1
12667,train,0
12668,train,2
12669,train,0
12670,train,0
12671,train,0
12672,train,0
12673,train,0
12674,train,0
12675,train,0
12676,train,0
12677,train,2
12678,train,1
12679,train,2
12680,train,2
12681,train,0
12682,train,0
12683,train,0
12684,train,2
12685,train,0
12686,train,1
12687,train,0
12688,train,2
12689,train,2
12690,train,0
12691,train,0
12692,train,1
12693,train,1
12694,train,0
12695,train,2
12696,train,2
12697,train,0
12698,train,0
12699,train,1
12700,train,0
12701,train,0
12702,train,1
12703,train,0
12704,train,0
12705,train,0
12706,train,1
12707,train,0
12708,train,0
12709,train,0
12710,train,1
12711,train,2
12712,train,0
12713,train,0
12714,train,0
12715,train,1
12716,train,1
12717,train,1
12718,train,2
12719,train,0
12720,train,0
12721,train,1
12722,train,1
12723,train,1
12724,train,1
12725,train,1
12726,train,1
12727,train,0
12728,train,1
12729,train,0
12730,train,1
12731,train,1
12732,train,1
12733,train,0
12734,train,0
12735,train,1
12736,train,1
12737,train,0
12738,train,1
12739,train,0
12740,train,2
12741,train,0
12742,train,1
12743,train,0
12744,train,2
12745,train,1
12746,train,1
12747,train,1
12748,train,1
12749,train,2
12750,train,2
12751,train,2
12752,train,2
12753,train,1
12754,train,1
12755,train,1
12756,train,2
12757,train,0
12758,train,2
12759,train,0
12760,train,2
12761,train,2
12762,train,1
12763,train,1
12764,train,1
12765,train,2
12766,train,1
12767,train,2
12768,train,0
12769,train,0
12770,train,2
12771,train,0
12772,train,0
12773,train,1
12774,train,2
12775,train,0
12776,train,2
12777,train,1
12778,train,1
12779,train,0
12780,train,0
12781,train,1
12782,train,0
12783,train,2
12784,train,2
12785,train,2
12786,train,0
12787,train,2
12788,train,2
12789,train,2
12790,train,2
12791,train,2
12792,train,0
12793,train,1
12794,train,0
12795,train,1
12796,train,0
12797,train,0
12798,train,2
12799,train,0
12800,train,0
12801,train,2
12802,train,2
12803,train,0
12804,train,1
12805,train,2
12806,train,2
12807,train,2
12808,train,0
12809,train,2
12810,train,0
12811,train,0
12812,train,0
12813,train,1
12814,train,1
12815,train,0
12816,train,0
12817,train,2
12818,train,0
12819,train,1
12820,train,2
12821,train,1
12822,train,0
12823,train,1
12824,train,2
12825,train,0
12826,train,0
12827,train,1
12828,train,0
12829,train,1
12830,train,1
12831,train,2
12832,train,1
12833,train,0
12834,train,0
12835,train,0
12836,train,0
12837,train,1
12838,train,0
12839,train,2
12840,train,2
12841,train,0
12842,train,0
12843,train,0
12844,train,1
12845,train,0
12846,train,1
12847,train,1
12848,train,2
12849,train,1
12850,train,1
12851,train,1
12852,train,1
12853,train,1
12854,train,1
12855,train,0
12856,train,0
12857,train,2
12858,train,0
12859,train,1
12860,train,1
12861,train,0
12862,train,2
12863,train,1
12864,train,2
12865,train,2
12866,train,1
12867,train,1
12868,train,2
12869,train,2
12870,train,0
12871,train,1
12872,train,2
12873,train,0
12874,train,1
12875,train,0
12876,train,2
12877,train,2
12878,train,1
12879,train,1
12880,train,0
12881,train,1
12882,train,1
12883,train,1
12884,train,1
12885,train,2
12886,train,2
12887,train,0
12888,train,0
12889,train,2
12890,train,2
12891,train,2
12892,train,0
12893,train,1
12894,train,2
12895,train,1
12896,train,1
12897,train,2
12898,train,0
12899,train,1
12900,train,0
12901,train,1
12902,train,0
12903,train,1
12904,train,1
12905,train,1
12906,train,1
12907,train,1
12908,train,2
12909,train,1
12910,train,1
12911,train,0
12912,train,1
12913,train,0
12914,train,0
12915,train,1
12916,train,1
12917,train,0
12918,train,1
12919,train,0
12920,train,1
12921,train,0
12922,train,1
12923,train,0
12924,train,0
12925,train,2
12926,train,2
12927,train,0
12928,train,2
12929,train,1
12930,train,0
12931,train,0
12932,train,2
12933,train,0
12934,train,1
12935,train,0
12936,train,1
12937,train,1
12938,train,1
12939,train,1
12940,train,1
12941,train,0
12942,train,0
12943,train,2
12944,train,0
12945,train,2
12946,train,1
12947,train,1
12948,train,0
12949,train,1
12950,train,2
12951,train,0
12952,train,0
12953,train,0
12954,train,1
12955,train,0
12956,train,2
12957,train,2
12958,train,1
12959,train,1
12960,train,1
12961,train,0
12962,train,1
12963,train,1
12964,train,0
12965,train,2
12966,train,2
12967,train,1
12968,train,2
12969,train,1
12970,train,0
12971,train,1
12972,train,0
12973,train,0
12974,train,1
12975,train,1
12976,train,2
12977,train,0
12978,train,0
12979,train,2
12980,train,0
12981,train,0
12982,train,2
12983,train,2
12984,train,2
12985,train,1
12986,train,0
12987,train,0
12988,train,2
12989,train,2
12990,train,2
12991,train,1
12992,train,1
12993,train,1
12994,train,0
12995,train,0
12996,train,1
12997,train,0
12998,train,1
12999,train,1
13000,train,2
13001,train,0
13002,train,2
13003,train,1
13004,train,0
13005,train,1
13006,train,2
13007,train,0
13008,train,0
13009,train,0
13010,train,0
13011,train,2
13012,train,1
13013,train,1
13014,train,1
13015,train,0
13016,train,2
13017,train,2
13018,train,1
13019,train,2
13020,train,0
13021,train,1
13022,train,0
13023,train,0
13024,train,0
13025,train,0
13026,train,2
13027,train,0
13028,train,1
13029,train,0
13030,train,1
13031,train,2
13032,train,0
13033,train,0
13034,train,1
13035,train,2
13036,train,0
13037,train,2
13038,train,2
13039,train,1
13040,train,0
13041,train,0
13042,train,1
13043,train,0
13044,train,0
13045,train,0
13046,train,2
13047,train,1
13048,train,0
13049,train,0
13050,train,2
13051,train,1
13052,train,2
13053,train,1
13054,train,0
13055,train,0
13056,train,0
13057,train,1
13058,train,2
13059,train,0
13060,train,0
13061,train,2
13062,train,1
13063,train,2
13064,train,1
13065,train,1
13066,train,0
13067,train,0
13068,train,1
13069,train,1
13070,train,0
13071,train,0
13072,train,0
13073,train,2
13074,train,1
13075,train,1
13076,train,1
13077,train,0
13078,train,1
13079,train,0
13080,train,0
13081,train,0
13082,train,2
13083,train,2
13084,train,2
13085,train,1
13086,train,0
13087,train,1
13088,train,1
13089,train,1
13090,train,2
13091,train,0
13092,train,2
13093,train,2
13094,train,0
13095,train,2
13096,train,1
13097,train,1
13098,train,0
13099,train,0
13100,train,2
13101,train,1
13102,train,1
13103,train,0
13104,train,1
13105,train,0
13106,train,0
13107,train,2
13108,train,0
13109,train,2
13110,train,0
13111,train,2
13112,train,0
13113,train,0
13114,train,2
13115,train,1
13116,train,1
13117,train,0
13118,train,2
13119,train,0
13120,train,1
13121,train,1
13122,train,2
13123,train,0
13124,train,1
13125,train,0
13126,train,1
13127,train,0
13128,train,1
13129,train,1
13130,train,1
13131,train,1
13132,train,2
13133,train,0
13134,train,1
13135,train,0
13136,train,2
13137,train,0
13138,train,1
13139,train,2
13140,train,0
13141,train,2
13142,train,0
13143,train,0
13144,train,1
13145,train,2
13146,train,2
13147,train,2
13148,train,0
13149,train,1
13150,train,0
13151,train,0
13152,train,1
13153,train,0
13154,train,1
13155,train,2
13156,train,0
13157,train,1
13158,train,1
13159,train,2
13160,train,2
13161,train,0
13162,train,1
13163,train,1
13164,train,2
13165,train,0
13166,train,2
13167,train,0
13168,train,0
13169,train,2
13170,train,2
13171,train,0
13172,train,1
13173,train,0
13174,train,2
13175,train,2
13176,train,0
13177,train,0
13178,train,0
13179,train,1
13180,train,2
13181,train,1
13182,train,2
13183,train,1
13184,train,2
13185,train,0
13186,train,0
13187,train,1
13188,train,1
13189,train,1
13190,train,0
13191,train,2
13192,train,1
13193,train,1
13194,train,0
13195,train,2
13196,train,1
13197,train,1
13198,train,2
13199,train,1
13200,train,0
13201,train,1
13202,train,1
13203,train,2
13204,train,0
13205,train,1
13206,train,2
13207,train,1
13208,train,2
13209,train,0
13210,train,1
13211,train,1
13212,train,2
13213,train,1
13214,train,0
13215,train,2
13216,train,2
13217,train,2
13218,train,1
13219,train,1
13220,train,1
13221,train,0
13222,train,0
13223,train,2
13224,train,1
13225,train,0
13226,train,1
13227,train,1
13228,train,0
13229,train,1
13230,train,2
13231,train,1
13232,train,2
13233,train,0
13234,train,2
13235,train,0
13236,train,1
13237,train,1
13238,train,2
13239,train,1
13240,train,0
13241,train,2
13242,train,0
13243,train,2
13244,train,0
13245,train,2
13246,train,0
13247,train,0
13248,train,1
13249,train,1
13250,train,2
13251,train,2
13252,train,2
13253,train,2
13254,train,2
13255,train,2
13256,train,1
13257,train,1
13258,train,0
13259,train,1
13260,train,2
13261,train,0
13262,train,1
13263,train,2
13264,train,1
13265,train,1
13266,train,0
13267,train,2
13268,train,0
13269,train,0
13270,train,1
13271,train,1
13272,train,2
13273,train,0
13274,train,0
13275,train,0
13276,train,0
13277,train,1
13278,train,1
13279,train,0
13280,train,1
13281,train,0
13282,train,1
13283,train,2
13284,train,2
13285,train,0
13286,train,1
13287,train,1
13288,train,0
13289,train,2
13290,train,0
13291,train,1
13292,train,1
13293,train,1
13294,train,1
13295,train,1
13296,train,1
13297,train,0
13298,train,1
13299,train,1
13300,train,1
13301,train,2
13302,train,1
13303,train,1
13304,train,0
13305,train,1
13306,train,0
13307,train,2
13308,train,1
13309,train,0
13310,train,0
13311,train,0
13312,train,0
13313,train,1
13314,train,0
13315,train,1
13316,train,0
13317,train,1
13318,train,2
13319,train,2
13320,train,1
13321,train,2
13322,train,0
13323,train,1
13324,train,2
13325,train,0
13326,train,1
13327,train,2
13328,train,0
13329,train,1
13330,train,2
13331,train,1
13332,train,1
13333,train,2
13334,train,0
13335,train,2
13336,train,0
13337,train,1
13338,train,2
13339,train,1
13340,train,0
13341,train,2
13342,train,2
13343,train,0
13344,train,1
13345,train,1
13346,train,2
13347,train,0
13348,train,2
13349,train,2
13350,train,2
13351,train,2
13352,train,1
13353,train,2
13354,train,2
13355,train,0
13356,train,2
13357,train,0
13358,train,0
13359,train,2
13360,train,2
13361,train,0
13362,train,1
13363,train,0
13364,train,1
13365,train,1
13366,train,1
13367,train,1
13368,train,0
13369,train,1
13370,train,0
13371,train,0
13372,train,2
13373,train,0
13374,train,0
13375,train,2
13376,train,1
13377,train,2
13378,train,1
13379,train,1
13380,train,1
13381,train,1
13382,train,2
13383,train,1
13384,train,0
13385,train,0
13386,train,0
13387,train,1
13388,train,1
13389,train,1
13390,train,1
13391,train,0
13392,train,0
13393,train,2
13394,train,0
13395,train,1
13396,train,2
13397,train,2
13398,train,2
13399,train,0
13400,train,2
13401,train,1
13402,train,0
13403,train,0
13404,train,2
13405,train,0
13406,train,1
13407,train,1
13408,train,1
13409,train,1
13410,train,2
13411,train,2
13412,train,0
13413,train,2
13414,train,1
13415,train,2
13416,train,1
13417,train,0
13418,train,0
13419,train,1
13420,train,1
13421,train,2
13422,train,2
13423,train,0
13424,train,2
13425,train,0
13426,train,1
13427,train,0
13428,train,0
13429,train,1
13430,train,1
13431,train,0
13432,train,0
13433,train,1
13434,train,0
13435,train,1
13436,train,0
13437,train,1
13438,train,0
13439,train,1
13440,train,1
13441,train,0
13442,train,0
13443,train,0
13444,train,1
13445,train,1
13446,train,0
13447,train,0
13448,train,0
13449,train,1
13450,train,0
13451,train,2
13452,train,0
13453,train,1
13454,train,0
13455,train,2
13456,train,1
13457,train,1
13458,train,0
13459,train,0
13460,train,0
13461,train,1
13462,train,2
13463,train,1
13464,train,0
13465,train,0
13466,train,1
13467,train,2
13468,train,1
13469,train,1
13470,train,2
13471,train,0
13472,train,0
13473,train,0
13474,train,0
13475,train,2
13476,train,1
13477,train,1
13478,train,0
13479,train,1
13480,train,0
13481,train,0
13482,train,2
13483,train,2
13484,train,0
13485,train,0
13486,train,0
13487,train,2
13488,train,1
13489,train,2
13490,train,0
13491,train,0
13492,train,1
13493,train,0
13494,train,2
13495,train,2
13496,train,1
13497,train,0
13498,train,0
13499,train,2
13500,train,1
13501,train,1
13502,train,1
13503,train,0
13504,train,1
13505,train,2
13506,train,1
13507,train,0
13508,train,0
13509,train,2
13510,train,0
13511,train,0
13512,train,1
13513,train,1
13514,train,2
13515,train,1
13516,train,2
13517,train,0
13518,train,2
13519,train,0
13520,train,1
13521,train,2
13522,train,0
13523,train,1
13524,train,0
13525,train,0
13526,train,1
13527,train,2
13528,train,1
13529,train,1
13530,train,1
13531,train,0
13532,train,2
13533,train,2
13534,train,0
13535,train,0
13536,train,2
13537,train,1
13538,train,0
13539,train,0
13540,train,1
13541,train,1
13542,train,1
13543,train,0
13544,train,2
13545,train,1
13546,train,0
13547,train,1
13548,train,1
13549,train,1
13550,train,0
13551,train,0
13552,train,0
13553,train,2
13554,train,1
13555,train,1
13556,train,0
13557,train,2
13558,train,0
13559,train,2
13560,train,0
13561,train,2
13562,train,0
13563,train,0
13564,train,1
13565,train,1
13566,train,1
13567,train,2
13568,train,0
13569,train,1
13570,train,1
13571,train,0
13572,train,0
13573,train,1
13574,train,1
13575,train,1
13576,train,1
13577,train,0
13578,train,0
13579,train,1
13580,train,2
13581,train,2
13582,train,1
13583,train,1
13584,train,0
13585,train,1
13586,train,1
13587,train,0
13588,train,0
13589,train,2
13590,train,2
13591,train,1
13592,train,0
13593,train,0
13594,train,0
13595,train,2
13596,train,2
13597,train,0
13598,train,0
13599,train,1
13600,train,2
13601,train,2
13602,train,2
13603,train,0
13604,train,1
13605,train,1
13606,train,2
13607,train,1
13608,train,0
13609,train,2
13610,train,0
13611,train,2
13612,train,1
13613,train,1
13614,train,1
13615,train,1
13616,train,0
13617,train,1
13618,train,0
13619,train,2
13620,train,0
13621,train,0
13622,train,0
13623,train,0
13624,train,2
13625,train,1
13626,train,0
13627,train,0
13628,train,1
13629,train,0
13630,train,0
13631,train,0
13632,train,0
13633,train,1
13634,train,1
13635,train,2
13636,train,2
13637,train,0
13638,train,1
13639,train,0
13640,train,1
13641,train,2
13642,train,0
13643,train,1
13644,train,1
13645,train,1
13646,train,0
13647,train,0
13648,train,1
13649,train,0
13650,train,1
13651,train,0
13652,train,1
13653,train,0
13654,train,1
13655,train,0
13656,train,1
13657,train,2
13658,train,0
13659,train,2
13660,train,1
13661,train,1
13662,train,1
13663,train,1
13664,train,1
13665,train,2
13666,train,1
13667,train,0
13668,train,0
13669,train,2
13670,train,0
13671,train,2
13672,train,2
13673,train,0
13674,train,1
13675,train,0
13676,train,0
13677,train,0
13678,train,0
13679,train,1
13680,train,0
13681,train,0
13682,train,1
13683,train,1
13684,train,2
13685,train,2
13686,train,2
13687,train,0
13688,train,0
13689,train,2
13690,train,0
13691,train,0
13692,train,1
13693,train,2
13694,train,0
13695,train,2
13696,train,0
13697,train,2
13698,train,2
13699,train,1
13700,train,1
13701,train,0
13702,train,1
13703,train,0
13704,train,1
13705,train,0
13706,train,2
13707,train,2
13708,train,2
13709,train,1
13710,train,2
13711,train,0
13712,train,2
13713,train,1
13714,train,1
13715,train,2
13716,train,2
13717,train,2
13718,train,0
13719,train,2
13720,train,1
13721,train,1
13722,train,1
13723,train,0
13724,train,2
13725,train,0
13726,train,0
13727,train,2
13728,train,0
13729,train,0
13730,train,0
13731,train,1
13732,train,0
13733,train,0
13734,train,2
13735,train,2
13736,train,2
13737,train,1
13738,train,0
13739,train,0
13740,train,1
13741,train,1
13742,train,2
13743,train,2
13744,train,2
13745,train,2
13746,train,0
13747,train,1
13748,train,2
13749,train,2
13750,train,2
13751,train,0
13752,train,0
13753,train,2
13754,train,1
13755,train,2
13756,train,1
13757,train,0
13758,train,2
13759,train,0
13760,train,2
13761,train,0
13762,train,2
13763,train,0
13764,train,2
13765,train,0
13766,train,0
13767,train,1
13768,train,1
13769,train,2
13770,train,0
13771,train,1
13772,train,0
13773,train,0
13774,train,2
13775,train,0
13776,train,0
13777,train,0
13778,train,2
13779,train,0
13780,train,2
13781,train,1
13782,train,2
13783,train,1
13784,train,2
13785,train,0
13786,train,2
13787,train,2
13788,train,1
13789,train,1
13790,train,2
13791,train,0
13792,train,1
13793,train,2
13794,train,1
13795,train,0
13796,train,2
13797,train,0
13798,train,1
13799,train,0
13800,train,2
13801,train,2
13802,train,1
13803,train,0
13804,train,1
13805,train,1
13806,train,2
13807,train,1
13808,train,0
13809,train,0
13810,train,1
13811,train,1
13812,train,0
13813,train,1
13814,train,0
13815,train,0
13816,train,2
13817,train,1
13818,train,0
13819,train,0
13820,train,0
13821,train,0
13822,train,0
13823,train,2
13824,train,1
13825,train,2
13826,train,0
13827,train,2
13828,train,2
13829,train,0
13830,train,0
13831,train,2
13832,train,2
13833,train,0
13834,train,1
13835,train,1
13836,train,0
13837,train,1
13838,train,1
13839,train,1
13840,train,1
13841,train,0
13842,train,0
13843,train,1
13844,train,1
13845,train,0
13846,train,0
13847,train,0
13848,train,1
13849,train,1
13850,train,2
13851,train,1
13852,train,0
13853,train,1
13854,train,0
13855,train,2
13856,train,1
13857,train,0
13858,train,1
13859,train,0
13860,train,2
13861,train,0
13862,train,0
13863,train,1
13864,train,1
13865,train,2
13866,train,0
13867,train,2
13868,train,0
13869,train,0
13870,train,2
13871,train,0
13872,train,2
13873,train,2
13874,train,2
13875,train,0
13876,train,0
13877,train,1
13878,train,0
13879,train,2
13880,train,1
13881,train,1
13882,train,0
13883,train,1
13884,train,0
13885,train,0
13886,train,2
13887,train,1
13888,train,1
13889,train,1
13890,train,0
13891,train,2
13892,train,0
13893,train,0
13894,train,2
13895,train,0
13896,train,2
13897,train,0
13898,train,2
13899,train,0
13900,train,2
13901,train,0
13902,train,0
13903,train,2
13904,train,1
13905,train,1
13906,train,0
13907,train,1
13908,train,2
13909,train,0
13910,train,1
13911,train,0
13912,train,2
13913,train,1
13914,train,2
13915,train,2
13916,train,1
13917,train,0
13918,train,0
13919,train,1
13920,train,1
13921,train,0
13922,train,0
13923,train,0
13924,train,1
13925,train,0
13926,train,1
13927,train,2
13928,train,0
13929,train,0
13930,train,0
13931,train,1
13932,train,1
13933,train,2
13934,train,2
13935,train,2
13936,train,1
13937,train,1
13938,train,1
13939,train,0
13940,train,0
13941,train,2
13942,train,1
13943,train,0
13944,train,2
13945,train,0
13946,train,2
13947,train,0
13948,train,1
13949,train,1
13950,train,0
13951,train,1
13952,train,0
13953,train,0
13954,train,1
13955,train,0
13956,train,0
13957,train,1
13958,train,2
13959,train,2
13960,train,0
13961,train,0
13962,train,2
13963,train,1
13964,train,1
13965,train,0
13966,train,0
13967,train,2
13968,train,1
13969,train,0
13970,train,0
13971,train,1
13972,train,1
13973,train,2
13974,train,0
13975,train,0
13976,train,2
13977,train,2
13978,train,1
13979,train,2
13980,train,0
13981,train,1
13982,train,2
13983,train,1
13984,train,0
13985,train,1
13986,train,0
13987,train,1
13988,train,0
13989,train,2
13990,train,0
13991,train,2
13992,train,0
13993,train,2
13994,train,1
13995,train,2
13996,train,2
13997,train,2
13998,train,1
13999,train,2
14000,train,0
14001,train,2
14002,train,2
14003,train,1
14004,train,1
14005,train,1
14006,train,1
14007,train,1
14008,train,0
14009,train,0
14010,train,0
14011,train,1
14012,train,1
14013,train,2
14014,train,0
14015,train,2
14016,train,2
14017,train,0
14018,train,1
14019,train,1
14020,train,1
14021,train,2
14022,train,1
14023,train,1
14024,train,1
14025,train,1
14026,train,0
14027,train,2
14028,train,1
14029,train,0
14030,train,1
14031,train,0
14032,train,0
14033,train,0
14034,train,2
14035,train,0
14036,train,2
14037,train,0
14038,train,1
14039,train,1
14040,train,0
14041,train,0
14042,train,1
14043,train,2
14044,train,2
14045,train,0
14046,train,2
14047,train,2
14048,train,0
14049,train,1
14050,train,2
14051,train,1
14052,train,1
14053,train,1
14054,train,0
14055,train,1
14056,train,2
14057,train,2
14058,train,2
14059,train,2
14060,train,0
14061,train,2
14062,train,0
14063,train,0
14064,train,2
14065,train,1
14066,train,1
14067,train,1
14068,train,1
14069,train,2
14070,train,2
14071,train,2
14072,train,0
14073,train,0
14074,train,1
14075,train,1
14076,train,2
14077,train,1
14078,train,0
14079,train,2
14080,train,2
14081,train,0
14082,train,1
14083,train,2
14084,train,0
14085,train,0
14086,train,0
14087,train,0
14088,train,2
14089,train,0
14090,train,0
14091,train,2
14092,train,2
14093,train,1
14094,train,2
14095,train,1
14096,train,0
14097,train,1
14098,train,2
14099,train,0
14100,train,0
14101,train,0
14102,train,2
14103,train,0
14104,train,0
14105,train,0
14106,train,1
14107,train,0
14108,train,0
14109,train,2
14110,train,0
14111,train,0
14112,train,1
14113,train,2
14114,train,2
14115,train,0
14116,train,1
14117,train,2
14118,train,2
14119,train,2
14120,train,0
14121,train,0
14122,train,0
14123,train,0
14124,train,0
14125,train,1
14126,train,0
14127,train,0
14128,train,1
14129,train,0
14130,train,1
14131,train,0
14132,train,2
14133,train,0
14134,train,1
14135,train,0
14136,train,0
14137,train,2
14138,train,0
14139,train,0
14140,train,2
14141,train,0
14142,train,2
14143,train,0
14144,train,1
14145,train,0
14146,train,2
14147,train,0
14148,train,1
14149,train,1
14150,train,2
14151,train,0
14152,train,0
14153,train,2
14154,train,0
14155,train,2
14156,train,1
14157,train,1
14158,train,0
14159,train,0
14160,train,2
14161,train,0
14162,train,0
14163,train,1
14164,train,2
14165,train,1
14166,train,1
14167,train,2
14168,train,1
14169,train,0
14170,train,0
14171,train,0
14172,train,1
14173,train,1
14174,train,1
14175,train,0
14176,train,0
14177,train,0
14178,train,0
14179,train,0
14180,train,1
14181,train,1
14182,train,1
14183,train,0
14184,train,2
14185,train,2
14186,train,0
14187,train,0
14188,train,0
14189,train,2
14190,train,1
14191,train,2
14192,train,1
14193,train,1
14194,train,0
14195,train,2
14196,train,0
14197,train,2
14198,train,1
14199,train,2
14200,train,1
14201,train,2
14202,train,2
14203,train,2
14204,train,2
14205,train,0
14206,train,2
14207,train,0
14208,train,0
14209,train,0
14210,train,1
14211,train,1
14212,train,2
14213,train,1
14214,train,0
14215,train,2
14216,train,0
14217,train,1
14218,train,1
14219,train,1
14220,train,1
14221,train,0
14222,train,2
14223,train,2
14224,train,2
14225,train,0
14226,train,0
14227,train,1
14228,train,2
14229,train,1
14230,train,1
14231,train,0
14232,train,0
14233,train,2
14234,train,0
14235,train,1
14236,train,2
14237,train,1
14238,train,2
14239,train,1
14240,train,0
14241,train,0
14242,train,0
14243,train,1
14244,train,1
14245,train,2
14246,train,1
14247,train,0
14248,train,2
14249,train,1
14250,train,1
14251,train,0
14252,train,1
14253,train,1
14254,train,2
14255,train,2
14256,train,0
14257,train,1
14258,train,0
14259,train,0
14260,train,2
14261,train,2
14262,train,1
14263,train,1
14264,train,0
14265,train,0
14266,train,2
14267,train,0
14268,train,2
14269,train,0
14270,train,0
14271,train,1
14272,train,0
14273,train,1
14274,train,1
14275,train,1
14276,train,2
14277,train,0
14278,train,0
14279,train,1
14280,train,1
14281,train,2
14282,train,2
14283,train,1
14284,train,0
14285,train,0
14286,train,0
14287,train,1
14288,train,1
14289,train,0
14290,train,0
14291,train,1
14292,train,1
14293,train,0
14294,train,2
14295,train,2
14296,train,0
14297,train,2
14298,train,0
14299,train,2
14300,train,1
14301,train,0
14302,train,0
14303,train,1
14304,train,0
14305,train,1
14306,train,2
14307,train,1
14308,train,1
14309,train,0
14310,train,2
14311,train,1
14312,train,1
14313,train,2
14314,train,0
14315,train,2
14316,train,0
14317,train,0
14318,train,1
14319,train,0
14320,train,1
14321,train,0
14322,train,2
14323,train,0
14324,train,1
14325,train,1
14326,train,0
14327,train,1
14328,train,0
14329,train,2
14330,train,0
14331,train,2
14332,train,1
14333,train,0
14334,train,2
14335,train,2
14336,train,0
14337,train,2
14338,train,2
14339,train,2
14340,train,0
14341,train,1
14342,train,0
14343,train,1
14344,train,2
14345,train,1
14346,train,1
14347,train,1
14348,train,1
14349,train,2
14350,train,1
14351,train,2
14352,train,2
14353,train,1
14354,train,2
14355,train,1
14356,train,0
14357,train,1
14358,train,2
14359,train,0
14360,train,2
14361,train,0
14362,train,0
14363,train,2
14364,train,1
14365,train,0
14366,train,0
14367,train,0
14368,train,1
14369,train,0
14370,train,0
14371,train,1
14372,train,0
14373,train,0
14374,train,1
14375,train,2
14376,train,2
14377,train,2
14378,train,0
14379,train,2
14380,train,0
14381,train,1
14382,train,0
14383,train,1
14384,train,1
14385,train,0
14386,train,0
14387,train,1
14388,train,0
14389,train,2
14390,train,0
14391,train,2
14392,train,0
14393,train,0
14394,train,1
14395,train,1
14396,train,0
14397,train,0
14398,train,0
14399,train,2
14400,train,0
14401,train,2
14402,train,1
14403,train,2
14404,train,2
14405,train,2
14406,train,2
14407,train,2
14408,train,2
14409,train,1
14410,train,2
14411,train,2
14412,train,2
14413,train,2
14414,train,0
14415,train,1
14416,train,2
14417,train,2
14418,train,1
14419,train,0
14420,train,0
14421,train,1
14422,train,0
14423,train,1
14424,train,0
14425,train,0
14426,train,0
14427,train,0
14428,train,1
14429,train,2
14430,train,1
14431,train,0
14432,train,1
14433,train,1
14434,train,0
14435,train,1
14436,train,2
14437,train,1
14438,train,1
14439,train,1
14440,train,1
14441,train,1
14442,train,1
14443,train,0
14444,train,1
14445,train,1
14446,train,1
14447,train,0
14448,train,0
14449,train,0
14450,train,2
14451,train,2
14452,train,1
14453,train,0
14454,train,0
14455,train,0
14456,train,0
14457,train,0
14458,train,0
14459,train,0
14460,train,1
14461,train,1
14462,train,1
14463,train,1
14464,train,0
14465,train,1
14466,train,0
14467,train,0
14468,train,0
14469,train,0
14470,train,1
14471,train,2
14472,train,0
14473,train,1
14474,train,0
14475,train,1
14476,train,0
14477,train,1
14478,train,0
14479,train,0
14480,train,1
14481,train,1
14482,train,1
14483,train,0
14484,train,1
14485,train,0
14486,train,0
14487,train,1
14488,train,0
14489,train,2
14490,train,2
14491,train,1
14492,train,0
14493,train,1
14494,train,2
14495,train,0
14496,train,2
14497,train,1
14498,train,0
14499,train,2
14500,train,1
14501,train,2
14502,train,1
14503,train,2
14504,train,2
14505,train,0
14506,train,2
14507,train,1
14508,train,0
14509,train,1
14510,train,0
14511,train,1
14512,train,1
14513,train,0
14514,train,0
14515,train,1
14516,train,1
14517,train,1
14518,train,1
14519,train,2
14520,train,1
14521,train,0
14522,train,0
14523,train,0
14524,train,1
14525,train,1
14526,train,0
14527,train,1
14528,train,0
14529,train,1
14530,train,0
14531,train,2
14532,train,1
14533,train,0
14534,train,2
14535,train,1
14536,train,2
14537,train,1
14538,train,1
14539,train,0
14540,train,2
14541,train,0
14542,train,0
14543,train,0
14544,train,1
14545,train,1
14546,train,2
14547,train,1
14548,train,1
14549,train,2
14550,train,1
14551,train,1
14552,train,0
14553,train,1
14554,train,0
14555,train,1
14556,train,1
14557,train,0
14558,train,0
14559,train,1
14560,train,1
14561,train,0
14562,train,0
14563,train,0
14564,train,0
14565,train,0
14566,train,0
14567,train,2
14568,train,2
14569,train,0
14570,train,0
14571,train,0
14572,train,1
14573,train,2
14574,train,0
14575,train,1
14576,train,0
14577,train,1
14578,train,1
14579,train,2
14580,train,0
14581,train,1
14582,train,0
14583,train,0
14584,train,0
14585,train,2
14586,train,0
14587,train,2
14588,train,1
14589,train,1
14590,train,2
14591,train,0
14592,train,0
14593,train,1
14594,train,0
14595,train,2
14596,train,1
14597,train,1
14598,train,1
14599,train,1
14600,train,0
14601,train,0
14602,train,1
14603,train,1
14604,train,2
14605,train,0
14606,train,2
14607,train,0
14608,train,1
14609,train,2
14610,train,1
14611,train,2
14612,train,1
14613,train,0
14614,train,1
14615,train,2
14616,train,2
14617,train,1
14618,train,2
14619,train,1
14620,train,2
14621,train,0
14622,train,1
14623,train,1
14624,train,1
14625,train,0
14626,train,0
14627,train,1
14628,train,2
14629,train,1
14630,train,1
14631,train,2
14632,train,2
14633,train,0
14634,train,0
14635,train,2
14636,train,0
14637,train,0
14638,train,0
14639,train,2
14640,train,0
14641,train,0
14642,train,1
14643,train,0
14644,train,1
14645,train,1
14646,train,1
14647,train,1
14648,train,2
14649,train,2
14650,train,0
14651,train,1
14652,train,0
14653,train,1
14654,train,1
14655,train,1
14656,train,2
14657,train,1
14658,train,1
14659,train,1
14660,train,1
14661,train,1
14662,train,0
14663,train,2
14664,train,0
14665,train,0
14666,train,2
14667,train,2
14668,train,0
14669,train,2
14670,train,1
14671,train,2
14672,train,2
14673,train,1
14674,train,0
14675,train,0
14676,train,2
14677,train,1
14678,train,1
14679,train,2
14680,train,1
14681,train,2
14682,train,2
14683,train,0
14684,train,1
14685,train,2
14686,train,1
14687,train,0
14688,train,0
14689,train,2
14690,train,2
14691,train,2
14692,train,0
14693,train,0
14694,train,1
14695,train,0
14696,train,1
14697,train,2
14698,train,0
14699,train,0
14700,train,0
14701,train,0
14702,train,1
14703,train,2
14704,train,1
14705,train,1
14706,train,2
14707,train,0
14708,train,0
14709,train,1
14710,train,0
14711,train,0
14712,train,0
14713,train,1
14714,train,0
14715,train,2
14716,train,1
14717,train,1
14718,train,0
14719,train,0
14720,train,1
14721,train,0
14722,train,0
14723,train,0
14724,train,0
14725,train,1
14726,train,2
14727,train,2
14728,train,2
14729,train,0
14730,train,0
14731,train,0
14732,train,0
14733,train,1
14734,train,2
14735,train,1
14736,train,2
14737,train,1
14738,train,1
14739,train,1
14740,train,2
14741,train,1
14742,train,1
14743,train,1
14744,train,0
14745,train,1
14746,train,0
14747,train,1
14748,train,2
14749,train,2
14750,train,2
14751,train,0
14752,train,2
14753,train,2
14754,train,1
14755,train,1
14756,train,2
14757,train,0
14758,train,0
14759,train,0
14760,train,1
14761,train,0
14762,train,0
14763,train,1
14764,train,2
14765,train,1
14766,train,2
14767,train,2
14768,train,0
14769,train,0
14770,train,1
14771,train,0
14772,train,0
14773,train,0
14774,train,1
14775,train,2
14776,train,1
14777,train,1
14778,train,1
14779,train,0
14780,train,1
14781,train,2
14782,train,0
14783,train,2
14784,train,0
14785,train,1
14786,train,0
14787,train,0
14788,train,2
14789,train,2
14790,train,2
14791,train,0
14792,train,1
14793,train,1
14794,train,1
14795,train,1
14796,train,0
14797,train,1
14798,train,2
14799,train,0
14800,train,1
14801,train,0
14802,train,1
14803,train,1
14804,train,2
14805,train,1
14806,train,0
14807,train,0
14808,train,2
14809,train,1
14810,train,0
14811,train,2
14812,train,1
14813,train,1
14814,train,0
14815,train,1
14816,train,2
14817,train,0
14818,train,2
14819,train,0
14820,train,2
14821,train,2
14822,train,1
14823,train,0
14824,train,0
14825,train,0
14826,train,2
14827,train,0
14828,train,0
14829,train,2
14830,train,1
14831,train,2
14832,train,2
14833,train,2
14834,train,0
14835,train,1
14836,train,0
14837,train,0
14838,train,0
14839,train,1
14840,train,1
14841,train,1
14842,train,1
14843,train,1
14844,train,0
14845,train,1
14846,train,0
14847,train,0
14848,train,2
14849,train,1
14850,train,2
14851,train,2
14852,train,1
14853,train,2
14854,train,1
14855,train,0
14856,train,1
14857,train,0
14858,train,1
14859,train,0
14860,train,1
14861,train,1
14862,train,1
14863,train,1
14864,train,1
14865,train,1
14866,train,1
14867,train,0
14868,train,2
14869,train,2
14870,train,0
14871,train,1
14872,train,0
14873,train,0
14874,train,1
14875,train,2
14876,train,0
14877,train,1
14878,train,1
14879,train,2
14880,train,0
14881,train,1
14882,train,1
14883,train,2
14884,train,2
14885,train,0
14886,train,0
14887,train,0
14888,train,2
14889,train,1
14890,train,1
14891,train,1
14892,train,0
14893,train,1
14894,train,1
14895,train,1
14896,train,1
14897,train,0
14898,train,0
14899,train,1
14900,train,2
14901,train,1
14902,train,0
14903,train,0
14904,train,0
14905,train,2
14906,train,0
14907,train,0
14908,train,1
14909,train,2
14910,train,0
14911,train,0
14912,train,1
14913,train,0
14914,train,0
14915,train,1
14916,train,1
14917,train,1
14918,train,1
14919,train,1
14920,train,1
14921,train,1
14922,train,1
14923,train,1
14924,train,2
14925,train,0
14926,train,0
14927,train,2
14928,train,1
14929,train,1
14930,train,1
14931,train,1
14932,train,0
14933,train,2
14934,train,2
14935,train,2
14936,train,0
14937,train,0
14938,train,1
14939,train,2
14940,train,2
14941,train,1
14942,train,2
14943,train,0
14944,train,1
14945,train,1
14946,train,0
14947,train,0
14948,train,0
14949,train,1
14950,train,2
14951,train,0
14952,train,1
14953,train,0
14954,train,0
14955,train,2
14956,train,0
14957,train,2
14958,train,1
14959,train,2
14960,train,0
14961,train,0
14962,train,1
14963,train,2
14964,train,0
14965,train,1
14966,train,1
14967,train,1
14968,train,2
14969,train,0
14970,train,0
14971,train,0
14972,train,1
14973,train,2
14974,train,2
14975,train,1
14976,train,0
14977,train,2
14978,train,0
14979,train,0
14980,train,0
14981,train,1
14982,train,1
14983,train,1
14984,train,1
14985,train,1
14986,train,1
14987,train,1
14988,train,0
14989,train,1
14990,train,0
14991,train,1
14992,train,0
14993,train,1
14994,train,2
14995,train,2
14996,train,1
14997,train,0
14998,train,0
14999,train,0
15000,train,2
15001,train,0
15002,train,1
15003,train,1
15004,train,1
15005,train,2
15006,train,2
15007,train,1
15008,train,0
15009,train,0
15010,train,2
15011,train,1
15012,train,2
15013,train,0
15014,train,2
15015,train,2
15016,train,1
15017,train,1
15018,train,1
15019,train,0
15020,train,0
15021,train,0
15022,train,1
15023,train,0
15024,train,1
15025,train,0
15026,train,0
15027,train,0
15028,train,0
15029,train,2
15030,train,0
15031,train,1
15032,train,1
15033,train,0
15034,train,0
15035,train,1
15036,train,2
15037,train,1
15038,train,1
15039,train,0
15040,train,1
15041,train,1
15042,train,2
15043,train,1
15044,train,0
15045,train,0
15046,train,1
15047,train,0
15048,train,1
15049,train,0
15050,train,2
15051,train,0
15052,train,1
15053,train,1
15054,train,1
15055,train,2
15056,train,0
15057,train,2
15058,train,0
15059,train,2
15060,train,1
15061,train,0
15062,train,0
15063,train,2
15064,train,0
15065,train,0
15066,train,1
15067,train,0
15068,train,0
15069,train,0
15070,train,2
15071,train,2
15072,train,0
15073,train,0
15074,train,0
15075,train,1
15076,train,0
15077,train,0
15078,train,2
15079,train,1
15080,train,1
15081,train,2
15082,train,1
15083,train,0
15084,train,1
15085,train,0
15086,train,1
15087,train,1
15088,train,0
15089,train,2
15090,train,0
15091,train,1
15092,train,1
15093,train,2
15094,train,0
15095,train,1
15096,train,1
15097,train,2
15098,train,1
15099,train,0
15100,train,2
15101,train,2
15102,train,1
15103,train,2
15104,train,1
15105,train,0
15106,train,2
15107,train,1
15108,train,0
15109,train,1
15110,train,1
15111,train,0
15112,train,1
15113,train,1
15114,train,2
15115,train,2
15116,train,2
15117,train,2
15118,train,0
15119,train,2
15120,train,1
15121,train,2
15122,train,0
15123,train,0
15124,train,1
15125,train,0
15126,train,0
15127,train,1
15128,train,0
15129,train,2
15130,train,0
15131,train,2
15132,train,0
15133,train,1
15134,train,2
15135,train,1
15136,train,2
15137,train,1
15138,train,2
15139,train,1
15140,train,1
15141,train,1
15142,train,0
15143,train,1
15144,train,0
15145,train,2
15146,train,1
15147,train,1
15148,train,1
15149,train,2
15150,train,0
15151,train,0
15152,train,0
15153,train,2
15154,train,0
15155,train,1
15156,train,0
15157,train,1
15158,train,1
15159,train,2
15160,train,1
15161,train,1
15162,train,2
15163,train,1
15164,train,0
15165,train,0
15166,train,1
15167,train,2
15168,train,1
15169,train,1
15170,train,0
15171,train,0
15172,train,1
15173,train,0
15174,train,0
15175,train,0
15176,train,1
15177,train,0
15178,train,2
15179,train,1
15180,train,1
15181,train,0
15182,train,0
15183,train,1
15184,train,1
15185,train,0
15186,train,1
15187,train,0
15188,train,0
15189,train,1
15190,train,0
15191,train,1
15192,train,2
15193,train,0
15194,train,1
15195,train,2
15196,train,2
15197,train,0
15198,train,1
15199,train,1
15200,train,1
15201,train,2
15202,train,1
15203,train,1
15204,train,1
15205,train,1
15206,train,1
15207,train,1
15208,train,2
15209,train,1
15210,train,1
15211,train,1
15212,train,2
15213,train,0
15214,train,1
15215,train,0
15216,train,0
15217,train,0
15218,train,0
15219,train,0
15220,train,1
15221,train,0
15222,train,1
15223,train,2
15224,train,1
15225,train,0
15226,train,2
15227,train,0
15228,train,0
15229,train,2
15230,train,0
15231,train,0
15232,train,0
15233,train,0
15234,train,1
15235,train,1
15236,train,0
15237,train,1
15238,train,0
15239,train,0
15240,train,1
15241,train,2
15242,train,2
15243,train,0
15244,train,1
15245,train,2
15246,train,2
15247,train,1
15248,train,2
15249,train,1
15250,train,2
15251,train,1
15252,train,1
15253,train,0
15254,train,1
15255,train,1
15256,train,0
15257,train,0
15258,train,0
15259,train,2
15260,train,1
15261,train,1
15262,train,1
15263,train,1
15264,train,2
15265,train,2
15266,train,2
15267,train,1
15268,train,2
15269,train,0
15270,train,2
15271,train,0
15272,train,0
15273,train,1
15274,train,0
15275,train,2
15276,train,0
15277,train,1
15278,train,2
15279,train,0
15280,train,0
15281,train,1
15282,train,1
15283,train,2
15284,train,0
15285,train,0
15286,train,1
15287,train,2
15288,train,1
15289,train,2
15290,train,2
15291,train,1
15292,train,1
15293,train,2
15294,train,1
15295,train,0
15296,train,0
15297,train,0
15298,train,1
15299,train,2
15300,train,1
15301,train,2
15302,train,1
15303,train,0
15304,train,1
15305,train,0
15306,train,1
15307,train,0
15308,train,1
15309,train,2
15310,train,1
15311,train,0
15312,train,0
15313,train,2
15314,train,0
15315,train,0
15316,train,2
15317,train,2
15318,train,0
15319,train,0
15320,train,1
15321,train,0
15322,train,0
15323,train,1
15324,train,0
15325,train,0
15326,train,0
15327,train,0
15328,train,1
15329,train,0
15330,train,1
15331,train,0
15332,train,2
15333,train,2
15334,train,0
15335,train,1
15336,train,0
15337,train,1
15338,train,0
15339,train,0
15340,train,0
15341,train,2
15342,train,1
15343,train,2
15344,train,1
15345,train,0
15346,train,0
15347,train,1
15348,train,1
15349,train,1
15350,train,0
15351,train,1
15352,train,0
15353,train,1
15354,train,1
15355,train,1
15356,train,1
15357,train,0
15358,train,1
15359,train,0
15360,train,1
15361,train,1
15362,train,0
15363,train,0
15364,train,2
15365,train,0
15366,train,1
15367,train,1
15368,train,1
15369,train,2
15370,train,0
15371,train,0
15372,train,1
15373,train,2
15374,train,0
15375,train,0
15376,train,2
15377,train,1
15378,train,0
15379,train,1
15380,train,1
15381,train,1
15382,train,2
15383,train,0
15384,train,2
15385,train,2
15386,train,0
15387,train,1
15388,train,0
15389,train,0
15390,train,0
15391,train,2
15392,train,0
15393,train,0
15394,train,2
15395,train,0
15396,train,0
15397,train,2
15398,train,1
15399,train,2
15400,train,1
15401,train,1
15402,train,0
15403,train,2
15404,train,2
15405,train,2
15406,train,1
15407,train,2
15408,train,1
15409,train,1
15410,train,0
15411,train,2
15412,train,0
15413,train,1
15414,train,0
15415,train,1
15416,train,2
15417,train,2
15418,train,1
15419,train,1
15420,train,1
15421,train,1
15422,train,0
15423,train,2
15424,train,0
15425,train,0
15426,train,0
15427,train,0
15428,train,0
15429,train,0
15430,train,1
15431,train,2
15432,train,2
15433,train,0
15434,train,0
15435,train,1
15436,train,2
15437,train,1
15438,train,1
15439,train,1
15440,train,2
15441,train,0
15442,train,1
15443,train,0
15444,train,1
15445,train,1
15446,train,1
15447,train,2
15448,train,1
15449,train,0
15450,train,0
15451,train,1
15452,train,1
15453,train,0
15454,train,0
15455,train,0
15456,train,0
15457,train,1
15458,train,1
15459,train,0
15460,train,2
15461,train,0
15462,train,0
15463,train,2
15464,train,1
15465,train,2
15466,train,1
15467,train,1
15468,train,0
15469,train,0
15470,train,0
15471,train,0
15472,train,1
15473,train,2
15474,train,2
15475,train,0
15476,train,1
15477,train,1
15478,train,0
15479,train,1
15480,train,1
15481,train,1
15482,train,0
15483,train,0
15484,train,1
15485,train,1
15486,train,0
15487,train,0
15488,train,1
15489,train,2
15490,train,1
15491,train,1
15492,train,2
15493,train,0
15494,train,2
15495,train,1
15496,train,0
15497,train,1
15498,train,2
15499,train,1
15500,train,0
15501,train,1
15502,train,2
15503,train,2
15504,train,0
15505,train,1
15506,train,1
15507,train,2
15508,train,2
15509,train,0
15510,train,1
15511,train,1
15512,train,0
15513,train,2
15514,train,0
15515,train,2
15516,train,0
15517,train,1
15518,train,1
15519,train,1
15520,train,0
15521,train,0
15522,train,1
15523,train,1
15524,train,1
15525,train,2
15526,train,2
15527,train,2
15528,train,1
15529,train,2
15530,train,1
15531,train,0
15532,train,1
15533,train,2
15534,train,1
15535,train,2
15536,train,1
15537,train,1
15538,train,1
15539,train,1
15540,train,0
15541,train,1
15542,train,2
15543,train,1
15544,train,1
15545,train,2
15546,train,0
15547,train,0
15548,train,2
15549,train,2
15550,train,0
15551,train,0
15552,train,0
15553,train,2
15554,train,0
15555,train,1
15556,train,1
15557,train,1
15558,train,2
15559,train,0
15560,train,2
15561,train,0
15562,train,1
15563,train,0
15564,train,2
15565,train,1
15566,train,0
15567,train,0
15568,train,0
15569,train,2
15570,train,2
15571,train,2
15572,train,2
15573,train,2
15574,train,0
15575,train,0
15576,train,0
15577,train,1
15578,train,2
15579,train,2
15580,train,1
15581,train,0
15582,train,0
15583,train,0
15584,train,0
15585,train,2
15586,train,2
15587,train,0
15588,train,0
15589,train,0
15590,train,2
15591,train,2
15592,train,2
15593,train,2
15594,train,0
15595,train,2
15596,train,1
15597,train,1
15598,train,2
15599,train,0
15600,train,2
15601,train,2
15602,train,1
15603,train,2
15604,train,0
15605,train,0
15606,train,2
15607,train,2
15608,train,1
15609,train,1
15610,train,0
15611,train,2
15612,train,0
15613,train,0
15614,train,0
15615,train,1
15616,train,0
15617,train,0
15618,train,2
15619,train,0
15620,train,1
15621,train,0
15622,train,0
15623,train,0
15624,train,1
15625,train,2
15626,train,0
15627,train,0
15628,train,2
15629,train,1
15630,train,2
15631,train,1
15632,train,1
15633,train,0
15634,train,1
15635,train,0
15636,train,1
15637,train,0
15638,train,2
15639,train,2
15640,train,2
15641,train,0
15642,train,0
15643,train,0
15644,train,1
15645,train,0
15646,train,0
15647,train,1
15648,train,0
15649,train,2
15650,train,0
15651,train,2
15652,train,0
15653,train,1
15654,train,0
15655,train,1
15656,train,2
15657,train,0
15658,train,0
15659,train,1
15660,train,1
15661,train,1
15662,train,2
15663,train,1
15664,train,1
15665,train,2
15666,train,1
15667,train,0
15668,train,0
15669,train,0
15670,train,2
15671,train,1
15672,train,1
15673,train,0
15674,train,1
15675,train,0
15676,train,1
15677,train,0
15678,train,0
15679,train,2
15680,train,1
15681,train,0
15682,train,0
15683,train,0
15684,train,0
15685,train,1
15686,train,0
15687,train,1
15688,train,2
15689,train,2
15690,train,1
15691,train,0
15692,train,1
15693,train,2
15694,train,2
15695,train,2
15696,train,1
15697,train,1
15698,train,0
15699,train,1
15700,train,0
15701,train,2
15702,train,0
15703,train,1
15704,train,0
15705,train,2
15706,train,0
15707,train,1
15708,train,1
15709,train,0
15710,train,2
15711,train,1
15712,train,1
15713,train,2
15714,train,1
15715,train,0
15716,train,1
15717,train,0
15718,train,1
15719,train,1
15720,train,0
15721,train,1
15722,train,2
15723,train,0
15724,train,0
15725,train,1
15726,train,2
15727,train,2
15728,train,1
15729,train,2
15730,train,1
15731,train,2
15732,train,0
15733,train,2
15734,train,0
15735,train,0
15736,train,1
15737,train,2
15738,train,1
15739,train,0
15740,train,1
15741,train,1
15742,train,0
15743,train,1
15744,train,0
15745,train,0
15746,train,0
15747,train,0
15748,train,0
15749,train,1
15750,train,2
15751,train,0
15752,train,0
15753,train,1
15754,train,0
15755,train,1
15756,train,0
15757,train,0
15758,train,0
15759,train,0
15760,train,0
15761,train,1
15762,train,1
15763,train,2
15764,train,1
15765,train,0
15766,train,1
15767,train,0
15768,train,1
15769,train,0
15770,train,0
15771,train,2
15772,train,0
15773,train,2
15774,train,0
15775,train,0
15776,train,2
15777,train,0
15778,train,1
15779,train,0
15780,train,2
15781,train,2
15782,train,1
15783,train,1
15784,train,0
15785,train,2
15786,train,0
15787,train,1
15788,train,1
15789,train,1
15790,train,2
15791,train,1
15792,train,0
15793,train,0
15794,train,0
15795,train,1
15796,train,2
15797,train,1
15798,train,0
15799,train,0
15800,train,2
15801,train,0
15802,train,0
15803,train,1
15804,train,1
15805,train,0
15806,train,1
15807,train,0
15808,train,0
15809,train,1
15810,train,0
15811,train,2
15812,train,0
15813,train,2
15814,train,2
15815,train,0
15816,train,1
15817,train,0
15818,train,1
15819,train,0
15820,train,0
15821,train,2
15822,train,2
15823,train,1
15824,train,1
15825,train,1
15826,train,1
15827,train,1
15828,train,0
15829,train,0
15830,train,2
15831,train,1
15832,train,0
15833,train,1
15834,train,1
15835,train,1
15836,train,0
15837,train,0
15838,train,0
15839,train,1
15840,train,0
15841,train,1
15842,train,0
15843,train,0
15844,train,2
15845,train,0
15846,train,0
15847,train,0
15848,train,2
15849,train,0
15850,train,0
15851,train,2
15852,train,0
15853,train,0
15854,train,2
15855,train,1
15856,train,0
15857,train,0
15858,train,0
15859,train,1
15860,train,1
15861,train,1
15862,train,2
15863,train,2
15864,train,0
15865,train,0
15866,train,1
15867,train,2
15868,train,0
15869,train,2
15870,train,2
15871,train,2
15872,train,0
15873,train,0
15874,train,0
15875,train,0
15876,train,0
15877,train,2
15878,train,0
15879,train,1
15880,train,1
15881,train,2
15882,train,2
15883,train,1
15884,train,2
15885,train,1
15886,train,1
15887,train,0
15888,train,2
15889,train,1
15890,train,0
15891,train,1
15892,train,0
15893,train,1
15894,train,2
15895,train,0
15896,train,2
15897,train,1
15898,train,1
15899,train,2
15900,train,0
15901,train,2
15902,train,0
15903,train,2
15904,train,0
15905,train,1
15906,train,2
15907,train,2
15908,train,2
15909,train,2
15910,train,0
15911,train,2
15912,train,0
15913,train,0
15914,train,0
15915,train,2
15916,train,0
15917,train,1
15918,train,0
15919,train,1
15920,train,1
15921,train,0
15922,train,0
15923,train,0
15924,train,2
15925,train,1
15926,train,0
15927,train,0
15928,train,2
15929,train,1
15930,train,1
15931,train,2
15932,train,1
15933,train,2
15934,train,0
15935,train,1
15936,train,1
15937,train,0
15938,train,0
15939,train,0
15940,train,2
15941,train,0
15942,train,1
15943,train,1
15944,train,2
15945,train,1
15946,train,0
15947,train,0
15948,train,0
15949,train,0
15950,train,1
15951,train,0
15952,train,1
15953,train,2
15954,train,1
15955,train,0
15956,train,1
15957,train,1
15958,train,1
15959,train,1
15960,train,1
15961,train,2
15962,train,1
15963,train,0
15964,train,0
15965,train,1
15966,train,1
15967,train,1
15968,train,0
15969,train,2
15970,train,0
15971,train,0
15972,train,0
15973,train,1
15974,train,1
15975,train,0
15976,train,1
15977,train,0
15978,train,0
15979,train,1
15980,train,2
15981,train,1
15982,train,2
15983,train,0
15984,train,2
15985,train,2
15986,train,0
15987,train,2
15988,train,1
15989,train,1
15990,train,1
15991,train,2
15992,train,0
15993,train,2
15994,train,2
15995,train,1
15996,train,1
15997,train,0
15998,train,2
15999,train,1
16000,train,1
16001,train,0
16002,train,1
16003,train,2
16004,train,1
16005,train,1
16006,train,2
16007,train,0
16008,train,1
16009,train,0
16010,train,1
16011,train,1
16012,train,1
16013,train,1
16014,train,0
16015,train,1
16016,train,0
16017,train,1
16018,train,2
16019,train,1
16020,train,1
16021,train,0
16022,train,1
16023,train,2
16024,train,0
16025,train,0
16026,train,1
16027,train,0
16028,train,0
16029,train,1
16030,train,2
16031,train,0
16032,train,0
16033,train,1
16034,train,0
16035,train,0
16036,train,2
16037,train,1
16038,train,1
16039,train,0
16040,train,0
16041,train,2
16042,train,1
16043,train,2
16044,train,2
16045,train,2
16046,train,2
16047,train,2
16048,train,0
16049,train,1
16050,train,0
16051,train,1
16052,train,1
16053,train,1
16054,train,1
16055,train,2
16056,train,1
16057,train,1
16058,train,1
16059,train,0
16060,train,1
16061,train,0
16062,train,1
16063,train,2
16064,train,1
16065,train,1
16066,train,1
16067,train,1
16068,train,1
16069,train,2
16070,train,0
16071,train,2
16072,train,0
16073,train,2
16074,train,0
16075,train,0
16076,train,2
16077,train,0
16078,train,2
16079,train,1
16080,train,1
16081,train,0
16082,train,1
16083,train,0
16084,train,1
16085,train,1
16086,train,0
16087,train,1
16088,train,2
16089,train,2
16090,train,0
16091,train,1
16092,train,0
16093,train,1
16094,train,2
16095,train,1
16096,train,0
16097,train,0
16098,train,2
16099,train,0
16100,train,1
16101,train,0
16102,train,0
16103,train,1
16104,train,2
16105,train,2
16106,train,1
16107,train,0
16108,train,2
16109,train,0
16110,train,1
16111,train,0
16112,train,1
16113,train,0
16114,train,0
16115,train,0
16116,train,0
16117,train,1
16118,train,2
16119,train,0
16120,train,0
16121,train,0
16122,train,0
16123,train,0
16124,train,1
16125,train,1
16126,train,2
16127,train,0
16128,train,0
16129,train,1
16130,train,0
16131,train,1
16132,train,1
16133,train,0
16134,train,1
16135,train,2
16136,train,0
16137,train,1
16138,train,2
16139,train,1
16140,train,1
16141,train,2
16142,train,0
16143,train,1
16144,train,2
16145,train,1
16146,train,0
16147,train,0
16148,train,2
16149,train,0
16150,train,0
16151,train,2
16152,train,1
16153,train,2
16154,train,0
16155,train,1
16156,train,0
16157,train,1
16158,train,0
16159,train,0
16160,train,0
16161,train,2
16162,train,1
16163,train,0
16164,train,2
16165,train,2
16166,train,0
16167,train,2
16168,train,2
16169,train,1
16170,train,2
16171,train,0
16172,train,0
16173,train,1
16174,train,1
16175,train,0
16176,train,1
16177,train,1
16178,train,0
16179,train,2
16180,train,2
16181,train,1
16182,train,2
16183,train,0
16184,train,2
16185,train,1
16186,train,2
16187,train,0
16188,train,0
16189,train,1
16190,train,1
16191,train,1
16192,train,0
16193,train,0
16194,train,1
16195,train,1
16196,train,1
16197,train,1
16198,train,2
16199,train,0
16200,train,2
16201,train,2
16202,train,0
16203,train,2
16204,train,0
16205,train,1
16206,train,0
16207,train,0
16208,train,1
16209,train,0
16210,train,0
16211,train,1
16212,train,0
16213,train,0
16214,train,2
16215,train,0
16216,train,0
16217,train,1
16218,train,0
16219,train,2
16220,train,2
16221,train,0
16222,train,1
16223,train,0
16224,train,1
16225,train,2
16226,train,1
16227,train,0
16228,train,0
16229,train,0
16230,train,2
16231,train,0
16232,train,0
16233,train,1
16234,train,2
16235,train,1
16236,train,0
16237,train,1
16238,train,1
16239,train,2
16240,train,2
16241,train,0
16242,train,0
16243,train,2
16244,train,2
16245,train,2
16246,train,0
16247,train,0
16248,train,0
16249,train,1
16250,train,1
16251,train,1
16252,train,1
16253,train,2
16254,train,2
16255,train,2
16256,train,2
16257,train,1
16258,train,1
16259,train,2
16260,train,2
16261,train,2
16262,train,1
16263,train,0
16264,train,1
16265,train,1
16266,train,0
16267,train,1
16268,train,1
16269,train,1
16270,train,0
16271,train,1
16272,train,1
16273,train,0
16274,train,2
16275,train,1
16276,train,0
16277,train,0
16278,train,2
16279,train,2
16280,train,0
16281,train,1
16282,train,0
16283,train,1
16284,train,2
16285,train,2
16286,train,1
16287,train,0
16288,train,1
16289,train,2
16290,train,0
16291,train,1
16292,train,1
16293,train,1
16294,train,0
16295,train,1
16296,train,2
16297,train,2
16298,train,2
16299,train,1
16300,train,0
16301,train,1
16302,train,0
16303,train,0
16304,train,1
16305,train,2
16306,train,1
16307,train,0
16308,train,1
16309,train,1
16310,train,0
16311,train,1
16312,train,1
16313,train,0
16314,train,1
16315,train,1
16316,train,1
16317,train,0
16318,train,1
16319,train,0
16320,train,1
16321,train,1
16322,train,1
16323,train,0
16324,train,1
16325,train,1
16326,train,1
16327,train,0
16328,train,1
16329,train,2
16330,train,0
16331,train,1
16332,train,0
16333,train,1
16334,train,0
16335,train,0
16336,train,2
16337,train,2
16338,train,2
16339,train,2
16340,train,0
16341,train,0
16342,train,2
16343,train,0
16344,train,2
16345,train,0
16346,train,1
16347,train,0
16348,train,0
16349,train,0
16350,train,1
16351,train,0
16352,train,1
16353,train,2
16354,train,0
16355,train,1
16356,train,2
16357,train,1
16358,train,0
16359,train,0
16360,train,1
16361,train,0
16362,train,0
16363,train,0
16364,train,0
16365,train,2
16366,train,0
16367,train,1
16368,train,0
16369,train,1
16370,train,1
16371,train,1
16372,train,1
16373,train,1
16374,train,2
16375,train,0
16376,train,0
16377,train,1
16378,train,0
16379,train,0
16380,train,1
16381,train,0
16382,train,0
16383,train,1
16384,train,1
16385,train,2
16386,train,2
16387,train,2
16388,train,1
16389,train,2
16390,train,2
16391,train,0
16392,train,1
16393,train,0
16394,train,0
16395,train,1
16396,train,1
16397,train,0
16398,train,1
16399,train,1
16400,train,2
16401,train,1
16402,train,0
16403,train,0
16404,train,0
16405,train,1
16406,train,2
16407,train,0
16408,train,0
16409,train,1
16410,train,2
16411,train,1
16412,train,2
16413,train,2
16414,train,0
16415,train,0
16416,train,1
16417,train,2
16418,train,2
16419,train,1
16420,train,2
16421,train,1
16422,train,2
16423,train,1
16424,train,0
16425,train,1
16426,train,2
16427,train,0
16428,train,0
16429,train,0
16430,train,0
16431,train,2
16432,train,0
16433,train,0
16434,train,1
16435,train,0
16436,train,1
16437,train,1
16438,train,1
16439,train,2
16440,train,0
16441,train,0
16442,train,1
16443,train,2
16444,train,1
16445,train,1
16446,train,1
16447,train,1
16448,train,1
16449,train,2
16450,train,2
16451,train,0
16452,train,2
16453,train,1
16454,train,0
16455,train,0
16456,train,0
16457,train,2
16458,train,0
16459,train,2
16460,train,1
16461,train,1
16462,train,2
16463,train,1
16464,train,1
16465,train,2
16466,train,0
16467,train,0
16468,train,1
16469,train,2
16470,train,0
16471,train,0
16472,train,1
16473,train,0
16474,train,0
16475,train,1
16476,train,1
16477,train,2
16478,train,1
16479,train,0
16480,train,0
16481,train,1
16482,train,1
16483,train,0
16484,train,0
16485,train,2
16486,train,0
16487,train,2
16488,train,0
16489,train,1
16490,train,1
16491,train,0
16492,train,1
16493,train,0
16494,train,1
16495,train,2
16496,train,1
16497,train,1
16498,train,2
16499,train,2
16500,train,1
16501,train,1
16502,train,0
16503,train,0
16504,train,0
16505,train,0
16506,train,1
16507,train,2
16508,train,0
16509,train,0
16510,train,0
16511,train,1
16512,train,0
16513,train,0
16514,train,0
16515,train,1
16516,train,2
16517,train,1
16518,train,2
16519,train,1
16520,train,1
16521,train,0
16522,train,0
16523,train,2
16524,train,1
16525,train,0
16526,train,2
16527,train,0
16528,train,2
16529,train,0
16530,train,0
16531,train,2
16532,train,0
16533,train,2
16534,train,0
16535,train,0
16536,train,1
16537,train,0
16538,train,0
16539,train,2
16540,train,0
16541,train,0
16542,train,0
16543,train,0
16544,train,1
16545,train,2
16546,train,0
16547,train,1
16548,train,0
16549,train,0
16550,train,2
16551,train,1
16552,train,1
16553,train,1
16554,train,0
16555,train,0
16556,train,2
16557,train,2
16558,train,2
16559,train,1
16560,train,0
16561,train,0
16562,train,2
16563,train,2
16564,train,0
16565,train,0
16566,train,2
16567,train,0
16568,train,0
16569,train,0
16570,train,2
16571,train,2
16572,train,1
16573,train,2
16574,train,1
16575,train,0
16576,train,0
16577,train,0
16578,train,0
16579,train,0
16580,train,0
16581,train,0
16582,train,0
16583,train,2
16584,train,0
16585,train,0
16586,train,0
16587,train,0
16588,train,2
16589,train,1
16590,train,1
16591,train,0
16592,train,1
16593,train,1
16594,train,2
16595,train,1
16596,train,0
16597,train,1
16598,train,0
16599,train,0
16600,train,0
16601,train,1
16602,train,2
16603,train,1
16604,train,1
16605,train,0
16606,train,2
16607,train,2
16608,train,1
16609,train,2
16610,train,2
16611,train,1
16612,train,0
16613,train,1
16614,train,2
16615,train,0
16616,train,1
16617,train,0
16618,train,2
16619,train,0
16620,train,0
16621,train,0
16622,train,0
16623,train,2
16624,train,1
16625,train,0
16626,train,1
16627,train,0
16628,train,1
16629,train,0
16630,train,0
16631,train,0
16632,train,2
16633,train,0
16634,train,1
16635,train,1
16636,train,0
16637,train,1
16638,train,0
16639,train,0
16640,train,0
16641,train,0
16642,train,0
16643,train,2
16644,train,1
16645,train,1
16646,train,1
16647,train,0
16648,train,0
16649,train,0
16650,train,0
16651,train,2
16652,train,1
16653,train,1
16654,train,0
16655,train,0
16656,train,0
16657,train,0
16658,train,0
16659,train,2
16660,train,0
16661,train,0
16662,train,0
16663,train,0
16664,train,0
16665,train,2
16666,train,1
16667,train,0
16668,train,2
16669,train,0
16670,train,2
16671,train,2
16672,train,2
16673,train,2
16674,train,2
16675,train,0
16676,train,0
16677,train,0
16678,train,2
16679,train,2
16680,train,2
16681,train,0
16682,train,2
16683,train,2
16684,train,1
16685,train,2
16686,train,2
16687,train,1
16688,train,0
16689,train,0
16690,train,1
16691,train,1
16692,train,0
16693,train,0
16694,train,0
16695,train,0
16696,train,2
16697,train,2
16698,train,0
16699,train,0
16700,train,0
16701,train,1
16702,train,0
16703,train,0
16704,train,1
16705,train,2
16706,train,0
16707,train,0
16708,train,1
16709,train,0
16710,train,2
16711,train,2
16712,train,0
16713,train,1
16714,train,0
16715,train,1
16716,train,2
16717,train,2
16718,train,2
16719,train,0
16720,train,0
16721,train,0
16722,train,1
16723,train,0
16724,train,0
16725,train,0
16726,train,0
16727,train,1
16728,train,0
16729,train,0
16730,train,2
16731,train,2
16732,train,2
16733,train,1
16734,train,2
16735,train,1
16736,train,0
16737,train,1
16738,train,1
16739,train,0
16740,train,1
16741,train,2
16742,train,0
16743,train,0
16744,train,2
16745,train,0
16746,train,1
16747,train,0
16748,train,1
16749,train,1
16750,train,1
16751,train,2
16752,train,1
16753,train,2
16754,train,1
16755,train,0
16756,train,1
16757,train,0
16758,train,1
16759,train,0
16760,train,0
16761,train,0
16762,train,1
16763,train,2
16764,train,1
16765,train,1
16766,train,0
16767,train,2
16768,train,1
16769,train,2
16770,train,1
16771,train,0
16772,train,0
16773,train,2
16774,train,0
16775,train,1
16776,train,1
16777,train,1
16778,train,2
16779,train,0
16780,train,0
16781,train,0
16782,train,1
16783,train,0
16784,train,0
16785,train,1
16786,train,1
16787,train,0
16788,train,1
16789,train,0
16790,train,0
16791,train,2
16792,train,1
16793,train,2
16794,train,1
16795,train,0
16796,train,0
16797,train,0
16798,train,0
16799,train,0
16800,train,1
16801,train,2
16802,train,1
16803,train,0
16804,train,0
16805,train,2
16806,train,2
16807,train,2
16808,train,0
16809,train,1
16810,train,1
16811,train,1
16812,train,1
16813,train,1
16814,train,1
16815,train,0
16816,train,0
16817,train,0
16818,train,0
16819,train,0
16820,train,2
16821,train,0
16822,train,2
16823,train,0
16824,train,2
16825,train,0
16826,train,1
16827,train,0
16828,train,1
16829,train,1
16830,train,2
16831,train,0
16832,train,1
16833,train,0
16834,train,0
16835,train,2
16836,train,2
16837,train,0
16838,train,2
16839,train,2
16840,train,1
16841,train,1
16842,train,2
16843,train,2
16844,train,2
16845,train,2
16846,train,0
16847,train,2
16848,train,0
16849,train,2
16850,train,1
16851,train,1
16852,train,1
16853,train,0
16854,train,0
16855,train,1
16856,train,0
16857,train,0
16858,train,2
16859,train,2
16860,train,0
16861,train,1
16862,train,0
16863,train,2
16864,train,0
16865,train,2
16866,train,1
16867,train,1
16868,train,2
16869,train,0
16870,train,1
16871,train,1
16872,train,1
16873,train,2
16874,train,1
16875,train,1
16876,train,1
16877,train,0
16878,train,0
16879,train,1
16880,train,2
16881,train,1
16882,train,0
16883,train,2
16884,train,1
16885,train,1
16886,train,2
16887,train,0
16888,train,1
16889,train,2
16890,train,2
16891,train,1
16892,train,0
16893,train,1
16894,train,1
16895,train,0
16896,train,0
16897,train,2
16898,train,1
16899,train,1
16900,train,0
16901,train,1
16902,train,0
16903,train,0
16904,train,2
16905,train,2
16906,train,0
16907,train,2
16908,train,1
16909,train,2
16910,train,0
16911,train,1
16912,train,1
16913,train,0
16914,train,2
16915,train,1
16916,train,2
16917,train,0
16918,train,1
16919,train,1
16920,train,0
16921,train,0
16922,train,0
16923,train,1
16924,train,0
16925,train,0
16926,train,1
16927,train,1
16928,train,1
16929,train,1
16930,train,1
16931,train,2
16932,train,2
16933,train,1
16934,train,2
16935,train,1
16936,train,0
16937,train,1
16938,train,2
16939,train,0
16940,train,0
16941,train,1
16942,train,0
16943,train,0
16944,train,0
16945,train,1
16946,train,2
16947,train,0
16948,train,1
16949,train,2
16950,train,1
16951,train,2
16952,train,2
16953,train,0
16954,train,0
16955,train,2
16956,train,1
16957,train,1
16958,train,0
16959,train,2
16960,train,1
16961,train,0
16962,train,2
16963,train,2
16964,train,2
16965,train,0
16966,train,1
16967,train,2
16968,train,0
16969,train,0
16970,train,2
16971,train,2
16972,train,0
16973,train,1
16974,train,1
16975,train,0
16976,train,0
16977,train,0
16978,train,1
16979,train,1
16980,train,0
16981,train,2
16982,train,0
16983,train,1
16984,train,0
16985,train,2
16986,train,2
16987,train,1
16988,train,1
16989,train,1
16990,train,1
16991,train,0
16992,train,2
16993,train,2
16994,train,1
16995,train,0
16996,train,2
16997,train,2
16998,train,2
16999,train,0
17000,train,0
17001,train,1
17002,train,1
17003,train,1
17004,train,0
17005,train,0
17006,train,0
17007,train,0
17008,train,2
17009,train,2
17010,train,2
17011,train,0
17012,train,2
17013,train,1
17014,train,2
17015,train,2
17016,train,0
17017,train,2
17018,train,2
17019,train,1
17020,train,1
17021,train,0
17022,train,2
17023,train,0
17024,train,0
17025,train,2
17026,train,2
17027,train,0
17028,train,0
17029,train,0
17030,train,0
17031,train,2
17032,train,2
17033,train,0
17034,train,2
17035,train,1
17036,train,0
17037,train,0
17038,train,2
17039,train,1
17040,train,1
17041,train,1
17042,train,0
17043,train,0
17044,train,2
17045,train,0
17046,train,1
17047,train,0
17048,train,1
17049,train,0
17050,train,0
17051,train,1
17052,train,0
17053,train,0
17054,train,0
17055,train,1
17056,train,0
17057,train,0
17058,train,1
17059,train,1
17060,train,1
17061,train,1
17062,train,2
17063,train,0
17064,train,1
17065,train,2
17066,train,0
17067,train,1
17068,train,2
17069,train,2
17070,train,0
17071,train,1
17072,train,2
17073,train,0
17074,train,1
17075,train,1
17076,train,2
17077,train,0
17078,train,2
17079,train,2
17080,train,1
17081,train,1
17082,train,0
17083,train,1
17084,train,1
17085,train,1
17086,train,0
17087,train,0
17088,train,1
17089,train,1
17090,train,1
17091,train,2
17092,train,2
17093,train,0
17094,train,0
17095,train,1
17096,train,0
17097,train,1
17098,train,0
17099,train,1
17100,train,0
17101,train,1
17102,train,1
17103,train,2
17104,train,1
17105,train,2
17106,train,2
17107,train,2
17108,train,1
17109,train,1
17110,train,2
17111,train,2
17112,train,1
17113,train,0
17114,train,1
17115,train,0
17116,train,1
17117,train,2
17118,train,0
17119,train,1
17120,train,0
17121,train,1
17122,train,1
17123,train,0
17124,train,1
17125,train,1
17126,train,1
17127,train,0
17128,train,0
17129,train,0
17130,train,0
17131,train,1
17132,train,2
17133,train,1
17134,train,1
17135,train,0
17136,train,2
17137,train,2
17138,train,1
17139,train,1
17140,train,1
17141,train,2
17142,train,0
17143,train,2
17144,train,0
17145,train,0
17146,train,1
17147,train,1
17148,train,0
17149,train,2
17150,train,0
17151,train,0
17152,train,2
17153,train,2
17154,train,0
17155,train,0
17156,train,1
17157,train,2
17158,train,2
17159,train,1
17160,train,0
17161,train,2
17162,train,2
17163,train,1
17164,train,2
17165,train,0
17166,train,2
17167,train,2
17168,train,1
17169,train,1
17170,train,2
17171,train,1
17172,train,2
17173,train,1
17174,train,1
17175,train,1
17176,train,1
17177,train,1
17178,train,1
17179,train,1
17180,train,1
17181,train,1
17182,train,1
17183,train,1
17184,train,1
17185,train,1
17186,train,0
17187,train,1
17188,train,0
17189,train,1
17190,train,2
17191,train,1
17192,train,2
17193,train,2
17194,train,2
17195,train,0
17196,train,2
17197,train,2
17198,train,0
17199,train,2
17200,train,1
17201,train,1
17202,train,1
17203,train,2
17204,train,0
17205,train,0
17206,train,2
17207,train,0
17208,train,0
17209,train,0
17210,train,1
17211,train,1
17212,train,1
17213,train,0
17214,train,2
17215,train,2
17216,train,2
17217,train,1
17218,train,1
17219,train,2
17220,train,0
17221,train,2
17222,train,0
17223,train,1
17224,train,1
17225,train,1
17226,train,1
17227,train,0
17228,train,2
17229,train,2
17230,train,0
17231,train,1
17232,train,0
17233,train,1
17234,train,2
17235,train,2
17236,train,0
17237,train,1
17238,train,1
17239,train,1
17240,train,2
17241,train,0
17242,train,2
17243,train,1
17244,train,0
17245,train,1
17246,train,1
17247,train,1
17248,train,0
17249,train,0
17250,train,0
17251,train,0
17252,train,1
17253,train,0
17254,train,1
17255,train,2
17256,train,0
17257,train,2
17258,train,0
17259,train,0
17260,train,0
17261,train,1
17262,train,1
17263,train,2
17264,train,0
17265,train,1
17266,train,1
17267,train,1
17268,train,0
17269,train,2
17270,train,1
17271,train,2
17272,train,2
17273,train,0
17274,train,1
17275,train,0
17276,train,2
17277,train,2
17278,train,1
17279,train,1
17280,train,0
17281,train,0
17282,train,2
17283,train,2
17284,train,2
17285,train,0
17286,train,0
17287,train,0
17288,train,1
17289,train,1
17290,train,1
17291,train,1
17292,train,2
17293,train,2
17294,train,0
17295,train,0
17296,train,1
17297,train,0
17298,train,0
17299,train,1
17300,train,1
17301,train,0
17302,train,0
17303,train,0
17304,train,2
17305,train,1
17306,train,1
17307,train,0
17308,train,2
17309,train,2
17310,train,0
17311,train,1
17312,train,2
17313,train,0
17314,train,1
17315,train,1
17316,train,0
17317,train,2
17318,train,1
17319,train,2
17320,train,0
17321,train,2
17322,train,1
17323,train,2
17324,train,2
17325,train,2
17326,train,0
17327,train,1
17328,train,1
17329,train,0
17330,train,0
17331,train,2
17332,train,2
17333,train,1
17334,train,0
17335,train,0
17336,train,0
17337,train,2
17338,train,0
17339,train,0
17340,train,0
17341,train,0
17342,train,0
17343,train,1
17344,train,1
17345,train,1
17346,train,0
17347,train,1
17348,train,0
17349,train,1
17350,train,1
17351,train,0
17352,train,0
17353,train,2
17354,train,1
17355,train,1
17356,train,2
17357,train,0
17358,train,1
17359,train,0
17360,train,0
17361,train,0
17362,train,2
17363,train,2
17364,train,2
17365,train,1
17366,train,0
17367,train,0
17368,train,1
17369,train,0
17370,train,1
17371,train,2
17372,train,0
17373,train,0
17374,train,0
17375,train,1
17376,train,1
17377,train,1
17378,train,0
17379,train,2
17380,train,0
17381,train,2
17382,train,1
17383,train,2
17384,train,1
17385,train,0
17386,train,0
17387,train,1
17388,train,0
17389,train,1
17390,train,1
17391,train,1
17392,train,0
17393,train,0
17394,train,1
17395,train,1
17396,train,1
17397,train,2
17398,train,2
17399,train,1
17400,train,0
17401,train,2
17402,train,2
17403,train,1
17404,train,2
17405,train,2
17406,train,1
17407,train,1
17408,train,0
17409,train,1
17410,train,2
17411,train,2
17412,train,2
17413,train,1
17414,train,2
17415,train,1
17416,train,2
17417,train,1
17418,train,0
17419,train,2
17420,train,0
17421,train,0
17422,train,0
17423,train,0
17424,train,1
17425,train,1
17426,train,2
17427,train,0
17428,train,2
17429,train,0
17430,train,0
17431,train,1
17432,train,0
17433,train,2
17434,train,0
17435,train,1
17436,train,0
17437,train,1
17438,train,1
17439,train,2
17440,train,1
17441,train,1
17442,train,0
17443,train,0
17444,train,1
17445,train,0
17446,train,0
17447,train,0
17448,train,1
17449,train,0
17450,train,1
17451,train,1
17452,train,0
17453,train,0
17454,train,1
17455,train,2
17456,train,0
17457,train,0
17458,train,2
17459,train,1
17460,train,0
17461,train,0
17462,train,2
17463,train,0
17464,train,0
17465,train,2
17466,train,0
17467,train,0
17468,train,1
17469,train,2
17470,train,2
17471,train,2
17472,train,0
17473,train,1
17474,train,1
17475,train,1
17476,train,1
17477,train,0
17478,train,2
17479,train,0
17480,train,0
17481,train,2
17482,train,2
17483,train,0
17484,train,2
17485,train,2
17486,train,0
17487,train,2
17488,train,2
17489,train,1
17490,train,2
17491,train,2
17492,train,1
17493,train,1
17494,train,2
17495,train,2
17496,train,0
17497,train,1
17498,train,1
17499,train,0
17500,train,2
17501,train,1
17502,train,2
17503,train,0
17504,train,2
17505,train,0
17506,train,0
17507,train,1
17508,train,1
17509,train,2
17510,train,1
17511,train,0
17512,train,0
17513,train,2
17514,train,2
17515,train,1
17516,train,1
17517,train,0
17518,train,0
17519,train,0
17520,train,0
17521,train,1
17522,train,0
17523,train,2
17524,train,0
17525,train,0
17526,train,1
17527,train,1
17528,train,1
17529,train,2
17530,train,0
17531,train,1
17532,train,0
17533,train,0
17534,train,1
17535,train,0
17536,train,0
17537,train,0
17538,train,1
17539,train,0
17540,train,1
17541,train,1
17542,train,1
17543,train,2
17544,train,0
17545,train,1
17546,train,2
17547,train,1
17548,train,1
17549,train,0
17550,train,0
17551,train,0
17552,train,1
17553,train,2
17554,train,2
17555,train,0
17556,train,0
17557,train,0
17558,train,1
17559,train,0
17560,train,1
17561,train,1
17562,train,2
17563,train,0
17564,train,2
17565,train,1
17566,train,2
17567,train,1
17568,train,0
17569,train,0
17570,train,2
17571,train,0
17572,train,1
17573,train,2
17574,train,0
17575,train,2
17576,train,1
17577,train,0
17578,train,1
17579,train,1
17580,train,0
17581,train,1
17582,train,1
17583,train,0
17584,train,1
17585,train,2
17586,train,0
17587,train,0
17588,train,2
17589,train,1
17590,train,1
17591,train,0
17592,train,0
17593,train,1
17594,train,2
17595,train,2
17596,train,2
17597,train,1
17598,train,2
17599,train,0
17600,train,1
17601,train,2
17602,train,0
17603,train,0
17604,train,0
17605,train,0
17606,train,2
17607,train,0
17608,train,1
17609,train,0
17610,train,2
17611,train,1
17612,train,2
17613,train,2
17614,train,1
17615,train,2
17616,train,1
17617,train,1
17618,train,1
17619,train,2
17620,train,2
17621,train,2
17622,train,2
17623,train,1
17624,train,0
17625,train,0
17626,train,2
17627,train,1
17628,train,0
17629,train,1
17630,train,1
17631,train,2
17632,train,2
17633,train,2
17634,train,0
17635,train,1
17636,train,2
17637,train,0
17638,train,0
17639,train,0
17640,train,1
17641,train,0
17642,train,0
17643,train,2
17644,train,1
17645,train,0
17646,train,1
17647,train,0
17648,train,1
17649,train,1
17650,train,0
17651,train,2
17652,train,2
17653,train,0
17654,train,1
17655,train,2
17656,train,1
17657,train,1
17658,train,2
17659,train,0
17660,train,0
17661,train,1
17662,train,0
17663,train,0
17664,train,1
17665,train,2
17666,train,1
17667,train,2
17668,train,0
17669,train,2
17670,train,1
17671,train,0
17672,train,0
17673,train,0
17674,train,2
17675,train,0
17676,train,0
17677,train,0
17678,train,0
17679,train,1
17680,train,2
17681,train,2
17682,train,0
17683,train,2
17684,train,1
17685,train,2
17686,train,0
17687,train,0
17688,train,1
17689,train,1
17690,train,0
17691,train,2
17692,train,1
17693,train,0
17694,train,2
17695,train,0
17696,train,1
17697,train,0
17698,train,2
17699,train,1
17700,train,2
17701,train,2
17702,train,0
17703,train,0
17704,train,2
17705,train,1
17706,train,0
17707,train,1
17708,train,0
17709,train,1
17710,train,1
17711,train,0
17712,train,2
17713,train,0
17714,train,0
17715,train,1
17716,train,0
17717,train,1
17718,train,0
17719,train,1
17720,train,1
17721,train,0
17722,train,1
17723,train,2
17724,train,0
17725,train,2
17726,train,1
17727,train,1
17728,train,2
17729,train,1
17730,train,0
17731,train,1
17732,train,1
17733,train,1
17734,train,1
17735,train,0
17736,train,2
17737,train,1
17738,train,1
17739,train,1
17740,train,1
17741,train,2
17742,train,2
17743,train,0
17744,train,1
17745,train,0
17746,train,0
17747,train,0
17748,train,0
17749,train,1
17750,train,2
17751,train,0
17752,train,0
17753,train,1
17754,train,2
17755,train,2
17756,train,0
17757,train,2
17758,train,1
17759,train,0
17760,train,2
17761,train,0
17762,train,0
17763,train,2
17764,train,0
17765,train,2
17766,train,1
17767,train,1
17768,train,1
17769,train,1
17770,train,1
17771,train,1
17772,train,0
17773,train,0
17774,train,0
17775,train,0
17776,train,1
17777,train,0
17778,train,2
17779,train,0
17780,train,0
17781,train,1
17782,train,1
17783,train,2
17784,train,2
17785,train,2
17786,train,1
17787,train,2
17788,train,2
17789,train,0
17790,train,0
17791,train,1
17792,train,0
17793,train,2
17794,train,0
17795,train,1
17796,train,0
17797,train,0
17798,train,2
17799,train,2
17800,train,1
17801,train,1
17802,train,2
17803,train,2
17804,train,1
17805,train,0
17806,train,0
17807,train,1
17808,train,2
17809,train,1
17810,train,1
17811,train,0
17812,train,1
17813,train,2
17814,train,2
17815,train,2
17816,train,1
17817,train,0
17818,train,1
17819,train,0
17820,train,1
17821,train,0
17822,train,2
17823,train,2
17824,train,2
17825,train,2
17826,train,1
17827,train,0
17828,train,0
17829,train,0
17830,train,2
17831,train,1
17832,train,0
17833,train,0
17834,train,1
17835,train,2
17836,train,0
17837,train,1
17838,train,2
17839,train,1
17840,train,1
17841,train,2
17842,train,2
17843,train,2
17844,train,1
17845,train,1
17846,train,1
17847,train,1
17848,train,1
17849,train,2
17850,train,1
17851,train,0
17852,train,0
17853,train,2
17854,train,1
17855,train,1
17856,train,0
17857,train,1
17858,train,0
17859,train,1
17860,train,0
17861,train,0
17862,train,0
17863,train,0
17864,train,0
17865,train,1
17866,train,1
17867,train,2
17868,train,2
17869,train,0
17870,train,2
17871,train,2
17872,train,1
17873,train,2
17874,train,2
17875,train,2
17876,train,1
17877,train,0
17878,train,2
17879,train,1
17880,train,1
17881,train,2
17882,train,0
17883,train,1
17884,train,2
17885,train,1
17886,train,2
17887,train,1
17888,train,0
17889,train,2
17890,train,1
17891,train,0
17892,train,2
17893,train,1
17894,train,0
17895,train,0
17896,train,0
17897,train,0
17898,train,0
17899,train,1
17900,train,1
17901,train,2
17902,train,1
17903,train,0
17904,train,1
17905,train,1
17906,train,2
17907,train,1
17908,train,1
17909,train,0
17910,train,1
17911,train,0
17912,train,1
17913,train,2
17914,train,0
17915,train,1
17916,train,1
17917,train,1
17918,train,2
17919,train,1
17920,train,0
17921,train,0
17922,train,1
17923,train,0
17924,train,1
17925,train,1
17926,train,0
17927,train,2
17928,train,0
17929,train,1
17930,train,2
17931,train,0
17932,train,0
17933,train,0
17934,train,0
17935,train,0
17936,train,1
17937,train,2
17938,train,1
17939,train,1
17940,train,0
17941,train,2
17942,train,2
17943,train,2
17944,train,2
17945,train,2
17946,train,0
17947,train,0
17948,train,0
17949,train,1
17950,train,1
17951,train,0
17952,train,0
17953,train,1
17954,train,2
17955,train,1
17956,train,1
17957,train,1
17958,train,1
17959,train,1
17960,train,2
17961,train,0
17962,train,2
17963,train,1
17964,train,2
17965,train,2
17966,train,1
17967,train,1
17968,train,2
17969,train,0
17970,train,0
17971,train,0
17972,train,1
17973,train,0
17974,train,2
17975,train,0
17976,train,1
17977,train,0
17978,train,0
17979,train,2
17980,train,1
17981,train,2
17982,train,2
17983,train,0
17984,train,2
17985,train,1
17986,train,1
17987,train,1
17988,train,2
17989,train,2
17990,train,2
17991,train,0
17992,train,1
17993,train,1
17994,train,0
17995,train,2
17996,train,2
17997,train,1
17998,train,2
17999,train,1
18000,train,0
18001,train,0
18002,train,0
18003,train,0
18004,train,0
18005,train,2
18006,train,1
18007,train,0
18008,train,1
18009,train,0
18010,train,1
18011,train,0
18012,train,2
18013,train,1
18014,train,1
18015,train,2
18016,train,2
18017,train,0
18018,train,2
18019,train,0
18020,train,0
18021,train,1
18022,train,0
18023,train,2
18024,train,1
18025,train,1
18026,train,1
18027,train,1
18028,train,1
18029,train,1
18030,train,1
18031,train,2
18032,train,2
18033,train,0
18034,train,0
18035,train,1
18036,train,0
18037,train,0
18038,train,1
18039,train,1
18040,train,0
18041,train,1
18042,train,2
18043,train,0
18044,train,0
18045,train,2
18046,train,0
18047,train,1
18048,train,1
18049,train,0
18050,train,2
18051,train,1
18052,train,0
18053,train,0
18054,train,1
18055,train,2
18056,train,2
18057,train,1
18058,train,1
18059,train,1
18060,train,2
18061,train,2
18062,train,0
18063,train,1
18064,train,2
18065,train,1
18066,train,1
18067,train,1
18068,train,2
18069,train,1
18070,train,1
18071,train,1
18072,train,0
18073,train,1
18074,train,1
18075,train,0
18076,train,1
18077,train,2
18078,train,2
18079,train,0
18080,train,1
18081,train,0
18082,train,2
18083,train,1
18084,train,1
18085,train,2
18086,train,1
18087,train,2
18088,train,1
18089,train,0
18090,train,1
18091,train,2
18092,train,2
18093,train,1
18094,train,2
18095,train,1
18096,train,0
18097,train,1
18098,train,2
18099,train,0
18100,train,0
18101,train,0
18102,train,1
18103,train,2
18104,train,2
18105,train,2
18106,train,2
18107,train,2
18108,train,2
18109,train,1
18110,train,0
18111,train,2
18112,train,0
18113,train,0
18114,train,0
18115,train,0
18116,train,1
18117,train,2
18118,train,1
18119,train,1
18120,train,0
18121,train,1
18122,train,0
18123,train,2
18124,train,1
18125,train,1
18126,train,1
18127,train,2
18128,train,0
18129,train,0
18130,train,1
18131,train,2
18132,train,1
18133,train,0
18134,train,1
18135,train,1
18136,train,0
18137,train,0
18138,train,0
18139,train,2
18140,train,1
18141,train,2
18142,train,0
18143,train,1
18144,train,2
18145,train,1
18146,train,1
18147,train,1
18148,train,1
18149,train,1
18150,train,1
18151,train,0
18152,train,0
18153,train,0
18154,train,2
18155,train,2
18156,train,1
18157,train,0
18158,train,0
18159,train,1
18160,train,0
18161,train,0
18162,train,0
18163,train,0
18164,train,0
18165,train,0
18166,train,0
18167,train,1
18168,train,0
18169,train,0
18170,train,2
18171,train,0
18172,train,0
18173,train,2
18174,train,0
18175,train,0
18176,train,0
18177,train,2
18178,train,1
18179,train,2
18180,train,1
18181,train,1
18182,train,1
18183,train,0
18184,train,2
18185,train,0
18186,train,0
18187,train,1
18188,train,0
18189,train,2
18190,train,0
18191,train,1
18192,train,1
18193,train,1
18194,train,1
18195,train,1
18196,train,1
18197,train,2
18198,train,2
18199,train,2
18200,train,2
18201,train,1
18202,train,0
18203,train,0
18204,train,1
18205,train,0
18206,train,1
18207,train,0
18208,train,1
18209,train,2
18210,train,2
18211,train,0
18212,train,0
18213,train,2
18214,train,0
18215,train,1
18216,train,0
18217,train,1
18218,train,1
18219,train,1
18220,train,0
18221,train,0
18222,train,2
18223,train,2
18224,train,2
18225,train,2
18226,train,2
18227,train,1
18228,train,0
18229,train,0
18230,train,0
18231,train,2
18232,train,0
18233,train,1
18234,train,2
18235,train,0
18236,train,1
18237,train,1
18238,train,0
18239,train,2
18240,train,1
18241,train,0
18242,train,0
18243,train,2
18244,train,1
18245,train,1
18246,train,0
18247,train,1
18248,train,1
18249,train,1
18250,train,1
18251,train,1
18252,train,2
18253,train,1
18254,train,1
18255,train,0
18256,train,2
18257,train,0
18258,train,1
18259,train,0
18260,train,1
18261,train,2
18262,train,2
18263,train,0
18264,train,1
18265,train,2
18266,train,1
18267,train,2
18268,train,1
18269,train,0
18270,train,0
18271,train,1
18272,train,2
18273,train,2
18274,train,2
18275,train,0
18276,train,2
18277,train,1
18278,train,2
18279,train,1
18280,train,2
18281,train,2
18282,train,1
18283,train,2
18284,train,0
18285,train,0
18286,train,1
18287,train,2
18288,train,1
18289,train,1
18290,train,0
18291,train,1
18292,train,0
18293,train,0
18294,train,0
18295,train,1
18296,train,1
18297,train,1
18298,train,0
18299,train,0
18300,train,1
18301,train,1
18302,train,1
18303,train,1
18304,train,0
18305,train,0
18306,train,1
18307,train,0
18308,train,1
18309,train,2
18310,train,1
18311,train,0
18312,train,0
18313,train,1
18314,train,2
18315,train,2
18316,train,0
18317,train,1
18318,train,0
18319,train,2
18320,train,1
18321,train,0
18322,train,1
18323,train,2
18324,train,2
18325,train,2
18326,train,1
18327,train,2
18328,train,0
18329,train,2
18330,train,1
18331,train,0
18332,train,0
18333,train,1
18334,train,1
18335,train,2
18336,train,2
18337,train,1
18338,train,0
18339,train,0
18340,train,2
18341,train,0
18342,train,1
18343,train,0
18344,train,1
18345,train,0
18346,train,0
18347,train,0
18348,train,2
18349,train,0
18350,train,0
18351,train,2
18352,train,2
18353,train,1
18354,train,1
18355,train,1
18356,train,0
18357,train,2
18358,train,1
18359,train,2
18360,train,0
18361,train,0
18362,train,2
18363,train,0
18364,train,0
18365,train,0
18366,train,2
18367,train,1
18368,train,1
18369,train,2
18370,train,1
18371,train,0
18372,train,1
18373,train,0
18374,train,0
18375,train,2
18376,train,1
18377,train,0
18378,train,2
18379,train,0
18380,train,0
18381,train,1
18382,train,2
18383,train,2
18384,train,2
18385,train,2
18386,train,0
18387,train,1
18388,train,0
18389,train,2
18390,train,1
18391,train,1
18392,train,2
18393,train,1
18394,train,0
18395,train,1
18396,train,0
18397,train,2
18398,train,2
18399,train,0
18400,train,2
18401,train,0
18402,train,0
18403,train,0
18404,train,2
18405,train,1
18406,train,0
18407,train,0
18408,train,1
18409,train,1
18410,train,2
18411,train,0
18412,train,0
18413,train,0
18414,train,1
18415,train,2
18416,train,0
18417,train,1
18418,train,0
18419,train,0
18420,train,0
18421,train,2
18422,train,1
18423,train,0
18424,train,0
18425,train,1
18426,train,0
18427,train,2
18428,train,0
18429,train,0
18430,train,2
18431,train,1
18432,train,1
18433,train,2
18434,train,0
18435,train,0
18436,train,0
18437,train,0
18438,train,1
18439,train,0
18440,train,1
18441,train,2
18442,train,2
18443,train,1
18444,train,2
18445,train,2
18446,train,2
18447,train,1
18448,train,0
18449,train,0
18450,train,1
18451,train,2
18452,train,0
18453,train,2
18454,train,0
18455,train,2
18456,train,0
18457,train,1
18458,train,0
18459,train,2
18460,train,2
18461,train,2
18462,train,0
18463,train,2
18464,train,1
18465,train,1
18466,train,1
18467,train,1
18468,train,0
18469,train,1
18470,train,1
18471,train,2
18472,train,0
18473,train,2
18474,train,2
18475,train,1
18476,train,0
18477,train,2
18478,train,0
18479,train,1
18480,train,1
18481,train,1
18482,train,0
18483,train,2
18484,train,2
18485,train,1
18486,train,2
18487,train,1
18488,train,1
18489,train,0
18490,train,1
18491,train,0
18492,train,1
18493,train,0
18494,train,2
18495,train,0
18496,train,0
18497,train,2
18498,train,1
18499,train,0
18500,train,1
18501,train,1
18502,train,1
18503,train,1
18504,train,1
18505,train,2
18506,train,2
18507,train,2
18508,train,0
18509,train,2
18510,train,0
18511,train,2
18512,train,2
18513,train,0
18514,train,0
18515,train,1
18516,train,2
18517,train,1
18518,train,1
18519,train,0
18520,train,2
18521,train,1
18522,train,2
18523,train,1
18524,train,0
18525,train,1
18526,train,0
18527,train,0
18528,train,2
18529,train,1
18530,train,0
18531,train,0
18532,train,0
18533,train,2
18534,train,1
18535,train,1
18536,train,2
18537,train,0
18538,train,2
18539,train,1
18540,train,0
18541,train,2
18542,train,0
18543,train,1
18544,train,1
18545,train,0
18546,train,0
18547,train,2
18548,train,0
18549,train,2
18550,train,0
18551,train,0
18552,train,2
18553,train,2
18554,train,0
18555,train,0
18556,train,0
18557,train,2
18558,train,0
18559,train,0
18560,train,2
18561,train,1
18562,train,1
18563,train,1
18564,train,0
18565,train,2
18566,train,2
18567,train,1
18568,train,0
18569,train,2
18570,train,0
18571,train,2
18572,train,0
18573,train,0
18574,train,0
18575,train,1
18576,train,1
18577,train,1
18578,train,1
18579,train,2
18580,train,1
18581,train,2
18582,train,2
18583,train,0
18584,train,0
18585,train,1
18586,train,0
18587,train,0
18588,train,1
18589,train,2
18590,train,1
18591,train,2
18592,train,1
18593,train,0
18594,train,0
18595,train,0
18596,train,2
18597,train,1
18598,train,2
18599,train,2
18600,train,0
18601,train,1
18602,train,1
18603,train,2
18604,train,1
18605,train,1
18606,train,1
18607,train,2
18608,train,0
18609,train,2
18610,train,1
18611,train,2
18612,train,0
18613,train,1
18614,train,2
18615,train,2
18616,train,1
18617,train,2
18618,train,2
18619,train,0
18620,train,2
18621,train,1
18622,train,0
18623,train,0
18624,train,0
18625,train,1
18626,train,1
18627,train,1
18628,train,0
18629,train,0
18630,train,1
18631,train,2
18632,train,2
18633,train,2
18634,train,1
18635,train,0
18636,train,1
18637,train,1
18638,train,1
18639,train,0
18640,train,2
18641,train,2
18642,train,1
18643,train,0
18644,train,1
18645,train,1
18646,train,0
18647,train,0
18648,train,1
18649,train,0
18650,train,1
18651,train,0
18652,train,1
18653,train,1
18654,train,2
18655,train,2
18656,train,1
18657,train,2
18658,train,2
18659,train,2
18660,train,1
18661,train,2
18662,train,2
18663,train,0
18664,train,1
18665,train,2
18666,train,2
18667,train,0
18668,train,0
18669,train,2
18670,train,2
18671,train,1
18672,train,2
18673,train,1
18674,train,0
18675,train,1
18676,train,1
18677,train,1
18678,train,1
18679,train,0
18680,train,1
18681,train,1
18682,train,1
18683,train,2
18684,train,0
18685,train,1
18686,train,0
18687,train,1
18688,train,1
18689,train,0
18690,train,2
18691,train,1
18692,train,0
18693,train,0
18694,train,2
18695,train,1
18696,train,2
18697,train,2
18698,train,2
18699,train,1
18700,train,0
18701,train,0
18702,train,1
18703,train,1
18704,train,0
18705,train,1
18706,train,0
18707,train,0
18708,train,0
18709,train,2
18710,train,2
18711,train,0
18712,train,0
18713,train,2
18714,train,1
18715,train,0
18716,train,2
18717,train,0
18718,train,2
18719,train,0
18720,train,1
18721,train,0
18722,train,0
18723,train,0
18724,train,1
18725,train,2
18726,train,1
18727,train,2
18728,train,2
18729,train,0
18730,train,1
18731,train,0
18732,train,1
18733,train,1
18734,train,1
18735,train,1
18736,train,2
18737,train,0
18738,train,1
18739,train,0
18740,train,1
18741,train,0
18742,train,0
18743,train,2
18744,train,1
18745,train,0
18746,train,0
18747,train,1
18748,train,2
18749,train,2
18750,train,0
18751,train,2
18752,train,0
18753,train,0
18754,train,0
18755,train,2
18756,train,1
18757,train,2
18758,train,1
18759,train,1
18760,train,0
18761,train,1
18762,train,2
18763,train,1
18764,train,2
18765,train,2
18766,train,2
18767,train,1
18768,train,0
18769,train,2
18770,train,1
18771,train,2
18772,train,1
18773,train,1
18774,train,1
18775,train,1
18776,train,0
18777,train,0
18778,train,0
18779,train,0
18780,train,0
18781,train,0
18782,train,1
18783,train,0
18784,train,0
18785,train,1
18786,train,1
18787,train,1
18788,train,1
18789,train,0
18790,train,2
18791,train,1
18792,train,1
18793,train,0
18794,train,0
18795,train,2
18796,train,2
18797,train,2
18798,train,2
18799,val,1
18800,val,2
18801,val,0
18802,val,1
18803,val,0
18804,val,0
18805,val,1
18806,val,1
18807,val,1
18808,val,1
18809,val,2
18810,val,1
18811,val,2
18812,val,2
18813,val,0
18814,val,1
18815,val,1
18816,val,1
18817,val,0
18818,val,1
18819,val,1
18820,val,2
18821,val,1
18822,val,1
18823,val,2
18824,val,2
18825,val,2
18826,val,0
18827,val,1
18828,val,1
18829,val,0
18830,val,0
18831,val,2
18832,val,2
18833,val,1
18834,val,0
18835,val,0
18836,val,0
18837,val,0
18838,val,1
18839,val,1
18840,val,0
18841,val,0
18842,val,2
18843,val,1
18844,val,0
18845,val,1
18846,val,0
18847,val,0
18848,val,1
18849,val,0
18850,val,2
18851,val,0
18852,val,1
18853,val,2
18854,val,1
18855,val,0
18856,val,1
18857,val,2
18858,val,1
18859,val,0
18860,val,0
18861,val,2
18862,val,1
18863,val,0
18864,val,2
18865,val,2
18866,val,0
18867,val,2
18868,val,0
18869,val,1
18870,val,1
18871,val,1
18872,val,1
18873,val,0
18874,val,0
18875,val,0
18876,val,1
18877,val,0
18878,val,1
18879,val,1
18880,val,1
18881,val,2
18882,val,2
18883,val,1
18884,val,2
18885,val,0
18886,val,1
18887,val,1
18888,val,0
18889,val,0
18890,val,2
18891,val,1
18892,val,1
18893,val,0
18894,val,2
18895,val,0
18896,val,0
18897,val,1
18898,val,1
18899,val,1
18900,val,2
18901,val,0
18902,val,2
18903,val,0
18904,val,1
18905,val,1
18906,val,1
18907,val,1
18908,val,1
18909,val,2
18910,val,0
18911,val,1
18912,val,0
18913,val,1
18914,val,0
18915,val,1
18916,val,2
18917,val,2
18918,val,2
18919,val,1
18920,val,0
18921,val,0
18922,val,2
18923,val,0
18924,val,0
18925,val,1
18926,val,0
18927,val,1
18928,val,1
18929,val,2
18930,val,2
18931,val,1
18932,val,1
18933,val,1
18934,val,1
18935,val,2
18936,val,1
18937,val,1
18938,val,2
18939,val,1
18940,val,0
18941,val,0
18942,val,1
18943,val,0
18944,val,0
18945,val,0
18946,val,1
18947,val,1
18948,val,0
18949,val,0
18950,val,0
18951,val,1
18952,val,0
18953,val,1
18954,val,1
18955,val,0
18956,val,1
18957,val,1
18958,val,1
18959,val,1
18960,val,1
18961,val,2
18962,val,0
18963,val,1
18964,val,0
18965,val,1
18966,val,0
18967,val,0
18968,val,1
18969,val,0
18970,val,1
18971,val,1
18972,val,1
18973,val,2
18974,val,1
18975,val,0
18976,val,2
18977,val,1
18978,val,2
18979,val,1
18980,val,2
18981,val,1
18982,val,2
18983,val,0
18984,val,0
18985,val,0
18986,val,0
18987,val,1
18988,val,1
18989,val,1
18990,val,1
18991,val,0
18992,val,0
18993,val,1
18994,val,0
18995,val,2
18996,val,1
18997,val,1
18998,val,0
18999,val,1
19000,val,1
19001,val,0
19002,val,0
19003,val,1
19004,val,2
19005,val,2
19006,val,1
19007,val,1
19008,val,0
19009,val,2
19010,val,2
19011,val,2
19012,val,1
19013,val,0
19014,val,2
19015,val,0
19016,val,2
19017,val,2
19018,val,1
19019,val,1
19020,val,2
19021,val,0
19022,val,0
19023,val,1
19024,val,2
19025,val,1
19026,val,2
19027,val,2
19028,val,0
19029,val,2
19030,val,2
19031,val,1
19032,val,2
19033,val,0
19034,val,0
19035,val,2
19036,val,0
19037,val,2
19038,val,0
19039,val,0
19040,val,0
19041,val,0
19042,val,0
19043,val,1
19044,val,2
19045,val,0
19046,val,0
19047,val,1
19048,val,0
19049,val,1
19050,val,1
19051,val,0
19052,val,1
19053,val,0
19054,val,1
19055,val,1
19056,val,2
19057,val,0
19058,val,2
19059,val,1
19060,val,0
19061,val,2
19062,val,1
19063,val,1
19064,val,2
19065,val,0
19066,val,1
19067,val,1
19068,val,1
19069,val,1
19070,val,1
19071,val,2
19072,val,2
19073,val,0
19074,val,1
19075,val,2
19076,val,1
19077,val,0
19078,val,0
19079,val,1
19080,val,1
19081,val,2
19082,val,0
19083,val,2
19084,val,1
19085,val,1
19086,val,0
19087,val,2
19088,val,0
19089,val,1
19090,val,2
19091,val,0
19092,val,0
19093,val,0
19094,val,1
19095,val,0
19096,val,1
19097,val,2
19098,val,2
19099,val,1
19100,val,2
19101,val,0
19102,val,1
19103,val,2
19104,val,0
19105,val,1
19106,val,2
19107,val,2
19108,val,1
19109,val,0
19110,val,1
19111,val,0
19112,val,0
19113,val,2
19114,val,2
19115,val,0
19116,val,0
19117,val,0
19118,val,2
19119,val,1
19120,val,0
19121,val,2
19122,val,1
19123,val,2
19124,val,2
19125,val,1
19126,val,0
19127,val,2
19128,val,1
19129,val,1
19130,val,0
19131,val,1
19132,val,2
19133,val,1
19134,val,2
19135,val,0
19136,val,0
19137,val,0
19138,val,1
19139,val,0
19140,val,0
19141,val,0
19142,val,1
19143,val,0
19144,val,2
19145,val,2
19146,val,1
19147,val,2
19148,val,2
19149,val,1
19150,val,0
19151,val,2
19152,val,1
19153,val,1
19154,val,2
19155,val,0
19156,val,1
19157,val,1
19158,val,2
19159,val,0
19160,val,1
19161,val,1
19162,val,2
19163,val,0
19164,val,2
19165,val,2
19166,val,0
19167,val,2
19168,val,0
19169,val,1
19170,val,2
19171,val,1
19172,val,0
19173,val,1
19174,val,0
19175,val,0
19176,val,2
19177,val,1
19178,val,0
19179,val,2
19180,val,2
19181,val,2
19182,val,0
19183,val,1
19184,val,1
19185,val,0
19186,val,0
19187,val,1
19188,val,0
19189,val,2
19190,val,0
19191,val,1
19192,val,2
19193,val,1
19194,val,1
19195,val,1
19196,val,1
19197,val,1
19198,val,2
19199,val,1
19200,val,2
19201,val,1
19202,val,0
19203,val,2
19204,val,1
19205,val,1
19206,val,1
19207,val,0
19208,val,0
19209,val,1
19210,val,2
19211,val,1
19212,val,2
19213,val,0
19214,val,0
19215,val,2
19216,val,0
19217,val,1
19218,val,2
19219,val,1
19220,val,0
19221,val,1
19222,val,0
19223,val,2
19224,val,1
19225,val,1
19226,val,0
19227,val,0
19228,val,0
19229,val,2
19230,val,2
19231,val,0
19232,val,0
19233,val,1
19234,val,0
19235,val,0
19236,val,0
19237,val,1
19238,val,1
19239,val,0
19240,val,0
19241,val,0
19242,val,2
19243,val,0
19244,val,1
19245,val,2
19246,val,2
19247,val,1
19248,val,1
19249,val,2
19250,val,1
19251,val,0
19252,val,0
19253,val,0
19254,val,2
19255,val,0
19256,val,1
19257,val,2
19258,val,0
19259,val,1
19260,val,1
19261,val,1
19262,val,1
19263,val,2
19264,val,2
19265,val,0
19266,val,1
19267,val,1
19268,val,0
19269,val,1
19270,val,1
19271,val,2
19272,val,0
19273,val,0
19274,val,0
19275,val,0
19276,val,0
19277,val,0
19278,val,2
19279,val,2
19280,val,1
19281,val,1
19282,val,0
19283,val,0
19284,val,0
19285,val,1
19286,val,2
19287,val,0
19288,val,2
19289,val,1
19290,val,0
19291,val,0
19292,val,1
19293,val,2
19294,val,2
19295,val,0
19296,val,1
19297,val,1
19298,val,0
19299,val,0
19300,val,1
19301,val,1
19302,val,2
19303,val,2
19304,val,1
19305,val,2
19306,val,0
19307,val,0
19308,val,0
19309,val,1
19310,val,1
19311,val,0
19312,val,1
19313,val,1
19314,val,0
19315,val,1
19316,val,0
19317,val,1
19318,val,1
19319,val,1
19320,val,2
19321,val,2
19322,val,2
19323,val,0
19324,val,1
19325,val,0
19326,val,1
19327,val,0
19328,val,2
19329,val,0
19330,val,1
19331,val,0
19332,val,1
19333,val,1
19334,val,1
19335,val,2
19336,val,2
19337,val,0
19338,val,1
19339,val,0
19340,val,2
19341,val,2
19342,val,0
19343,val,0
19344,val,0
19345,val,1
19346,val,2
19347,val,0
19348,val,2
19349,val,0
19350,val,2
19351,val,0
19352,val,2
19353,val,2
19354,val,1
19355,val,2
19356,val,0
19357,val,2
19358,val,0
19359,val,0
19360,val,2
19361,val,0
19362,val,1
19363,val,0
19364,val,1
19365,val,0
19366,val,1
19367,val,2
19368,val,1
19369,val,0
19370,val,1
19371,val,1
19372,val,0
19373,val,1
19374,val,0
19375,val,2
19376,val,1
19377,val,0
19378,val,1
19379,val,0
19380,val,0
19381,val,2
19382,val,1
19383,val,2
19384,val,1
19385,val,2
19386,val,1
19387,val,1
19388,val,0
19389,val,1
19390,val,1
19391,val,1
19392,val,0
19393,val,1
19394,val,1
19395,val,2
19396,val,2
19397,val,2
19398,val,0
19399,val,0
19400,val,0
19401,val,1
19402,val,0
19403,val,0
19404,val,2
19405,val,1
19406,val,0
19407,val,1
19408,val,2
19409,val,0
19410,val,0
19411,val,0
19412,val,0
19413,val,0
19414,val,2
19415,val,2
19416,val,1
19417,val,0
19418,val,2
19419,val,1
19420,val,1
19421,val,1
19422,val,0
19423,val,0
19424,val,0
19425,val,1
19426,val,0
19427,val,0
19428,val,2
19429,val,0
19430,val,0
19431,val,2
19432,val,0
19433,val,1
19434,val,2
19435,val,1
19436,val,0
19437,val,1
19438,val,0
19439,val,0
19440,val,1
19441,val,1
19442,val,0
19443,val,0
19444,val,2
19445,val,0
19446,val,2
19447,val,1
19448,val,2
19449,val,2
19450,val,0
19451,val,1
19452,val,1
19453,val,2
19454,val,1
19455,val,2
19456,val,1
19457,val,1
19458,val,1
19459,val,0
19460,val,0
19461,val,2
19462,val,1
19463,val,2
19464,val,1
19465,val,0
19466,val,1
19467,val,1
19468,val,1
19469,val,1
19470,val,1
19471,val,0
19472,val,2
19473,val,2
19474,val,2
19475,val,0
19476,val,1
19477,val,2
19478,val,2
19479,val,2
19480,val,0
19481,val,2
19482,val,1
19483,val,0
19484,val,1
19485,val,0
19486,val,0
19487,val,2
19488,val,1
19489,val,2
19490,val,0
19491,val,2
19492,val,0
19493,val,0
19494,val,1
19495,val,1
19496,val,2
19497,val,1
19498,val,1
19499,val,0
19500,val,2
19501,val,2
19502,val,0
19503,val,2
19504,val,2
19505,val,1
19506,val,0
19507,val,0
19508,val,1
19509,val,1
19510,val,1
19511,val,2
19512,val,0
19513,val,0
19514,val,2
19515,val,0
19516,val,1
19517,val,2
19518,val,2
19519,val,0
19520,val,0
19521,val,2
19522,val,1
19523,val,0
19524,val,1
19525,val,2
19526,val,1
19527,val,0
19528,val,1
19529,val,2
19530,val,0
19531,val,0
19532,val,1
19533,val,0
19534,val,0
19535,val,0
19536,val,0
19537,val,2
19538,val,2
19539,val,1
19540,val,0
19541,val,0
19542,val,0
19543,val,1
19544,val,2
19545,val,2
19546,val,1
19547,val,0
19548,val,0
19549,val,1
19550,val,1
19551,val,1
19552,val,0
19553,val,1
19554,val,0
19555,val,0
19556,val,1
19557,val,2
19558,val,1
19559,val,2
19560,val,0
19561,val,1
19562,val,2
19563,val,1
19564,val,0
19565,val,1
19566,val,0
19567,val,0
19568,val,2
19569,val,1
19570,val,1
19571,val,1
19572,val,0
19573,val,2
19574,val,0
19575,val,1
19576,val,2
19577,val,1
19578,val,2
19579,val,2
19580,val,0
19581,val,2
19582,val,1
19583,val,2
19584,val,1
19585,val,0
19586,val,2
19587,val,0
19588,val,1
19589,val,1
19590,val,1
19591,val,0
19592,val,0
19593,val,1
19594,val,1
19595,val,2
19596,val,2
19597,val,1
19598,val,0
19599,val,1
19600,val,2
19601,val,1
19602,val,0
19603,val,0
19604,val,2
19605,val,2
19606,val,2
19607,val,0
19608,val,2
19609,val,2
19610,val,0
19611,val,1
19612,val,2
19613,val,1
19614,val,1
19615,val,0
19616,val,1
19617,val,2
19618,val,1
19619,val,1
19620,val,1
19621,val,2
19622,val,0
19623,val,1
19624,val,1
19625,val,2
19626,val,2
19627,val,2
19628,val,1
19629,val,2
19630,val,1
19631,val,1
19632,val,0
19633,val,2
19634,val,2
19635,val,1
19636,val,1
19637,val,2
19638,val,0
19639,val,2
19640,val,2
19641,val,1
19642,val,0
19643,val,0
19644,val,2
19645,val,2
19646,val,2
19647,val,0
19648,val,1
19649,val,0
19650,val,2
19651,val,1
19652,val,1
19653,val,0
19654,val,0
19655,val,0
19656,val,1
19657,val,1
19658,val,0
19659,val,2
19660,val,0
19661,val,1
19662,val,2
19663,val,2
19664,val,1
19665,val,0
19666,val,0
19667,val,1
19668,val,1
19669,val,1
19670,val,1
19671,val,0
19672,val,1
19673,val,1
19674,val,1
19675,val,1
19676,val,0
19677,val,0
19678,val,0
19679,val,1
19680,val,1
19681,val,2
19682,val,0
19683,val,0
19684,val,2
19685,val,2
19686,val,1
19687,val,2
19688,val,0
19689,val,1
19690,val,1
19691,val,1
19692,val,2
19693,val,2
19694,val,1
19695,val,0
19696,val,0
19697,val,1
19698,val,1
19699,val,1
19700,val,0
19701,val,1
19702,val,2
19703,val,2
19704,val,1
19705,val,1
19706,val,0
19707,val,2
19708,val,1
19709,val,2
19710,val,2
19711,val,0
19712,val,0
19713,val,1
19714,val,1
19715,val,1
19716,val,0
19717,val,0
19718,val,2
19719,val,2
19720,val,0
19721,val,1
19722,val,1
19723,val,2
19724,val,2
19725,val,0
19726,val,1
19727,val,1
19728,val,0
19729,val,2
19730,val,1
19731,val,2
19732,val,0
19733,val,1
19734,val,0
19735,val,0
19736,val,2
19737,val,2
19738,val,2
19739,val,2
19740,val,0
19741,val,1
19742,val,1
19743,val,2
19744,val,1
19745,val,0
19746,val,1
19747,val,2
19748,val,2
19749,val,1
19750,val,1
19751,val,0
19752,val,0
19753,val,0
19754,val,0
19755,val,2
19756,val,1
19757,val,2
19758,val,1
19759,val,1
19760,val,0
19761,val,0
19762,val,0
19763,val,0
19764,val,2
19765,val,2
19766,val,0
19767,val,2
19768,val,1
19769,val,0
19770,val,0
19771,val,1
19772,val,1
19773,val,0
19774,val,0
19775,val,0
19776,val,1
19777,val,0
19778,val,1
19779,val,1
19780,val,1
19781,val,1
19782,val,0
19783,val,1
19784,val,1
19785,val,0
19786,val,2
19787,val,2
19788,val,1
19789,val,1
19790,val,1
19791,val,2
19792,val,1
19793,val,1
19794,val,2
19795,val,1
19796,val,1
19797,val,0
19798,val,2
19799,val,0
19800,val,0
19801,val,1
19802,val,0
19803,val,2
19804,val,2
19805,val,1
19806,val,1
19807,val,1
19808,val,2
19809,val,0
19810,val,1
19811,val,2
19812,val,1
19813,val,0
19814,val,1
19815,val,2
19816,val,2
19817,val,0
19818,val,1
19819,val,0
19820,val,2
19821,val,1
19822,val,2
19823,val,0
19824,val,2
19825,val,2
19826,val,1
19827,val,2
19828,val,1
19829,val,0
19830,val,0
19831,val,2
19832,val,2
19833,val,0
19834,val,2
19835,val,0
19836,val,2
19837,val,1
19838,val,1
19839,val,2
19840,val,0
19841,val,0
19842,val,1
19843,val,2
19844,val,0
19845,val,1
19846,val,0
19847,val,2
19848,val,0
19849,val,2
19850,val,2
19851,val,1
19852,val,0
19853,val,2
19854,val,1
19855,val,2
19856,val,1
19857,val,1
19858,val,0
19859,val,1
19860,val,1
19861,val,1
19862,val,0
19863,val,1
19864,val,1
19865,val,2
19866,val,0
19867,val,2
19868,val,1
19869,val,1
19870,val,0
19871,val,0
19872,val,0
19873,val,1
19874,val,2
19875,val,1
19876,val,1
19877,val,1
19878,val,1
19879,val,2
19880,val,0
19881,val,2
19882,val,1
19883,val,1
19884,val,0
19885,val,1
19886,val,1
19887,val,1
19888,val,1
19889,val,0
19890,val,0
19891,val,2
19892,val,1
19893,val,1
19894,val,2
19895,val,1
19896,val,2
19897,val,2
19898,val,0
19899,val,0
19900,val,1
19901,val,0
19902,val,1
19903,val,2
19904,val,1
19905,val,2
19906,val,0
19907,val,1
19908,val,0
19909,val,2
19910,val,2
19911,val,0
19912,val,0
19913,val,0
19914,val,1
19915,val,2
19916,val,2
19917,val,0
19918,val,1
19919,val,2
19920,val,0
19921,val,1
19922,val,1
19923,val,0
19924,val,0
19925,val,0
19926,val,1
19927,val,2
19928,val,1
19929,val,1
19930,val,0
19931,val,2
19932,val,1
19933,val,0
19934,val,2
19935,val,1
19936,val,1
19937,val,0
19938,val,0
19939,val,0
19940,val,2
19941,val,2
19942,val,0
19943,val,0
19944,val,2
19945,val,0
19946,val,0
19947,val,0
19948,val,1
19949,val,1
19950,val,0
19951,val,0
19952,val,0
19953,val,2
19954,val,1
19955,val,0
19956,val,0
19957,val,1
19958,val,1
19959,val,1
19960,val,2
19961,val,0
19962,val,0
19963,val,0
19964,val,2
19965,val,0
19966,val,1
19967,val,2
19968,val,0
19969,val,0
19970,val,2
19971,val,2
19972,val,2
19973,val,1
19974,val,2
19975,val,1
19976,val,0
19977,val,0
19978,val,1
19979,val,0
19980,val,0
19981,val,1
19982,val,1
19983,val,1
19984,val,0
19985,val,1
19986,val,0
19987,val,1
19988,val,0
19989,val,0
19990,val,0
19991,val,1
19992,val,2
19993,val,0
19994,val,1
19995,val,0
19996,val,0
19997,val,0
19998,val,2
19999,val,1
20000,val,0
20001,val,0
20002,val,2
20003,val,0
20004,val,1
20005,val,1
20006,val,1
20007,val,1
20008,val,1
20009,val,2
20010,val,1
20011,val,1
20012,val,0
20013,val,0
20014,val,1
20015,val,0
20016,val,2
20017,val,1
20018,val,1
20019,val,0
20020,val,2
20021,val,1
20022,val,2
20023,val,0
20024,val,1
20025,val,2
20026,val,1
20027,val,0
20028,val,0
20029,val,1
20030,val,2
20031,val,1
20032,val,0
20033,val,0
20034,val,0
20035,val,1
20036,val,0
20037,val,1
20038,val,0
20039,val,0
20040,val,2
20041,val,2
20042,val,2
20043,val,0
20044,val,1
20045,val,1
20046,val,0
20047,val,1
20048,val,0
20049,val,1
20050,val,1
20051,val,1
20052,val,2
20053,val,0
20054,val,2
20055,val,2
20056,val,1
20057,val,1
20058,val,0
20059,val,2
20060,val,1
20061,val,2
20062,val,1
20063,val,2
20064,val,0
20065,val,1
20066,val,0
20067,val,1
20068,val,0
20069,val,1
20070,val,0
20071,val,1
20072,val,2
20073,val,0
20074,val,1
20075,val,0
20076,val,0
20077,val,0
20078,val,0
20079,val,2
20080,val,2
20081,val,1
20082,val,1
20083,val,2
20084,val,2
20085,val,1
20086,val,2
20087,val,0
20088,val,1
20089,val,1
20090,val,0
20091,val,2
20092,val,1
20093,val,1
20094,val,1
20095,val,2
20096,val,1
20097,val,1
20098,val,2
20099,val,2
20100,val,2
20101,val,2
20102,val,1
20103,val,0
20104,val,2
20105,val,0
20106,val,2
20107,val,2
20108,val,0
20109,val,1
20110,val,0
20111,val,0
20112,val,0
20113,val,1
20114,val,0
20115,val,2
20116,val,1
20117,val,2
20118,val,1
20119,val,1
20120,val,2
20121,val,2
20122,val,2
20123,val,1
20124,val,0
20125,val,2
20126,val,0
20127,val,1
20128,val,0
20129,val,2
20130,val,1
20131,val,1
20132,val,2
20133,val,2
20134,val,0
20135,val,1
20136,val,0
20137,val,0
20138,val,2
20139,val,2
20140,val,1
20141,val,1
20142,val,1
20143,val,0
20144,val,2
20145,val,2
20146,val,2
20147,val,1
20148,val,2
20149,val,1
20150,val,0
20151,val,2
20152,val,1
20153,val,1
20154,val,1
20155,val,1
20156,val,0
20157,val,1
20158,val,2
20159,val,1
20160,val,1
20161,val,1
20162,val,0
20163,val,0
20164,val,1
20165,val,1
20166,val,1
20167,val,0
20168,val,1
20169,val,1
20170,val,0
20171,val,1
20172,val,0
20173,val,1
20174,val,0
20175,val,2
20176,val,2
20177,val,0
20178,val,0
20179,val,1
20180,val,0
20181,val,1
20182,val,1
20183,val,0
20184,val,0
20185,val,1
20186,val,2
20187,val,0
20188,val,1
20189,val,0
20190,val,0
20191,val,0
20192,val,1
20193,val,2
20194,val,0
20195,val,0
20196,val,1
20197,val,2
20198,val,0
20199,val,2
20200,val,2
20201,val,0
20202,val,1
20203,val,1
20204,val,0
20205,val,0
20206,val,2
20207,val,0
20208,val,0
20209,val,0
20210,val,0
20211,val,1
20212,val,1
20213,val,0
20214,val,1
20215,val,1
20216,val,0
20217,val,0
20218,val,1
20219,val,1
20220,val,2
20221,val,1
20222,val,2
20223,val,2
20224,val,0
20225,val,0
20226,val,0
20227,val,1
20228,val,1
20229,val,1
20230,val,2
20231,val,1
20232,val,1
20233,val,2
20234,val,0
20235,val,0
20236,val,0
20237,val,1
20238,val,2
20239,val,1
20240,val,0
20241,val,0
20242,val,2
20243,val,1
20244,val,1
20245,val,0
20246,val,1
20247,val,2
20248,val,2
20249,val,0
20250,val,0
20251,val,0
20252,val,1
20253,val,2
20254,val,0
20255,val,0
20256,val,2
20257,val,2
20258,val,2
20259,val,0
20260,val,1
20261,val,1
20262,val,2
20263,val,1
20264,val,0
20265,val,1
20266,val,2
20267,val,1
20268,val,2
20269,val,1
20270,val,0
20271,val,0
20272,val,2
20273,val,0
20274,val,0
20275,val,2
20276,val,0
20277,val,0
20278,val,0
20279,val,1
20280,val,2
20281,val,0
20282,val,1
20283,val,2
20284,val,1
20285,val,2
20286,val,0
20287,val,0
20288,val,1
20289,val,0
20290,val,1
20291,val,1
20292,val,0
20293,val,2
20294,val,2
20295,val,2
20296,val,0
20297,val,2
20298,val,0
20299,val,0
20300,val,1
20301,val,0
20302,val,0
20303,val,1
20304,val,0
20305,val,2
20306,val,1
20307,val,0
20308,val,0
20309,val,1
20310,val,2
20311,val,0
20312,val,1
20313,val,2
20314,val,2
20315,val,1
20316,val,0
20317,val,0
20318,val,0
20319,val,0
20320,val,1
20321,val,1
20322,val,0
20323,val,1
20324,val,0
20325,val,2
20326,val,0
20327,val,2
20328,val,1
20329,val,2
20330,val,1
20331,val,0
20332,val,1
20333,val,1
20334,val,2
20335,val,1
20336,val,0
20337,val,2
20338,val,0
20339,val,0
20340,val,2
20341,val,1
20342,val,1
20343,val,1
20344,val,1
20345,val,1
20346,val,1
20347,val,1
20348,val,0
20349,val,0
20350,val,2
20351,val,1
20352,val,2
20353,val,2
20354,val,1
20355,val,1
20356,val,0
20357,val,0
20358,val,1
20359,val,2
20360,val,1
20361,val,2
20362,val,1
20363,val,0
20364,val,0
20365,val,1
20366,val,0
20367,val,0
20368,val,1
20369,val,2
20370,val,1
20371,val,0
20372,val,1
20373,val,0
20374,val,2
20375,val,2
20376,val,2
20377,val,1
20378,val,2
20379,val,0
20380,val,0
20381,val,0
20382,val,0
20383,val,1
20384,val,0
20385,val,2
20386,val,2
20387,val,0
20388,val,1
20389,val,2
20390,val,1
20391,val,2
20392,val,0
20393,val,0
20394,val,2
20395,val,1
20396,val,1
20397,val,0
20398,val,0
20399,val,0
20400,val,0
20401,val,2
20402,val,2
20403,val,2
20404,val,1
20405,val,1
20406,val,0
20407,val,0
20408,val,1
20409,val,1
20410,val,0
20411,val,1
20412,val,0
20413,val,2
20414,val,0
20415,val,1
20416,val,1
20417,val,2
20418,val,0
20419,val,0
20420,val,0
20421,val,0
20422,val,0
20423,val,2
20424,val,1
20425,val,0
20426,val,0
20427,val,1
20428,val,1
20429,val,0
20430,val,1
20431,val,0
20432,val,2
20433,val,1
20434,val,1
20435,val,1
20436,val,0
20437,val,0
20438,val,0
20439,val,1
20440,val,1
20441,val,1
20442,val,0
20443,val,2
20444,val,1
20445,val,1
20446,val,1
20447,val,0
20448,val,2
20449,val,2
20450,val,0
20451,val,0
20452,val,2
20453,val,0
20454,val,1
20455,val,1
20456,val,1
20457,val,0
20458,val,2
20459,val,1
20460,val,0
20461,val,2
20462,val,1
20463,val,1
20464,val,0
20465,val,1
20466,val,2
20467,val,0
20468,val,2
20469,val,0
20470,val,0
20471,val,1
20472,val,2
20473,val,0
20474,val,1
20475,val,0
20476,val,2
20477,val,2
20478,val,0
20479,val,2
20480,val,2
20481,val,1
20482,val,0
20483,val,2
20484,val,0
20485,val,2
20486,val,1
20487,val,2
20488,val,2
20489,val,1
20490,val,1
20491,val,0
20492,val,2
20493,val,1
20494,val,1
20495,val,0
20496,val,0
20497,val,2
20498,val,1
20499,val,0
20500,val,1
20501,val,1
20502,val,0
20503,val,0
20504,val,1
20505,val,0
20506,val,0
20507,val,1
20508,val,0
20509,val,1
20510,val,1
20511,val,0
20512,val,1
20513,val,0
20514,val,2
20515,val,0
20516,val,1
20517,val,1
20518,val,1
20519,val,2
20520,val,0
20521,val,1
20522,val,1
20523,val,0
20524,val,0
20525,val,0
20526,val,1
20527,val,2
20528,val,0
20529,val,1
20530,val,0
20531,val,1
20532,val,0
20533,val,1
20534,val,2
20535,val,0
20536,val,1
20537,val,1
20538,val,0
20539,val,1
20540,val,1
20541,val,0
20542,val,0
20543,val,1
20544,val,0
20545,val,0
20546,val,2
20547,val,0
20548,val,2
20549,val,2
20550,val,2
20551,val,0
20552,val,0
20553,val,0
20554,val,1
20555,val,0
20556,val,2
20557,val,1
20558,val,0
20559,val,1
20560,val,1
20561,val,0
20562,val,0
20563,val,1
20564,val,1
20565,val,1
20566,val,0
20567,val,0
20568,val,2
20569,val,0
20570,val,1
20571,val,0
20572,val,0
20573,val,0
20574,val,1
20575,val,0
20576,val,1
20577,val,1
20578,val,1
20579,val,1
20580,val,1
20581,val,2
20582,val,2
20583,val,0
20584,val,2
20585,val,1
20586,val,2
20587,val,2
20588,val,2
20589,val,0
20590,val,0
20591,val,0
20592,val,0
20593,val,0
20594,val,0
20595,val,0
20596,val,1
20597,val,1
20598,val,1
20599,val,2
20600,val,1
20601,val,2
20602,val,1
20603,val,2
20604,val,2
20605,val,2
20606,val,1
20607,val,1
20608,val,1
20609,val,0
20610,val,1
20611,val,1
20612,val,0
20613,val,2
20614,val,1
20615,val,0
20616,val,1
20617,val,2
20618,val,0
20619,val,0
20620,val,0
20621,val,2
20622,val,2
20623,val,0
20624,val,2
20625,val,1
20626,val,0
20627,val,2
20628,val,2
20629,val,1
20630,val,0
20631,val,2
20632,val,1
20633,val,1
20634,val,2
20635,val,0
20636,val,0
20637,val,1
20638,val,0
20639,val,1
20640,val,0
20641,val,1
20642,val,0
20643,val,0
20644,val,0
20645,val,0
20646,val,1
20647,val,0
20648,val,1
20649,val,0
20650,val,1
20651,val,0
20652,val,1
20653,val,1
20654,val,1
20655,val,2
20656,val,0
20657,val,2
20658,val,0
20659,val,1
20660,val,0
20661,val,0
20662,val,0
20663,val,0
20664,val,2
20665,val,2
20666,val,0
20667,val,0
20668,val,1
20669,val,1
20670,val,0
20671,val,1
20672,val,2
20673,val,2
20674,val,0
20675,val,2
20676,val,2
20677,val,2
20678,val,0
20679,val,1
20680,val,0
20681,val,1
20682,val,1
20683,val,1
20684,val,2
20685,val,1
20686,val,2
20687,val,1
20688,val,1
20689,val,1
20690,val,1
20691,val,2
20692,val,2
20693,val,2
20694,val,0
20695,val,1
20696,val,2
20697,val,2
20698,val,1
20699,val,1
20700,val,0
20701,val,2
20702,val,1
20703,val,0
20704,val,1
20705,val,2
20706,val,0
20707,val,2
20708,val,0
20709,val,2
20710,val,2
20711,val,1
20712,val,2
20713,val,0
20714,val,0
20715,val,2
20716,val,0
20717,val,1
20718,val,1
20719,val,1
20720,val,1
20721,val,2
20722,val,0
20723,val,1
20724,val,2
20725,val,1
20726,val,1
20727,val,1
20728,val,1
20729,val,1
20730,val,1
20731,val,1
20732,val,0
20733,val,0
20734,val,1
20735,val,2
20736,val,0
20737,val,1
20738,val,2
20739,val,0
20740,val,2
20741,val,2
20742,val,1
20743,val,0
20744,val,1
20745,val,1
20746,val,2
20747,val,0
20748,val,2
20749,val,0
20750,val,1
20751,val,2
20752,val,0
20753,val,2
20754,val,1
20755,val,1
20756,val,1
20757,val,2
20758,val,2
20759,val,1
20760,val,0
20761,val,2
20762,val,0
20763,val,2
20764,val,1
20765,val,2
20766,val,1
20767,val,2
20768,val,0
20769,val,2
20770,val,0
20771,val,1
20772,val,0
20773,val,2
20774,val,1
20775,val,1
20776,val,0
20777,val,1
20778,val,2
20779,val,2
20780,val,0
20781,val,0
20782,val,2
20783,val,1
20784,val,0
20785,val,1
20786,val,2
20787,val,1
20788,val,1
20789,val,2
20790,val,0
20791,val,2
20792,val,1
20793,val,0
20794,val,1
20795,val,1
20796,val,2
20797,val,2
20798,val,0
20799,val,2
20800,val,2
20801,val,2
20802,val,0
20803,val,2
20804,val,2
20805,val,2
20806,val,2
20807,val,2
20808,val,1
20809,val,0
20810,val,1
20811,val,0
20812,val,1
20813,val,0
20814,val,1
20815,val,1
20816,val,1
20817,val,1
20818,val,0
20819,val,0
20820,val,1
20821,val,0
20822,val,0
20823,val,2
20824,val,2
20825,val,2
20826,val,0
20827,val,0
20828,val,1
20829,val,1
20830,val,1
20831,val,0
20832,val,2
20833,val,2
20834,val,0
20835,val,1
20836,val,0
20837,val,2
20838,val,1
20839,val,0
20840,val,0
20841,val,2
20842,val,0
20843,val,0
20844,val,0
20845,val,0
20846,val,1
20847,val,2
20848,val,1
20849,val,0
20850,val,1
20851,val,0
20852,val,1
20853,val,2
20854,val,1
20855,val,1
20856,val,0
20857,val,1
20858,val,2
20859,val,2
20860,val,2
20861,val,0
20862,val,2
20863,val,0
20864,val,0
20865,val,0
20866,val,1
20867,val,0
20868,val,1
20869,val,1
20870,val,2
20871,val,1
20872,val,1
20873,val,0
20874,val,2
20875,val,2
20876,val,0
20877,val,2
20878,val,1
20879,val,0
20880,val,2
20881,val,1
20882,val,1
20883,val,0
20884,val,1
20885,val,2
20886,val,1
20887,val,2
20888,val,0
20889,val,0
20890,val,2
20891,val,2
20892,val,0
20893,val,0
20894,val,2
20895,val,1
20896,val,1
20897,val,0
20898,val,0
20899,val,1
20900,val,1
20901,val,0
20902,val,0
20903,val,1
20904,val,2
20905,val,2
20906,val,1
20907,val,0
20908,val,1
20909,val,0
20910,val,2
20911,val,2
20912,val,2
20913,val,2
20914,val,0
20915,val,0
20916,val,0
20917,val,0
20918,val,2
20919,val,0
20920,val,0
20921,val,2
20922,val,0
20923,val,0
20924,val,2
20925,val,0
20926,val,0
20927,val,1
20928,val,1
20929,val,0
20930,val,2
20931,val,0
20932,val,0
20933,val,0
20934,val,0
20935,val,0
20936,val,2
20937,val,2
20938,val,1
20939,val,2
20940,val,0
20941,val,1
20942,val,2
20943,val,1
20944,val,0
20945,val,0
20946,val,1
20947,val,2
20948,val,1
20949,val,2
20950,val,1
20951,val,2
20952,val,2
20953,val,1
20954,val,2
20955,val,1
20956,val,1
20957,val,2
20958,val,1
20959,val,1
20960,val,2
20961,val,2
20962,val,1
20963,val,2
20964,val,2
20965,val,0
20966,val,0
20967,val,1
20968,val,0
20969,val,1
20970,val,2
20971,val,2
20972,val,0
20973,val,0
20974,val,0
20975,val,0
20976,val,1
20977,val,1
20978,val,2
20979,val,0
20980,val,2
20981,val,0
20982,val,0
20983,val,0
20984,val,0
20985,val,1
20986,val,0
20987,val,0
20988,val,0
20989,val,0
20990,val,0
20991,val,1
20992,val,2
20993,val,0
20994,val,1
20995,val,0
20996,val,2
20997,val,1
20998,val,0
20999,val,0
21000,val,1
21001,val,1
21002,val,1
21003,val,1
21004,val,1
21005,val,1
21006,val,0
21007,val,2
21008,val,2
21009,val,0
21010,val,1
21011,val,0
21012,val,1
21013,val,0
21014,val,2
21015,val,1
21016,val,0
21017,val,2
21018,val,0
21019,val,0
21020,val,2
21021,val,1
21022,val,0
21023,val,2
21024,val,2
21025,val,1
21026,val,1
21027,val,2
21028,val,1
21029,val,0
21030,val,0
21031,val,0
21032,val,1
21033,val,1
21034,val,0
21035,val,2
21036,val,2
21037,val,2
21038,val,2
21039,val,0
21040,val,2
21041,val,0
21042,val,0
21043,val,1
21044,val,1
21045,val,0
21046,val,1
21047,val,0
21048,val,2
21049,val,1
21050,val,1
21051,val,2
21052,val,2
21053,val,2
21054,val,0
21055,val,2
21056,val,0
21057,val,1
21058,val,2
21059,val,1
21060,val,0
21061,val,0
21062,val,0
21063,val,0
21064,val,1
21065,val,1
21066,val,1
21067,val,1
21068,val,0
21069,val,2
21070,val,2
21071,val,2
21072,val,0
21073,val,2
21074,val,2
21075,val,1
21076,val,1
21077,val,1
21078,val,1
21079,val,2
21080,val,2
21081,val,2
21082,val,0
21083,val,1
21084,val,1
21085,val,1
21086,val,0
21087,val,2
21088,val,0
21089,val,1
21090,val,1
21091,val,2
21092,val,0
21093,val,2
21094,val,2
21095,val,0
21096,val,1
21097,val,2
21098,val,0
21099,val,2
21100,val,0
21101,val,0
21102,val,1
21103,val,0
21104,val,0
21105,val,2
21106,val,1
21107,val,0
21108,val,0
21109,val,0
21110,val,1
21111,val,2
21112,val,2
21113,val,2
21114,val,0
21115,val,1
21116,val,1
21117,val,1
21118,val,0
21119,val,1
21120,val,1
21121,val,1
21122,val,2
21123,val,0
21124,val,0
21125,val,1
21126,val,2
21127,val,1
21128,val,1
21129,val,1
21130,val,0
21131,val,1
21132,val,2
21133,val,2
21134,val,1
21135,val,1
21136,val,0
21137,val,2
21138,val,0
21139,val,1
21140,val,0
21141,val,1
21142,val,1
21143,val,0
21144,val,1
21145,val,1
21146,val,0
21147,val,2
21148,val,1
21149,val,1
21150,val,0
21151,val,1
21152,val,0
21153,val,1
21154,val,0
21155,val,1
21156,val,1
21157,val,1
21158,val,1
21159,val,0
21160,val,1
21161,val,1
21162,val,1
21163,val,0
21164,val,2
21165,val,2
21166,val,1
21167,val,2
21168,val,0
21169,val,1
21170,val,1
21171,val,1
21172,val,0
21173,val,0
21174,val,1
21175,val,1
21176,val,1
21177,val,1
21178,val,0
21179,val,2
21180,val,0
21181,val,0
21182,val,0
21183,val,0
21184,val,2
21185,val,1
21186,val,0
21187,val,0
21188,val,2
21189,val,1
21190,val,1
21191,val,0
21192,val,0
21193,val,1
21194,val,1
21195,val,0
21196,val,0
21197,val,0
21198,val,1
21199,val,2
21200,val,1
21201,val,0
21202,val,1
21203,val,2
21204,val,1
21205,val,1
21206,val,1
21207,val,1
21208,val,2
21209,val,1
21210,val,1
21211,val,0
21212,val,0
21213,val,1
21214,val,1
21215,val,0
21216,val,1
21217,val,2
21218,val,1
21219,val,0
21220,val,2
21221,val,2
21222,val,2
21223,val,1
21224,val,2
21225,val,0
21226,val,1
21227,val,2
21228,val,2
21229,val,0
21230,val,1
21231,val,0
21232,val,2
21233,val,2
21234,val,2
21235,val,0
21236,val,2
21237,val,0
21238,val,1
21239,val,1
21240,val,2
21241,val,0
21242,val,0
21243,val,1
21244,val,2
21245,val,0
21246,val,0
21247,val,0
21248,val,0
21249,val,1
21250,val,0
21251,val,1
21252,val,2
21253,val,1
21254,val,0
21255,val,2
21256,val,2
21257,val,0
21258,val,0
21259,val,0
21260,val,0
21261,val,2
21262,val,0
21263,val,1
21264,val,1
21265,val,1
21266,val,0
21267,val,0
21268,val,0
21269,val,0
21270,val,2
21271,val,1
21272,val,0
21273,val,1
21274,val,2
21275,val,2
21276,val,2
21277,val,2
21278,val,1
21279,val,1
21280,val,0
21281,val,2
21282,val,1
21283,val,0
21284,val,1
21285,val,2
21286,val,0
21287,val,2
21288,val,1
21289,val,0
21290,val,1
21291,val,1
21292,val,2
21293,val,1
21294,val,2
21295,val,0
21296,val,0
21297,val,2
21298,val,1
21299,val,1
21300,val,2
21301,val,2
21302,val,0
21303,val,0
21304,val,1
21305,val,1
21306,val,2
21307,val,0
21308,val,1
21309,val,0
21310,val,1
21311,val,0
21312,val,2
21313,val,1
21314,val,0
21315,val,0
21316,val,0
21317,val,0
21318,val,1
21319,val,2
21320,val,0
21321,val,1
21322,val,2
21323,val,0
21324,val,0
21325,val,1
21326,val,1
21327,val,0
21328,val,2
21329,val,2
21330,val,1
21331,val,0
21332,val,1
21333,val,2
21334,val,2
21335,val,1
21336,val,2
21337,val,2
21338,val,2
21339,val,2
21340,val,2
21341,val,0
21342,val,1
21343,val,1
21344,val,0
21345,val,2
21346,val,2
21347,val,2
21348,val,1
21349,val,2
21350,val,1
21351,val,1
21352,val,2
21353,val,0
21354,val,1
21355,val,1
21356,val,2
21357,val,0
21358,val,0
21359,val,1
21360,val,1
21361,val,0
21362,val,0
21363,val,2
21364,val,2
21365,val,0
21366,val,2
21367,val,0
21368,val,0
21369,val,0
21370,val,1
21371,val,1
21372,val,1
21373,val,0
21374,val,1
21375,val,2
21376,val,1
21377,val,0
21378,val,0
21379,val,1
21380,val,2
21381,val,0
21382,val,1
21383,val,0
21384,val,1
21385,val,1
21386,val,0
21387,val,2
21388,val,2
21389,val,0
21390,val,2
21391,val,2
21392,val,1
21393,val,2
21394,val,2
21395,val,0
21396,val,1
21397,val,1
21398,val,0
21399,val,1
21400,val,1
21401,val,2
21402,val,1
21403,val,1
21404,val,1
21405,val,0
21406,val,0
21407,val,1
21408,val,2
21409,val,1
21410,val,2
21411,val,1
21412,val,2
21413,val,2
21414,val,1
21415,val,0
21416,val,0
21417,val,2
21418,val,1
21419,val,2
21420,val,1
21421,val,1
21422,val,0
21423,val,0
21424,val,1
21425,val,2
21426,val,2
21427,val,2
21428,val,0
21429,val,0
21430,val,0
21431,val,1
21432,val,2
21433,val,0
21434,val,0
21435,val,2
21436,val,2
21437,val,1
21438,val,1
21439,val,1
21440,val,0
21441,val,0
21442,val,0
21443,val,1
21444,val,0
21445,val,0
21446,val,2
21447,val,1
21448,val,0
21449,val,0
21450,val,2
21451,val,0
21452,val,1
21453,val,1
21454,val,1
21455,val,2
21456,val,1
21457,val,1
21458,val,2
21459,val,1
21460,val,0
21461,val,1
21462,val,2
21463,val,0
21464,val,1
21465,val,1
21466,val,1
21467,val,1
21468,val,2
21469,val,0
21470,val,1
21471,val,2
21472,val,1
21473,val,0
21474,val,2
21475,val,2
21476,val,0
21477,val,2
21478,val,2
21479,val,2
21480,val,1
21481,val,2
21482,val,0
21483,val,0
21484,val,0
21485,val,1
21486,val,1
21487,val,0
21488,val,2
21489,val,2
21490,val,0
21491,val,0
21492,val,1
21493,val,2
21494,val,1
21495,val,2
21496,val,0
21497,val,1
21498,val,0
21499,val,0
21500,val,2
21501,val,0
21502,val,0
21503,val,1
21504,val,1
21505,val,2
21506,val,0
21507,val,2
21508,val,0
21509,val,2
21510,val,0
21511,val,0
21512,val,0
21513,val,1
21514,val,1
21515,val,2
21516,val,0
21517,val,1
21518,val,2
21519,val,2
21520,val,1
21521,val,2
21522,val,2
21523,val,1
21524,val,0
21525,val,0
21526,val,2
21527,val,2
21528,val,0
21529,val,1
21530,val,0
21531,val,1
21532,val,0
21533,val,2
21534,val,2
21535,val,0
21536,val,2
21537,val,1
21538,val,2
21539,val,1
21540,val,1
21541,val,0
21542,val,0
21543,val,0
21544,val,1
21545,val,1
21546,val,1
21547,val,2
21548,val,0
21549,val,0
21550,val,1
21551,val,2
21552,val,2
21553,val,0
21554,val,1
21555,val,1
21556,val,1
21557,val,0
21558,val,1
21559,val,1
21560,val,1
21561,val,1
21562,val,0
21563,val,1
21564,val,2
21565,val,0
21566,val,1
21567,val,1
21568,val,0
21569,val,1
21570,val,2
21571,val,0
21572,val,2
21573,val,2
21574,val,1
21575,val,2
21576,val,1
21577,val,1
21578,val,2
21579,val,0
21580,val,0
21581,val,1
21582,val,2
21583,val,1
21584,val,0
21585,val,2
21586,val,2
21587,val,1
21588,val,0
21589,val,1
21590,val,0
21591,val,2
21592,val,0
21593,val,1
21594,val,2
21595,val,2
21596,val,1
21597,val,1
21598,val,2
21599,val,0
21600,val,1
21601,val,2
21602,val,1
21603,val,2
21604,val,0
21605,val,0
21606,val,1
21607,val,0
21608,val,1
21609,val,0
21610,val,1
21611,val,1
21612,val,0
21613,val,1
21614,val,1
21615,val,1
21616,val,2
21617,val,2
21618,val,1
21619,val,0
21620,val,0
21621,val,0
21622,val,1
21623,val,1
21624,val,0
21625,val,0
21626,val,2
21627,val,1
21628,val,2
21629,val,1
21630,val,1
21631,val,1
21632,val,1
21633,val,1
21634,val,1
21635,val,1
21636,val,0
21637,val,1
21638,val,0
21639,val,1
21640,val,0
21641,val,2
21642,val,2
21643,val,1
21644,val,1
21645,val,1
21646,val,2
21647,val,1
21648,val,2
21649,val,1
21650,val,1
21651,val,1
21652,val,1
21653,val,1
21654,val,1
21655,val,0
21656,val,2
21657,val,1
21658,val,2
21659,val,2
21660,val,0
21661,val,1
21662,val,1
21663,val,2
21664,val,2
21665,val,2
21666,val,1
21667,val,1
21668,val,0
21669,val,2
21670,val,0
21671,val,2
21672,val,2
21673,val,2
21674,val,2
21675,val,2
21676,val,1
21677,val,1
21678,val,2
21679,val,1
21680,val,1
21681,val,1
21682,val,2
21683,val,1
21684,val,0
21685,val,2
21686,val,2
21687,val,1
21688,val,2
21689,val,2
21690,val,1
21691,val,0
21692,val,0
21693,val,0
21694,val,0
21695,val,2
21696,val,0
21697,val,1
21698,val,2
21699,val,2
21700,val,0
21701,val,1
21702,val,1
21703,val,0
21704,val,2
21705,val,2
21706,val,2
21707,val,2
21708,val,2
21709,val,0
21710,val,2
21711,val,0
21712,val,1
21713,val,1
21714,val,2
21715,val,1
21716,val,2
21717,val,0
21718,val,2
21719,val,0
21720,val,1
21721,val,0
21722,val,2
21723,val,1
21724,val,0
21725,val,1
21726,val,1
21727,val,0
21728,val,1
21729,val,2
21730,val,0
21731,val,1
21732,val,1
21733,val,0
21734,val,0
21735,val,1
21736,val,0
21737,val,1
21738,val,0
21739,val,2
21740,val,2
21741,val,2
21742,val,1
21743,val,0
21744,val,0
21745,val,0
21746,val,1
21747,val,2
21748,val,0
21749,val,1
21750,val,0
21751,val,0
21752,val,1
21753,val,2
21754,val,2
21755,val,2
21756,val,2
21757,val,1
21758,val,2
21759,val,2
21760,val,1
21761,val,1
21762,val,0
21763,val,1
21764,val,1
21765,val,2
21766,val,1
21767,val,0
21768,val,1
21769,val,1
21770,val,0
21771,val,0
21772,val,0
21773,val,1
21774,val,2
21775,val,1
21776,val,1
21777,val,1
21778,val,1
21779,val,0
21780,val,0
21781,val,1
21782,val,1
21783,val,1
21784,val,2
21785,val,2
21786,val,1
21787,val,2
21788,val,0
21789,val,0
21790,val,2
21791,val,1
21792,val,2
21793,val,0
21794,val,0
21795,val,2
21796,val,0
21797,val,2
21798,val,1
21799,val,2
21800,val,0
21801,val,1
21802,val,1
21803,val,2
21804,val,0
21805,val,1
21806,val,2
21807,val,0
21808,val,0
21809,val,2
21810,val,2
21811,val,0
21812,val,0
21813,val,2
21814,val,0
21815,val,1
21816,val,1
21817,val,2
21818,val,0
21819,val,0
21820,val,1
21821,val,2
21822,val,1
21823,val,0
21824,val,0
21825,val,0
21826,val,1
21827,val,2
21828,val,1
21829,val,1
21830,val,0
21831,val,1
21832,val,0
21833,val,1
21834,val,2
21835,val,2
21836,val,2
21837,val,0
21838,val,1
21839,val,1
21840,val,0
21841,val,2
21842,val,1
21843,val,1
21844,val,0
21845,val,2
21846,val,1
21847,val,0
21848,val,2
21849,val,2
21850,val,0
21851,val,1
21852,val,1
21853,val,1
21854,val,1
21855,val,0
21856,val,0
21857,val,0
21858,val,0
21859,val,0
21860,val,0
21861,val,0
21862,val,0
21863,val,1
21864,val,0
21865,val,0
21866,val,0
21867,val,1
21868,val,0
21869,val,2
21870,val,0
21871,val,0
21872,val,0
21873,val,1
21874,val,2
21875,val,0
21876,val,2
21877,val,2
21878,val,1
21879,val,0
21880,val,2
21881,val,0
21882,val,2
21883,val,1
21884,val,2
21885,val,0
21886,val,1
21887,val,2
21888,val,1
21889,val,2
21890,val,2
21891,val,1
21892,val,1
21893,val,1
21894,val,2
21895,val,2
21896,val,2
21897,val,2
21898,val,0
21899,val,0
21900,val,2
21901,val,2
21902,val,1
21903,val,1
21904,val,0
21905,val,0
21906,val,2
21907,val,0
21908,val,2
21909,val,0
21910,val,1
21911,val,1
21912,val,0
21913,val,1
21914,val,2
21915,val,1
21916,val,1
21917,val,2
21918,val,0
21919,val,2
21920,val,2
21921,val,1
21922,val,2
21923,val,1
21924,val,2
21925,val,2
21926,val,2
21927,val,2
21928,val,1
21929,val,0
21930,val,1
21931,val,0
21932,val,0
21933,val,0
21934,val,0
21935,val,2
21936,val,1
21937,val,1
21938,val,0
21939,val,1
21940,val,0
21941,val,0
21942,val,1
21943,val,2
21944,val,0
21945,val,1
21946,val,0
21947,val,1
21948,val,2
21949,val,0
21950,val,1
21951,val,0
21952,val,0
21953,val,2
21954,val,1
21955,val,2
21956,val,2
21957,val,0
21958,val,1
21959,val,0
21960,val,0
21961,val,0
21962,val,0
21963,val,1
21964,val,1
21965,val,0
21966,val,0
21967,val,2
21968,val,2
21969,val,2
21970,val,2
21971,val,2
21972,val,0
21973,val,1
21974,val,2
21975,val,0
21976,val,0
21977,val,1
21978,val,2
21979,val,0
21980,val,0
21981,val,1
21982,val,1
21983,val,0
21984,val,2
21985,val,2
21986,val,2
21987,val,0
21988,val,0
21989,val,2
21990,val,0
21991,val,2
21992,val,1
21993,val,0
21994,val,2
21995,val,0
21996,val,0
21997,val,0
21998,val,0
21999,val,1
22000,val,0
22001,val,1
22002,val,1
22003,val,1
22004,val,2
22005,val,1
22006,val,2
22007,val,2
22008,val,0
22009,val,1
22010,val,2
22011,val,0
22012,val,1
22013,val,0
22014,val,1
22015,val,0
22016,val,0
22017,val,0
22018,val,2
22019,val,1
22020,val,2
22021,val,0
22022,val,0
22023,val,1
22024,val,1
22025,val,1
22026,val,2
22027,val,1
22028,val,1
22029,val,2
22030,val,2
22031,val,1
22032,val,1
22033,val,0
22034,val,0
22035,val,1
22036,val,1
22037,val,0
22038,val,2
22039,val,1
22040,val,1
22041,val,0
22042,val,2
22043,val,2
22044,val,1
22045,val,2
22046,val,2
22047,val,2
22048,val,0
22049,val,0
22050,val,0
22051,val,0
22052,val,1
22053,val,1
22054,val,0
22055,val,1
22056,val,2
22057,val,1
22058,val,2
22059,val,2
22060,val,0
22061,val,1
22062,val,0
22063,val,2
22064,val,1
22065,val,1
22066,val,2
22067,val,1
22068,val,0
22069,val,1
22070,val,0
22071,val,2
22072,val,1
22073,val,0
22074,val,2
22075,val,0
22076,val,0
22077,val,2
22078,val,0
22079,val,1
22080,val,2
22081,val,2
22082,val,2
22083,val,1
22084,val,1
22085,val,0
22086,val,2
22087,val,2
22088,val,1
22089,val,1
22090,val,2
22091,val,1
22092,val,1
22093,val,1
22094,val,1
22095,val,2
22096,val,0
22097,val,0
22098,val,1
22099,val,2
22100,val,2
22101,val,0
22102,val,2
22103,val,0
22104,val,1
22105,val,2
22106,val,2
22107,val,2
22108,val,1
22109,val,0
22110,val,1
22111,val,1
22112,val,2
22113,val,0
22114,val,1
22115,val,0
22116,val,2
22117,val,1
22118,val,2
22119,val,0
22120,val,2
22121,val,1
22122,val,1
22123,val,2
22124,val,1
22125,val,0
22126,val,0
22127,val,2
22128,val,0
22129,val,1
22130,val,2
22131,val,0
22132,val,2
22133,val,0
22134,val,1
22135,val,1
22136,val,0
22137,val,2
22138,val,1
22139,val,1
22140,val,1
22141,val,1
22142,val,0
22143,val,1
22144,val,2
22145,val,2
22146,val,0
22147,val,0
22148,val,2
22149,val,0
22150,val,1
22151,val,0
22152,val,1
22153,val,1
22154,val,1
22155,val,2
22156,val,1
22157,val,1
22158,val,1
22159,val,0
22160,val,0
22161,val,2
22162,val,1
22163,val,0
22164,val,1
22165,val,0
22166,val,0
22167,val,0
22168,val,1
22169,val,0
22170,val,0
22171,val,0
22172,val,0
22173,val,1
22174,val,1
22175,val,1
22176,val,0
22177,val,1
22178,val,1
22179,val,0
22180,val,1
22181,val,1
22182,val,1
22183,val,1
22184,val,2
22185,val,1
22186,val,0
22187,val,0
22188,val,1
22189,val,2
22190,val,0
22191,val,1
22192,val,1
22193,val,0
22194,val,0
22195,val,2
22196,val,2
22197,val,0
22198,val,0
22199,val,0
22200,val,1
22201,val,2
22202,val,0
22203,val,0
22204,val,1
22205,val,1
22206,val,1
22207,val,0
22208,val,2
22209,val,0
22210,val,0
22211,val,0
22212,val,1
22213,val,1
22214,val,0
22215,val,1
22216,val,2
22217,val,1
22218,val,0
22219,val,2
22220,val,0
22221,val,0
22222,val,1
22223,val,2
22224,val,1
22225,val,0
22226,val,1
22227,val,1
22228,val,1
22229,val,1
22230,val,2
22231,val,0
22232,val,1
22233,val,0
22234,val,2
22235,val,0
22236,val,1
22237,val,0
22238,val,0
22239,val,2
22240,val,1
22241,val,0
22242,val,0
22243,val,2
22244,val,1
22245,val,0
22246,val,0
22247,val,0
22248,val,1
22249,val,2
22250,val,0
22251,val,2
22252,val,0
22253,val,0
22254,val,1
22255,val,0
22256,val,0
22257,val,1
22258,val,1
22259,val,1
22260,val,1
22261,val,1
22262,val,0
22263,val,0
22264,val,1
22265,val,0
22266,val,0
22267,val,2
22268,val,0
22269,val,1
22270,val,0
22271,val,0
22272,val,2
22273,val,0
22274,val,1
22275,val,0
22276,val,1
22277,val,1
22278,val,0
22279,val,1
22280,val,1
22281,val,2
22282,val,2
22283,val,2
22284,val,0
22285,val,2
22286,val,1
22287,val,0
22288,val,2
22289,val,1
22290,val,1
22291,val,0
22292,val,2
22293,val,1
22294,val,1
22295,val,1
22296,val,0
22297,val,0
22298,val,0
22299,val,0
22300,val,0
22301,val,1
22302,val,2
22303,val,0
22304,val,0
22305,val,0
22306,val,1
22307,val,0
22308,val,0
22309,val,2
22310,val,1
22311,val,0
22312,val,0
22313,val,1
22314,val,0
22315,val,0
22316,val,0
22317,val,0
22318,val,0
22319,val,0
22320,val,0
22321,val,0
22322,val,1
22323,val,2
22324,val,0
22325,val,2
22326,val,2
22327,val,0
22328,val,2
22329,val,0
22330,val,2
22331,val,2
22332,val,1
22333,val,2
22334,val,1
22335,val,0
22336,val,0
22337,val,0
22338,val,1
22339,val,0
22340,val,0
22341,val,1
22342,val,1
22343,val,2
22344,val,1
22345,val,0
22346,val,0
22347,val,2
22348,val,1
22349,val,0
22350,val,0
22351,val,0
22352,val,1
22353,val,1
22354,val,1
22355,val,1
22356,val,1
22357,val,2
22358,val,2
22359,val,1
22360,val,2
22361,val,2
22362,val,0
22363,val,1
22364,val,0
22365,val,1
22366,val,2
22367,val,2
22368,val,2
22369,val,1
22370,val,0
22371,val,1
22372,val,0
22373,val,0
22374,val,2
22375,val,0
22376,val,2
22377,val,2
22378,val,0
22379,val,0
22380,val,2
22381,val,0
22382,val,1
22383,val,1
22384,val,1
22385,val,0
22386,val,2
22387,val,1
22388,val,2
22389,val,0
22390,val,0
22391,val,0
22392,val,2
22393,val,2
22394,val,0
22395,val,2
22396,val,0
22397,val,0
22398,val,1
22399,val,1
22400,val,0
22401,val,0
22402,val,1
22403,val,1
22404,val,0
22405,val,0
22406,val,1
22407,val,1
22408,val,1
22409,val,0
22410,val,1
22411,val,1
22412,val,1
22413,val,1
22414,val,2
22415,val,1
22416,val,0
22417,val,0
22418,val,2
22419,val,2
22420,val,0
22421,val,0
22422,val,2
22423,val,1
22424,val,0
22425,val,0
22426,val,1
22427,val,2
22428,val,0
22429,val,0
22430,val,1
22431,val,1
22432,val,1
22433,val,0
22434,val,1
22435,val,1
22436,val,2
22437,val,1
22438,val,0
22439,val,0
22440,val,0
22441,val,2
22442,val,0
22443,val,2
22444,val,1
22445,val,2
22446,val,2
22447,val,2
22448,val,1
22449,val,0
22450,val,1
22451,val,2
22452,val,1
22453,val,1
22454,val,0
22455,val,0
22456,val,0
22457,val,1
22458,val,0
22459,val,0
22460,val,0
22461,val,1
22462,val,0
22463,val,0
22464,val,0
22465,val,2
22466,val,1
22467,val,1
22468,val,0
22469,val,1
22470,val,2
22471,val,1
22472,val,1
22473,val,2
22474,val,1
22475,val,0
22476,val,0
22477,val,0
22478,val,0
22479,val,1
22480,val,0
22481,val,0
22482,val,1
22483,val,1
22484,val,1
22485,val,2
22486,val,0
22487,val,1
22488,val,2
22489,val,0
22490,val,0
22491,val,0
22492,val,0
22493,val,0
22494,val,1
22495,val,0
22496,val,2
22497,val,0
22498,val,0
22499,val,2
22500,val,1
22501,val,1
22502,val,1
22503,val,1
22504,val,0
22505,val,0
22506,val,0
22507,val,0
22508,val,0
22509,val,2
22510,val,1
22511,val,2
22512,val,1
22513,val,0
22514,val,1
22515,val,1
22516,val,2
22517,val,2
22518,val,2
22519,val,2
22520,val,1
22521,val,0
22522,val,1
22523,val,2
22524,val,1
22525,val,2
22526,val,0
22527,val,2
22528,val,2
22529,val,2
22530,val,2
22531,val,0
22532,val,2
22533,val,1
22534,val,0
22535,val,2
22536,val,0
22537,val,0
22538,val,1
22539,val,1
22540,val,1
22541,val,1
22542,val,1
22543,val,2
22544,val,1
22545,val,0
22546,val,2
22547,val,1
22548,val,1
22549,val,1
22550,val,1
22551,val,0
22552,val,1
22553,val,1
22554,val,2
22555,val,0
22556,val,0
22557,val,2
22558,val,2
22559,val,2
22560,val,2
22561,val,2
22562,val,0
22563,val,0
22564,val,2
22565,val,1
22566,val,2
22567,val,0
22568,val,2
22569,val,1
22570,val,1
22571,val,0
22572,val,0
22573,val,1
22574,val,2
22575,val,2
22576,val,0
22577,val,2
22578,val,1
22579,val,0
22580,val,0
22581,val,0
22582,val,1
22583,val,1
22584,val,0
22585,val,0
22586,val,2
22587,val,1
22588,val,1
22589,val,1
22590,val,2
22591,val,0
22592,val,2
22593,val,0
22594,val,1
22595,val,1
22596,val,1
22597,val,0
22598,val,2
22599,val,1
22600,val,0
22601,val,1
22602,val,1
22603,val,0
22604,val,0
22605,val,0
22606,val,1
22607,val,2
22608,val,0
22609,val,0
22610,val,0
22611,val,2
22612,val,2
22613,val,0
22614,val,1
22615,val,2
22616,val,0
22617,val,0
22618,val,1
22619,val,0
22620,val,1
22621,val,2
22622,val,2
22623,val,0
22624,val,1
22625,val,1
22626,val,0
22627,val,2
22628,val,2
22629,val,1
22630,val,0
22631,val,2
22632,val,0
22633,val,2
22634,val,1
22635,val,2
22636,val,0
22637,val,0
22638,val,2
22639,val,1
22640,val,1
22641,val,0
22642,val,2
22643,val,2
22644,val,0
22645,val,1
22646,val,2
22647,val,1
22648,val,0
22649,val,0
22650,val,0
22651,val,1
22652,val,0
22653,val,1
22654,val,0
22655,val,0
22656,val,0
22657,val,1
22658,val,2
22659,val,0
22660,val,1
22661,val,2
22662,val,0
22663,val,1
22664,val,0
22665,val,1
22666,val,0
22667,val,0
22668,val,2
22669,val,0
22670,val,1
22671,val,2
22672,val,1
22673,val,0
22674,val,1
22675,val,0
22676,val,1
22677,val,1
22678,val,2
22679,val,0
22680,val,0
22681,val,2
22682,val,1
22683,val,2
22684,val,2
22685,val,1
22686,val,1
22687,val,0
22688,val,1
22689,val,0
22690,val,2
22691,val,0
22692,val,1
22693,val,1
22694,val,0
22695,val,0
22696,val,1
22697,val,2
22698,val,0
22699,val,0
22700,val,1
22701,val,2
22702,val,1
22703,val,1
22704,val,1
22705,val,0
22706,val,0
22707,val,1
22708,val,2
22709,val,2
22710,val,0
22711,val,0
22712,val,2
22713,val,2
22714,val,1
22715,val,0
22716,val,2
22717,val,0
22718,val,2
22719,val,0
22720,val,0
22721,val,1
22722,val,2
22723,val,0
22724,val,2
22725,val,0
22726,val,1
22727,val,2
22728,val,1
22729,val,2
22730,val,1
22731,val,0
22732,val,0
22733,val,1
22734,val,1
22735,val,2
22736,val,0
22737,val,0
22738,val,1
22739,val,2
22740,val,0
22741,val,1
22742,val,2
22743,val,2
22744,val,0
22745,val,1
22746,val,0
22747,val,2
22748,val,0
22749,val,1
22750,val,1
22751,val,0
22752,val,1
22753,val,1
22754,val,2
22755,val,0
22756,val,0
22757,val,2
22758,val,0
22759,val,0
22760,val,2
22761,val,0
22762,val,1
22763,val,1
22764,val,0
22765,val,2
22766,val,2
22767,val,0
22768,val,2
22769,val,1
22770,val,0
22771,val,1
22772,val,1
22773,val,1
22774,val,0
22775,val,0
22776,val,1
22777,val,0
22778,val,0
22779,val,2
22780,val,0
22781,val,1
22782,val,0
22783,val,2
22784,val,0
22785,val,1
22786,val,1
22787,val,0
22788,val,0
22789,val,1
22790,val,0
22791,val,1
22792,val,1
22793,val,0
22794,val,0
22795,val,0
22796,val,0
22797,val,1
22798,val,1
22799,val,0
22800,val,1
22801,val,1
22802,val,0
22803,val,1
22804,val,1
22805,val,1
22806,val,1
22807,val,1
22808,val,2
22809,val,1
22810,val,2
22811,val,1
22812,val,2
22813,val,0
22814,val,1
22815,val,0
22816,val,1
22817,val,2
22818,val,2
22819,val,0
22820,val,0
22821,val,0
22822,val,0
22823,val,0
22824,val,1
22825,val,1
22826,val,0
22827,val,1
22828,val,1
22829,val,1
22830,val,1
22831,val,0
22832,val,0
22833,val,1
22834,val,1
22835,val,1
22836,val,1
22837,val,1
22838,val,1
22839,val,1
22840,val,2
22841,val,2
22842,val,1
22843,val,0
22844,val,1
22845,val,1
22846,val,1
22847,val,1
22848,val,2
22849,val,2
22850,val,0
22851,val,1
22852,val,0
22853,val,2
22854,val,2
22855,val,0
22856,val,0
22857,val,0
22858,val,0
22859,val,2
22860,val,2
22861,val,1
22862,val,0
22863,val,0
22864,val,0
22865,val,1
22866,val,1
22867,val,1
22868,val,0
22869,val,1
22870,val,2
22871,val,0
22872,val,1
22873,val,2
22874,val,1
22875,val,0
22876,val,1
22877,val,1
22878,val,0
22879,val,2
22880,val,0
22881,val,1
22882,val,2
22883,val,1
22884,val,1
22885,val,1
22886,val,1
22887,val,1
22888,val,1
22889,val,1
22890,val,2
22891,val,2
22892,val,1
22893,val,2
22894,val,0
22895,val,0
22896,val,1
22897,val,1
22898,val,0
22899,val,2
22900,val,1
22901,val,1
22902,val,1
22903,val,0
22904,val,2
22905,val,1
22906,val,1
22907,val,1
22908,val,0
22909,val,0
22910,val,0
22911,val,2
22912,val,2
22913,val,0
22914,val,0
22915,val,0
22916,val,2
22917,val,1
22918,val,2
22919,val,0
22920,val,1
22921,val,0
22922,val,0
22923,val,1
22924,val,1
22925,val,2
22926,val,2
22927,val,0
22928,val,1
22929,val,1
22930,val,2
22931,val,0
22932,val,1
22933,val,0
22934,val,1
22935,val,1
22936,val,0
22937,val,1
22938,val,2
22939,val,0
22940,val,0
22941,val,1
22942,val,0
22943,val,0
22944,val,2
22945,val,2
22946,val,0
22947,val,2
22948,val,0
22949,val,0
22950,val,2
22951,val,2
22952,val,0
22953,val,2
22954,val,1
22955,val,1
22956,val,1
22957,val,1
22958,val,0
22959,val,2
22960,val,2
22961,val,0
22962,val,0
22963,val,1
22964,val,2
22965,val,1
22966,val,2
22967,val,0
22968,val,2
22969,val,0
22970,val,2
22971,val,1
22972,val,1
22973,val,1
22974,val,2
22975,val,2
22976,val,1
22977,val,0
22978,val,0
22979,val,0
22980,val,0
22981,val,1
22982,val,0
22983,val,0
22984,val,2
22985,val,1
22986,val,2
22987,val,2
22988,val,0
22989,val,1
22990,val,1
22991,val,2
22992,val,0
22993,val,1
22994,val,0
22995,val,0
22996,val,2
22997,val,0
22998,val,0
22999,val,0
23000,val,0
23001,val,2
23002,val,0
23003,val,2
23004,val,1
23005,val,0
23006,val,1
23007,val,2
23008,val,2
23009,val,1
23010,val,0
23011,val,1
23012,val,1
23013,val,0
23014,val,2
23015,val,2
23016,val,0
23017,val,2
23018,val,1
23019,val,1
23020,val,1
23021,val,2
23022,val,0
23023,val,2
23024,val,2
23025,val,2
23026,val,0
23027,val,1
23028,val,0
23029,val,1
23030,val,1
23031,val,0
23032,val,1
23033,val,2
23034,val,1
23035,val,1
23036,val,1
23037,val,2
23038,val,0
23039,val,1
23040,val,1
23041,val,1
23042,val,0
23043,val,2
23044,val,0
23045,val,0
23046,val,2
23047,val,1
23048,val,0
23049,val,2
23050,val,1
23051,val,2
23052,val,0
23053,val,0
23054,val,1
23055,val,1
23056,val,2
23057,val,1
23058,val,2
23059,val,0
23060,val,1
23061,val,2
23062,val,1
23063,val,2
23064,val,0
23065,val,0
23066,val,1
23067,val,2
23068,val,0
23069,val,0
23070,val,1
23071,val,2
23072,val,1
23073,val,2
23074,val,0
23075,val,0
23076,val,0
23077,val,0
23078,val,1
23079,val,0
23080,val,2
23081,val,0
23082,val,2
23083,val,1
23084,val,2
23085,val,1
23086,val,0
23087,val,2
23088,val,0
23089,val,1
23090,val,1
23091,val,2
23092,val,1
23093,val,0
23094,val,1
23095,val,1
23096,val,1
23097,val,0
23098,val,0
23099,val,0
23100,val,0
23101,val,2
23102,val,2
23103,val,0
23104,val,2
23105,val,1
23106,val,0
23107,val,1
23108,val,1
23109,val,2
23110,val,2
23111,val,2
23112,val,1
23113,val,2
23114,val,2
23115,val,0
23116,val,1
23117,val,2
23118,val,1
23119,val,2
23120,val,0
23121,val,1
23122,val,0
23123,val,0
23124,val,0
23125,val,2
23126,val,2
23127,val,1
23128,val,0
23129,val,0
23130,val,2
23131,val,0
23132,val,0
23133,val,1
23134,val,2
23135,val,0
23136,val,0
23137,val,0
23138,val,0
23139,val,0
23140,val,1
23141,val,1
23142,val,0
23143,val,2
23144,val,1
23145,val,1
23146,val,0
23147,val,1
23148,val,1
23149,val,2
23150,val,0
23151,val,1
23152,val,0
23153,val,0
23154,val,0
23155,val,0
23156,val,1
23157,val,0
23158,val,0
23159,val,1
23160,val,2
23161,val,1
23162,val,2
23163,val,2
23164,val,0
23165,val,0
23166,val,1
23167,val,1
23168,val,1
23169,val,2
23170,val,0
23171,val,2
23172,val,1
23173,val,0
23174,val,1
23175,val,0
23176,val,0
23177,val,2
23178,val,0
23179,val,2
23180,val,2
23181,val,1
23182,val,1
23183,val,0
23184,val,0
23185,val,1
23186,val,2
23187,val,1
23188,val,0
23189,val,2
23190,val,0
23191,val,2
23192,val,1
23193,val,1
23194,val,0
23195,val,1
23196,val,2
23197,val,0
23198,val,1
23199,val,0
23200,val,2
23201,val,1
23202,val,2
23203,val,0
23204,val,0
23205,val,1
23206,val,1
23207,val,0
23208,val,0
23209,val,0
23210,val,0
23211,val,2
23212,val,0
23213,val,0
23214,val,1
23215,val,0
23216,val,1
23217,val,2
23218,val,1
23219,val,1
23220,val,2
23221,val,1
23222,val,0
23223,val,0
23224,val,0
23225,val,1
23226,val,1
23227,val,0
23228,val,2
23229,val,0
23230,val,0
23231,val,2
23232,val,1
23233,val,0
23234,val,1
23235,val,2
23236,val,1
23237,val,1
23238,val,2
23239,val,1
23240,val,1
23241,val,0
23242,val,2
23243,val,0
23244,val,0
23245,val,0
23246,val,0
23247,val,0
23248,val,1
23249,val,1
23250,val,0
23251,val,2
23252,val,2
23253,val,1
23254,val,1
23255,val,1
23256,val,1
23257,val,1
23258,val,0
23259,val,1
23260,val,0
23261,val,0
23262,val,1
23263,val,0
23264,val,2
23265,val,1
23266,val,1
23267,val,0
23268,val,0
23269,val,1
23270,val,1
23271,val,1
23272,val,0
23273,val,2
23274,val,1
23275,val,1
23276,val,0
23277,val,0
23278,val,0
23279,val,1
23280,val,2
23281,val,0
23282,val,2
23283,val,0
23284,val,0
23285,val,2
23286,val,1
23287,val,1
23288,val,1
23289,val,2
23290,val,0
23291,val,1
23292,val,1
23293,val,2
23294,val,2
23295,val,2
23296,val,2
23297,val,0
23298,val,1
23299,val,1
23300,val,2
23301,val,2
23302,val,0
23303,val,0
23304,val,1
23305,val,1
23306,val,0
23307,val,2
23308,val,1
23309,val,0
23310,val,2
23311,val,2
23312,val,1
23313,val,1
23314,val,2
23315,val,1
23316,val,1
23317,val,0
23318,val,1
23319,val,0
23320,val,2
23321,val,1
23322,val,2
23323,val,2
23324,val,1
23325,val,1
23326,val,0
23327,val,0
23328,val,0
23329,val,1
23330,val,0
23331,val,1
23332,val,1
23333,val,0
23334,val,0
23335,val,0
23336,val,0
23337,val,0
23338,val,0
23339,val,2
23340,val,0
23341,val,0
23342,val,2
23343,val,0
23344,val,2
23345,val,2
23346,val,1
23347,val,0
23348,val,0
23349,val,1
23350,val,1
23351,val,2
23352,val,0
23353,val,0
23354,val,2
23355,val,0
23356,val,0
23357,val,0
23358,val,0
23359,val,0
23360,val,0
23361,val,2
23362,val,2
23363,val,0
23364,val,0
23365,val,1
23366,val,2
23367,val,1
23368,val,2
23369,val,2
23370,val,0
23371,val,1
23372,val,2
23373,val,1
23374,val,0
23375,val,1
23376,val,1
23377,val,2
23378,val,0
23379,val,0
23380,val,0
23381,val,0
23382,val,1
23383,val,1
23384,val,0
23385,val,1
23386,val,1
23387,val,1
23388,val,0
23389,val,1
23390,val,0
23391,val,1
23392,val,2
23393,val,1
23394,val,1
23395,val,1
23396,val,0
23397,val,2
23398,val,2
23399,val,0
23400,val,2
23401,val,1
23402,val,2
23403,val,0
23404,val,2
23405,val,0
23406,val,2
23407,val,1
23408,val,1
23409,val,0
23410,val,1
23411,val,1
23412,val,1
23413,val,2
23414,val,2
23415,val,0
23416,val,0
23417,val,2
23418,val,0
23419,val,2
23420,val,1
23421,val,0
23422,val,2
23423,val,2
23424,val,0
23425,val,2
23426,val,0
23427,val,1
23428,val,1
23429,val,2
23430,val,2
23431,val,0
23432,val,0
23433,val,1
23434,val,0
23435,val,0
23436,val,1
23437,val,2
23438,val,1
23439,val,2
23440,val,2
23441,val,0
23442,val,0
23443,val,0
23444,val,0
23445,val,2
23446,val,1
23447,val,2
23448,val,0
23449,val,2
23450,val,0
23451,val,0
23452,val,0
23453,val,0
23454,val,1
23455,val,2
23456,val,0
23457,val,1
23458,val,2
23459,val,0
23460,val,0
23461,val,1
23462,val,1
23463,val,0
23464,val,0
23465,val,0
23466,val,1
23467,val,0
23468,val,1
23469,val,2
23470,val,1
23471,val,1
23472,val,2
23473,val,0
23474,val,1
23475,val,1
23476,val,0
23477,val,1
23478,val,1
23479,val,2
23480,val,1
23481,val,2
23482,val,0
23483,val,2
23484,val,1
23485,val,0
23486,val,0
23487,val,1
23488,val,2
23489,val,1
23490,val,0
23491,val,0
23492,val,0
23493,val,0
23494,val,0
23495,val,0
23496,val,1
23497,val,2
23498,val,0
23499,val,2
23500,val,0
23501,val,2
23502,val,2
23503,val,0
23504,val,0
23505,val,2
23506,val,1
23507,val,1
23508,val,0
23509,val,1
23510,val,1
23511,val,1
23512,val,1
23513,val,2
23514,val,0
23515,val,0
23516,val,2
23517,val,1
23518,val,0
23519,val,0
23520,val,1
23521,val,0
23522,val,2
23523,val,1
23524,val,0
23525,val,0
23526,val,0
23527,val,0
23528,val,1
23529,val,0
23530,val,0
23531,val,1
23532,val,1
23533,val,0
23534,val,2
23535,val,0
23536,val,1
23537,val,1
23538,val,1
23539,val,2
23540,val,0
23541,val,1
23542,val,1
23543,val,0
23544,val,1
23545,val,1
23546,val,0
23547,val,1
23548,val,0
23549,val,1
23550,val,0
23551,val,1
23552,val,1
23553,val,1
23554,val,1
23555,val,0
23556,val,1
23557,val,2
23558,val,1
23559,val,2
23560,val,1
23561,val,0
23562,val,1
23563,val,1
23564,val,1
23565,val,2
23566,val,2
23567,val,1
23568,val,2
23569,val,0
23570,val,0
23571,val,0
23572,val,0
23573,val,1
23574,val,0
23575,val,2
23576,val,2
23577,val,0
23578,val,2
23579,val,0
23580,val,1
23581,val,1
23582,val,0
23583,val,1
23584,val,2
23585,val,0
23586,val,2
23587,val,1
23588,val,1
23589,val,1
23590,val,0
23591,val,1
23592,val,1
23593,val,1
23594,val,1
23595,val,1
23596,val,2
23597,val,0
23598,val,1
23599,val,1
23600,val,1
23601,val,0
23602,val,2
23603,val,1
23604,val,1
23605,val,2
23606,val,1
23607,val,0
23608,val,0
23609,val,1
23610,val,0
23611,val,0
23612,val,1
23613,val,2
23614,val,0
23615,val,1
23616,val,2
23617,val,0
23618,val,0
23619,val,0
23620,val,0
23621,val,2
23622,val,0
23623,val,1
23624,val,2
23625,val,0
23626,val,1
23627,val,0
23628,val,0
23629,val,0
23630,val,1
23631,val,2
23632,val,0
23633,val,1
23634,val,1
23635,val,0
23636,val,1
23637,val,1
23638,val,1
23639,val,1
23640,val,2
23641,val,0
23642,val,2
23643,val,1
23644,val,0
23645,val,1
23646,val,1
23647,val,2
23648,val,1
23649,val,2
23650,val,0
23651,val,1
23652,val,1
23653,val,0
23654,val,1
23655,val,0
23656,val,0
23657,val,1
23658,val,1
23659,val,0
23660,val,2
23661,val,2
23662,val,1
23663,val,2
23664,val,0
23665,val,0
23666,val,0
23667,val,2
23668,val,1
23669,val,1
23670,val,1
23671,val,0
23672,val,1
23673,val,1
23674,val,1
23675,val,1
23676,val,0
23677,val,0
23678,val,1
23679,val,1
23680,val,0
23681,val,1
23682,val,2
23683,val,2
23684,val,0
23685,val,2
23686,val,0
23687,val,1
23688,val,2
23689,val,0
23690,val,0
23691,val,0
23692,val,1
23693,val,1
23694,val,2
23695,val,0
23696,val,1
23697,val,0
23698,val,2
23699,val,0
23700,val,0
23701,val,2
23702,val,0
23703,val,1
23704,val,2
23705,val,1
23706,val,1
23707,val,0
23708,val,2
23709,val,0
23710,val,2
23711,val,2
23712,val,1
23713,val,2
23714,val,1
23715,val,0
23716,val,0
23717,val,1
23718,val,1
23719,val,1
23720,val,1
23721,val,0
23722,val,1
23723,val,2
23724,val,0
23725,val,0
23726,val,2
23727,val,0
23728,val,1
23729,val,0
23730,val,2
23731,val,2
23732,val,0
23733,val,0
23734,val,1
23735,val,0
23736,val,2
23737,val,1
23738,val,0
23739,val,1
23740,val,0
23741,val,2
23742,val,1
23743,val,2
23744,val,1
23745,val,0
23746,val,1
23747,val,1
23748,val,0
23749,val,1
23750,val,0
23751,val,1
23752,val,2
23753,val,0
23754,val,1
23755,val,0
23756,val,1
23757,val,2
23758,val,0
23759,val,1
23760,val,0
23761,val,0
23762,val,0
23763,val,0
23764,val,0
23765,val,0
23766,val,1
23767,val,0
23768,val,1
23769,val,0
23770,val,2
23771,val,0
23772,val,0
23773,val,2
23774,val,2
23775,val,2
23776,val,1
23777,val,1
23778,val,1
23779,val,0
23780,val,0
23781,val,1
23782,val,1
23783,val,0
23784,val,2
23785,val,0
23786,val,1
23787,val,0
23788,val,2
23789,val,0
23790,val,2
23791,val,1
23792,val,1
23793,val,2
23794,val,1
23795,val,1
23796,val,2
23797,val,1
23798,val,0
23799,val,0
23800,val,1
23801,val,0
23802,val,1
23803,val,1
23804,val,2
23805,val,2
23806,val,0
23807,val,1
23808,val,1
23809,val,2
23810,val,1
23811,val,2
23812,val,0
23813,val,2
23814,val,1
23815,val,0
23816,val,2
23817,val,2
23818,val,2
23819,val,2
23820,val,1
23821,val,0
23822,val,2
23823,val,1
23824,val,0
23825,val,0
23826,val,1
23827,val,0
23828,val,0
23829,val,0
23830,val,1
23831,val,1
23832,val,2
23833,val,2
23834,val,1
23835,val,2
23836,val,0
23837,val,1
23838,val,2
23839,val,1
23840,val,1
23841,val,2
23842,val,1
23843,val,2
23844,val,1
23845,val,1
23846,val,1
23847,val,1
23848,val,2
23849,val,1
23850,val,1
23851,val,1
23852,val,1
23853,val,1
23854,val,1
23855,val,0
23856,val,2
23857,val,2
23858,val,1
23859,val,0
23860,val,2
23861,val,2
23862,val,2
23863,val,0
23864,val,2
23865,val,2
23866,val,0
23867,val,0
23868,val,0
23869,val,2
23870,val,0
23871,val,1
23872,val,1
23873,val,0
23874,val,1
23875,val,2
23876,val,2
23877,val,0
23878,val,0
23879,val,0
23880,val,1
23881,val,1
23882,val,1
23883,val,2
23884,val,1
23885,val,2
23886,val,0
23887,val,2
23888,val,0
23889,val,2
23890,val,1
23891,val,0
23892,val,1
23893,val,0
23894,val,0
23895,val,2
23896,val,0
23897,val,1
23898,val,0
23899,val,1
23900,val,2
23901,val,0
23902,val,1
23903,val,1
23904,val,0
23905,val,0
23906,val,1
23907,val,1
23908,val,2
23909,val,1
23910,val,1
23911,val,1
23912,val,1
23913,val,0
23914,val,0
23915,val,0
23916,val,0
23917,val,2
23918,val,1
23919,val,0
23920,val,0
23921,val,0
23922,val,2
23923,val,0
23924,val,0
23925,val,1
23926,val,2
23927,val,0
23928,val,2
23929,val,2
23930,val,1
23931,val,0
23932,val,2
23933,val,1
23934,val,1
23935,val,2
23936,val,0
23937,val,1
23938,val,0
23939,val,0
23940,val,2
23941,val,2
23942,val,0
23943,val,0
23944,val,1
23945,val,0
23946,val,2
23947,val,2
23948,val,0
23949,val,2
23950,val,2
23951,val,0
23952,val,1
23953,val,0
23954,val,2
23955,val,2
23956,val,1
23957,val,0
23958,val,1
23959,val,1
23960,val,0
23961,val,0
23962,val,1
23963,val,1
23964,val,2
23965,val,0
23966,val,2
23967,val,2
23968,val,0
23969,val,0
23970,val,1
23971,val,1
23972,val,0
23973,val,2
23974,val,2
23975,val,2
23976,val,1
23977,val,0
23978,val,1
23979,val,2
23980,val,1
23981,val,1
23982,val,2
23983,val,1
23984,val,2
23985,val,0
23986,val,2
23987,val,1
23988,val,0
23989,val,2
23990,val,2
23991,val,2
23992,val,0
23993,val,0
23994,val,2
23995,val,1
23996,val,1
23997,val,0
23998,val,1
23999,val,0
24000,val,1
24001,val,1
24002,val,0
24003,val,0
24004,val,2
24005,val,0
24006,val,1
24007,val,0
24008,val,2
24009,val,0
24010,val,2
24011,val,0
24012,val,1
24013,val,0
24014,val,2
24015,val,1
24016,val,0
24017,val,0
24018,val,1
24019,val,0
24020,val,2
24021,val,1
24022,val,1
24023,val,1
24024,val,0
24025,val,0
24026,val,2
24027,val,1
24028,val,2
24029,val,2
24030,val,1
24031,val,0
24032,val,0
24033,val,2
24034,val,0
24035,val,1
24036,val,1
24037,val,1
24038,val,1
24039,val,0
24040,val,1
24041,val,0
24042,val,0
24043,val,2
24044,val,2
24045,val,2
24046,val,2
24047,val,0
24048,val,1
24049,val,0
24050,val,2
24051,val,0
24052,val,0
24053,val,0
24054,val,0
24055,val,1
24056,val,0
24057,val,0
24058,val,1
24059,val,1
24060,val,0
24061,val,0
24062,val,0
24063,val,0
24064,val,1
24065,val,2
24066,val,1
24067,val,2
24068,val,2
24069,val,1
24070,val,1
24071,val,2
24072,val,0
24073,val,0
24074,val,1
24075,val,0
24076,val,1
24077,val,0
24078,val,0
24079,val,0
24080,val,2
24081,val,1
24082,val,1
24083,val,2
24084,val,1
24085,val,0
24086,val,1
24087,val,1
24088,val,2
24089,val,0
24090,val,0
24091,val,0
24092,val,2
24093,val,2
24094,val,0
24095,val,2
24096,val,0
24097,val,1
24098,val,2
24099,val,2
24100,val,0
24101,val,0
24102,val,1
24103,val,1
24104,val,1
24105,val,2
24106,val,2
24107,val,0
24108,val,1
24109,val,0
24110,val,2
24111,val,0
24112,val,2
24113,val,1
24114,val,0
24115,val,1
24116,val,0
24117,val,2
24118,val,1
24119,val,0
24120,val,1
24121,val,1
24122,val,1
24123,val,0
24124,val,2
24125,val,0
24126,val,0
24127,val,0
24128,val,0
24129,val,1
24130,val,1
24131,val,0
24132,val,0
24133,val,0
24134,val,2
24135,val,1
24136,val,0
24137,val,0
24138,val,2
24139,val,2
24140,val,0
24141,val,0
24142,val,2
24143,val,0
24144,val,1
24145,val,0
24146,val,2
24147,val,1
24148,val,0
24149,val,1
24150,val,1
24151,val,0
24152,val,1
24153,val,2
24154,val,0
24155,val,2
24156,val,2
24157,val,2
24158,val,0
24159,val,0
24160,val,0
24161,val,2
24162,val,1
24163,val,1
24164,val,0
24165,val,1
24166,val,0
24167,val,0
24168,val,0
24169,val,0
24170,val,2
24171,val,0
24172,val,2
24173,val,0
24174,val,0
24175,val,0
24176,val,1
24177,val,1
24178,val,1
24179,val,1
24180,val,1
24181,val,1
24182,val,1
24183,val,0
24184,val,2
24185,val,1
24186,val,0
24187,val,1
24188,val,1
24189,val,0
24190,val,2
24191,val,2
24192,val,1
24193,val,0
24194,val,0
24195,val,1
24196,val,2
24197,val,0
24198,val,0
24199,val,2
24200,val,0
24201,val,1
24202,val,0
24203,val,1
24204,val,2
24205,val,1
24206,val,1
24207,val,0
24208,val,1
24209,val,1
24210,val,2
24211,val,2
24212,val,0
24213,val,2
24214,val,0
24215,val,0
24216,val,2
24217,val,0
24218,val,2
24219,val,2
24220,val,0
24221,val,1
24222,val,0
24223,val,0
24224,val,1
24225,val,2
24226,val,2
24227,val,2
24228,val,0
24229,val,0
24230,val,0
24231,val,1
24232,val,1
24233,val,0
24234,val,2
24235,val,0
24236,val,0
24237,val,1
24238,val,1
24239,val,0
24240,val,1
24241,val,1
24242,val,2
24243,val,2
24244,val,1
24245,val,0
24246,val,0
24247,val,2
24248,val,1
24249,val,1
24250,val,0
24251,val,2
24252,val,1
24253,val,0
24254,val,2
24255,val,2
24256,val,0
24257,val,2
24258,val,1
24259,val,2
24260,val,1
24261,val,2
24262,val,1
24263,val,2
24264,val,1
24265,val,2
24266,val,1
24267,val,1
24268,val,1
24269,val,1
24270,val,0
24271,val,0
24272,val,1
24273,val,0
24274,val,2
24275,val,0
24276,val,0
24277,val,0
24278,val,2
24279,val,2
24280,val,2
24281,val,2
24282,val,1
24283,val,0
24284,val,1
24285,val,0
24286,val,2
24287,val,0
24288,val,1
24289,val,0
24290,val,2
24291,val,2
24292,val,2
24293,val,1
24294,val,0
24295,val,0
24296,val,1
24297,val,1
24298,val,1
24299,val,1
24300,val,1
24301,val,1
24302,val,1
24303,val,0
24304,val,1
24305,val,1
24306,val,1
24307,val,1
24308,val,2
24309,val,1
24310,val,2
24311,val,1
24312,val,1
24313,val,2
24314,val,2
24315,val,0
24316,val,1
24317,val,1
24318,val,2
24319,val,0
24320,val,0
24321,val,0
24322,val,1
24323,val,0
24324,val,0
24325,val,0
24326,val,2
24327,val,0
24328,val,2
24329,val,1
24330,val,0
24331,val,0
24332,val,0
24333,val,1
24334,val,1
24335,val,1
24336,val,2
24337,val,1
24338,val,1
24339,val,1
24340,val,1
24341,val,0
24342,val,0
24343,val,1
24344,val,0
24345,val,0
24346,val,0
24347,val,2
24348,val,2
24349,val,0
24350,val,1
24351,val,2
24352,val,2
24353,val,2
24354,val,1
24355,val,1
24356,val,1
24357,val,2
24358,val,2
24359,val,2
24360,val,1
24361,val,2
24362,val,0
24363,val,2
24364,val,0
24365,val,0
24366,val,2
24367,val,0
24368,val,2
24369,val,1
24370,val,1
24371,val,0
24372,val,1
24373,val,2
24374,val,2
24375,val,1
24376,val,1
24377,val,2
24378,val,2
24379,val,0
24380,val,1
24381,val,2
24382,val,0
24383,val,0
24384,val,1
24385,val,2
24386,val,2
24387,val,2
24388,val,2
24389,val,1
24390,val,0
24391,val,2
24392,val,0
24393,val,1
24394,val,2
24395,val,0
24396,val,1
24397,val,2
24398,val,1
24399,val,2
24400,val,1
24401,val,1
24402,val,1
24403,val,1
24404,val,2
24405,val,0
24406,val,2
24407,val,2
24408,val,0
24409,val,1
24410,val,2
24411,val,1
24412,val,0
24413,val,1
24414,val,2
24415,val,1
24416,val,0
24417,val,1
24418,val,0
24419,val,2
24420,val,1
24421,val,1
24422,val,0
24423,val,2
24424,val,2
24425,val,1
24426,val,0
24427,val,1
24428,val,1
24429,val,2
24430,val,1
24431,val,1
24432,val,1
24433,val,1
24434,val,0
24435,val,2
24436,val,2
24437,val,1
24438,val,2
24439,val,0
24440,val,0
24441,val,0
24442,val,0
24443,val,0
24444,val,0
24445,val,0
24446,val,1
24447,val,0
24448,val,0
24449,val,0
24450,val,1
24451,val,0
24452,val,1
24453,val,0
24454,val,0
24455,val,2
24456,val,0
24457,val,0
24458,val,2
24459,val,1
24460,val,0
24461,val,0
24462,val,1
24463,val,1
24464,val,2
24465,val,0
24466,val,2
24467,val,2
24468,val,2
24469,val,2
24470,val,0
24471,val,1
24472,val,2
24473,val,2
24474,val,1
24475,val,1
24476,val,0
24477,val,0
24478,val,1
24479,val,1
24480,val,2
24481,val,2
24482,val,1
24483,val,1
24484,val,0
24485,val,2
24486,val,2
24487,val,1
24488,val,1
24489,val,0
24490,val,0
24491,val,2
24492,val,1
24493,val,0
24494,val,2
24495,val,2
24496,val,1
24497,val,0
24498,val,1
24499,val,1
24500,val,1
24501,val,0
24502,val,0
24503,val,0
24504,val,2
24505,val,1
24506,val,2
24507,val,0
24508,val,2
24509,val,0
24510,val,0
24511,val,0
24512,val,2
24513,val,1
24514,val,1
24515,val,0
24516,val,1
24517,val,0
24518,val,2
24519,val,0
24520,val,0
24521,val,0
24522,val,1
24523,val,1
24524,val,2
24525,val,2
24526,val,1
24527,val,1
24528,val,0
24529,val,1
24530,val,1
24531,val,2
24532,val,2
24533,val,1
24534,val,1
24535,val,1
24536,val,1
24537,val,0
24538,val,0
24539,val,2
24540,val,1
24541,val,1
24542,val,2
24543,val,2
24544,val,2
24545,val,0
24546,val,1
24547,val,1
24548,val,0
24549,val,0
24550,val,0
24551,val,1
24552,val,0
24553,val,2
24554,val,0
24555,val,2
24556,val,1
24557,val,1
24558,val,1
24559,val,1
24560,val,1
24561,val,0
24562,val,2
24563,val,1
24564,val,2
24565,val,2
24566,val,0
24567,val,1
24568,val,1
24569,val,2
24570,val,2
24571,val,2
24572,val,1
24573,val,0
24574,val,0
24575,val,0
24576,val,0
24577,val,0
24578,val,2
24579,val,2
24580,val,1
24581,val,2
24582,val,1
24583,val,2
24584,val,1
24585,val,1
24586,val,1
24587,val,2
24588,val,1
24589,val,2
24590,val,0
24591,val,0
24592,val,2
24593,val,2
24594,val,1
24595,val,1
24596,val,0
24597,val,1
24598,val,0
24599,val,1
24600,val,1
24601,val,2
24602,val,1
24603,val,2
24604,val,0
24605,val,2
24606,val,1
24607,val,0
24608,val,0
24609,val,1
24610,val,0
24611,val,2
24612,val,0
24613,val,2
24614,val,0
24615,val,2
24616,val,2
24617,val,1
24618,val,1
24619,val,2
24620,val,2
24621,val,2
24622,val,0
24623,val,0
24624,val,0
24625,val,1
24626,val,1
24627,val,1
24628,val,2
24629,val,2
24630,val,1
24631,val,1
24632,val,0
24633,val,0
24634,val,1
24635,val,0
24636,val,2
24637,val,2
24638,val,2
24639,val,2
24640,val,2
24641,val,2
24642,val,1
24643,val,1
24644,val,2
24645,val,1
24646,val,0
24647,val,1
24648,val,0
24649,val,1
24650,val,0
24651,val,2
24652,val,1
24653,val,0
24654,val,2
24655,val,0
24656,val,1
24657,val,1
24658,val,2
24659,val,0
24660,val,0
24661,val,1
24662,val,0
24663,val,2
24664,val,1
24665,val,1
24666,val,0
24667,val,0
24668,val,0
24669,val,1
24670,val,2
24671,val,0
24672,val,0
24673,val,1
24674,val,2
24675,val,1
24676,val,1
24677,val,2
24678,val,1
24679,val,0
24680,val,0
24681,val,0
24682,val,1
24683,val,0
24684,val,1
24685,val,0
24686,val,0
24687,val,0
24688,val,1
24689,val,2
24690,val,0
24691,val,2
24692,val,0
24693,val,1
24694,val,1
24695,val,1
24696,val,0
24697,val,1
24698,val,1
24699,val,1
24700,val,2
24701,val,1
24702,val,0
24703,val,2
24704,val,0
24705,val,2
24706,val,2
24707,val,2
24708,val,0
24709,val,2
24710,val,1
24711,val,0
24712,val,0
24713,val,0
24714,val,0
24715,val,0
24716,val,1
24717,val,1
24718,val,2
24719,val,1
24720,val,2
24721,val,0
24722,val,1
24723,val,0
24724,val,0
24725,val,0
24726,val,1
24727,val,0
24728,val,0
24729,val,1
24730,val,2
24731,val,1
24732,val,1
24733,val,0
24734,val,1
24735,val,0
24736,val,0
24737,val,1
24738,val,2
24739,val,1
24740,val,1
24741,val,1
24742,val,0
24743,val,2
24744,val,1
24745,val,2
24746,val,0
24747,val,2
24748,val,0
24749,val,1
24750,val,1
24751,val,0
24752,val,2
24753,val,1
24754,val,1
24755,val,1
24756,val,1
24757,val,0
24758,val,1
24759,val,1
24760,val,1
24761,val,1
24762,val,1
24763,val,0
24764,val,0
24765,val,0
24766,val,2
24767,val,2
24768,val,1
24769,val,2
24770,val,0
24771,val,1
24772,val,0
24773,val,0
24774,val,1
24775,val,0
24776,val,0
24777,val,1
24778,val,1
24779,val,0
24780,val,1
24781,val,0
24782,val,0
24783,val,2
24784,val,2
24785,val,2
24786,val,0
24787,val,2
24788,val,2
24789,val,1
24790,val,0
24791,val,0
24792,val,2
24793,val,0
24794,val,1
24795,val,2
24796,val,0
24797,val,0
24798,val,1
24799,val,2
24800,val,0
24801,val,1
24802,val,2
24803,val,2
24804,val,0
24805,val,0
24806,val,0
24807,val,0
24808,val,1
24809,val,2
24810,val,1
24811,val,0
24812,val,1
24813,val,0
24814,val,1
24815,val,1
24816,val,0
24817,val,1
24818,val,0
24819,val,1
24820,val,0
24821,val,0
24822,val,2
24823,val,2
24824,val,2
24825,val,0
24826,val,1
24827,val,2
24828,val,1
24829,val,2
24830,val,0
24831,val,0
24832,val,0
24833,val,0
24834,val,2
24835,val,2
24836,val,0
24837,val,0
24838,val,0
24839,val,1
24840,val,2
24841,val,0
24842,val,0
24843,val,1
24844,val,2
24845,val,1
24846,val,0
24847,val,0
24848,val,0
24849,val,1
24850,val,2
24851,val,1
24852,val,1
24853,val,2
24854,val,0
24855,val,2
24856,val,1
24857,val,2
24858,val,0
24859,val,0
24860,val,0
24861,val,2
24862,val,1
24863,val,1
24864,val,2
24865,val,0
24866,val,1
24867,val,0
24868,val,1
24869,val,0
24870,val,2
24871,val,2
24872,val,2
24873,val,0
24874,val,0
24875,val,2
24876,val,1
24877,val,1
24878,val,1
24879,val,0
24880,val,0
24881,val,1
24882,val,2
24883,val,0
24884,val,2
24885,val,0
24886,val,2
24887,val,2
24888,val,1
24889,val,1
24890,val,0
24891,val,1
24892,val,1
24893,val,2
24894,val,2
24895,val,1
24896,val,1
24897,val,0
24898,val,0
24899,val,0
24900,val,2
24901,val,2
24902,val,0
24903,val,2
24904,val,2
24905,val,0
24906,val,0
24907,val,1
24908,val,0
24909,val,1
24910,val,2
24911,val,2
24912,val,1
24913,val,2
24914,val,0
24915,val,2
24916,val,2
24917,val,1
24918,val,0
24919,val,0
24920,val,1
24921,val,0
24922,val,2
24923,val,0
24924,val,1
24925,val,0
24926,val,2
24927,val,1
24928,val,2
24929,val,0
24930,val,2
24931,val,0
24932,val,2
24933,val,2
24934,val,1
24935,val,1
24936,val,2
24937,val,0
24938,val,1
24939,val,0
24940,val,0
24941,val,2
24942,val,0
24943,val,0
24944,val,0
24945,val,0
24946,val,1
24947,val,1
24948,val,1
24949,val,2
24950,val,0
24951,val,2
24952,val,1
24953,val,0
24954,val,1
24955,val,0
24956,val,2
24957,val,0
24958,val,2
24959,val,1
24960,val,1
24961,val,2
24962,val,2
24963,val,1
24964,val,1
24965,val,0
24966,val,2
24967,val,2
24968,val,0
24969,val,2
24970,val,0
24971,val,2
24972,val,1
24973,val,1
24974,val,0
24975,val,2
24976,val,1
24977,val,0
24978,val,1
24979,val,2
24980,val,0
24981,val,0
24982,val,1
24983,val,1
24984,val,1
24985,val,1
24986,val,2
24987,val,1
24988,val,0
24989,val,0
24990,val,1
24991,val,0
24992,val,2
24993,val,2
24994,val,1
24995,val,2
24996,val,2
24997,val,0
24998,val,2
24999,val,2
25000,val,0
25001,val,1
25002,val,1
25003,val,1
25004,val,1
25005,val,0
25006,val,2
25007,val,1
25008,val,1
25009,val,0
25010,val,1
25011,val,1
25012,val,2
25013,val,1
25014,val,1
25015,val,0
25016,val,1
25017,val,1
25018,val,1
25019,val,1
25020,val,0
25021,val,2
25022,val,2
25023,val,2
25024,val,2
25025,val,1
25026,val,0
25027,val,1
25028,val,0
25029,val,0
25030,val,2
25031,val,0
25032,val,2
25033,val,2
25034,val,1
25035,val,2
25036,val,1
25037,val,1
25038,val,0
25039,val,0
25040,val,0
25041,val,0
25042,val,0
25043,val,0
25044,val,1
25045,val,0
25046,val,1
25047,val,0
25048,val,0
25049,val,2
25050,val,0
25051,val,1
25052,val,0
25053,val,1
25054,val,1
25055,val,1
25056,val,0
25057,val,1
25058,val,0
25059,val,1
25060,val,0
25061,val,2
25062,val,2
25063,val,0
25064,val,1
25065,val,0
25066,test,0
25067,test,0
25068,test,0
25069,test,1
25070,test,0
25071,test,0
25072,test,0
25073,test,0
25074,test,1
25075,test,1
25076,test,2
25077,test,2
25078,test,0
25079,test,1
25080,test,1
25081,test,0
25082,test,2
25083,test,2
25084,test,1
25085,test,1
25086,test,0
25087,test,0
25088,test,2
25089,test,0
25090,test,2
25091,test,0
25092,test,0
25093,test,2
25094,test,1
25095,test,0
25096,test,1
25097,test,0
25098,test,0
25099,test,0
25100,test,1
25101,test,0
25102,test,2
25103,test,1
25104,test,0
25105,test,2
25106,test,1
25107,test,0
25108,test,2
25109,test,0
25110,test,2
25111,test,1
25112,test,1
25113,test,2
25114,test,0
25115,test,1
25116,test,2
25117,test,1
25118,test,0
25119,test,0
25120,test,2
25121,test,0
25122,test,2
25123,test,1
25124,test,0
25125,test,2
25126,test,2
25127,test,2
25128,test,0
25129,test,2
25130,test,0
25131,test,2
25132,test,2
25133,test,1
25134,test,1
25135,test,0
25136,test,0
25137,test,2
25138,test,2
25139,test,0
25140,test,1
25141,test,2
25142,test,0
25143,test,1
25144,test,0
25145,test,2
25146,test,0
25147,test,2
25148,test,1
25149,test,0
25150,test,0
25151,test,1
25152,test,0
25153,test,2
25154,test,2
25155,test,1
25156,test,1
25157,test,1
25158,test,0
25159,test,2
25160,test,0
25161,test,2
25162,test,1
25163,test,0
25164,test,1
25165,test,1
25166,test,1
25167,test,2
25168,test,2
25169,test,1
25170,test,1
25171,test,1
25172,test,0
25173,test,2
25174,test,1
25175,test,1
25176,test,0
25177,test,1
25178,test,0
25179,test,0
25180,test,1
25181,test,1
25182,test,0
25183,test,1
25184,test,2
25185,test,2
25186,test,1
25187,test,1
25188,test,1
25189,test,0
25190,test,1
25191,test,1
25192,test,2
25193,test,2
25194,test,2
25195,test,0
25196,test,0
25197,test,2
25198,test,1
25199,test,0
25200,test,0
25201,test,0
25202,test,1
25203,test,0
25204,test,2
25205,test,1
25206,test,2
25207,test,0
25208,test,0
25209,test,0
25210,test,1
25211,test,1
25212,test,2
25213,test,1
25214,test,0
25215,test,0
25216,test,1
25217,test,2
25218,test,2
25219,test,2
25220,test,1
25221,test,1
25222,test,2
25223,test,1
25224,test,0
25225,test,0
25226,test,0
25227,test,0
25228,test,2
25229,test,1
25230,test,1
25231,test,0
25232,test,2
25233,test,0
25234,test,0
25235,test,1
25236,test,0
25237,test,1
25238,test,0
25239,test,1
25240,test,1
25241,test,2
25242,test,2
25243,test,2
25244,test,2
25245,test,0
25246,test,0
25247,test,0
25248,test,1
25249,test,1
25250,test,2
25251,test,0
25252,test,0
25253,test,2
25254,test,1
25255,test,1
25256,test,1
25257,test,1
25258,test,1
25259,test,2
25260,test,2
25261,test,1
25262,test,1
25263,test,0
25264,test,0
25265,test,0
25266,test,0
25267,test,1
25268,test,0
25269,test,2
25270,test,2
25271,test,0
25272,test,2
25273,test,0
25274,test,0
25275,test,0
25276,test,2
25277,test,0
25278,test,2
25279,test,0
25280,test,1
25281,test,2
25282,test,1
25283,test,1
25284,test,1
25285,test,0
25286,test,0
25287,test,0
25288,test,2
25289,test,0
25290,test,1
25291,test,0
25292,test,2
25293,test,1
25294,test,2
25295,test,0
25296,test,1
25297,test,2
25298,test,1
25299,test,0
25300,test,2
25301,test,1
25302,test,0
25303,test,0
25304,test,0
25305,test,0
25306,test,0
25307,test,0
25308,test,2
25309,test,1
25310,test,2
25311,test,2
25312,test,0
25313,test,1
25314,test,1
25315,test,0
25316,test,0
25317,test,0
25318,test,1
25319,test,2
25320,test,0
25321,test,2
25322,test,0
25323,test,0
25324,test,2
25325,test,1
25326,test,1
25327,test,0
25328,test,2
25329,test,2
25330,test,1
25331,test,0
25332,test,0
25333,test,1
25334,test,1
25335,test,1
25336,test,0
25337,test,2
25338,test,1
25339,test,0
25340,test,1
25341,test,0
25342,test,2
25343,test,1
25344,test,0
25345,test,0
25346,test,0
25347,test,0
25348,test,0
25349,test,1
25350,test,2
25351,test,0
25352,test,2
25353,test,1
25354,test,2
25355,test,0
25356,test,2
25357,test,1
25358,test,2
25359,test,0
25360,test,1
25361,test,0
25362,test,2
25363,test,0
25364,test,1
25365,test,2
25366,test,0
25367,test,0
25368,test,2
25369,test,0
25370,test,2
25371,test,0
25372,test,2
25373,test,0
25374,test,2
25375,test,1
25376,test,1
25377,test,2
25378,test,1
25379,test,0
25380,test,0
25381,test,2
25382,test,0
25383,test,1
25384,test,1
25385,test,2
25386,test,0
25387,test,0
25388,test,2
25389,test,2
25390,test,1
25391,test,2
25392,test,2
25393,test,2
25394,test,2
25395,test,1
25396,test,1
25397,test,1
25398,test,1
25399,test,2
25400,test,1
25401,test,1
25402,test,2
25403,test,0
25404,test,2
25405,test,1
25406,test,0
25407,test,0
25408,test,1
25409,test,2
25410,test,1
25411,test,0
25412,test,2
25413,test,0
25414,test,2
25415,test,1
25416,test,0
25417,test,0
25418,test,0
25419,test,1
25420,test,1
25421,test,2
25422,test,2
25423,test,0
25424,test,0
25425,test,1
25426,test,1
25427,test,0
25428,test,0
25429,test,2
25430,test,1
25431,test,1
25432,test,2
25433,test,0
25434,test,1
25435,test,0
25436,test,0
25437,test,1
25438,test,1
25439,test,2
25440,test,2
25441,test,1
25442,test,2
25443,test,0
25444,test,1
25445,test,1
25446,test,1
25447,test,2
25448,test,2
25449,test,1
25450,test,2
25451,test,1
25452,test,0
25453,test,0
25454,test,1
25455,test,1
25456,test,2
25457,test,2
25458,test,1
25459,test,1
25460,test,2
25461,test,0
25462,test,2
25463,test,2
25464,test,2
25465,test,0
25466,test,2
25467,test,2
25468,test,2
25469,test,0
25470,test,1
25471,test,2
25472,test,0
25473,test,2
25474,test,0
25475,test,1
25476,test,0
25477,test,1
25478,test,0
25479,test,2
25480,test,2
25481,test,1
25482,test,2
25483,test,1
25484,test,1
25485,test,0
25486,test,0
25487,test,1
25488,test,2
25489,test,1
25490,test,2
25491,test,1
25492,test,1
25493,test,0
25494,test,0
25495,test,1
25496,test,0
25497,test,1
25498,test,1
25499,test,2
25500,test,1
25501,test,2
25502,test,0
25503,test,2
25504,test,1
25505,test,1
25506,test,0
25507,test,0
25508,test,2
25509,test,1
25510,test,1
25511,test,1
25512,test,2
25513,test,1
25514,test,1
25515,test,2
25516,test,1
25517,test,2
25518,test,1
25519,test,1
25520,test,0
25521,test,1
25522,test,0
25523,test,2
25524,test,2
25525,test,2
25526,test,0
25527,test,1
25528,test,0
25529,test,1
25530,test,2
25531,test,1
25532,test,0
25533,test,2
25534,test,1
25535,test,1
25536,test,1
25537,test,0
25538,test,2
25539,test,0
25540,test,2
25541,test,0
25542,test,0
25543,test,2
25544,test,0
25545,test,1
25546,test,1
25547,test,1
25548,test,0
25549,test,1
25550,test,0
25551,test,1
25552,test,1
25553,test,0
25554,test,0
25555,test,0
25556,test,1
25557,test,0
25558,test,0
25559,test,2
25560,test,1
25561,test,1
25562,test,2
25563,test,2
25564,test,1
25565,test,0
25566,test,2
25567,test,1
25568,test,2
25569,test,1
25570,test,2
25571,test,1
25572,test,1
25573,test,2
25574,test,1
25575,test,0
25576,test,2
25577,test,0
25578,test,0
25579,test,0
25580,test,0
25581,test,1
25582,test,2
25583,test,0
25584,test,1
25585,test,2
25586,test,1
25587,test,2
25588,test,1
25589,test,1
25590,test,0
25591,test,2
25592,test,2
25593,test,0
25594,test,2
25595,test,0
25596,test,1
25597,test,0
25598,test,0
25599,test,2
25600,test,1
25601,test,0
25602,test,2
25603,test,0
25604,test,0
25605,test,2
25606,test,0
25607,test,0
25608,test,2
25609,test,1
25610,test,1
25611,test,2
25612,test,0
25613,test,1
25614,test,1
25615,test,1
25616,test,0
25617,test,1
25618,test,0
25619,test,1
25620,test,2
25621,test,2
25622,test,0
25623,test,1
25624,test,2
25625,test,1
25626,test,1
25627,test,1
25628,test,1
25629,test,0
25630,test,2
25631,test,1
25632,test,0
25633,test,2
25634,test,1
25635,test,1
25636,test,2
25637,test,2
25638,test,0
25639,test,0
25640,test,2
25641,test,2
25642,test,1
25643,test,2
25644,test,1
25645,test,0
25646,test,1
25647,test,0
25648,test,0
25649,test,1
25650,test,2
25651,test,0
25652,test,0
25653,test,2
25654,test,1
25655,test,0
25656,test,1
25657,test,1
25658,test,1
25659,test,0
25660,test,2
25661,test,1
25662,test,0
25663,test,1
25664,test,0
25665,test,1
25666,test,1
25667,test,1
25668,test,1
25669,test,1
25670,test,2
25671,test,2
25672,test,2
25673,test,1
25674,test,2
25675,test,0
25676,test,2
25677,test,2
25678,test,1
25679,test,0
25680,test,1
25681,test,0
25682,test,2
25683,test,0
25684,test,2
25685,test,2
25686,test,1
25687,test,0
25688,test,1
25689,test,0
25690,test,2
25691,test,2
25692,test,0
25693,test,0
25694,test,0
25695,test,2
25696,test,2
25697,test,1
25698,test,2
25699,test,0
25700,test,0
25701,test,0
25702,test,1
25703,test,1
25704,test,1
25705,test,0
25706,test,1
25707,test,0
25708,test,0
25709,test,0
25710,test,1
25711,test,1
25712,test,0
25713,test,1
25714,test,0
25715,test,2
25716,test,0
25717,test,1
25718,test,1
25719,test,1
25720,test,0
25721,test,2
25722,test,2
25723,test,0
25724,test,1
25725,test,1
25726,test,0
25727,test,0
25728,test,0
25729,test,1
25730,test,2
25731,test,0
25732,test,1
25733,test,0
25734,test,0
25735,test,1
25736,test,0
25737,test,0
25738,test,1
25739,test,0
25740,test,1
25741,test,2
25742,test,2
25743,test,0
25744,test,2
25745,test,2
25746,test,0
25747,test,1
25748,test,0
25749,test,2
25750,test,1
25751,test,1
25752,test,1
25753,test,2
25754,test,0
25755,test,2
25756,test,1
25757,test,0
25758,test,1
25759,test,0
25760,test,1
25761,test,1
25762,test,2
25763,test,1
25764,test,0
25765,test,1
25766,test,1
25767,test,2
25768,test,0
25769,test,0
25770,test,1
25771,test,0
25772,test,0
25773,test,2
25774,test,0
25775,test,2
25776,test,2
25777,test,1
25778,test,0
25779,test,0
25780,test,1
25781,test,0
25782,test,2
25783,test,1
25784,test,0
25785,test,2
25786,test,2
25787,test,2
25788,test,2
25789,test,2
25790,test,1
25791,test,2
25792,test,1
25793,test,0
25794,test,1
25795,test,0
25796,test,0
25797,test,1
25798,test,0
25799,test,1
25800,test,1
25801,test,2
25802,test,2
25803,test,2
25804,test,1
25805,test,0
25806,test,1
25807,test,1
25808,test,2
25809,test,0
25810,test,2
25811,test,2
25812,test,0
25813,test,1
25814,test,0
25815,test,0
25816,test,2
25817,test,2
25818,test,0
25819,test,1
25820,test,0
25821,test,1
25822,test,0
25823,test,1
25824,test,1
25825,test,0
25826,test,2
25827,test,0
25828,test,0
25829,test,0
25830,test,2
25831,test,1
25832,test,1
25833,test,1
25834,test,0
25835,test,1
25836,test,1
25837,test,1
25838,test,1
25839,test,0
25840,test,2
25841,test,0
25842,test,1
25843,test,2
25844,test,2
25845,test,0
25846,test,1
25847,test,1
25848,test,0
25849,test,0
25850,test,0
25851,test,1
25852,test,1
25853,test,0
25854,test,0
25855,test,2
25856,test,2
25857,test,1
25858,test,1
25859,test,1
25860,test,1
25861,test,1
25862,test,0
25863,test,2
25864,test,0
25865,test,1
25866,test,0
25867,test,1
25868,test,0
25869,test,2
25870,test,2
25871,test,0
25872,test,1
25873,test,1
25874,test,2
25875,test,2
25876,test,2
25877,test,1
25878,test,2
25879,test,1
25880,test,2
25881,test,0
25882,test,1
25883,test,0
25884,test,1
25885,test,1
25886,test,0
25887,test,1
25888,test,2
25889,test,1
25890,test,0
25891,test,1
25892,test,0
25893,test,1
25894,test,2
25895,test,0
25896,test,2
25897,test,2
25898,test,0
25899,test,2
25900,test,0
25901,test,2
25902,test,2
25903,test,0
25904,test,0
25905,test,2
25906,test,0
25907,test,0
25908,test,2
25909,test,1
25910,test,0
25911,test,2
25912,test,2
25913,test,1
25914,test,2
25915,test,0
25916,test,1
25917,test,2
25918,test,2
25919,test,2
25920,test,0
25921,test,1
25922,test,0
25923,test,2
25924,test,1
25925,test,0
25926,test,2
25927,test,1
25928,test,0
25929,test,0
25930,test,2
25931,test,1
25932,test,1
25933,test,0
25934,test,0
25935,test,1
25936,test,2
25937,test,1
25938,test,1
25939,test,2
25940,test,1
25941,test,2
25942,test,0
25943,test,1
25944,test,0
25945,test,1
25946,test,0
25947,test,0
25948,test,2
25949,test,2
25950,test,2
25951,test,2
25952,test,0
25953,test,1
25954,test,2
25955,test,1
25956,test,1
25957,test,0
25958,test,0
25959,test,2
25960,test,0
25961,test,2
25962,test,2
25963,test,0
25964,test,1
25965,test,1
25966,test,1
25967,test,1
25968,test,0
25969,test,1
25970,test,1
25971,test,0
25972,test,1
25973,test,0
25974,test,1
25975,test,0
25976,test,0
25977,test,0
25978,test,1
25979,test,1
25980,test,0
25981,test,2
25982,test,0
25983,test,1
25984,test,1
25985,test,2
25986,test,0
25987,test,2
25988,test,0
25989,test,2
25990,test,2
25991,test,0
25992,test,1
25993,test,1
25994,test,0
25995,test,2
25996,test,2
25997,test,0
25998,test,0
25999,test,2
26000,test,1
26001,test,1
26002,test,1
26003,test,2
26004,test,1
26005,test,0
26006,test,2
26007,test,0
26008,test,0
26009,test,1
26010,test,0
26011,test,1
26012,test,1
26013,test,2
26014,test,2
26015,test,2
26016,test,2
26017,test,1
26018,test,0
26019,test,1
26020,test,1
26021,test,1
26022,test,0
26023,test,1
26024,test,0
26025,test,1
26026,test,2
26027,test,2
26028,test,1
26029,test,1
26030,test,0
26031,test,2
26032,test,2
26033,test,0
26034,test,0
26035,test,0
26036,test,1
26037,test,0
26038,test,2
26039,test,2
26040,test,1
26041,test,0
26042,test,1
26043,test,1
26044,test,0
26045,test,0
26046,test,0
26047,test,0
26048,test,0
26049,test,1
26050,test,0
26051,test,2
26052,test,2
26053,test,1
26054,test,1
26055,test,0
26056,test,0
26057,test,0
26058,test,0
26059,test,1
26060,test,0
26061,test,2
26062,test,2
26063,test,1
26064,test,1
26065,test,2
26066,test,0
26067,test,0
26068,test,2
26069,test,2
26070,test,1
26071,test,0
26072,test,1
26073,test,1
26074,test,1
26075,test,1
26076,test,1
26077,test,1
26078,test,1
26079,test,2
26080,test,1
26081,test,0
26082,test,0
26083,test,0
26084,test,0
26085,test,1
26086,test,1
26087,test,1
26088,test,1
26089,test,2
26090,test,0
26091,test,0
26092,test,2
26093,test,0
26094,test,1
26095,test,0
26096,test,1
26097,test,1
26098,test,0
26099,test,2
26100,test,1
26101,test,0
26102,test,1
26103,test,0
26104,test,1
26105,test,0
26106,test,0
26107,test,0
26108,test,0
26109,test,2
26110,test,0
26111,test,0
26112,test,1
26113,test,1
26114,test,0
26115,test,2
26116,test,1
26117,test,2
26118,test,0
26119,test,1
26120,test,1
26121,test,0
26122,test,0
26123,test,1
26124,test,1
26125,test,1
26126,test,2
26127,test,1
26128,test,1
26129,test,0
26130,test,1
26131,test,2
26132,test,1
26133,test,0
26134,test,1
26135,test,1
26136,test,1
26137,test,0
26138,test,1
26139,test,2
26140,test,0
26141,test,1
26142,test,0
26143,test,0
26144,test,0
26145,test,0
26146,test,1
26147,test,0
26148,test,1
26149,test,0
26150,test,1
26151,test,2
26152,test,0
26153,test,1
26154,test,1
26155,test,0
26156,test,1
26157,test,1
26158,test,0
26159,test,1
26160,test,1
26161,test,0
26162,test,1
26163,test,1
26164,test,1
26165,test,1
26166,test,0
26167,test,0
26168,test,0
26169,test,0
26170,test,0
26171,test,2
26172,test,1
26173,test,2
26174,test,1
26175,test,0
26176,test,0
26177,test,0
26178,test,2
26179,test,2
26180,test,0
26181,test,0
26182,test,1
26183,test,1
26184,test,2
26185,test,2
26186,test,2
26187,test,1
26188,test,2
26189,test,1
26190,test,1
26191,test,0
26192,test,0
26193,test,0
26194,test,2
26195,test,0
26196,test,1
26197,test,0
26198,test,1
26199,test,0
26200,test,0
26201,test,1
26202,test,0
26203,test,1
26204,test,0
26205,test,0
26206,test,1
26207,test,0
26208,test,1
26209,test,1
26210,test,2
26211,test,0
26212,test,1
26213,test,2
26214,test,1
26215,test,2
26216,test,1
26217,test,1
26218,test,0
26219,test,1
26220,test,0
26221,test,1
26222,test,2
26223,test,1
26224,test,0
26225,test,0
26226,test,0
26227,test,1
26228,test,2
26229,test,1
26230,test,0
26231,test,1
26232,test,2
26233,test,0
26234,test,1
26235,test,2
26236,test,1
26237,test,1
26238,test,0
26239,test,2
26240,test,0
26241,test,1
26242,test,0
26243,test,1
26244,test,1
26245,test,2
26246,test,1
26247,test,2
26248,test,0
26249,test,1
26250,test,1
26251,test,0
26252,test,2
26253,test,0
26254,test,2
26255,test,0
26256,test,1
26257,test,2
26258,test,2
26259,test,2
26260,test,1
26261,test,2
26262,test,1
26263,test,2
26264,test,2
26265,test,1
26266,test,2
26267,test,0
26268,test,1
26269,test,1
26270,test,0
26271,test,2
26272,test,0
26273,test,0
26274,test,1
26275,test,0
26276,test,1
26277,test,2
26278,test,2
26279,test,1
26280,test,2
26281,test,2
26282,test,0
26283,test,2
26284,test,2
26285,test,0
26286,test,0
26287,test,0
26288,test,0
26289,test,2
26290,test,2
26291,test,0
26292,test,0
26293,test,0
26294,test,0
26295,test,2
26296,test,1
26297,test,1
26298,test,0
26299,test,0
26300,test,1
26301,test,1
26302,test,1
26303,test,1
26304,test,1
26305,test,2
26306,test,2
26307,test,0
26308,test,1
26309,test,1
26310,test,0
26311,test,2
26312,test,1
26313,test,0
26314,test,1
26315,test,1
26316,test,0
26317,test,0
26318,test,0
26319,test,2
26320,test,2
26321,test,2
26322,test,1
26323,test,1
26324,test,1
26325,test,0
26326,test,2
26327,test,0
26328,test,1
26329,test,2
26330,test,2
26331,test,2
26332,test,2
26333,test,2
26334,test,0
26335,test,0
26336,test,1
26337,test,0
26338,test,0
26339,test,1
26340,test,2
26341,test,1
26342,test,0
26343,test,0
26344,test,0
26345,test,2
26346,test,1
26347,test,2
26348,test,0
26349,test,1
26350,test,2
26351,test,1
26352,test,0
26353,test,2
26354,test,0
26355,test,1
26356,test,0
26357,test,0
26358,test,1
26359,test,2
26360,test,1
26361,test,0
26362,test,1
26363,test,1
26364,test,1
26365,test,1
26366,test,2
26367,test,0
26368,test,0
26369,test,2
26370,test,2
26371,test,1
26372,test,0
26373,test,0
26374,test,0
26375,test,0
26376,test,1
26377,test,2
26378,test,1
26379,test,1
26380,test,0
26381,test,0
26382,test,0
26383,test,2
26384,test,2
26385,test,2
26386,test,0
26387,test,1
26388,test,0
26389,test,1
26390,test,2
26391,test,1
26392,test,1
26393,test,0
26394,test,1
26395,test,2
26396,test,2
26397,test,1
26398,test,0
26399,test,1
26400,test,1
26401,test,1
26402,test,1
26403,test,0
26404,test,1
26405,test,2
26406,test,1
26407,test,0
26408,test,1
26409,test,1
26410,test,0
26411,test,1
26412,test,0
26413,test,2
26414,test,2
26415,test,1
26416,test,0
26417,test,1
26418,test,1
26419,test,1
26420,test,0
26421,test,0
26422,test,2
26423,test,1
26424,test,1
26425,test,1
26426,test,0
26427,test,2
26428,test,0
26429,test,1
26430,test,0
26431,test,1
26432,test,1
26433,test,0
26434,test,0
26435,test,2
26436,test,1
26437,test,0
26438,test,1
26439,test,0
26440,test,1
26441,test,0
26442,test,0
26443,test,0
26444,test,1
26445,test,1
26446,test,2
26447,test,1
26448,test,2
26449,test,1
26450,test,1
26451,test,2
26452,test,2
26453,test,2
26454,test,0
26455,test,0
26456,test,0
26457,test,2
26458,test,0
26459,test,2
26460,test,2
26461,test,1
26462,test,2
26463,test,2
26464,test,2
26465,test,2
26466,test,0
26467,test,0
26468,test,0
26469,test,1
26470,test,0
26471,test,1
26472,test,0
26473,test,1
26474,test,2
26475,test,0
26476,test,0
26477,test,2
26478,test,1
26479,test,0
26480,test,1
26481,test,0
26482,test,2
26483,test,0
26484,test,0
26485,test,2
26486,test,2
26487,test,0
26488,test,0
26489,test,2
26490,test,2
26491,test,1
26492,test,0
26493,test,0
26494,test,1
26495,test,2
26496,test,0
26497,test,0
26498,test,2
26499,test,0
26500,test,2
26501,test,2
26502,test,1
26503,test,1
26504,test,0
26505,test,1
26506,test,2
26507,test,0
26508,test,1
26509,test,2
26510,test,1
26511,test,1
26512,test,1
26513,test,2
26514,test,1
26515,test,2
26516,test,0
26517,test,1
26518,test,2
26519,test,0
26520,test,1
26521,test,0
26522,test,0
26523,test,1
26524,test,2
26525,test,0
26526,test,0
26527,test,0
26528,test,2
26529,test,0
26530,test,0
26531,test,1
26532,test,0
26533,test,0
26534,test,2
26535,test,1
26536,test,2
26537,test,2
26538,test,2
26539,test,0
26540,test,0
26541,test,1
26542,test,0
26543,test,1
26544,test,0
26545,test,1
26546,test,2
26547,test,1
26548,test,0
26549,test,0
26550,test,2
26551,test,1
26552,test,0
26553,test,1
26554,test,1
26555,test,1
26556,test,1
26557,test,0
26558,test,2
26559,test,1
26560,test,1
26561,test,2
26562,test,0
26563,test,2
26564,test,1
26565,test,0
26566,test,1
26567,test,1
26568,test,1
26569,test,0
26570,test,0
26571,test,2
26572,test,1
26573,test,0
26574,test,0
26575,test,2
26576,test,0
26577,test,0
26578,test,2
26579,test,1
26580,test,1
26581,test,0
26582,test,1
26583,test,1
26584,test,2
26585,test,1
26586,test,1
26587,test,0
26588,test,1
26589,test,1
26590,test,0
26591,test,0
26592,test,0
26593,test,0
26594,test,2
26595,test,0
26596,test,1
26597,test,2
26598,test,1
26599,test,0
26600,test,2
26601,test,0
26602,test,2
26603,test,0
26604,test,0
26605,test,0
26606,test,1
26607,test,0
26608,test,2
26609,test,1
26610,test,1
26611,test,2
26612,test,2
26613,test,2
26614,test,1
26615,test,2
26616,test,0
26617,test,2
26618,test,1
26619,test,2
26620,test,1
26621,test,0
26622,test,0
26623,test,0
26624,test,2
26625,test,1
26626,test,1
26627,test,1
26628,test,2
26629,test,1
26630,test,0
26631,test,2
26632,test,0
26633,test,2
26634,test,2
26635,test,0
26636,test,1
26637,test,2
26638,test,1
26639,test,1
26640,test,0
26641,test,0
26642,test,1
26643,test,2
26644,test,0
26645,test,0
26646,test,2
26647,test,1
26648,test,0
26649,test,2
26650,test,0
26651,test,0
26652,test,2
26653,test,2
26654,test,1
26655,test,2
26656,test,2
26657,test,0
26658,test,2
26659,test,1
26660,test,0
26661,test,1
26662,test,0
26663,test,2
26664,test,0
26665,test,2
26666,test,1
26667,test,1
26668,test,1
26669,test,0
26670,test,2
26671,test,1
26672,test,1
26673,test,1
26674,test,2
26675,test,0
26676,test,0
26677,test,0
26678,test,2
26679,test,0
26680,test,0
26681,test,0
26682,test,2
26683,test,1
26684,test,0
26685,test,2
26686,test,0
26687,test,2
26688,test,0
26689,test,0
26690,test,0
26691,test,0
26692,test,1
26693,test,1
26694,test,0
26695,test,1
26696,test,2
26697,test,0
26698,test,1
26699,test,0
26700,test,0
26701,test,1
26702,test,0
26703,test,1
26704,test,0
26705,test,2
26706,test,0
26707,test,1
26708,test,1
26709,test,0
26710,test,2
26711,test,0
26712,test,2
26713,test,1
26714,test,2
26715,test,0
26716,test,2
26717,test,2
26718,test,2
26719,test,1
26720,test,1
26721,test,2
26722,test,0
26723,test,1
26724,test,0
26725,test,2
26726,test,1
26727,test,2
26728,test,2
26729,test,0
26730,test,1
26731,test,2
26732,test,1
26733,test,1
26734,test,2
26735,test,2
26736,test,0
26737,test,0
26738,test,1
26739,test,0
26740,test,0
26741,test,0
26742,test,1
26743,test,1
26744,test,0
26745,test,0
26746,test,1
26747,test,2
26748,test,0
26749,test,1
26750,test,2
26751,test,2
26752,test,1
26753,test,2
26754,test,1
26755,test,2
26756,test,2
26757,test,2
26758,test,1
26759,test,0
26760,test,1
26761,test,2
26762,test,1
26763,test,1
26764,test,2
26765,test,0
26766,test,2
26767,test,0
26768,test,2
26769,test,0
26770,test,0
26771,test,1
26772,test,1
26773,test,0
26774,test,2
26775,test,1
26776,test,1
26777,test,2
26778,test,2
26779,test,1
26780,test,1
26781,test,2
26782,test,1
26783,test,1
26784,test,0
26785,test,1
26786,test,1
26787,test,1
26788,test,1
26789,test,2
26790,test,2
26791,test,0
26792,test,1
26793,test,0
26794,test,2
26795,test,2
26796,test,2
26797,test,1
26798,test,0
26799,test,0
26800,test,1
26801,test,0
26802,test,0
26803,test,2
26804,test,0
26805,test,0
26806,test,1
26807,test,0
26808,test,1
26809,test,1
26810,test,0
26811,test,1
26812,test,0
26813,test,1
26814,test,2
26815,test,2
26816,test,2
26817,test,1
26818,test,1
26819,test,2
26820,test,1
26821,test,2
26822,test,2
26823,test,2
26824,test,1
26825,test,2
26826,test,1
26827,test,1
26828,test,0
26829,test,0
26830,test,0
26831,test,0
26832,test,1
26833,test,0
26834,test,2
26835,test,1
26836,test,2
26837,test,0
26838,test,2
26839,test,2
26840,test,1
26841,test,1
26842,test,0
26843,test,0
26844,test,1
26845,test,0
26846,test,2
26847,test,1
26848,test,1
26849,test,0
26850,test,1
26851,test,0
26852,test,1
26853,test,2
26854,test,0
26855,test,0
26856,test,1
26857,test,0
26858,test,1
26859,test,0
26860,test,1
26861,test,0
26862,test,0
26863,test,0
26864,test,2
26865,test,2
26866,test,1
26867,test,1
26868,test,0
26869,test,2
26870,test,0
26871,test,1
26872,test,0
26873,test,0
26874,test,0
26875,test,0
26876,test,0
26877,test,2
26878,test,1
26879,test,2
26880,test,2
26881,test,1
26882,test,0
26883,test,1
26884,test,2
26885,test,1
26886,test,0
26887,test,0
26888,test,1
26889,test,0
26890,test,2
26891,test,2
26892,test,2
26893,test,0
26894,test,2
26895,test,2
26896,test,1
26897,test,0
26898,test,1
26899,test,2
26900,test,0
26901,test,1
26902,test,1
26903,test,2
26904,test,0
26905,test,1
26906,test,0
26907,test,1
26908,test,2
26909,test,0
26910,test,0
26911,test,1
26912,test,0
26913,test,1
26914,test,0
26915,test,2
26916,test,0
26917,test,0
26918,test,0
26919,test,0
26920,test,0
26921,test,0
26922,test,2
26923,test,2
26924,test,1
26925,test,0
26926,test,1
26927,test,2
26928,test,0
26929,test,1
26930,test,2
26931,test,2
26932,test,2
26933,test,1
26934,test,2
26935,test,2
26936,test,1
26937,test,1
26938,test,2
26939,test,0
26940,test,0
26941,test,1
26942,test,1
26943,test,2
26944,test,0
26945,test,0
26946,test,2
26947,test,1
26948,test,2
26949,test,0
26950,test,2
26951,test,0
26952,test,0
26953,test,0
26954,test,0
26955,test,0
26956,test,0
26957,test,1
26958,test,2
26959,test,1
26960,test,1
26961,test,2
26962,test,2
26963,test,1
26964,test,2
26965,test,2
26966,test,1
26967,test,2
26968,test,2
26969,test,2
26970,test,0
26971,test,2
26972,test,0
26973,test,0
26974,test,2
26975,test,0
26976,test,0
26977,test,1
26978,test,1
26979,test,0
26980,test,0
26981,test,1
26982,test,0
26983,test,2
26984,test,1
26985,test,1
26986,test,0
26987,test,1
26988,test,2
26989,test,1
26990,test,2
26991,test,1
26992,test,0
26993,test,0
26994,test,0
26995,test,0
26996,test,2
26997,test,0
26998,test,1
26999,test,2
27000,test,1
27001,test,0
27002,test,1
27003,test,1
27004,test,0
27005,test,1
27006,test,2
27007,test,2
27008,test,2
27009,test,0
27010,test,0
27011,test,1
27012,test,0
27013,test,0
27014,test,2
27015,test,0
27016,test,0
27017,test,0
27018,test,0
27019,test,1
27020,test,2
27021,test,2
27022,test,1
27023,test,0
27024,test,0
27025,test,0
27026,test,0
27027,test,0
27028,test,0
27029,test,1
27030,test,1
27031,test,1
27032,test,1
27033,test,0
27034,test,2
27035,test,1
27036,test,1
27037,test,0
27038,test,2
27039,test,1
27040,test,0
27041,test,1
27042,test,0
27043,test,2
27044,test,2
27045,test,1
27046,test,1
27047,test,1
27048,test,2
27049,test,0
27050,test,0
27051,test,0
27052,test,2
27053,test,1
27054,test,1
27055,test,0
27056,test,2
27057,test,1
27058,test,0
27059,test,1
27060,test,2
27061,test,0
27062,test,0
27063,test,0
27064,test,0
27065,test,0
27066,test,0
27067,test,2
27068,test,1
27069,test,0
27070,test,2
27071,test,0
27072,test,1
27073,test,0
27074,test,1
27075,test,1
27076,test,0
27077,test,1
27078,test,0
27079,test,1
27080,test,1
27081,test,2
27082,test,0
27083,test,0
27084,test,0
27085,test,0
27086,test,1
27087,test,0
27088,test,1
27089,test,0
27090,test,0
27091,test,1
27092,test,0
27093,test,0
27094,test,0
27095,test,0
27096,test,0
27097,test,1
27098,test,0
27099,test,2
27100,test,2
27101,test,0
27102,test,1
27103,test,1
27104,test,1
27105,test,0
27106,test,0
27107,test,0
27108,test,1
27109,test,2
27110,test,0
27111,test,2
27112,test,0
27113,test,1
27114,test,0
27115,test,2
27116,test,2
27117,test,2
27118,test,1
27119,test,1
27120,test,0
27121,test,1
27122,test,0
27123,test,1
27124,test,1
27125,test,2
27126,test,0
27127,test,1
27128,test,2
27129,test,1
27130,test,2
27131,test,1
27132,test,0
27133,test,2
27134,test,1
27135,test,1
27136,test,1
27137,test,2
27138,test,1
27139,test,1
27140,test,1
27141,test,2
27142,test,1
27143,test,0
27144,test,2
27145,test,2
27146,test,0
27147,test,0
27148,test,1
27149,test,1
27150,test,2
27151,test,0
27152,test,1
27153,test,0
27154,test,0
27155,test,0
27156,test,0
27157,test,0
27158,test,0
27159,test,1
27160,test,0
27161,test,2
27162,test,0
27163,test,1
27164,test,2
27165,test,2
27166,test,1
27167,test,1
27168,test,0
27169,test,0
27170,test,0
27171,test,0
27172,test,0
27173,test,0
27174,test,2
27175,test,0
27176,test,2
27177,test,2
27178,test,1
27179,test,1
27180,test,1
27181,test,0
27182,test,1
27183,test,2
27184,test,0
27185,test,2
27186,test,1
27187,test,0
27188,test,0
27189,test,1
27190,test,2
27191,test,1
27192,test,1
27193,test,1
27194,test,2
27195,test,0
27196,test,1
27197,test,2
27198,test,2
27199,test,2
27200,test,1
27201,test,0
27202,test,2
27203,test,1
27204,test,0
27205,test,2
27206,test,1
27207,test,2
27208,test,0
27209,test,1
27210,test,0
27211,test,0
27212,test,0
27213,test,1
27214,test,1
27215,test,2
27216,test,0
27217,test,2
27218,test,1
27219,test,0
27220,test,2
27221,test,0
27222,test,0
27223,test,1
27224,test,0
27225,test,1
27226,test,0
27227,test,0
27228,test,1
27229,test,0
27230,test,1
27231,test,2
27232,test,1
27233,test,0
27234,test,2
27235,test,0
27236,test,1
27237,test,2
27238,test,0
27239,test,0
27240,test,1
27241,test,1
27242,test,1
27243,test,2
27244,test,1
27245,test,1
27246,test,2
27247,test,1
27248,test,1
27249,test,1
27250,test,0
27251,test,0
27252,test,1
27253,test,0
27254,test,1
27255,test,0
27256,test,1
27257,test,0
27258,test,0
27259,test,1
27260,test,0
27261,test,1
27262,test,0
27263,test,1
27264,test,0
27265,test,1
27266,test,2
27267,test,1
27268,test,2
27269,test,0
27270,test,0
27271,test,1
27272,test,2
27273,test,0
27274,test,2
27275,test,1
27276,test,0
27277,test,1
27278,test,0
27279,test,0
27280,test,1
27281,test,0
27282,test,0
27283,test,0
27284,test,2
27285,test,1
27286,test,1
27287,test,2
27288,test,2
27289,test,1
27290,test,2
27291,test,0
27292,test,1
27293,test,2
27294,test,1
27295,test,2
27296,test,1
27297,test,0
27298,test,0
27299,test,0
27300,test,2
27301,test,1
27302,test,2
27303,test,2
27304,test,2
27305,test,1
27306,test,1
27307,test,0
27308,test,1
27309,test,2
27310,test,0
27311,test,0
27312,test,2
27313,test,0
27314,test,0
27315,test,1
27316,test,1
27317,test,2
27318,test,2
27319,test,0
27320,test,0
27321,test,0
27322,test,1
27323,test,2
27324,test,1
27325,test,2
27326,test,1
27327,test,1
27328,test,2
27329,test,1
27330,test,2
27331,test,2
27332,test,0
27333,test,0
27334,test,1
27335,test,2
27336,test,1
27337,test,2
27338,test,0
27339,test,1
27340,test,2
27341,test,0
27342,test,0
27343,test,1
27344,test,0
27345,test,0
27346,test,2
27347,test,1
27348,test,2
27349,test,0
27350,test,2
27351,test,2
27352,test,1
27353,test,1
27354,test,0
27355,test,1
27356,test,0
27357,test,2
27358,test,0
27359,test,0
27360,test,2
27361,test,1
27362,test,0
27363,test,1
27364,test,0
27365,test,0
27366,test,0
27367,test,2
27368,test,2
27369,test,2
27370,test,0
27371,test,0
27372,test,0
27373,test,1
27374,test,1
27375,test,1
27376,test,2
27377,test,1
27378,test,0
27379,test,2
27380,test,0
27381,test,0
27382,test,0
27383,test,0
27384,test,0
27385,test,2
27386,test,2
27387,test,2
27388,test,1
27389,test,0
27390,test,2
27391,test,2
27392,test,2
27393,test,2
27394,test,0
27395,test,0
27396,test,2
27397,test,1
27398,test,2
27399,test,0
27400,test,2
27401,test,0
27402,test,1
27403,test,0
27404,test,0
27405,test,0
27406,test,2
27407,test,0
27408,test,2
27409,test,0
27410,test,0
27411,test,0
27412,test,0
27413,test,2
27414,test,0
27415,test,1
27416,test,1
27417,test,0
27418,test,1
27419,test,0
27420,test,0
27421,test,1
27422,test,2
27423,test,1
27424,test,0
27425,test,1
27426,test,1
27427,test,2
27428,test,1
27429,test,0
27430,test,0
27431,test,0
27432,test,2
27433,test,0
27434,test,0
27435,test,1
27436,test,0
27437,test,0
27438,test,1
27439,test,0
27440,test,2
27441,test,2
27442,test,2
27443,test,2
27444,test,2
27445,test,0
27446,test,0
27447,test,0
27448,test,0
27449,test,1
27450,test,0
27451,test,0
27452,test,2
27453,test,2
27454,test,2
27455,test,2
27456,test,1
27457,test,2
27458,test,2
27459,test,1
27460,test,0
27461,test,1
27462,test,1
27463,test,2
27464,test,0
27465,test,2
27466,test,0
27467,test,0
27468,test,0
27469,test,2
27470,test,1
27471,test,1
27472,test,0
27473,test,1
27474,test,2
27475,test,2
27476,test,0
27477,test,0
27478,test,0
27479,test,0
27480,test,1
27481,test,2
27482,test,2
27483,test,0
27484,test,0
27485,test,0
27486,test,1
27487,test,0
27488,test,1
27489,test,2
27490,test,0
27491,test,2
27492,test,1
27493,test,0
27494,test,2
27495,test,1
27496,test,0
27497,test,1
27498,test,0
27499,test,1
27500,test,1
27501,test,1
27502,test,2
27503,test,1
27504,test,1
27505,test,0
27506,test,0
27507,test,2
27508,test,1
27509,test,2
27510,test,2
27511,test,1
27512,test,2
27513,test,0
27514,test,0
27515,test,0
27516,test,1
27517,test,2
27518,test,2
27519,test,0
27520,test,1
27521,test,0
27522,test,0
27523,test,1
27524,test,0
27525,test,0
27526,test,0
27527,test,0
27528,test,2
27529,test,1
27530,test,0
27531,test,1
27532,test,0
27533,test,2
27534,test,1
27535,test,1
27536,test,0
27537,test,1
27538,test,0
27539,test,0
27540,test,2
27541,test,0
27542,test,1
27543,test,2
27544,test,0
27545,test,0
27546,test,0
27547,test,1
27548,test,1
27549,test,1
27550,test,0
27551,test,0
27552,test,1
27553,test,1
27554,test,2
27555,test,1
27556,test,0
27557,test,0
27558,test,1
27559,test,1
27560,test,2
27561,test,0
27562,test,2
27563,test,1
27564,test,2
27565,test,1
27566,test,2
27567,test,1
27568,test,1
27569,test,2
27570,test,1
27571,test,0
27572,test,0
27573,test,1
27574,test,2
27575,test,2
27576,test,1
27577,test,0
27578,test,0
27579,test,2
27580,test,1
27581,test,0
27582,test,0
27583,test,2
27584,test,0
27585,test,0
27586,test,2
27587,test,2
27588,test,1
27589,test,1
27590,test,0
27591,test,2
27592,test,0
27593,test,0
27594,test,0
27595,test,1
27596,test,2
27597,test,2
27598,test,1
27599,test,1
27600,test,1
27601,test,0
27602,test,2
27603,test,2
27604,test,0
27605,test,0
27606,test,2
27607,test,0
27608,test,0
27609,test,1
27610,test,1
27611,test,2
27612,test,2
27613,test,0
27614,test,1
27615,test,1
27616,test,0
27617,test,0
27618,test,2
27619,test,0
27620,test,2
27621,test,1
27622,test,1
27623,test,2
27624,test,0
27625,test,2
27626,test,1
27627,test,2
27628,test,0
27629,test,0
27630,test,0
27631,test,1
27632,test,0
27633,test,0
27634,test,1
27635,test,1
27636,test,0
27637,test,0
27638,test,0
27639,test,1
27640,test,1
27641,test,1
27642,test,0
27643,test,1
27644,test,1
27645,test,2
27646,test,1
27647,test,1
27648,test,1
27649,test,0
27650,test,0
27651,test,1
27652,test,2
27653,test,2
27654,test,1
27655,test,2
27656,test,0
27657,test,2
27658,test,2
27659,test,2
27660,test,1
27661,test,1
27662,test,1
27663,test,2
27664,test,2
27665,test,0
27666,test,0
27667,test,1
27668,test,0
27669,test,0
27670,test,2
27671,test,1
27672,test,0
27673,test,1
27674,test,1
27675,test,0
27676,test,0
27677,test,0
27678,test,0
27679,test,1
27680,test,2
27681,test,1
27682,test,1
27683,test,0
27684,test,1
27685,test,1
27686,test,2
27687,test,0
27688,test,1
27689,test,1
27690,test,0
27691,test,0
27692,test,1
27693,test,2
27694,test,1
27695,test,1
27696,test,1
27697,test,0
27698,test,0
27699,test,0
27700,test,2
27701,test,0
27702,test,1
27703,test,2
27704,test,0
27705,test,1
27706,test,1
27707,test,2
27708,test,0
27709,test,2
27710,test,1
27711,test,2
27712,test,0
27713,test,0
27714,test,0
27715,test,2
27716,test,2
27717,test,0
27718,test,0
27719,test,1
27720,test,1
27721,test,0
27722,test,0
27723,test,2
27724,test,1
27725,test,2
27726,test,2
27727,test,0
27728,test,0
27729,test,0
27730,test,2
27731,test,1
27732,test,1
27733,test,1
27734,test,0
27735,test,0
27736,test,1
27737,test,0
27738,test,2
27739,test,1
27740,test,0
27741,test,1
27742,test,2
27743,test,1
27744,test,2
27745,test,0
27746,test,2
27747,test,0
27748,test,0
27749,test,1
27750,test,2
27751,test,2
27752,test,2
27753,test,1
27754,test,2
27755,test,0
27756,test,1
27757,test,0
27758,test,0
27759,test,0
27760,test,1
27761,test,2
27762,test,0
27763,test,1
27764,test,0
27765,test,0
27766,test,0
27767,test,1
27768,test,1
27769,test,1
27770,test,1
27771,test,1
27772,test,1
27773,test,2
27774,test,1
27775,test,1
27776,test,0
27777,test,0
27778,test,2
27779,test,1
27780,test,1
27781,test,1
27782,test,1
27783,test,1
27784,test,2
27785,test,2
27786,test,0
27787,test,1
27788,test,2
27789,test,1
27790,test,1
27791,test,0
27792,test,1
27793,test,0
27794,test,0
27795,test,1
27796,test,1
27797,test,1
27798,test,0
27799,test,1
27800,test,1
27801,test,2
27802,test,0
27803,test,1
27804,test,2
27805,test,0
27806,test,1
27807,test,0
27808,test,2
27809,test,1
27810,test,1
27811,test,0
27812,test,2
27813,test,1
27814,test,2
27815,test,2
27816,test,2
27817,test,0
27818,test,0
27819,test,0
27820,test,2
27821,test,0
27822,test,1
27823,test,0
27824,test,2
27825,test,1
27826,test,1
27827,test,0
27828,test,0
27829,test,2
27830,test,2
27831,test,1
27832,test,0
27833,test,2
27834,test,0
27835,test,0
27836,test,2
27837,test,2
27838,test,0
27839,test,0
27840,test,0
27841,test,2
27842,test,2
27843,test,0
27844,test,2
27845,test,0
27846,test,1
27847,test,1
27848,test,1
27849,test,0
27850,test,2
27851,test,0
27852,test,2
27853,test,2
27854,test,2
27855,test,1
27856,test,1
27857,test,1
27858,test,2
27859,test,1
27860,test,2
27861,test,1
27862,test,1
27863,test,0
27864,test,0
27865,test,0
27866,test,0
27867,test,1
27868,test,1
27869,test,1
27870,test,1
27871,test,0
27872,test,1
27873,test,1
27874,test,1
27875,test,0
27876,test,0
27877,test,0
27878,test,2
27879,test,1
27880,test,0
27881,test,0
27882,test,0
27883,test,2
27884,test,1
27885,test,2
27886,test,1
27887,test,0
27888,test,0
27889,test,0
27890,test,1
27891,test,1
27892,test,2
27893,test,1
27894,test,2
27895,test,0
27896,test,1
27897,test,2
27898,test,0
27899,test,0
27900,test,1
27901,test,1
27902,test,1
27903,test,0
27904,test,2
27905,test,1
27906,test,2
27907,test,2
27908,test,1
27909,test,2
27910,test,1
27911,test,0
27912,test,1
27913,test,1
27914,test,1
27915,test,0
27916,test,0
27917,test,0
27918,test,1
27919,test,0
27920,test,1
27921,test,0
27922,test,2
27923,test,1
27924,test,1
27925,test,0
27926,test,0
27927,test,1
27928,test,0
27929,test,2
27930,test,1
27931,test,1
27932,test,0
27933,test,0
27934,test,0
27935,test,2
27936,test,0
27937,test,1
27938,test,0
27939,test,1
27940,test,1
27941,test,0
27942,test,1
27943,test,2
27944,test,0
27945,test,1
27946,test,0
27947,test,0
27948,test,0
27949,test,1
27950,test,1
27951,test,2
27952,test,2
27953,test,1
27954,test,0
27955,test,1
27956,test,0
27957,test,1
27958,test,1
27959,test,1
27960,test,1
27961,test,2
27962,test,1
27963,test,2
27964,test,1
27965,test,2
27966,test,0
27967,test,2
27968,test,2
27969,test,0
27970,test,0
27971,test,1
27972,test,0
27973,test,1
27974,test,0
27975,test,0
27976,test,1
27977,test,0
27978,test,0
27979,test,2
27980,test,1
27981,test,2
27982,test,0
27983,test,1
27984,test,1
27985,test,0
27986,test,0
27987,test,2
27988,test,1
27989,test,0
27990,test,0
27991,test,1
27992,test,2
27993,test,1
27994,test,0
27995,test,2
27996,test,1
27997,test,1
27998,test,2
27999,test,1
28000,test,2
28001,test,2
28002,test,1
28003,test,2
28004,test,2
28005,test,0
28006,test,1
28007,test,1
28008,test,1
28009,test,2
28010,test,0
28011,test,1
28012,test,2
28013,test,0
28014,test,1
28015,test,1
28016,test,1
28017,test,2
28018,test,0
28019,test,1
28020,test,1
28021,test,1
28022,test,2
28023,test,2
28024,test,2
28025,test,1
28026,test,0
28027,test,1
28028,test,2
28029,test,1
28030,test,0
28031,test,1
28032,test,2
28033,test,0
28034,test,2
28035,test,1
28036,test,1
28037,test,2
28038,test,0
28039,test,1
28040,test,0
28041,test,2
28042,test,0
28043,test,2
28044,test,2
28045,test,0
28046,test,2
28047,test,1
28048,test,0
28049,test,1
28050,test,0
28051,test,0
28052,test,2
28053,test,0
28054,test,2
28055,test,1
28056,test,0
28057,test,0
28058,test,1
28059,test,1
28060,test,1
28061,test,1
28062,test,0
28063,test,1
28064,test,2
28065,test,2
28066,test,2
28067,test,0
28068,test,0
28069,test,1
28070,test,0
28071,test,0
28072,test,0
28073,test,0
28074,test,2
28075,test,1
28076,test,1
28077,test,1
28078,test,0
28079,test,1
28080,test,0
28081,test,2
28082,test,1
28083,test,0
28084,test,1
28085,test,0
28086,test,1
28087,test,2
28088,test,1
28089,test,1
28090,test,1
28091,test,1
28092,test,2
28093,test,0
28094,test,1
28095,test,0
28096,test,0
28097,test,0
28098,test,1
28099,test,1
28100,test,1
28101,test,1
28102,test,0
28103,test,0
28104,test,0
28105,test,0
28106,test,0
28107,test,2
28108,test,2
28109,test,0
28110,test,1
28111,test,2
28112,test,0
28113,test,0
28114,test,0
28115,test,2
28116,test,1
28117,test,2
28118,test,0
28119,test,0
28120,test,0
28121,test,2
28122,test,2
28123,test,1
28124,test,2
28125,test,0
28126,test,0
28127,test,0
28128,test,0
28129,test,0
28130,test,2
28131,test,1
28132,test,2
28133,test,1
28134,test,1
28135,test,2
28136,test,0
28137,test,2
28138,test,0
28139,test,2
28140,test,1
28141,test,0
28142,test,0
28143,test,0
28144,test,0
28145,test,0
28146,test,0
28147,test,2
28148,test,0
28149,test,0
28150,test,2
28151,test,1
28152,test,2
28153,test,0
28154,test,2
28155,test,2
28156,test,1
28157,test,2
28158,test,1
28159,test,2
28160,test,1
28161,test,2
28162,test,0
28163,test,0
28164,test,2
28165,test,0
28166,test,1
28167,test,0
28168,test,0
28169,test,2
28170,test,1
28171,test,1
28172,test,2
28173,test,1
28174,test,1
28175,test,2
28176,test,1
28177,test,1
28178,test,0
28179,test,2
28180,test,2
28181,test,2
28182,test,0
28183,test,0
28184,test,2
28185,test,1
28186,test,0
28187,test,0
28188,test,2
28189,test,0
28190,test,0
28191,test,2
28192,test,1
28193,test,1
28194,test,1
28195,test,2
28196,test,1
28197,test,1
28198,test,1
28199,test,2
28200,test,1
28201,test,0
28202,test,2
28203,test,1
28204,test,1
28205,test,1
28206,test,2
28207,test,0
28208,test,0
28209,test,2
28210,test,0
28211,test,1
28212,test,2
28213,test,1
28214,test,1
28215,test,0
28216,test,2
28217,test,0
28218,test,0
28219,test,0
28220,test,1
28221,test,0
28222,test,1
28223,test,0
28224,test,2
28225,test,0
28226,test,1
28227,test,1
28228,test,1
28229,test,0
28230,test,0
28231,test,0
28232,test,2
28233,test,2
28234,test,2
28235,test,2
28236,test,0
28237,test,1
28238,test,2
28239,test,2
28240,test,0
28241,test,0
28242,test,2
28243,test,2
28244,test,2
28245,test,0
28246,test,0
28247,test,1
28248,test,0
28249,test,0
28250,test,1
28251,test,0
28252,test,1
28253,test,0
28254,test,2
28255,test,2
28256,test,0
28257,test,0
28258,test,0
28259,test,0
28260,test,1
28261,test,2
28262,test,0
28263,test,0
28264,test,1
28265,test,1
28266,test,1
28267,test,1
28268,test,0
28269,test,2
28270,test,0
28271,test,0
28272,test,2
28273,test,1
28274,test,1
28275,test,2
28276,test,0
28277,test,0
28278,test,0
28279,test,2
28280,test,0
28281,test,1
28282,test,0
28283,test,0
28284,test,0
28285,test,0
28286,test,1
28287,test,1
28288,test,2
28289,test,1
28290,test,0
28291,test,0
28292,test,0
28293,test,0
28294,test,2
28295,test,1
28296,test,0
28297,test,2
28298,test,1
28299,test,0
28300,test,0
28301,test,1
28302,test,1
28303,test,0
28304,test,1
28305,test,0
28306,test,0
28307,test,1
28308,test,0
28309,test,2
28310,test,1
28311,test,1
28312,test,2
28313,test,1
28314,test,1
28315,test,1
28316,test,2
28317,test,2
28318,test,0
28319,test,0
28320,test,1
28321,test,0
28322,test,2
28323,test,1
28324,test,1
28325,test,2
28326,test,0
28327,test,1
28328,test,0
28329,test,2
28330,test,2
28331,test,0
28332,test,2
28333,test,0
28334,test,0
28335,test,2
28336,test,2
28337,test,2
28338,test,1
28339,test,2
28340,test,0
28341,test,0
28342,test,0
28343,test,2
28344,test,0
28345,test,2
28346,test,0
28347,test,2
28348,test,0
28349,test,0
28350,test,1
28351,test,2
28352,test,2
28353,test,1
28354,test,1
28355,test,0
28356,test,1
28357,test,0
28358,test,1
28359,test,2
28360,test,0
28361,test,1
28362,test,2
28363,test,2
28364,test,2
28365,test,1
28366,test,1
28367,test,1
28368,test,0
28369,test,0
28370,test,2
28371,test,1
28372,test,0
28373,test,0
28374,test,1
28375,test,0
28376,test,1
28377,test,0
28378,test,2
28379,test,1
28380,test,1
28381,test,1
28382,test,2
28383,test,2
28384,test,0
28385,test,0
28386,test,0
28387,test,0
28388,test,0
28389,test,1
28390,test,0
28391,test,0
28392,test,0
28393,test,1
28394,test,2
28395,test,1
28396,test,0
28397,test,2
28398,test,0
28399,test,2
28400,test,1
28401,test,0
28402,test,2
28403,test,1
28404,test,0
28405,test,1
28406,test,0
28407,test,1
28408,test,0
28409,test,0
28410,test,1
28411,test,1
28412,test,2
28413,test,2
28414,test,0
28415,test,2
28416,test,1
28417,test,0
28418,test,2
28419,test,0
28420,test,1
28421,test,1
28422,test,1
28423,test,0
28424,test,1
28425,test,0
28426,test,0
28427,test,0
28428,test,2
28429,test,0
28430,test,2
28431,test,1
28432,test,2
28433,test,0
28434,test,1
28435,test,2
28436,test,0
28437,test,1
28438,test,1
28439,test,0
28440,test,2
28441,test,0
28442,test,2
28443,test,1
28444,test,1
28445,test,0
28446,test,2
28447,test,1
28448,test,1
28449,test,1
28450,test,1
28451,test,1
28452,test,2
28453,test,2
28454,test,1
28455,test,0
28456,test,1
28457,test,2
28458,test,0
28459,test,0
28460,test,1
28461,test,1
28462,test,2
28463,test,2
28464,test,0
28465,test,0
28466,test,0
28467,test,1
28468,test,1
28469,test,2
28470,test,2
28471,test,0
28472,test,0
28473,test,0
28474,test,1
28475,test,2
28476,test,2
28477,test,1
28478,test,1
28479,test,0
28480,test,0
28481,test,1
28482,test,0
28483,test,1
28484,test,1
28485,test,2
28486,test,0
28487,test,1
28488,test,1
28489,test,1
28490,test,0
28491,test,1
28492,test,2
28493,test,1
28494,test,0
28495,test,1
28496,test,0
28497,test,0
28498,test,1
28499,test,0
28500,test,1
28501,test,2
28502,test,1
28503,test,2
28504,test,0
28505,test,1
28506,test,1
28507,test,0
28508,test,1
28509,test,0
28510,test,1
28511,test,0
28512,test,2
28513,test,0
28514,test,1
28515,test,0
28516,test,2
28517,test,2
28518,test,2
28519,test,0
28520,test,2
28521,test,1
28522,test,1
28523,test,0
28524,test,2
28525,test,0
28526,test,1
28527,test,2
28528,test,0
28529,test,2
28530,test,1
28531,test,0
28532,test,2
28533,test,0
28534,test,2
28535,test,1
28536,test,1
28537,test,1
28538,test,1
28539,test,2
28540,test,2
28541,test,1
28542,test,0
28543,test,1
28544,test,1
28545,test,0
28546,test,2
28547,test,0
28548,test,1
28549,test,2
28550,test,1
28551,test,1
28552,test,1
28553,test,2
28554,test,1
28555,test,1
28556,test,2
28557,test,0
28558,test,1
28559,test,2
28560,test,1
28561,test,1
28562,test,2
28563,test,0
28564,test,1
28565,test,0
28566,test,1
28567,test,1
28568,test,0
28569,test,0
28570,test,0
28571,test,1
28572,test,1
28573,test,1
28574,test,1
28575,test,2
28576,test,1
28577,test,1
28578,test,0
28579,test,1
28580,test,0
28581,test,1
28582,test,0
28583,test,1
28584,test,0
28585,test,1
28586,test,1
28587,test,2
28588,test,1
28589,test,0
28590,test,2
28591,test,2
28592,test,0
28593,test,1
28594,test,0
28595,test,0
28596,test,0
28597,test,0
28598,test,1
28599,test,2
28600,test,0
28601,test,1
28602,test,1
28603,test,1
28604,test,1
28605,test,0
28606,test,2
28607,test,0
28608,test,2
28609,test,1
28610,test,2
28611,test,2
28612,test,1
28613,test,2
28614,test,1
28615,test,1
28616,test,2
28617,test,0
28618,test,1
28619,test,0
28620,test,0
28621,test,1
28622,test,0
28623,test,2
28624,test,1
28625,test,0
28626,test,1
28627,test,2
28628,test,1
28629,test,2
28630,test,0
28631,test,0
28632,test,2
28633,test,2
28634,test,0
28635,test,2
28636,test,0
28637,test,2
28638,test,2
28639,test,1
28640,test,0
28641,test,0
28642,test,0
28643,test,1
28644,test,2
28645,test,1
28646,test,2
28647,test,1
28648,test,0
28649,test,2
28650,test,1
28651,test,2
28652,test,0
28653,test,2
28654,test,2
28655,test,2
28656,test,0
28657,test,0
28658,test,2
28659,test,2
28660,test,2
28661,test,1
28662,test,0
28663,test,0
28664,test,1
28665,test,0
28666,test,0
28667,test,0
28668,test,0
28669,test,0
28670,test,2
28671,test,1
28672,test,2
28673,test,1
28674,test,0
28675,test,0
28676,test,0
28677,test,1
28678,test,0
28679,test,1
28680,test,1
28681,test,1
28682,test,1
28683,test,0
28684,test,1
28685,test,0
28686,test,1
28687,test,0
28688,test,2
28689,test,0
28690,test,0
28691,test,1
28692,test,1
28693,test,1
28694,test,1
28695,test,1
28696,test,1
28697,test,0
28698,test,0
28699,test,0
28700,test,0
28701,test,1
28702,test,0
28703,test,1
28704,test,1
28705,test,2
28706,test,0
28707,test,0
28708,test,0
28709,test,1
28710,test,0
28711,test,1
28712,test,2
28713,test,1
28714,test,0
28715,test,0
28716,test,1
28717,test,0
28718,test,0
28719,test,0
28720,test,1
28721,test,0
28722,test,0
28723,test,0
28724,test,2
28725,test,2
28726,test,1
28727,test,1
28728,test,2
28729,test,0
28730,test,2
28731,test,1
28732,test,2
28733,test,0
28734,test,0
28735,test,0
28736,test,0
28737,test,2
28738,test,1
28739,test,1
28740,test,0
28741,test,2
28742,test,0
28743,test,1
28744,test,1
28745,test,0
28746,test,1
28747,test,0
28748,test,0
28749,test,1
28750,test,2
28751,test,1
28752,test,2
28753,test,2
28754,test,0
28755,test,0
28756,test,2
28757,test,1
28758,test,0
28759,test,1
28760,test,1
28761,test,1
28762,test,1
28763,test,0
28764,test,1
28765,test,0
28766,test,1
28767,test,0
28768,test,0
28769,test,0
28770,test,2
28771,test,0
28772,test,2
28773,test,2
28774,test,1
28775,test,1
28776,test,0
28777,test,0
28778,test,1
28779,test,2
28780,test,0
28781,test,2
28782,test,0
28783,test,0
28784,test,2
28785,test,1
28786,test,1
28787,test,1
28788,test,1
28789,test,0
28790,test,2
28791,test,0
28792,test,2
28793,test,2
28794,test,1
28795,test,1
28796,test,0
28797,test,2
28798,test,1
28799,test,1
28800,test,0
28801,test,0
28802,test,1
28803,test,0
28804,test,0
28805,test,2
28806,test,0
28807,test,2
28808,test,2
28809,test,0
28810,test,0
28811,test,1
28812,test,1
28813,test,1
28814,test,1
28815,test,2
28816,test,0
28817,test,1
28818,test,2
28819,test,1
28820,test,0
28821,test,1
28822,test,1
28823,test,1
28824,test,2
28825,test,1
28826,test,1
28827,test,0
28828,test,2
28829,test,1
28830,test,0
28831,test,1
28832,test,1
28833,test,1
28834,test,1
28835,test,0
28836,test,2
28837,test,0
28838,test,0
28839,test,0
28840,test,2
28841,test,1
28842,test,0
28843,test,2
28844,test,1
28845,test,0
28846,test,0
28847,test,0
28848,test,1
28849,test,0
28850,test,0
28851,test,0
28852,test,1
28853,test,1
28854,test,0
28855,test,1
28856,test,0
28857,test,0
28858,test,0
28859,test,1
28860,test,1
28861,test,2
28862,test,2
28863,test,1
28864,test,0
28865,test,2
28866,test,0
28867,test,0
28868,test,0
28869,test,1
28870,test,2
28871,test,1
28872,test,1
28873,test,2
28874,test,0
28875,test,1
28876,test,0
28877,test,2
28878,test,0
28879,test,0
28880,test,2
28881,test,1
28882,test,1
28883,test,1
28884,test,0
28885,test,0
28886,test,1
28887,test,2
28888,test,2
28889,test,1
28890,test,0
28891,test,1
28892,test,2
28893,test,2
28894,test,1
28895,test,1
28896,test,0
28897,test,0
28898,test,1
28899,test,0
28900,test,2
28901,test,1
28902,test,2
28903,test,1
28904,test,1
28905,test,0
28906,test,1
28907,test,0
28908,test,0
28909,test,2
28910,test,0
28911,test,0
28912,test,2
28913,test,1
28914,test,1
28915,test,0
28916,test,0
28917,test,1
28918,test,2
28919,test,1
28920,test,0
28921,test,2
28922,test,1
28923,test,0
28924,test,2
28925,test,2
28926,test,2
28927,test,2
28928,test,0
28929,test,1
28930,test,1
28931,test,1
28932,test,0
28933,test,2
28934,test,2
28935,test,1
28936,test,0
28937,test,1
28938,test,2
28939,test,0
28940,test,1
28941,test,1
28942,test,1
28943,test,0
28944,test,0
28945,test,1
28946,test,0
28947,test,1
28948,test,2
28949,test,2
28950,test,1
28951,test,0
28952,test,0
28953,test,2
28954,test,1
28955,test,2
28956,test,2
28957,test,2
28958,test,1
28959,test,1
28960,test,0
28961,test,1
28962,test,0
28963,test,1
28964,test,1
28965,test,0
28966,test,0
28967,test,1
28968,test,2
28969,test,0
28970,test,1
28971,test,1
28972,test,1
28973,test,1
28974,test,2
28975,test,2
28976,test,1
28977,test,0
28978,test,2
28979,test,0
28980,test,0
28981,test,1
28982,test,1
28983,test,1
28984,test,0
28985,test,1
28986,test,0
28987,test,0
28988,test,1
28989,test,1
28990,test,0
28991,test,0
28992,test,2
28993,test,2
28994,test,0
28995,test,1
28996,test,0
28997,test,1
28998,test,1
28999,test,1
29000,test,1
29001,test,1
29002,test,0
29003,test,2
29004,test,1
29005,test,2
29006,test,0
29007,test,0
29008,test,1
29009,test,0
29010,test,0
29011,test,1
29012,test,1
29013,test,1
29014,test,2
29015,test,2
29016,test,0
29017,test,0
29018,test,0
29019,test,0
29020,test,2
29021,test,0
29022,test,2
29023,test,0
29024,test,2
29025,test,1
29026,test,0
29027,test,0
29028,test,2
29029,test,2
29030,test,0
29031,test,2
29032,test,2
29033,test,0
29034,test,1
29035,test,0
29036,test,1
29037,test,2
29038,test,1
29039,test,0
29040,test,0
29041,test,1
29042,test,1
29043,test,1
29044,test,0
29045,test,2
29046,test,1
29047,test,1
29048,test,2
29049,test,0
29050,test,0
29051,test,0
29052,test,0
29053,test,0
29054,test,2
29055,test,1
29056,test,0
29057,test,1
29058,test,1
29059,test,1
29060,test,1
29061,test,0
29062,test,1
29063,test,2
29064,test,0
29065,test,2
29066,test,2
29067,test,0
29068,test,1
29069,test,1
29070,test,0
29071,test,0
29072,test,2
29073,test,1
29074,test,2
29075,test,2
29076,test,0
29077,test,2
29078,test,0
29079,test,1
29080,test,1
29081,test,2
29082,test,1
29083,test,0
29084,test,0
29085,test,0
29086,test,2
29087,test,1
29088,test,1
29089,test,0
29090,test,1
29091,test,2
29092,test,2
29093,test,1
29094,test,0
29095,test,0
29096,test,0
29097,test,0
29098,test,0
29099,test,2
29100,test,1
29101,test,0
29102,test,0
29103,test,0
29104,test,1
29105,test,0
29106,test,1
29107,test,0
29108,test,1
29109,test,0
29110,test,1
29111,test,0
29112,test,0
29113,test,1
29114,test,1
29115,test,2
29116,test,2
29117,test,0
29118,test,0
29119,test,0
29120,test,1
29121,test,0
29122,test,1
29123,test,1
29124,test,2
29125,test,0
29126,test,1
29127,test,0
29128,test,0
29129,test,1
29130,test,1
29131,test,1
29132,test,1
29133,test,2
29134,test,0
29135,test,1
29136,test,0
29137,test,2
29138,test,2
29139,test,1
29140,test,2
29141,test,0
29142,test,2
29143,test,1
29144,test,2
29145,test,1
29146,test,1
29147,test,1
29148,test,1
29149,test,2
29150,test,2
29151,test,1
29152,test,0
29153,test,1
29154,test,2
29155,test,0
29156,test,0
29157,test,0
29158,test,0
29159,test,2
29160,test,2
29161,test,2
29162,test,1
29163,test,0
29164,test,1
29165,test,0
29166,test,2
29167,test,2
29168,test,0
29169,test,1
29170,test,2
29171,test,2
29172,test,2
29173,test,2
29174,test,1
29175,test,0
29176,test,1
29177,test,0
29178,test,0
29179,test,2
29180,test,2
29181,test,1
29182,test,0
29183,test,0
29184,test,0
29185,test,0
29186,test,2
29187,test,0
29188,test,0
29189,test,0
29190,test,0
29191,test,0
29192,test,0
29193,test,1
29194,test,1
29195,test,0
29196,test,0
29197,test,0
29198,test,0
29199,test,1
29200,test,2
29201,test,0
29202,test,0
29203,test,2
29204,test,1
29205,test,2
29206,test,0
29207,test,0
29208,test,2
29209,test,1
29210,test,0
29211,test,2
29212,test,2
29213,test,0
29214,test,1
29215,test,1
29216,test,1
29217,test,0
29218,test,0
29219,test,1
29220,test,1
29221,test,1
29222,test,1
29223,test,1
29224,test,0
29225,test,2
29226,test,1
29227,test,1
29228,test,0
29229,test,2
29230,test,1
29231,test,0
29232,test,1
29233,test,1
29234,test,2
29235,test,0
29236,test,1
29237,test,2
29238,test,2
29239,test,0
29240,test,2
29241,test,1
29242,test,1
29243,test,2
29244,test,1
29245,test,1
29246,test,1
29247,test,0
29248,test,2
29249,test,1
29250,test,0
29251,test,1
29252,test,1
29253,test,2
29254,test,0
29255,test,1
29256,test,0
29257,test,0
29258,test,0
29259,test,1
29260,test,2
29261,test,1
29262,test,1
29263,test,0
29264,test,1
29265,test,0
29266,test,2
29267,test,0
29268,test,1
29269,test,0
29270,test,1
29271,test,1
29272,test,1
29273,test,2
29274,test,1
29275,test,0
29276,test,2
29277,test,1
29278,test,2
29279,test,0
29280,test,0
29281,test,0
29282,test,2
29283,test,0
29284,test,0
29285,test,2
29286,test,0
29287,test,1
29288,test,0
29289,test,0
29290,test,1
29291,test,2
29292,test,0
29293,test,1
29294,test,2
29295,test,1
29296,test,1
29297,test,1
29298,test,2
29299,test,1
29300,test,0
29301,test,0
29302,test,1
29303,test,0
29304,test,0
29305,test,1
29306,test,1
29307,test,1
29308,test,2
29309,test,1
29310,test,0
29311,test,1
29312,test,1
29313,test,1
29314,test,1
29315,test,2
29316,test,2
29317,test,1
29318,test,0
29319,test,1
29320,test,1
29321,test,1
29322,test,1
29323,test,2
29324,test,2
29325,test,1
29326,test,1
29327,test,0
29328,test,1
29329,test,0
29330,test,2
29331,test,0
29332,test,0
29333,test,0
29334,test,0
29335,test,1
29336,test,0
29337,test,2
29338,test,0
29339,test,0
29340,test,2
29341,test,2
29342,test,2
29343,test,2
29344,test,1
29345,test,2
29346,test,0
29347,test,0
29348,test,0
29349,test,1
29350,test,1
29351,test,2
29352,test,0
29353,test,2
29354,test,0
29355,test,0
29356,test,0
29357,test,1
29358,test,2
29359,test,2
29360,test,1
29361,test,0
29362,test,0
29363,test,0
29364,test,1
29365,test,2
29366,test,2
29367,test,0
29368,test,2
29369,test,1
29370,test,1
29371,test,2
29372,test,1
29373,test,2
29374,test,2
29375,test,0
29376,test,0
29377,test,1
29378,test,0
29379,test,1
29380,test,0
29381,test,1
29382,test,1
29383,test,2
29384,test,1
29385,test,1
29386,test,1
29387,test,0
29388,test,1
29389,test,2
29390,test,1
29391,test,1
29392,test,0
29393,test,1
29394,test,1
29395,test,2
29396,test,0
29397,test,1
29398,test,2
29399,test,1
29400,test,1
29401,test,0
29402,test,2
29403,test,2
29404,test,1
29405,test,2
29406,test,1
29407,test,2
29408,test,2
29409,test,2
29410,test,2
29411,test,1
29412,test,2
29413,test,2
29414,test,1
29415,test,2
29416,test,0
29417,test,0
29418,test,0
29419,test,1
29420,test,0
29421,test,1
29422,test,2
29423,test,0
29424,test,2
29425,test,0
29426,test,2
29427,test,0
29428,test,0
29429,test,2
29430,test,2
29431,test,1
29432,test,1
29433,test,0
29434,test,2
29435,test,0
29436,test,0
29437,test,2
29438,test,1
29439,test,1
29440,test,0
29441,test,2
29442,test,2
29443,test,2
29444,test,2
29445,test,0
29446,test,2
29447,test,1
29448,test,0
29449,test,1
29450,test,1
29451,test,0
29452,test,0
29453,test,0
29454,test,1
29455,test,0
29456,test,0
29457,test,0
29458,test,2
29459,test,0
29460,test,2
29461,test,0
29462,test,2
29463,test,2
29464,test,1
29465,test,1
29466,test,0
29467,test,2
29468,test,1
29469,test,0
29470,test,1
29471,test,1
29472,test,0
29473,test,1
29474,test,2
29475,test,2
29476,test,2
29477,test,0
29478,test,0
29479,test,0
29480,test,2
29481,test,2
29482,test,0
29483,test,0
29484,test,0
29485,test,0
29486,test,1
29487,test,2
29488,test,1
29489,test,0
29490,test,1
29491,test,2
29492,test,0
29493,test,0
29494,test,0
29495,test,0
29496,test,1
29497,test,1
29498,test,1
29499,test,1
29500,test,1
29501,test,1
29502,test,1
29503,test,1
29504,test,1
29505,test,2
29506,test,2
29507,test,1
29508,test,2
29509,test,0
29510,test,2
29511,test,2
29512,test,1
29513,test,1
29514,test,1
29515,test,0
29516,test,1
29517,test,1
29518,test,2
29519,test,2
29520,test,0
29521,test,0
29522,test,0
29523,test,2
29524,test,1
29525,test,0
29526,test,0
29527,test,1
29528,test,0
29529,test,0
29530,test,2
29531,test,0
29532,test,0
29533,test,0
29534,test,0
29535,test,2
29536,test,2
29537,test,0
29538,test,0
29539,test,0
29540,test,0
29541,test,0
29542,test,1
29543,test,1
29544,test,2
29545,test,2
29546,test,1
29547,test,2
29548,test,1
29549,test,1
29550,test,2
29551,test,0
29552,test,1
29553,test,0
29554,test,0
29555,test,1
29556,test,1
29557,test,0
29558,test,2
29559,test,1
29560,test,2
29561,test,1
29562,test,0
29563,test,1
29564,test,1
29565,test,1
29566,test,1
29567,test,2
29568,test,0
29569,test,2
29570,test,1
29571,test,1
29572,test,0
29573,test,2
29574,test,0
29575,test,0
29576,test,1
29577,test,1
29578,test,2
29579,test,0
29580,test,0
29581,test,0
29582,test,1
29583,test,2
29584,test,0
29585,test,1
29586,test,0
29587,test,1
29588,test,1
29589,test,0
29590,test,1
29591,test,2
29592,test,0
29593,test,2
29594,test,2
29595,test,0
29596,test,1
29597,test,2
29598,test,1
29599,test,1
29600,test,2
29601,test,1
29602,test,0
29603,test,2
29604,test,1
29605,test,2
29606,test,1
29607,test,2
29608,test,0
29609,test,2
29610,test,0
29611,test,1
29612,test,1
29613,test,1
29614,test,2
29615,test,2
29616,test,1
29617,test,1
29618,test,0
29619,test,1
29620,test,0
29621,test,1
29622,test,0
29623,test,0
29624,test,1
29625,test,1
29626,test,1
29627,test,1
29628,test,0
29629,test,1
29630,test,0
29631,test,0
29632,test,0
29633,test,1
29634,test,1
29635,test,1
29636,test,0
29637,test,2
29638,test,1
29639,test,1
29640,test,0
29641,test,1
29642,test,0
29643,test,1
29644,test,2
29645,test,1
29646,test,2
29647,test,1
29648,test,0
29649,test,1
29650,test,2
29651,test,1
29652,test,2
29653,test,1
29654,test,1
29655,test,0
29656,test,1
29657,test,0
29658,test,1
29659,test,2
29660,test,1
29661,test,0
29662,test,0
29663,test,1
29664,test,0
29665,test,1
29666,test,1
29667,test,1
29668,test,0
29669,test,2
29670,test,1
29671,test,0
29672,test,1
29673,test,1
29674,test,1
29675,test,1
29676,test,1
29677,test,0
29678,test,2
29679,test,2
29680,test,2
29681,test,2
29682,test,1
29683,test,2
29684,test,0
29685,test,1
29686,test,1
29687,test,0
29688,test,0
29689,test,2
29690,test,0
29691,test,2
29692,test,1
29693,test,1
29694,test,0
29695,test,2
29696,test,1
29697,test,2
29698,test,0
29699,test,0
29700,test,1
29701,test,1
29702,test,2
29703,test,0
29704,test,0
29705,test,1
29706,test,2
29707,test,2
29708,test,0
29709,test,0
29710,test,0
29711,test,0
29712,test,2
29713,test,0
29714,test,1
29715,test,2
29716,test,2
29717,test,0
29718,test,1
29719,test,1
29720,test,1
29721,test,1
29722,test,0
29723,test,2
29724,test,1
29725,test,0
29726,test,0
29727,test,2
29728,test,2
29729,test,1
29730,test,2
29731,test,0
29732,test,1
29733,test,2
29734,test,2
29735,test,0
29736,test,2
29737,test,1
29738,test,0
29739,test,1
29740,test,1
29741,test,0
29742,test,0
29743,test,2
29744,test,1
29745,test,0
29746,test,0
29747,test,2
29748,test,0
29749,test,2
29750,test,0
29751,test,2
29752,test,2
29753,test,2
29754,test,1
29755,test,2
29756,test,1
29757,test,2
29758,test,1
29759,test,2
29760,test,0
29761,test,2
29762,test,0
29763,test,1
29764,test,0
29765,test,0
29766,test,2
29767,test,0
29768,test,0
29769,test,1
29770,test,2
29771,test,1
29772,test,0
29773,test,2
29774,test,0
29775,test,2
29776,test,2
29777,test,2
29778,test,0
29779,test,1
29780,test,2
29781,test,1
29782,test,0
29783,test,1
29784,test,2
29785,test,0
29786,test,1
29787,test,2
29788,test,0
29789,test,1
29790,test,0
29791,test,2
29792,test,0
29793,test,0
29794,test,2
29795,test,0
29796,test,2
29797,test,0
29798,test,2
29799,test,2
29800,test,1
29801,test,1
29802,test,0
29803,test,0
29804,test,1
29805,test,1
29806,test,0
29807,test,0
29808,test,0
29809,test,2
29810,test,1
29811,test,2
29812,test,2
29813,test,1
29814,test,1
29815,test,2
29816,test,1
29817,test,2
29818,test,0
29819,test,1
29820,test,0
29821,test,0
29822,test,1
29823,test,0
29824,test,2
29825,test,0
29826,test,1
29827,test,1
29828,test,0
29829,test,0
29830,test,2
29831,test,0
29832,test,1
29833,test,0
29834,test,2
29835,test,2
29836,test,0
29837,test,1
29838,test,1
29839,test,1
29840,test,2
29841,test,1
29842,test,1
29843,test,0
29844,test,0
29845,test,0
29846,test,0
29847,test,0
29848,test,2
29849,test,0
29850,test,0
29851,test,2
29852,test,2
29853,test,0
29854,test,2
29855,test,0
29856,test,2
29857,test,0
29858,test,0
29859,test,0
29860,test,0
29861,test,0
29862,test,0
29863,test,0
29864,test,1
29865,test,0
29866,test,1
29867,test,2
29868,test,2
29869,test,0
29870,test,2
29871,test,2
29872,test,0
29873,test,0
29874,test,0
29875,test,1
29876,test,0
29877,test,2
29878,test,0
29879,test,0
29880,test,0
29881,test,1
29882,test,1
29883,test,1
29884,test,1
29885,test,0
29886,test,1
29887,test,1
29888,test,2
29889,test,2
29890,test,1
29891,test,1
29892,test,2
29893,test,1
29894,test,0
29895,test,1
29896,test,0
29897,test,2
29898,test,1
29899,test,1
29900,test,2
29901,test,1
29902,test,1
29903,test,1
29904,test,2
29905,test,1
29906,test,2
29907,test,2
29908,test,0
29909,test,1
29910,test,2
29911,test,2
29912,test,0
29913,test,0
29914,test,2
29915,test,2
29916,test,1
29917,test,2
29918,test,2
29919,test,1
29920,test,2
29921,test,0
29922,test,0
29923,test,1
29924,test,0
29925,test,0
29926,test,0
29927,test,1
29928,test,0
29929,test,0
29930,test,1
29931,test,0
29932,test,0
29933,test,1
29934,test,2
29935,test,1
29936,test,1
29937,test,1
29938,test,2
29939,test,1
29940,test,0
29941,test,0
29942,test,2
29943,test,0
29944,test,2
29945,test,2
29946,test,0
29947,test,0
29948,test,0
29949,test,1
29950,test,0
29951,test,0
29952,test,2
29953,test,2
29954,test,0
29955,test,2
29956,test,1
29957,test,0
29958,test,2
29959,test,1
29960,test,1
29961,test,1
29962,test,0
29963,test,2
29964,test,0
29965,test,0
29966,test,1
29967,test,0
29968,test,2
29969,test,0
29970,test,0
29971,test,2
29972,test,1
29973,test,2
29974,test,2
29975,test,1
29976,test,0
29977,test,0
29978,test,0
29979,test,0
29980,test,2
29981,test,0
29982,test,0
29983,test,0
29984,test,1
29985,test,2
29986,test,1
29987,test,1
29988,test,0
29989,test,2
29990,test,1
29991,test,0
29992,test,2
29993,test,2
29994,test,0
29995,test,2
29996,test,1
29997,test,0
29998,test,2
29999,test,2
30000,test,0
30001,test,0
30002,test,1
30003,test,1
30004,test,0
30005,test,2
30006,test,2
30007,test,1
30008,test,1
30009,test,0
30010,test,0
30011,test,1
30012,test,1
30013,test,0
30014,test,1
30015,test,1
30016,test,1
30017,test,0
30018,test,1
30019,test,2
30020,test,1
30021,test,0
30022,test,2
30023,test,0
30024,test,1
30025,test,1
30026,test,1
30027,test,1
30028,test,2
30029,test,0
30030,test,1
30031,test,2
30032,test,1
30033,test,1
30034,test,1
30035,test,1
30036,test,0
30037,test,0
30038,test,1
30039,test,0
30040,test,2
30041,test,0
30042,test,1
30043,test,2
30044,test,0
30045,test,1
30046,test,1
30047,test,2
30048,test,0
30049,test,0
30050,test,2
30051,test,1
30052,test,1
30053,test,0
30054,test,2
30055,test,0
30056,test,2
30057,test,0
30058,test,2
30059,test,0
30060,test,0
30061,test,0
30062,test,0
30063,test,0
30064,test,2
30065,test,1
30066,test,1
30067,test,2
30068,test,2
30069,test,1
30070,test,1
30071,test,0
30072,test,0
30073,test,0
30074,test,0
30075,test,1
30076,test,1
30077,test,0
30078,test,2
30079,test,1
30080,test,1
30081,test,1
30082,test,1
30083,test,0
30084,test,1
30085,test,2
30086,test,0
30087,test,1
30088,test,1
30089,test,1
30090,test,1
30091,test,2
30092,test,0
30093,test,0
30094,test,1
30095,test,2
30096,test,0
30097,test,2
30098,test,0
30099,test,2
30100,test,1
30101,test,2
30102,test,0
30103,test,2
30104,test,0
30105,test,2
30106,test,1
30107,test,1
30108,test,2
30109,test,1
30110,test,2
30111,test,1
30112,test,2
30113,test,1
30114,test,2
30115,test,2
30116,test,0
30117,test,2
30118,test,0
30119,test,1
30120,test,0
30121,test,0
30122,test,0
30123,test,0
30124,test,1
30125,test,0
30126,test,1
30127,test,0
30128,test,1
30129,test,0
30130,test,1
30131,test,2
30132,test,1
30133,test,1
30134,test,1
30135,test,2
30136,test,1
30137,test,0
30138,test,2
30139,test,2
30140,test,1
30141,test,0
30142,test,0
30143,test,0
30144,test,1
30145,test,2
30146,test,2
30147,test,1
30148,test,2
30149,test,0
30150,test,1
30151,test,0
30152,test,1
30153,test,2
30154,test,2
30155,test,0
30156,test,0
30157,test,1
30158,test,2
30159,test,2
30160,test,1
30161,test,0
30162,test,2
30163,test,0
30164,test,0
30165,test,2
30166,test,1
30167,test,1
30168,test,2
30169,test,0
30170,test,2
30171,test,0
30172,test,1
30173,test,2
30174,test,1
30175,test,0
30176,test,0
30177,test,0
30178,test,0
30179,test,2
30180,test,2
30181,test,1
30182,test,1
30183,test,0
30184,test,2
30185,test,1
30186,test,0
30187,test,0
30188,test,1
30189,test,1
30190,test,0
30191,test,2
30192,test,2
30193,test,0
30194,test,0
30195,test,1
30196,test,0
30197,test,1
30198,test,0
30199,test,1
30200,test,1
30201,test,0
30202,test,2
30203,test,1
30204,test,1
30205,test,1
30206,test,1
30207,test,1
30208,test,0
30209,test,2
30210,test,2
30211,test,2
30212,test,0
30213,test,0
30214,test,0
30215,test,1
30216,test,1
30217,test,2
30218,test,2
30219,test,0
30220,test,1
30221,test,0
30222,test,0
30223,test,0
30224,test,1
30225,test,0
30226,test,1
30227,test,2
30228,test,2
30229,test,1
30230,test,1
30231,test,1
30232,test,2
30233,test,0
30234,test,2
30235,test,1
30236,test,2
30237,test,0
30238,test,2
30239,test,2
30240,test,0
30241,test,2
30242,test,0
30243,test,2
30244,test,1
30245,test,1
30246,test,1
30247,test,1
30248,test,1
30249,test,0
30250,test,2
30251,test,0
30252,test,1
30253,test,0
30254,test,0
30255,test,1
30256,test,1
30257,test,0
30258,test,1
30259,test,0
30260,test,2
30261,test,1
30262,test,2
30263,test,0
30264,test,0
30265,test,1
30266,test,0
30267,test,0
30268,test,1
30269,test,1
30270,test,2
30271,test,2
30272,test,1
30273,test,1
30274,test,2
30275,test,2
30276,test,1
30277,test,0
30278,test,1
30279,test,0
30280,test,0
30281,test,1
30282,test,2
30283,test,1
30284,test,0
30285,test,2
30286,test,1
30287,test,0
30288,test,0
30289,test,1
30290,test,1
30291,test,1
30292,test,1
30293,test,1
30294,test,0
30295,test,0
30296,test,1
30297,test,1
30298,test,0
30299,test,0
30300,test,1
30301,test,0
30302,test,0
30303,test,0
30304,test,1
30305,test,2
30306,test,2
30307,test,2
30308,test,1
30309,test,0
30310,test,0
30311,test,1
30312,test,0
30313,test,1
30314,test,2
30315,test,0
30316,test,2
30317,test,1
30318,test,0
30319,test,1
30320,test,1
30321,test,1
30322,test,0
30323,test,1
30324,test,0
30325,test,0
30326,test,0
30327,test,0
30328,test,0
30329,test,1
30330,test,1
30331,test,0
30332,test,0
30333,test,0
30334,test,1
30335,test,0
30336,test,1
30337,test,0
30338,test,1
30339,test,1
30340,test,0
30341,test,1
30342,test,1
30343,test,1
30344,test,0
30345,test,2
30346,test,1
30347,test,0
30348,test,1
30349,test,0
30350,test,0
30351,test,1
30352,test,1
30353,test,1
30354,test,0
30355,test,1
30356,test,2
30357,test,0
30358,test,0
30359,test,1
30360,test,0
30361,test,2
30362,test,0
30363,test,1
30364,test,0
30365,test,0
30366,test,0
30367,test,1
30368,test,0
30369,test,1
30370,test,0
30371,test,1
30372,test,0
30373,test,2
30374,test,2
30375,test,2
30376,test,1
30377,test,0
30378,test,1
30379,test,2
30380,test,0
30381,test,1
30382,test,1
30383,test,2
30384,test,0
30385,test,0
30386,test,1
30387,test,0
30388,test,1
30389,test,0
30390,test,2
30391,test,0
30392,test,1
30393,test,2
30394,test,1
30395,test,0
30396,test,2
30397,test,1
30398,test,1
30399,test,1
30400,test,0
30401,test,1
30402,test,0
30403,test,1
30404,test,1
30405,test,0
30406,test,0
30407,test,0
30408,test,1
30409,test,1
30410,test,0
30411,test,1
30412,test,2
30413,test,2
30414,test,2
30415,test,0
30416,test,1
30417,test,1
30418,test,0
30419,test,0
30420,test,0
30421,test,1
30422,test,1
30423,test,2
30424,test,2
30425,test,0
30426,test,0
30427,test,1
30428,test,1
30429,test,1
30430,test,2
30431,test,1
30432,test,1
30433,test,2
30434,test,0
30435,test,2
30436,test,0
30437,test,0
30438,test,2
30439,test,2
30440,test,1
30441,test,1
30442,test,2
30443,test,1
30444,test,0
30445,test,0
30446,test,0
30447,test,2
30448,test,0
30449,test,0
30450,test,0
30451,test,1
30452,test,2
30453,test,0
30454,test,1
30455,test,1
30456,test,2
30457,test,0
30458,test,1
30459,test,2
30460,test,2
30461,test,1
30462,test,1
30463,test,0
30464,test,1
30465,test,2
30466,test,0
30467,test,1
30468,test,0
30469,test,2
30470,test,2
30471,test,1
30472,test,2
30473,test,1
30474,test,2
30475,test,2
30476,test,0
30477,test,1
30478,test,1
30479,test,0
30480,test,0
30481,test,0
30482,test,0
30483,test,1
30484,test,0
30485,test,1
30486,test,0
30487,test,1
30488,test,0
30489,test,0
30490,test,0
30491,test,1
30492,test,0
30493,test,0
30494,test,2
30495,test,1
30496,test,2
30497,test,1
30498,test,2
30499,test,1
30500,test,0
30501,test,1
30502,test,0
30503,test,1
30504,test,1
30505,test,1
30506,test,0
30507,test,1
30508,test,0
30509,test,1
30510,test,1
30511,test,1
30512,test,1
30513,test,0
30514,test,1
30515,test,2
30516,test,1
30517,test,2
30518,test,2
30519,test,0
30520,test,0
30521,test,0
30522,test,2
30523,test,2
30524,test,2
30525,test,2
30526,test,0
30527,test,0
30528,test,2
30529,test,2
30530,test,0
30531,test,1
30532,test,1
30533,test,1
30534,test,0
30535,test,2
30536,test,1
30537,test,0
30538,test,0
30539,test,0
30540,test,2
30541,test,1
30542,test,0
30543,test,0
30544,test,0
30545,test,2
30546,test,2
30547,test,1
30548,test,2
30549,test,0
30550,test,0
30551,test,2
30552,test,1
30553,test,2
30554,test,2
30555,test,2
30556,test,1
30557,test,2
30558,test,1
30559,test,2
30560,test,0
30561,test,2
30562,test,2
30563,test,2
30564,test,0
30565,test,1
30566,test,1
30567,test,1
30568,test,0
30569,test,1
30570,test,0
30571,test,1
30572,test,2
30573,test,0
30574,test,0
30575,test,1
30576,test,0
30577,test,2
30578,test,1
30579,test,0
30580,test,1
30581,test,1
30582,test,0
30583,test,0
30584,test,0
30585,test,0
30586,test,1
30587,test,1
30588,test,1
30589,test,1
30590,test,2
30591,test,1
30592,test,2
30593,test,1
30594,test,0
30595,test,0
30596,test,2
30597,test,1
30598,test,0
30599,test,1
30600,test,0
30601,test,0
30602,test,0
30603,test,0
30604,test,1
30605,test,0
30606,test,2
30607,test,0
30608,test,1
30609,test,0
30610,test,0
30611,test,1
30612,test,0
30613,test,1
30614,test,2
30615,test,2
30616,test,2
30617,test,0
30618,test,0
30619,test,1
30620,test,0
30621,test,2
30622,test,1
30623,test,0
30624,test,1
30625,test,0
30626,test,1
30627,test,1
30628,test,0
30629,test,0
30630,test,0
30631,test,1
30632,test,2
30633,test,1
30634,test,1
30635,test,2
30636,test,1
30637,test,2
30638,test,2
30639,test,0
30640,test,0
30641,test,0
30642,test,0
30643,test,2
30644,test,0
30645,test,1
30646,test,2
30647,test,2
30648,test,0
30649,test,0
30650,test,2
30651,test,0
30652,test,2
30653,test,0
30654,test,0
30655,test,2
30656,test,1
30657,test,2
30658,test,1
30659,test,2
30660,test,1
30661,test,1
30662,test,1
30663,test,2
30664,test,0
30665,test,0
30666,test,2
30667,test,2
30668,test,2
30669,test,1
30670,test,1
30671,test,2
30672,test,1
30673,test,0
30674,test,1
30675,test,0
30676,test,2
30677,test,1
30678,test,1
30679,test,1
30680,test,2
30681,test,0
30682,test,0
30683,test,1
30684,test,2
30685,test,0
30686,test,2
30687,test,1
30688,test,1
30689,test,1
30690,test,2
30691,test,1
30692,test,2
30693,test,2
30694,test,2
30695,test,1
30696,test,2
30697,test,0
30698,test,1
30699,test,0
30700,test,0
30701,test,1
30702,test,1
30703,test,0
30704,test,0
30705,test,0
30706,test,0
30707,test,2
30708,test,0
30709,test,1
30710,test,1
30711,test,0
30712,test,1
30713,test,2
30714,test,0
30715,test,1
30716,test,2
30717,test,0
30718,test,2
30719,test,1
30720,test,0
30721,test,0
30722,test,0
30723,test,0
30724,test,0
30725,test,0
30726,test,2
30727,test,0
30728,test,0
30729,test,2
30730,test,0
30731,test,2
30732,test,0
30733,test,1
30734,test,1
30735,test,2
30736,test,2
30737,test,0
30738,test,2
30739,test,1
30740,test,2
30741,test,1
30742,test,1
30743,test,1
30744,test,2
30745,test,0
30746,test,0
30747,test,1
30748,test,0
30749,test,2
30750,test,2
30751,test,1
30752,test,2
30753,test,0
30754,test,2
30755,test,0
30756,test,0
30757,test,0
30758,test,1
30759,test,1
30760,test,2
30761,test,0
30762,test,2
30763,test,0
30764,test,0
30765,test,2
30766,test,0
30767,test,2
30768,test,2
30769,test,2
30770,test,2
30771,test,2
30772,test,2
30773,test,1
30774,test,0
30775,test,1
30776,test,1
30777,test,2
30778,test,1
30779,test,2
30780,test,0
30781,test,0
30782,test,1
30783,test,1
30784,test,0
30785,test,2
30786,test,1
30787,test,0
30788,test,2
30789,test,0
30790,test,1
30791,test,0
30792,test,2
30793,test,0
30794,test,0
30795,test,2
30796,test,0
30797,test,0
30798,test,0
30799,test,1
30800,test,2
30801,test,0
30802,test,2
30803,test,0
30804,test,0
30805,test,1
30806,test,2
30807,test,1
30808,test,2
30809,test,1
30810,test,1
30811,test,0
30812,test,2
30813,test,1
30814,test,0
30815,test,0
30816,test,1
30817,test,0
30818,test,0
30819,test,1
30820,test,2
30821,test,0
30822,test,2
30823,test,0
30824,test,1
30825,test,0
30826,test,2
30827,test,0
30828,test,2
30829,test,0
30830,test,2
30831,test,1
30832,test,0
30833,test,2
30834,test,0
30835,test,2
30836,test,1
30837,test,0
30838,test,2
30839,test,0
30840,test,2
30841,test,0
30842,test,1
30843,test,0
30844,test,0
30845,test,0
30846,test,2
30847,test,2
30848,test,1
30849,test,0
30850,test,0
30851,test,2
30852,test,0
30853,test,0
30854,test,0
30855,test,1
30856,test,1
30857,test,0
30858,test,0
30859,test,1
30860,test,0
30861,test,2
30862,test,1
30863,test,0
30864,test,1
30865,test,0
30866,test,2
30867,test,0
30868,test,0
30869,test,0
30870,test,0
30871,test,0
30872,test,0
30873,test,0
30874,test,2
30875,test,1
30876,test,0
30877,test,1
30878,test,2
30879,test,2
30880,test,2
30881,test,1
30882,test,2
30883,test,1
30884,test,1
30885,test,0
30886,test,1
30887,test,2
30888,test,0
30889,test,1
30890,test,2
30891,test,0
30892,test,2
30893,test,0
30894,test,2
30895,test,0
30896,test,0
30897,test,1
30898,test,2
30899,test,0
30900,test,0
30901,test,0
30902,test,2
30903,test,1
30904,test,1
30905,test,0
30906,test,2
30907,test,1
30908,test,1
30909,test,1
30910,test,2
30911,test,2
30912,test,2
30913,test,1
30914,test,2
30915,test,0
30916,test,0
30917,test,0
30918,test,2
30919,test,0
30920,test,1
30921,test,2
30922,test,2
30923,test,0
30924,test,1
30925,test,1
30926,test,0
30927,test,2
30928,test,0
30929,test,0
30930,test,1
30931,test,2
30932,test,0
30933,test,2
30934,test,0
30935,test,1
30936,test,0
30937,test,2
30938,test,1
30939,test,1
30940,test,2
30941,test,0
30942,test,0
30943,test,0
30944,test,1
30945,test,2
30946,test,0
30947,test,1
30948,test,2
30949,test,2
30950,test,2
30951,test,0
30952,test,2
30953,test,1
30954,test,1
30955,test,0
30956,test,2
30957,test,1
30958,test,1
30959,test,1
30960,test,2
30961,test,1
30962,test,2
30963,test,2
30964,test,2
30965,test,0
30966,test,2
30967,test,1
30968,test,0
30969,test,1
30970,test,0
30971,test,0
30972,test,2
30973,test,1
30974,test,1
30975,test,0
30976,test,2
30977,test,0
30978,test,0
30979,test,0
30980,test,0
30981,test,1
30982,test,2
30983,test,1
30984,test,0
30985,test,0
30986,test,1
30987,test,1
30988,test,0
30989,test,1
30990,test,2
30991,test,1
30992,test,0
30993,test,2
30994,test,2
30995,test,1
30996,test,0
30997,test,2
30998,test,2
30999,test,2
31000,test,1
31001,test,1
31002,test,1
31003,test,1
31004,test,0
31005,test,0
31006,test,0
31007,test,2
31008,test,0
31009,test,2
31010,test,2
31011,test,0
31012,test,1
31013,test,0
31014,test,1
31015,test,2
31016,test,2
31017,test,0
31018,test,1
31019,test,0
31020,test,1
31021,test,1
31022,test,0
31023,test,0
31024,test,1
31025,test,0
31026,test,0
31027,test,1
31028,test,1
31029,test,2
31030,test,2
31031,test,1
31032,test,0
31033,test,0
31034,test,1
31035,test,1
31036,test,2
31037,test,1
31038,test,0
31039,test,0
31040,test,1
31041,test,2
31042,test,2
31043,test,0
31044,test,0
31045,test,2
31046,test,0
31047,test,2
31048,test,1
31049,test,2
31050,test,1
31051,test,0
31052,test,1
31053,test,1
31054,test,0
31055,test,0
31056,test,0
31057,test,1
31058,test,0
31059,test,0
31060,test,0
31061,test,0
31062,test,0
31063,test,0
31064,test,1
31065,test,1
31066,test,0
31067,test,2
31068,test,2
31069,test,0
31070,test,0
31071,test,0
31072,test,2
31073,test,2
31074,test,1
31075,test,1
31076,test,1
31077,test,1
31078,test,2
31079,test,1
31080,test,2
31081,test,2
31082,test,1
31083,test,1
31084,test,0
31085,test,2
31086,test,0
31087,test,0
31088,test,1
31089,test,1
31090,test,2
31091,test,0
31092,test,2
31093,test,2
31094,test,1
31095,test,1
31096,test,1
31097,test,1
31098,test,1
31099,test,0
31100,test,0
31101,test,2
31102,test,1
31103,test,1
31104,test,2
31105,test,0
31106,test,0
31107,test,2
31108,test,0
31109,test,1
31110,test,1
31111,test,0
31112,test,0
31113,test,0
31114,test,1
31115,test,1
31116,test,2
31117,test,0
31118,test,0
31119,test,0
31120,test,0
31121,test,1
31122,test,1
31123,test,1
31124,test,1
31125,test,1
31126,test,1
31127,test,0
31128,test,1
31129,test,0
31130,test,1
31131,test,2
31132,test,1
31133,test,0
31134,test,2
31135,test,1
31136,test,0
31137,test,0
31138,test,0
31139,test,1
31140,test,1
31141,test,1
31142,test,2
31143,test,2
31144,test,1
31145,test,1
31146,test,2
31147,test,1
31148,test,1
31149,test,2
31150,test,0
31151,test,0
31152,test,1
31153,test,2
31154,test,0
31155,test,0
31156,test,2
31157,test,2
31158,test,1
31159,test,2
31160,test,0
31161,test,0
31162,test,1
31163,test,1
31164,test,2
31165,test,1
31166,test,0
31167,test,1
31168,test,0
31169,test,0
31170,test,0
31171,test,0
31172,test,2
31173,test,0
31174,test,2
31175,test,1
31176,test,1
31177,test,2
31178,test,1
31179,test,2
31180,test,2
31181,test,0
31182,test,1
31183,test,1
31184,test,1
31185,test,1
31186,test,0
31187,test,0
31188,test,1
31189,test,2
31190,test,0
31191,test,1
31192,test,1
31193,test,1
31194,test,2
31195,test,1
31196,test,2
31197,test,2
31198,test,2
31199,test,1
31200,test,0
31201,test,1
31202,test,2
31203,test,1
31204,test,0
31205,test,0
31206,test,0
31207,test,1
31208,test,0
31209,test,1
31210,test,1
31211,test,1
31212,test,0
31213,test,2
31214,test,0
31215,test,1
31216,test,1
31217,test,1
31218,test,2
31219,test,1
31220,test,2
31221,test,0
31222,test,2
31223,test,1
31224,test,2
31225,test,1
31226,test,1
31227,test,2
31228,test,1
31229,test,1
31230,test,0
31231,test,1
31232,test,0
31233,test,0
31234,test,1
31235,test,1
31236,test,1
31237,test,0
31238,test,2
31239,test,1
31240,test,1
31241,test,1
31242,test,2
31243,test,2
31244,test,0
31245,test,0
31246,test,1
31247,test,0
31248,test,0
31249,test,2
31250,test,0
31251,test,1
31252,test,2
31253,test,0
31254,test,2
31255,test,2
31256,test,1
31257,test,1
31258,test,2
31259,test,1
31260,test,2
31261,test,1
31262,test,0
31263,test,2
31264,test,1
31265,test,0
31266,test,1
31267,test,1
31268,test,0
31269,test,1
31270,test,2
31271,test,2
31272,test,0
31273,test,2
31274,test,0
31275,test,0
31276,test,1
31277,test,0
31278,test,0
31279,test,1
31280,test,0
31281,test,1
31282,test,1
31283,test,2
31284,test,1
31285,test,2
31286,test,0
31287,test,0
31288,test,0
31289,test,1
31290,test,0
31291,test,0
31292,test,0
31293,test,2
31294,test,1
31295,test,1
31296,test,1
31297,test,1
31298,test,1
31299,test,0
31300,test,2
31301,test,1
31302,test,1
31303,test,0
31304,test,0
31305,test,1
31306,test,1
31307,test,2
31308,test,2
31309,test,1
31310,test,2
31311,test,0
31312,test,0
31313,test,0
31314,test,0
31315,test,2
31316,test,0
31317,test,1
31318,test,2
31319,test,0
31320,test,2
31321,test,1
31322,test,1
31323,test,1
31324,test,0
31325,test,1
31326,test,0
31327,test,0
31328,test,1
31329,test,2
31330,test,0
31331,test,1
31332,test,2
