row_id,split,cluster,digital_stage,digital_stage_name
0,train,1,1,1단계_완전_소외
1,train,2,3,3단계_자립_적응
2,train,2,3,3단계_자립_적응
3,train,1,1,1단계_완전_소외
4,train,0,2,2단계_부분_적응
5,train,0,2,2단계_부분_적응
6,train,0,2,2단계_부분_적응
7,train,0,2,2단계_부분_적응
8,train,0,2,2단계_부분_적응
9,train,1,1,1단계_완전_소외
10,train,0,2,2단계_부분_적응
11,train,2,3,3단계_자립_적응
12,train,2,3,3단계_자립_적응
13,train,1,1,1단계_완전_소외
14,train,0,2,2단계_부분_적응
15,train,0,2,2단계_부분_적응
16,train,2,3,3단계_자립_적응
17,train,2,3,3단계_자립_적응
18,train,2,3,3단계_자립_적응
19,train,1,1,1단계_완전_소외
20,train,1,1,1단계_완전_소외
21,train,2,3,3단계_자립_적응
22,train,2,3,3단계_자립_적응
23,train,0,2,2단계_부분_적응
24,train,2,3,3단계_자립_적응
25,train,1,1,1단계_완전_소외
26,train,0,2,2단계_부분_적응
27,train,2,3,3단계_자립_적응
28,train,2,3,3단계_자립_적응
29,train,1,1,1단계_완전_소외
30,train,1,1,1단계_완전_소외
31,train,0,2,2단계_부분_적응
32,train,1,1,1단계_완전_소외
33,train,1,1,1단계_완전_소외
34,train,1,1,1단계_완전_소외
35,train,0,2,2단계_부분_적응
36,train,0,2,2단계_부분_적응
37,train,0,2,2단계_부분_적응
38,train,2,3,3단계_자립_적응
39,train,2,3,3단계_자립_적응
40,train,2,3,3단계_자립_적응
41,train,0,2,2단계_부분_적응
42,train,2,3,3단계_자립_적응
43,train,2,3,3단계_자립_적응
44,train,2,3,3단계_자립_적응
45,train,0,2,2단계_부분_적응
46,train,1,1,1단계_완전_소외
47,train,1,1,1단계_완전_소외
48,train,2,3,3단계_자립_적응
49,train,1,1,1단계_완전_소외
50,train,2,3,3단계_자립_적응
51,train,1,1,1단계_완전_소외
52,train,2,3,3단계_자립_적응
53,train,2,3,3단계_자립_적응
54,train,0,2,2단계_부분_적응
55,train,1,1,1단계_완전_소외
56,train,2,3,3단계_자립_적응
57,train,2,3,3단계_자립_적응
58,train,0,2,2단계_부분_적응
59,train,0,2,2단계_부분_적응
60,train,0,2,2단계_부분_적응
61,train,2,3,3단계_자립_적응
62,train,2,3,3단계_자립_적응
63,train,2,3,3단계_자립_적응
64,train,0,2,2단계_부분_적응
65,train,2,3,3단계_자립_적응
66,train,0,2,2단계_부분_적응
67,train,0,2,2단계_부분_적응
68,train,0,2,2단계_부분_적응
69,train,1,1,1단계_완전_소외
70,train,0,2,2단계_부분_적응
71,train,2,3,3단계_자립_적응
72,train,1,1,1단계_완전_소외
73,train,2,3,3단계_자립_적응
74,train,2,3,3단계_자립_적응
75,train,0,2,2단계_부분_적응
76,train,1,1,1단계_완전_소외
77,train,0,2,2단계_부분_적응
78,train,2,3,3단계_자립_적응
79,train,1,1,1단계_완전_소외
80,train,0,2,2단계_부분_적응
81,train,2,3,3단계_자립_적응
82,train,2,3,3단계_자립_적응
83,train,0,2,2단계_부분_적응
84,train,0,2,2단계_부분_적응
85,train,0,2,2단계_부분_적응
86,train,1,1,1단계_완전_소외
87,train,1,1,1단계_완전_소외
88,train,1,1,1단계_완전_소외
89,train,1,1,1단계_완전_소외
90,train,1,1,1단계_완전_소외
91,train,1,1,1단계_완전_소외
92,train,0,2,2단계_부분_적응
93,train,0,2,2단계_부분_적응
94,train,2,3,3단계_자립_적응
95,train,0,2,2단계_부분_적응
96,train,2,3,3단계_자립_적응
97,train,0,2,2단계_부분_적응
98,train,0,2,2단계_부분_적응
99,train,0,2,2단계_부분_적응
100,train,2,3,3단계_자립_적응
101,train,2,3,3단계_자립_적응
102,train,1,1,1단계_완전_소외
103,train,0,2,2단계_부분_적응
104,train,0,2,2단계_부분_적응
105,train,1,1,1단계_완전_소외
106,train,0,2,2단계_부분_적응
107,train,1,1,1단계_완전_소외
108,train,1,1,1단계_완전_소외
109,train,2,3,3단계_자립_적응
110,train,2,3,3단계_자립_적응
111,train,0,2,2단계_부분_적응
112,train,0,2,2단계_부분_적응
113,train,0,2,2단계_부분_적응
114,train,0,2,2단계_부분_적응
115,train,0,2,2단계_부분_적응
116,train,0,2,2단계_부분_적응
117,train,1,1,1단계_완전_소외
118,train,2,3,3단계_자립_적응
119,train,0,2,2단계_부분_적응
120,train,1,1,1단계_완전_소외
121,train,2,3,3단계_자립_적응
122,train,1,1,1단계_완전_소외
123,train,2,3,3단계_자립_적응
124,train,2,3,3단계_자립_적응
125,train,1,1,1단계_완전_소외
126,train,1,1,1단계_완전_소외
127,train,0,2,2단계_부분_적응
128,train,2,3,3단계_자립_적응
129,train,1,1,1단계_완전_소외
130,train,1,1,1단계_완전_소외
131,train,2,3,3단계_자립_적응
132,train,2,3,3단계_자립_적응
133,train,2,3,3단계_자립_적응
134,train,0,2,2단계_부분_적응
135,train,0,2,2단계_부분_적응
136,train,0,2,2단계_부분_적응
137,train,1,1,1단계_완전_소외
138,train,1,1,1단계_완전_소외
139,train,2,3,3단계_자립_적응
140,train,1,1,1단계_완전_소외
141,train,0,2,2단계_부분_적응
142,train,2,3,3단계_자립_적응
143,train,1,1,1단계_완전_소외
144,train,0,2,2단계_부분_적응
145,train,0,2,2단계_부분_적응
146,train,1,1,1단계_완전_소외
147,train,1,1,1단계_완전_소외
148,train,1,1,1단계_완전_소외
149,train,2,3,3단계_자립_적응
150,train,0,2,2단계_부분_적응
151,train,2,3,3단계_자립_적응
152,train,0,2,2단계_부분_적응
153,train,0,2,2단계_부분_적응
154,train,1,1,1단계_완전_소외
155,train,2,3,3단계_자립_적응
156,train,1,1,1단계_완전_소외
157,train,0,2,2단계_부분_적응
158,train,2,3,3단계_자립_적응
159,train,2,3,3단계_자립_적응
160,train,2,3,3단계_자립_적응
161,train,1,1,1단계_완전_소외
162,train,0,2,2단계_부분_적응
163,train,2,3,3단계_자립_적응
164,train,0,2,2단계_부분_적응
165,train,2,3,3단계_자립_적응
166,train,1,1,1단계_완전_소외
167,train,0,2,2단계_부분_적응
168,train,0,2,2단계_부분_적응
169,train,1,1,1단계_완전_소외
170,train,2,3,3단계_자립_적응
171,train,0,2,2단계_부분_적응
172,train,0,2,2단계_부분_적응
173,train,0,2,2단계_부분_적응
174,train,1,1,1단계_완전_소외
175,train,2,3,3단계_자립_적응
176,train,1,1,1단계_완전_소외
177,train,1,1,1단계_완전_소외
178,train,2,3,3단계_자립_적응
179,train,1,1,1단계_완전_소외
180,train,1,1,1단계_완전_소외
181,train,0,2,2단계_부분_적응
182,train,2,3,3단계_자립_적응
183,train,2,3,3단계_자립_적응
184,train,1,1,1단계_완전_소외
185,train,2,3,3단계_자립_적응
186,train,1,1,1단계_완전_소외
187,train,0,2,2단계_부분_적응
188,train,0,2,2단계_부분_적응
189,train,0,2,2단계_부분_적응
190,train,2,3,3단계_자립_적응
191,train,0,2,2단계_부분_적응
192,train,2,3,3단계_자립_적응
193,train,1,1,1단계_완전_소외
194,train,0,2,2단계_부분_적응
195,train,2,3,3단계_자립_적응
196,train,2,3,3단계_자립_적응
197,train,0,2,2단계_부분_적응
198,train,0,2,2단계_부분_적응
199,train,2,3,3단계_자립_적응
200,train,2,3,3단계_자립_적응
201,train,1,1,1단계_완전_소외
202,train,2,3,3단계_자립_적응
203,train,0,2,2단계_부분_적응
204,train,0,2,2단계_부분_적응
205,train,1,1,1단계_완전_소외
206,train,2,3,3단계_자립_적응
207,train,0,2,2단계_부분_적응
208,train,2,3,3단계_자립_적응
209,train,2,3,3단계_자립_적응
210,train,0,2,2단계_부분_적응
211,train,0,2,2단계_부분_적응
212,train,0,2,2단계_부분_적응
213,train,0,2,2단계_부분_적응
214,train,0,2,2단계_부분_적응
215,train,2,3,3단계_자립_적응
216,train,0,2,2단계_부분_적응
217,train,0,2,2단계_부분_적응
218,train,0,2,2단계_부분_적응
219,train,2,3,3단계_자립_적응
220,train,1,1,1단계_완전_소외
221,train,0,2,2단계_부분_적응
222,train,0,2,2단계_부분_적응
223,train,1,1,1단계_완전_소외
224,train,1,1,1단계_완전_소외
225,train,1,1,1단계_완전_소외
226,train,0,2,2단계_부분_적응
227,train,1,1,1단계_완전_소외
228,train,2,3,3단계_자립_적응
229,train,2,3,3단계_자립_적응
230,train,1,1,1단계_완전_소외
231,train,0,2,2단계_부분_적응
232,train,2,3,3단계_자립_적응
233,train,2,3,3단계_자립_적응
234,train,0,2,2단계_부분_적응
235,train,0,2,2단계_부분_적응
236,train,2,3,3단계_자립_적응
237,train,0,2,2단계_부분_적응
238,train,0,2,2단계_부분_적응
239,train,0,2,2단계_부분_적응
240,train,0,2,2단계_부분_적응
241,train,1,1,1단계_완전_소외
242,train,2,3,3단계_자립_적응
243,train,0,2,2단계_부분_적응
244,train,2,3,3단계_자립_적응
245,train,0,2,2단계_부분_적응
246,train,1,1,1단계_완전_소외
247,train,0,2,2단계_부분_적응
248,train,0,2,2단계_부분_적응
249,train,1,1,1단계_완전_소외
250,train,1,1,1단계_완전_소외
251,train,1,1,1단계_완전_소외
252,train,1,1,1단계_완전_소외
253,train,0,2,2단계_부분_적응
254,train,2,3,3단계_자립_적응
255,train,0,2,2단계_부분_적응
256,train,0,2,2단계_부분_적응
257,train,1,1,1단계_완전_소외
258,train,2,3,3단계_자립_적응
259,train,2,3,3단계_자립_적응
260,train,2,3,3단계_자립_적응
261,train,1,1,1단계_완전_소외
262,train,1,1,1단계_완전_소외
263,train,1,1,1단계_완전_소외
264,train,2,3,3단계_자립_적응
265,train,1,1,1단계_완전_소외
266,train,0,2,2단계_부분_적응
267,train,0,2,2단계_부분_적응
268,train,1,1,1단계_완전_소외
269,train,1,1,1단계_완전_소외
270,train,2,3,3단계_자립_적응
271,train,0,2,2단계_부분_적응
272,train,0,2,2단계_부분_적응
273,train,1,1,1단계_완전_소외
274,train,1,1,1단계_완전_소외
275,train,2,3,3단계_자립_적응
276,train,0,2,2단계_부분_적응
277,train,2,3,3단계_자립_적응
278,train,1,1,1단계_완전_소외
279,train,1,1,1단계_완전_소외
280,train,1,1,1단계_완전_소외
281,train,2,3,3단계_자립_적응
282,train,0,2,2단계_부분_적응
283,train,1,1,1단계_완전_소외
284,train,0,2,2단계_부분_적응
285,train,1,1,1단계_완전_소외
286,train,2,3,3단계_자립_적응
287,train,1,1,1단계_완전_소외
288,train,1,1,1단계_완전_소외
289,train,0,2,2단계_부분_적응
290,train,1,1,1단계_완전_소외
291,train,1,1,1단계_완전_소외
292,train,2,3,3단계_자립_적응
293,train,2,3,3단계_자립_적응
294,train,2,3,3단계_자립_적응
295,train,1,1,1단계_완전_소외
296,train,0,2,2단계_부분_적응
297,train,2,3,3단계_자립_적응
298,train,1,1,1단계_완전_소외
299,train,1,1,1단계_완전_소외
300,train,0,2,2단계_부분_적응
301,train,0,2,2단계_부분_적응
302,train,1,1,1단계_완전_소외
303,train,1,1,1단계_완전_소외
304,train,0,2,2단계_부분_적응
305,train,0,2,2단계_부분_적응
306,train,2,3,3단계_자립_적응
307,train,2,3,3단계_자립_적응
308,train,1,1,1단계_완전_소외
309,train,1,1,1단계_완전_소외
310,train,2,3,3단계_자립_적응
311,train,1,1,1단계_완전_소외
312,train,2,3,3단계_자립_적응
313,train,1,1,1단계_완전_소외
314,train,2,3,3단계_자립_적응
315,train,1,1,1단계_완전_소외
316,train,0,2,2단계_부분_적응
317,train,1,1,1단계_완전_소외
318,train,0,2,2단계_부분_적응
319,train,1,1,1단계_완전_소외
320,train,0,2,2단계_부분_적응
321,train,2,3,3단계_자립_적응
322,train,1,1,1단계_완전_소외
323,train,1,1,1단계_완전_소외
324,train,1,1,1단계_완전_소외
325,train,2,3,3단계_자립_적응
326,train,2,3,3단계_자립_적응
327,train,0,2,2단계_부분_적응
328,train,0,2,2단계_부분_적응
329,train,1,1,1단계_완전_소외
330,train,2,3,3단계_자립_적응
331,train,0,2,2단계_부분_적응
332,train,2,3,3단계_자립_적응
333,train,2,3,3단계_자립_적응
334,train,2,3,3단계_자립_적응
335,train,2,3,3단계_자립_적응
336,train,0,2,2단계_부분_적응
337,train,0,2,2단계_부분_적응
338,train,2,3,3단계_자립_적응
339,train,0,2,2단계_부분_적응
340,train,1,1,1단계_완전_소외
341,train,2,3,3단계_자립_적응
342,train,2,3,3단계_자립_적응
343,train,1,1,1단계_완전_소외
344,train,1,1,1단계_완전_소외
345,train,1,1,1단계_완전_소외
346,train,0,2,2단계_부분_적응
347,train,1,1,1단계_완전_소외
348,train,0,2,2단계_부분_적응
349,train,1,1,1단계_완전_소외
350,train,1,1,1단계_완전_소외
351,train,1,1,1단계_완전_소외
352,train,2,3,3단계_자립_적응
353,train,0,2,2단계_부분_적응
354,train,1,1,1단계_완전_소외
355,train,2,3,3단계_자립_적응
356,train,0,2,2단계_부분_적응
357,train,1,1,1단계_완전_소외
358,train,0,2,2단계_부분_적응
359,train,1,1,1단계_완전_소외
360,train,0,2,2단계_부분_적응
361,train,0,2,2단계_부분_적응
362,train,1,1,1단계_완전_소외
363,train,1,1,1단계_완전_소외
364,train,1,1,1단계_완전_소외
365,train,1,1,1단계_완전_소외
366,train,0,2,2단계_부분_적응
367,train,1,1,1단계_완전_소외
368,train,2,3,3단계_자립_적응
369,train,2,3,3단계_자립_적응
370,train,1,1,1단계_완전_소외
371,train,0,2,2단계_부분_적응
372,train,2,3,3단계_자립_적응
373,train,0,2,2단계_부분_적응
374,train,0,2,2단계_부분_적응
375,train,1,1,1단계_완전_소외
376,train,2,3,3단계_자립_적응
377,train,1,1,1단계_완전_소외
378,train,2,3,3단계_자립_적응
379,train,2,3,3단계_자립_적응
380,train,2,3,3단계_자립_적응
381,train,1,1,1단계_완전_소외
382,train,0,2,2단계_부분_적응
383,train,0,2,2단계_부분_적응
384,train,0,2,2단계_부분_적응
385,train,1,1,1단계_완전_소외
386,train,0,2,2단계_부분_적응
387,train,2,3,3단계_자립_적응
388,train,0,2,2단계_부분_적응
389,train,1,1,1단계_완전_소외
390,train,1,1,1단계_완전_소외
391,train,1,1,1단계_완전_소외
392,train,1,1,1단계_완전_소외
393,train,2,3,3단계_자립_적응
394,train,0,2,2단계_부분_적응
395,train,0,2,2단계_부분_적응
396,train,0,2,2단계_부분_적응
397,train,2,3,3단계_자립_적응
398,train,1,1,1단계_완전_소외
399,train,2,3,3단계_자립_적응
400,train,2,3,3단계_자립_적응
401,train,1,1,1단계_완전_소외
402,train,2,3,3단계_자립_적응
403,train,2,3,3단계_자립_적응
404,train,2,3,3단계_자립_적응
405,train,2,3,3단계_자립_적응
406,train,0,2,2단계_부분_적응
407,train,0,2,2단계_부분_적응
408,train,0,2,2단계_부분_적응
409,train,0,2,2단계_부분_적응
410,train,0,2,2단계_부분_적응
411,train,1,1,1단계_완전_소외
412,train,0,2,2단계_부분_적응
413,train,0,2,2단계_부분_적응
414,train,0,2,2단계_부분_적응
415,train,0,2,2단계_부분_적응
416,train,1,1,1단계_완전_소외
417,train,1,1,1단계_완전_소외
418,train,1,1,1단계_완전_소외
419,train,1,1,1단계_완전_소외
420,train,1,1,1단계_완전_소외
421,train,1,1,1단계_완전_소외
422,train,2,3,3단계_자립_적응
423,train,1,1,1단계_완전_소외
424,train,1,1,1단계_완전_소외
425,train,1,1,1단계_완전_소외
426,train,0,2,2단계_부분_적응
427,train,1,1,1단계_완전_소외
428,train,0,2,2단계_부분_적응
429,train,0,2,2단계_부분_적응
430,train,1,1,1단계_완전_소외
431,train,1,1,1단계_완전_소외
432,train,2,3,3단계_자립_적응
433,train,1,1,1단계_완전_소외
434,train,2,3,3단계_자립_적응
435,train,0,2,2단계_부분_적응
436,train,1,1,1단계_완전_소외
437,train,1,1,1단계_완전_소외
438,train,2,3,3단계_자립_적응
439,train,0,2,2단계_부분_적응
440,train,2,3,3단계_자립_적응
441,train,2,3,3단계_자립_적응
442,train,2,3,3단계_자립_적응
443,train,2,3,3단계_자립_적응
444,train,0,2,2단계_부분_적응
445,train,1,1,1단계_완전_소외
446,train,1,1,1단계_완전_소외
447,train,1,1,1단계_완전_소외
448,train,1,1,1단계_완전_소외
449,train,1,1,1단계_완전_소외
450,train,0,2,2단계_부분_적응
451,train,0,2,2단계_부분_적응
452,train,2,3,3단계_자립_적응
453,train,0,2,2단계_부분_적응
454,train,1,1,1단계_완전_소외
455,train,1,1,1단계_완전_소외
456,train,0,2,2단계_부분_적응
457,train,2,3,3단계_자립_적응
458,train,0,2,2단계_부분_적응
459,train,1,1,1단계_완전_소외
460,train,1,1,1단계_완전_소외
461,train,0,2,2단계_부분_적응
462,train,0,2,2단계_부분_적응
463,train,2,3,3단계_자립_적응
464,train,0,2,2단계_부분_적응
465,train,1,1,1단계_완전_소외
466,train,2,3,3단계_자립_적응
467,train,1,1,1단계_완전_소외
468,train,1,1,1단계_완전_소외
469,train,1,1,1단계_완전_소외
470,train,0,2,2단계_부분_적응
471,train,1,1,1단계_완전_소외
472,train,0,2,2단계_부분_적응
473,train,2,3,3단계_자립_적응
474,train,1,1,1단계_완전_소외
475,train,1,1,1단계_완전_소외
476,train,0,2,2단계_부분_적응
477,train,0,2,2단계_부분_적응
478,train,0,2,2단계_부분_적응
479,train,2,3,3단계_자립_적응
480,train,0,2,2단계_부분_적응
481,train,2,3,3단계_자립_적응
482,train,0,2,2단계_부분_적응
483,train,0,2,2단계_부분_적응
484,train,2,3,3단계_자립_적응
485,train,1,1,1단계_완전_소외
486,train,0,2,2단계_부분_적응
487,train,0,2,2단계_부분_적응
488,train,2,3,3단계_자립_적응
489,train,1,1,1단계_완전_소외
490,train,1,1,1단계_완전_소외
491,train,2,3,3단계_자립_적응
492,train,0,2,2단계_부분_적응
493,train,0,2,2단계_부분_적응
494,train,2,3,3단계_자립_적응
495,train,0,2,2단계_부분_적응
496,train,1,1,1단계_완전_소외
497,train,0,2,2단계_부분_적응
498,train,2,3,3단계_자립_적응
499,train,1,1,1단계_완전_소외
500,train,0,2,2단계_부분_적응
501,train,0,2,2단계_부분_적응
502,train,0,2,2단계_부분_적응
503,train,2,3,3단계_자립_적응
504,train,1,1,1단계_완전_소외
505,train,0,2,2단계_부분_적응
506,train,1,1,1단계_완전_소외
507,train,1,1,1단계_완전_소외
508,train,1,1,1단계_완전_소외
509,train,2,3,3단계_자립_적응
510,train,1,1,1단계_완전_소외
511,train,0,2,2단계_부분_적응
512,train,1,1,1단계_완전_소외
513,train,2,3,3단계_자립_적응
514,train,2,3,3단계_자립_적응
515,train,1,1,1단계_완전_소외
516,train,1,1,1단계_완전_소외
517,train,0,2,2단계_부분_적응
518,train,2,3,3단계_자립_적응
519,train,0,2,2단계_부분_적응
520,train,2,3,3단계_자립_적응
521,train,0,2,2단계_부분_적응
522,train,0,2,2단계_부분_적응
523,train,0,2,2단계_부분_적응
524,train,0,2,2단계_부분_적응
525,train,0,2,2단계_부분_적응
526,train,1,1,1단계_완전_소외
527,train,1,1,1단계_완전_소외
528,train,1,1,1단계_완전_소외
529,train,1,1,1단계_완전_소외
530,train,0,2,2단계_부분_적응
531,train,1,1,1단계_완전_소외
532,train,0,2,2단계_부분_적응
533,train,1,1,1단계_완전_소외
534,train,1,1,1단계_완전_소외
535,train,0,2,2단계_부분_적응
536,train,1,1,1단계_완전_소외
537,train,1,1,1단계_완전_소외
538,train,2,3,3단계_자립_적응
539,train,1,1,1단계_완전_소외
540,train,2,3,3단계_자립_적응
541,train,0,2,2단계_부분_적응
542,train,0,2,2단계_부분_적응
543,train,0,2,2단계_부분_적응
544,train,2,3,3단계_자립_적응
545,train,1,1,1단계_완전_소외
546,train,2,3,3단계_자립_적응
547,train,0,2,2단계_부분_적응
548,train,0,2,2단계_부분_적응
549,train,0,2,2단계_부분_적응
550,train,1,1,1단계_완전_소외
551,train,2,3,3단계_자립_적응
552,train,1,1,1단계_완전_소외
553,train,0,2,2단계_부분_적응
554,train,0,2,2단계_부분_적응
555,train,1,1,1단계_완전_소외
556,train,2,3,3단계_자립_적응
557,train,1,1,1단계_완전_소외
558,train,1,1,1단계_완전_소외
559,train,2,3,3단계_자립_적응
560,train,1,1,1단계_완전_소외
561,train,0,2,2단계_부분_적응
562,train,0,2,2단계_부분_적응
563,train,1,1,1단계_완전_소외
564,train,2,3,3단계_자립_적응
565,train,2,3,3단계_자립_적응
566,train,2,3,3단계_자립_적응
567,train,0,2,2단계_부분_적응
568,train,1,1,1단계_완전_소외
569,train,0,2,2단계_부분_적응
570,train,0,2,2단계_부분_적응
571,train,0,2,2단계_부분_적응
572,train,1,1,1단계_완전_소외
573,train,0,2,2단계_부분_적응
574,train,1,1,1단계_완전_소외
575,train,1,1,1단계_완전_소외
576,train,2,3,3단계_자립_적응
577,train,2,3,3단계_자립_적응
578,train,2,3,3단계_자립_적응
579,train,1,1,1단계_완전_소외
580,train,2,3,3단계_자립_적응
581,train,0,2,2단계_부분_적응
582,train,0,2,2단계_부분_적응
583,train,0,2,2단계_부분_적응
584,train,0,2,2단계_부분_적응
585,train,0,2,2단계_부분_적응
586,train,2,3,3단계_자립_적응
587,train,1,1,1단계_완전_소외
588,train,0,2,2단계_부분_적응
589,train,0,2,2단계_부분_적응
590,train,0,2,2단계_부분_적응
591,train,0,2,2단계_부분_적응
592,train,1,1,1단계_완전_소외
593,train,1,1,1단계_완전_소외
594,train,0,2,2단계_부분_적응
595,train,1,1,1단계_완전_소외
596,train,0,2,2단계_부분_적응
597,train,0,2,2단계_부분_적응
598,train,1,1,1단계_완전_소외
599,train,0,2,2단계_부분_적응
600,train,2,3,3단계_자립_적응
601,train,0,2,2단계_부분_적응
602,train,2,3,3단계_자립_적응
603,train,2,3,3단계_자립_적응
604,train,2,3,3단계_자립_적응
605,train,1,1,1단계_완전_소외
606,train,1,1,1단계_완전_소외
607,train,0,2,2단계_부분_적응
608,train,1,1,1단계_완전_소외
609,train,1,1,1단계_완전_소외
610,train,2,3,3단계_자립_적응
611,train,1,1,1단계_완전_소외
612,train,2,3,3단계_자립_적응
613,train,0,2,2단계_부분_적응
614,train,1,1,1단계_완전_소외
615,train,2,3,3단계_자립_적응
616,train,0,2,2단계_부분_적응
617,train,1,1,1단계_완전_소외
618,train,1,1,1단계_완전_소외
619,train,1,1,1단계_완전_소외
620,train,2,3,3단계_자립_적응
621,train,1,1,1단계_완전_소외
622,train,1,1,1단계_완전_소외
623,train,0,2,2단계_부분_적응
624,train,2,3,3단계_자립_적응
625,train,2,3,3단계_자립_적응
626,train,2,3,3단계_자립_적응
627,train,0,2,2단계_부분_적응
628,train,1,1,1단계_완전_소외
629,train,2,3,3단계_자립_적응
630,train,0,2,2단계_부분_적응
631,train,0,2,2단계_부분_적응
632,train,0,2,2단계_부분_적응
633,train,2,3,3단계_자립_적응
634,train,2,3,3단계_자립_적응
635,train,1,1,1단계_완전_소외
636,train,1,1,1단계_완전_소외
637,train,0,2,2단계_부분_적응
638,train,2,3,3단계_자립_적응
639,train,1,1,1단계_완전_소외
640,train,1,1,1단계_완전_소외
641,train,1,1,1단계_완전_소외
642,train,0,2,2단계_부분_적응
643,train,2,3,3단계_자립_적응
644,train,1,1,1단계_완전_소외
645,train,2,3,3단계_자립_적응
646,train,2,3,3단계_자립_적응
647,train,0,2,2단계_부분_적응
648,train,2,3,3단계_자립_적응
649,train,1,1,1단계_완전_소외
650,train,1,1,1단계_완전_소외
651,train,1,1,1단계_완전_소외
652,train,0,2,2단계_부분_적응
653,train,0,2,2단계_부분_적응
654,train,1,1,1단계_완전_소외
655,train,1,1,1단계_완전_소외
656,train,2,3,3단계_자립_적응
657,train,0,2,2단계_부분_적응
658,train,2,3,3단계_자립_적응
659,train,0,2,2단계_부분_적응
660,train,0,2,2단계_부분_적응
661,train,1,1,1단계_완전_소외
662,train,1,1,1단계_완전_소외
663,train,0,2,2단계_부분_적응
664,train,0,2,2단계_부분_적응
665,train,0,2,2단계_부분_적응
666,train,1,1,1단계_완전_소외
667,train,1,1,1단계_완전_소외
668,train,2,3,3단계_자립_적응
669,train,0,2,2단계_부분_적응
670,train,1,1,1단계_완전_소외
671,train,0,2,2단계_부분_적응
672,train,1,1,1단계_완전_소외
673,train,1,1,1단계_완전_소외
674,train,1,1,1단계_완전_소외
675,train,2,3,3단계_자립_적응
676,train,0,2,2단계_부분_적응
677,train,0,2,2단계_부분_적응
678,train,1,1,1단계_완전_소외
679,train,0,2,2단계_부분_적응
680,train,2,3,3단계_자립_적응
681,train,1,1,1단계_완전_소외
682,train,1,1,1단계_완전_소외
683,train,0,2,2단계_부분_적응
684,train,1,1,1단계_완전_소외
685,train,2,3,3단계_자립_적응
686,train,2,3,3단계_자립_적응
687,train,0,2,2단계_부분_적응
688,train,0,2,2단계_부분_적응
689,train,0,2,2단계_부분_적응
690,train,1,1,1단계_완전_소외
691,train,0,2,2단계_부분_적응
692,train,1,1,1단계_완전_소외
693,train,2,3,3단계_자립_적응
694,train,2,3,3단계_자립_적응
695,train,2,3,3단계_자립_적응
696,train,1,1,1단계_완전_소외
697,train,0,2,2단계_부분_적응
698,train,0,2,2단계_부분_적응
699,train,2,3,3단계_자립_적응
700,train,1,1,1단계_완전_소외
701,train,0,2,2단계_부분_적응
702,train,2,3,3단계_자립_적응
703,train,0,2,2단계_부분_적응
704,train,0,2,2단계_부분_적응
705,train,0,2,2단계_부분_적응
706,train,1,1,1단계_완전_소외
707,train,1,1,1단계_완전_소외
708,train,1,1,1단계_완전_소외
709,train,1,1,1단계_완전_소외
710,train,1,1,1단계_완전_소외
711,train,2,3,3단계_자립_적응
712,train,0,2,2단계_부분_적응
713,train,0,2,2단계_부분_적응
714,train,2,3,3단계_자립_적응
715,train,0,2,2단계_부분_적응
716,train,1,1,1단계_완전_소외
717,train,1,1,1단계_완전_소외
718,train,1,1,1단계_완전_소외
719,train,2,3,3단계_자립_적응
720,train,0,2,2단계_부분_적응
721,train,1,1,1단계_완전_소외
722,train,1,1,1단계_완전_소외
723,train,1,1,1단계_완전_소외
724,train,2,3,3단계_자립_적응
725,train,2,3,3단계_자립_적응
726,train,0,2,2단계_부분_적응
727,train,1,1,1단계_완전_소외
728,train,1,1,1단계_완전_소외
729,train,1,1,1단계_완전_소외
730,train,2,3,3단계_자립_적응
731,train,1,1,1단계_완전_소외
732,train,2,3,3단계_자립_적응
733,train,0,2,2단계_부분_적응
734,train,2,3,3단계_자립_적응
735,train,1,1,1단계_완전_소외
736,train,1,1,1단계_완전_소외
737,train,1,1,1단계_완전_소외
738,train,1,1,1단계_완전_소외
739,train,2,3,3단계_자립_적응
740,train,1,1,1단계_완전_소외
741,train,2,3,3단계_자립_적응
742,train,0,2,2단계_부분_적응
743,train,0,2,2단계_부분_적응
744,train,2,3,3단계_자립_적응
745,train,2,3,3단계_자립_적응
746,train,1,1,1단계_완전_소외
747,train,2,3,3단계_자립_적응
748,train,2,3,3단계_자립_적응
749,train,2,3,3단계_자립_적응
750,train,1,1,1단계_완전_소외
751,train,0,2,2단계_부분_적응
752,train,0,2,2단계_부분_적응
753,train,1,1,1단계_완전_소외
754,train,2,3,3단계_자립_적응
755,train,1,1,1단계_완전_소외
756,train,0,2,2단계_부분_적응
757,train,0,2,2단계_부분_적응
758,train,0,2,2단계_부분_적응
759,train,2,3,3단계_자립_적응
760,train,0,2,2단계_부분_적응
761,train,1,1,1단계_완전_소외
762,train,2,3,3단계_자립_적응
763,train,1,1,1단계_완전_소외
764,train,1,1,1단계_완전_소외
765,train,0,2,2단계_부분_적응
766,train,2,3,3단계_자립_적응
767,train,1,1,1단계_완전_소외
768,train,0,2,2단계_부분_적응
769,train,0,2,2단계_부분_적응
770,train,1,1,1단계_완전_소외
771,train,1,1,1단계_완전_소외
772,train,2,3,3단계_자립_적응
773,train,0,2,2단계_부분_적응
774,train,0,2,2단계_부분_적응
775,train,1,1,1단계_완전_소외
776,train,0,2,2단계_부분_적응
777,train,0,2,2단계_부분_적응
778,train,0,2,2단계_부분_적응
779,train,1,1,1단계_완전_소외
780,train,2,3,3단계_자립_적응
781,train,1,1,1단계_완전_소외
782,train,1,1,1단계_완전_소외
783,train,2,3,3단계_자립_적응
784,train,0,2,2단계_부분_적응
785,train,2,3,3단계_자립_적응
786,train,2,3,3단계_자립_적응
787,train,2,3,3단계_자립_적응
788,train,2,3,3단계_자립_적응
789,train,0,2,2단계_부분_적응
790,train,0,2,2단계_부분_적응
791,train,2,3,3단계_자립_적응
792,train,0,2,2단계_부분_적응
793,train,0,2,2단계_부분_적응
794,train,0,2,2단계_부분_적응
795,train,2,3,3단계_자립_적응
796,train,2,3,3단계_자립_적응
797,train,0,2,2단계_부분_적응
798,train,2,3,3단계_자립_적응
799,train,1,1,1단계_완전_소외
800,train,1,1,1단계_완전_소외
801,train,0,2,2단계_부분_적응
802,train,1,1,1단계_완전_소외
803,train,0,2,2단계_부분_적응
804,train,0,2,2단계_부분_적응
805,train,2,3,3단계_자립_적응
806,train,1,1,1단계_완전_소외
807,train,1,1,1단계_완전_소외
808,train,1,1,1단계_완전_소외
809,train,1,1,1단계_완전_소외
810,train,2,3,3단계_자립_적응
811,train,2,3,3단계_자립_적응
812,train,2,3,3단계_자립_적응
813,train,2,3,3단계_자립_적응
814,train,1,1,1단계_완전_소외
815,train,2,3,3단계_자립_적응
816,train,1,1,1단계_완전_소외
817,train,2,3,3단계_자립_적응
818,train,1,1,1단계_완전_소외
819,train,0,2,2단계_부분_적응
820,train,0,2,2단계_부분_적응
821,train,1,1,1단계_완전_소외
822,train,2,3,3단계_자립_적응
823,train,2,3,3단계_자립_적응
824,train,0,2,2단계_부분_적응
825,train,1,1,1단계_완전_소외
826,train,1,1,1단계_완전_소외
827,train,0,2,2단계_부분_적응
828,train,0,2,2단계_부분_적응
829,train,2,3,3단계_자립_적응
830,train,0,2,2단계_부분_적응
831,train,1,1,1단계_완전_소외
832,train,0,2,2단계_부분_적응
833,train,1,1,1단계_완전_소외
834,train,0,2,2단계_부분_적응
835,train,1,1,1단계_완전_소외
836,train,2,3,3단계_자립_적응
837,train,1,1,1단계_완전_소외
838,train,0,2,2단계_부분_적응
839,train,1,1,1단계_완전_소외
840,train,1,1,1단계_완전_소외
841,train,1,1,1단계_완전_소외
842,train,0,2,2단계_부분_적응
843,train,2,3,3단계_자립_적응
844,train,0,2,2단계_부분_적응
845,train,0,2,2단계_부분_적응
846,train,0,2,2단계_부분_적응
847,train,1,1,1단계_완전_소외
848,train,1,1,1단계_완전_소외
849,train,0,2,2단계_부분_적응
850,train,2,3,3단계_자립_적응
851,train,1,1,1단계_완전_소외
852,train,2,3,3단계_자립_적응
853,train,2,3,3단계_자립_적응
854,train,2,3,3단계_자립_적응
855,train,2,3,3단계_자립_적응
856,train,1,1,1단계_완전_소외
857,train,0,2,2단계_부분_적응
858,train,1,1,1단계_완전_소외
859,train,1,1,1단계_완전_소외
860,train,1,1,1단계_완전_소외
861,train,1,1,1단계_완전_소외
862,train,2,3,3단계_자립_적응
863,train,0,2,2단계_부분_적응
864,train,1,1,1단계_완전_소외
865,train,0,2,2단계_부분_적응
866,train,1,1,1단계_완전_소외
867,train,0,2,2단계_부분_적응
868,train,1,1,1단계_완전_소외
869,train,2,3,3단계_자립_적응
870,train,1,1,1단계_완전_소외
871,train,1,1,1단계_완전_소외
872,train,0,2,2단계_부분_적응
873,train,1,1,1단계_완전_소외
874,train,1,1,1단계_완전_소외
875,train,1,1,1단계_완전_소외
876,train,0,2,2단계_부분_적응
877,train,1,1,1단계_완전_소외
878,train,0,2,2단계_부분_적응
879,train,1,1,1단계_완전_소외
880,train,1,1,1단계_완전_소외
881,train,1,1,1단계_완전_소외
882,train,0,2,2단계_부분_적응
883,train,0,2,2단계_부분_적응
884,train,0,2,2단계_부분_적응
885,train,0,2,2단계_부분_적응
886,train,0,2,2단계_부분_적응
887,train,0,2,2단계_부분_적응
888,train,2,3,3단계_자립_적응
889,train,2,3,3단계_자립_적응
890,train,2,3,3단계_자립_적응
891,train,2,3,3단계_자립_적응
892,train,0,2,2단계_부분_적응
893,train,0,2,2단계_부분_적응
894,train,1,1,1단계_완전_소외
895,train,1,1,1단계_완전_소외
896,train,0,2,2단계_부분_적응
897,train,2,3,3단계_자립_적응
898,train,1,1,1단계_완전_소외
899,train,0,2,2단계_부분_적응
900,train,0,2,2단계_부분_적응
901,train,1,1,1단계_완전_소외
902,train,0,2,2단계_부분_적응
903,train,0,2,2단계_부분_적응
904,train,1,1,1단계_완전_소외
905,train,2,3,3단계_자립_적응
906,train,2,3,3단계_자립_적응
907,train,0,2,2단계_부분_적응
908,train,0,2,2단계_부분_적응
909,train,0,2,2단계_부분_적응
910,train,2,3,3단계_자립_적응
911,train,1,1,1단계_완전_소외
912,train,2,3,3단계_자립_적응
913,train,0,2,2단계_부분_적응
914,train,1,1,1단계_완전_소외
915,train,1,1,1단계_완전_소외
916,train,1,1,1단계_완전_소외
917,train,0,2,2단계_부분_적응
918,train,1,1,1단계_완전_소외
919,train,1,1,1단계_완전_소외
920,train,1,1,1단계_완전_소외
921,train,0,2,2단계_부분_적응
922,train,1,1,1단계_완전_소외
923,train,0,2,2단계_부분_적응
924,train,2,3,3단계_자립_적응
925,train,1,1,1단계_완전_소외
926,train,0,2,2단계_부분_적응
927,train,1,1,1단계_완전_소외
928,train,1,1,1단계_완전_소외
929,train,0,2,2단계_부분_적응
930,train,2,3,3단계_자립_적응
931,train,1,1,1단계_완전_소외
932,train,1,1,1단계_완전_소외
933,train,0,2,2단계_부분_적응
934,train,1,1,1단계_완전_소외
935,train,2,3,3단계_자립_적응
936,train,0,2,2단계_부분_적응
937,train,0,2,2단계_부분_적응
938,train,1,1,1단계_완전_소외
939,train,1,1,1단계_완전_소외
940,train,1,1,1단계_완전_소외
941,train,2,3,3단계_자립_적응
942,train,0,2,2단계_부분_적응
943,train,2,3,3단계_자립_적응
944,train,1,1,1단계_완전_소외
945,train,0,2,2단계_부분_적응
946,train,2,3,3단계_자립_적응
947,train,0,2,2단계_부분_적응
948,train,1,1,1단계_완전_소외
949,train,1,1,1단계_완전_소외
950,train,1,1,1단계_완전_소외
951,train,1,1,1단계_완전_소외
952,train,0,2,2단계_부분_적응
953,train,2,3,3단계_자립_적응
954,train,2,3,3단계_자립_적응
955,train,0,2,2단계_부분_적응
956,train,1,1,1단계_완전_소외
957,train,2,3,3단계_자립_적응
958,train,1,1,1단계_완전_소외
959,train,0,2,2단계_부분_적응
960,train,1,1,1단계_완전_소외
961,train,0,2,2단계_부분_적응
962,train,1,1,1단계_완전_소외
963,train,1,1,1단계_완전_소외
964,train,0,2,2단계_부분_적응
965,train,2,3,3단계_자립_적응
966,train,0,2,2단계_부분_적응
967,train,1,1,1단계_완전_소외
968,train,2,3,3단계_자립_적응
969,train,1,1,1단계_완전_소외
970,train,1,1,1단계_완전_소외
971,train,1,1,1단계_완전_소외
972,train,1,1,1단계_완전_소외
973,train,1,1,1단계_완전_소외
974,train,0,2,2단계_부분_적응
975,train,2,3,3단계_자립_적응
976,train,0,2,2단계_부분_적응
977,train,2,3,3단계_자립_적응
978,train,0,2,2단계_부분_적응
979,train,2,3,3단계_자립_적응
980,train,2,3,3단계_자립_적응
981,train,1,1,1단계_완전_소외
982,train,2,3,3단계_자립_적응
983,train,2,3,3단계_자립_적응
984,train,1,1,1단계_완전_소외
985,train,2,3,3단계_자립_적응
986,train,2,3,3단계_자립_적응
987,train,0,2,2단계_부분_적응
988,train,1,1,1단계_완전_소외
989,train,0,2,2단계_부분_적응
990,train,1,1,1단계_완전_소외
991,train,0,2,2단계_부분_적응
992,train,1,1,1단계_완전_소외
993,train,2,3,3단계_자립_적응
994,train,1,1,1단계_완전_소외
995,train,0,2,2단계_부분_적응
996,train,1,1,1단계_완전_소외
997,train,1,1,1단계_완전_소외
998,train,2,3,3단계_자립_적응
999,train,0,2,2단계_부분_적응
1000,train,0,2,2단계_부분_적응
1001,train,1,1,1단계_완전_소외
1002,train,0,2,2단계_부분_적응
1003,train,1,1,1단계_완전_소외
1004,train,2,3,3단계_자립_적응
1005,train,1,1,1단계_완전_소외
1006,train,1,1,1단계_완전_소외
1007,train,0,2,2단계_부분_적응
1008,train,0,2,2단계_부분_적응
1009,train,2,3,3단계_자립_적응
1010,train,1,1,1단계_완전_소외
1011,train,2,3,3단계_자립_적응
1012,train,1,1,1단계_완전_소외
1013,train,1,1,1단계_완전_소외
1014,train,0,2,2단계_부분_적응
1015,train,2,3,3단계_자립_적응
1016,train,0,2,2단계_부분_적응
1017,train,1,1,1단계_완전_소외
1018,train,1,1,1단계_완전_소외
1019,train,1,1,1단계_완전_소외
1020,train,1,1,1단계_완전_소외
1021,train,2,3,3단계_자립_적응
1022,train,1,1,1단계_완전_소외
1023,train,0,2,2단계_부분_적응
1024,train,1,1,1단계_완전_소외
1025,train,2,3,3단계_자립_적응
1026,train,0,2,2단계_부분_적응
1027,train,0,2,2단계_부분_적응
1028,train,0,2,2단계_부분_적응
1029,train,1,1,1단계_완전_소외
1030,train,1,1,1단계_완전_소외
1031,train,0,2,2단계_부분_적응
1032,train,2,3,3단계_자립_적응
1033,train,0,2,2단계_부분_적응
1034,train,1,1,1단계_완전_소외
1035,train,0,2,2단계_부분_적응
1036,train,2,3,3단계_자립_적응
1037,train,1,1,1단계_완전_소외
1038,train,0,2,2단계_부분_적응
1039,train,0,2,2단계_부분_적응
1040,train,0,2,2단계_부분_적응
1041,train,2,3,3단계_자립_적응
1042,train,2,3,3단계_자립_적응
1043,train,2,3,3단계_자립_적응
1044,train,2,3,3단계_자립_적응
1045,train,0,2,2단계_부분_적응
1046,train,1,1,1단계_완전_소외
1047,train,1,1,1단계_완전_소외
1048,train,0,2,2단계_부분_적응
1049,train,0,2,2단계_부분_적응
1050,train,0,2,2단계_부분_적응
1051,train,0,2,2단계_부분_적응
1052,train,1,1,1단계_완전_소외
1053,train,1,1,1단계_완전_소외
1054,train,1,1,1단계_완전_소외
1055,train,0,2,2단계_부분_적응
1056,train,0,2,2단계_부분_적응
1057,train,0,2,2단계_부분_적응
1058,train,1,1,1단계_완전_소외
1059,train,1,1,1단계_완전_소외
1060,train,0,2,2단계_부분_적응
1061,train,2,3,3단계_자립_적응
1062,train,0,2,2단계_부분_적응
1063,train,0,2,2단계_부분_적응
1064,train,2,3,3단계_자립_적응
1065,train,0,2,2단계_부분_적응
1066,train,1,1,1단계_완전_소외
1067,train,0,2,2단계_부분_적응
1068,train,0,2,2단계_부분_적응
1069,train,1,1,1단계_완전_소외
1070,train,0,2,2단계_부분_적응
1071,train,2,3,3단계_자립_적응
1072,train,1,1,1단계_완전_소외
1073,train,2,3,3단계_자립_적응
1074,train,1,1,1단계_완전_소외
1075,train,0,2,2단계_부분_적응
1076,train,0,2,2단계_부분_적응
1077,train,1,1,1단계_완전_소외
1078,train,1,1,1단계_완전_소외
1079,train,2,3,3단계_자립_적응
1080,train,0,2,2단계_부분_적응
1081,train,0,2,2단계_부분_적응
1082,train,0,2,2단계_부분_적응
1083,train,0,2,2단계_부분_적응
1084,train,2,3,3단계_자립_적응
1085,train,2,3,3단계_자립_적응
1086,train,0,2,2단계_부분_적응
1087,train,0,2,2단계_부분_적응
1088,train,0,2,2단계_부분_적응
1089,train,2,3,3단계_자립_적응
1090,train,1,1,1단계_완전_소외
1091,train,1,1,1단계_완전_소외
1092,train,0,2,2단계_부분_적응
1093,train,1,1,1단계_완전_소외
1094,train,2,3,3단계_자립_적응
1095,train,0,2,2단계_부분_적응
1096,train,0,2,2단계_부분_적응
1097,train,2,3,3단계_자립_적응
1098,train,2,3,3단계_자립_적응
1099,train,0,2,2단계_부분_적응
1100,train,0,2,2단계_부분_적응
1101,train,1,1,1단계_완전_소외
1102,train,1,1,1단계_완전_소외
1103,train,0,2,2단계_부분_적응
1104,train,1,1,1단계_완전_소외
1105,train,1,1,1단계_완전_소외
1106,train,0,2,2단계_부분_적응
1107,train,0,2,2단계_부분_적응
1108,train,1,1,1단계_완전_소외
1109,train,0,2,2단계_부분_적응
1110,train,0,2,2단계_부분_적응
1111,train,0,2,2단계_부분_적응
1112,train,2,3,3단계_자립_적응
1113,train,2,3,3단계_자립_적응
1114,train,1,1,1단계_완전_소외
1115,train,0,2,2단계_부분_적응
1116,train,0,2,2단계_부분_적응
1117,train,1,1,1단계_완전_소외
1118,train,0,2,2단계_부분_적응
1119,train,0,2,2단계_부분_적응
1120,train,0,2,2단계_부분_적응
1121,train,2,3,3단계_자립_적응
1122,train,0,2,2단계_부분_적응
1123,train,2,3,3단계_자립_적응
1124,train,2,3,3단계_자립_적응
1125,train,2,3,3단계_자립_적응
1126,train,2,3,3단계_자립_적응
1127,train,1,1,1단계_완전_소외
1128,train,1,1,1단계_완전_소외
1129,train,1,1,1단계_완전_소외
1130,train,0,2,2단계_부분_적응
1131,train,0,2,2단계_부분_적응
1132,train,2,3,3단계_자립_적응
1133,train,0,2,2단계_부분_적응
1134,train,0,2,2단계_부분_적응
1135,train,0,2,2단계_부분_적응
1136,train,0,2,2단계_부분_적응
1137,train,1,1,1단계_완전_소외
1138,train,2,3,3단계_자립_적응
1139,train,1,1,1단계_완전_소외
1140,train,0,2,2단계_부분_적응
1141,train,2,3,3단계_자립_적응
1142,train,1,1,1단계_완전_소외
1143,train,0,2,2단계_부분_적응
1144,train,2,3,3단계_자립_적응
1145,train,0,2,2단계_부분_적응
1146,train,0,2,2단계_부분_적응
1147,train,1,1,1단계_완전_소외
1148,train,1,1,1단계_완전_소외
1149,train,2,3,3단계_자립_적응
1150,train,1,1,1단계_완전_소외
1151,train,0,2,2단계_부분_적응
1152,train,0,2,2단계_부분_적응
1153,train,1,1,1단계_완전_소외
1154,train,0,2,2단계_부분_적응
1155,train,0,2,2단계_부분_적응
1156,train,2,3,3단계_자립_적응
1157,train,1,1,1단계_완전_소외
1158,train,0,2,2단계_부분_적응
1159,train,2,3,3단계_자립_적응
1160,train,1,1,1단계_완전_소외
1161,train,1,1,1단계_완전_소외
1162,train,0,2,2단계_부분_적응
1163,train,2,3,3단계_자립_적응
1164,train,0,2,2단계_부분_적응
1165,train,2,3,3단계_자립_적응
1166,train,2,3,3단계_자립_적응
1167,train,1,1,1단계_완전_소외
1168,train,0,2,2단계_부분_적응
1169,train,0,2,2단계_부분_적응
1170,train,1,1,1단계_완전_소외
1171,train,2,3,3단계_자립_적응
1172,train,1,1,1단계_완전_소외
1173,train,1,1,1단계_완전_소외
1174,train,2,3,3단계_자립_적응
1175,train,2,3,3단계_자립_적응
1176,train,0,2,2단계_부분_적응
1177,train,0,2,2단계_부분_적응
1178,train,1,1,1단계_완전_소외
1179,train,2,3,3단계_자립_적응
1180,train,2,3,3단계_자립_적응
1181,train,1,1,1단계_완전_소외
1182,train,0,2,2단계_부분_적응
1183,train,2,3,3단계_자립_적응
1184,train,0,2,2단계_부분_적응
1185,train,2,3,3단계_자립_적응
1186,train,2,3,3단계_자립_적응
1187,train,1,1,1단계_완전_소외
1188,train,2,3,3단계_자립_적응
1189,train,2,3,3단계_자립_적응
1190,train,2,3,3단계_자립_적응
1191,train,1,1,1단계_완전_소외
1192,train,1,1,1단계_완전_소외
1193,train,0,2,2단계_부분_적응
1194,train,1,1,1단계_완전_소외
1195,train,2,3,3단계_자립_적응
1196,train,1,1,1단계_완전_소외
1197,train,1,1,1단계_완전_소외
1198,train,0,2,2단계_부분_적응
1199,train,2,3,3단계_자립_적응
1200,train,2,3,3단계_자립_적응
1201,train,1,1,1단계_완전_소외
1202,train,2,3,3단계_자립_적응
1203,train,1,1,1단계_완전_소외
1204,train,1,1,1단계_완전_소외
1205,train,0,2,2단계_부분_적응
1206,train,2,3,3단계_자립_적응
1207,train,0,2,2단계_부분_적응
1208,train,1,1,1단계_완전_소외
1209,train,0,2,2단계_부분_적응
1210,train,1,1,1단계_완전_소외
1211,train,0,2,2단계_부분_적응
1212,train,2,3,3단계_자립_적응
1213,train,0,2,2단계_부분_적응
1214,train,0,2,2단계_부분_적응
1215,train,0,2,2단계_부분_적응
1216,train,1,1,1단계_완전_소외
1217,train,0,2,2단계_부분_적응
1218,train,1,1,1단계_완전_소외
1219,train,0,2,2단계_부분_적응
1220,train,0,2,2단계_부분_적응
1221,train,0,2,2단계_부분_적응
1222,train,1,1,1단계_완전_소외
1223,train,2,3,3단계_자립_적응
1224,train,0,2,2단계_부분_적응
1225,train,1,1,1단계_완전_소외
1226,train,2,3,3단계_자립_적응
1227,train,2,3,3단계_자립_적응
1228,train,2,3,3단계_자립_적응
1229,train,0,2,2단계_부분_적응
1230,train,1,1,1단계_완전_소외
1231,train,1,1,1단계_완전_소외
1232,train,2,3,3단계_자립_적응
1233,train,2,3,3단계_자립_적응
1234,train,1,1,1단계_완전_소외
1235,train,0,2,2단계_부분_적응
1236,train,1,1,1단계_완전_소외
1237,train,1,1,1단계_완전_소외
1238,train,0,2,2단계_부분_적응
1239,train,0,2,2단계_부분_적응
1240,train,1,1,1단계_완전_소외
1241,train,1,1,1단계_완전_소외
1242,train,1,1,1단계_완전_소외
1243,train,0,2,2단계_부분_적응
1244,train,2,3,3단계_자립_적응
1245,train,0,2,2단계_부분_적응
1246,train,1,1,1단계_완전_소외
1247,train,1,1,1단계_완전_소외
1248,train,1,1,1단계_완전_소외
1249,train,2,3,3단계_자립_적응
1250,train,0,2,2단계_부분_적응
1251,train,0,2,2단계_부분_적응
1252,train,2,3,3단계_자립_적응
1253,train,1,1,1단계_완전_소외
1254,train,1,1,1단계_완전_소외
1255,train,2,3,3단계_자립_적응
1256,train,2,3,3단계_자립_적응
1257,train,2,3,3단계_자립_적응
1258,train,0,2,2단계_부분_적응
1259,train,1,1,1단계_완전_소외
1260,train,0,2,2단계_부분_적응
1261,train,1,1,1단계_완전_소외
1262,train,0,2,2단계_부분_적응
1263,train,1,1,1단계_완전_소외
1264,train,1,1,1단계_완전_소외
1265,train,0,2,2단계_부분_적응
1266,train,0,2,2단계_부분_적응
1267,train,1,1,1단계_완전_소외
1268,train,2,3,3단계_자립_적응
1269,train,2,3,3단계_자립_적응
1270,train,0,2,2단계_부분_적응
1271,train,1,1,1단계_완전_소외
1272,train,2,3,3단계_자립_적응
1273,train,1,1,1단계_완전_소외
1274,train,2,3,3단계_자립_적응
1275,train,0,2,2단계_부분_적응
1276,train,0,2,2단계_부분_적응
1277,train,0,2,2단계_부분_적응
1278,train,1,1,1단계_완전_소외
1279,train,2,3,3단계_자립_적응
1280,train,1,1,1단계_완전_소외
1281,train,1,1,1단계_완전_소외
1282,train,0,2,2단계_부분_적응
1283,train,1,1,1단계_완전_소외
1284,train,0,2,2단계_부분_적응
1285,train,0,2,2단계_부분_적응
1286,train,1,1,1단계_완전_소외
1287,train,1,1,1단계_완전_소외
1288,train,0,2,2단계_부분_적응
1289,train,1,1,1단계_완전_소외
1290,train,0,2,2단계_부분_적응
1291,train,1,1,1단계_완전_소외
1292,train,2,3,3단계_자립_적응
1293,train,0,2,2단계_부분_적응
1294,train,0,2,2단계_부분_적응
1295,train,0,2,2단계_부분_적응
1296,train,1,1,1단계_완전_소외
1297,train,1,1,1단계_완전_소외
1298,train,1,1,1단계_완전_소외
1299,train,0,2,2단계_부분_적응
1300,train,0,2,2단계_부분_적응
1301,train,2,3,3단계_자립_적응
1302,train,0,2,2단계_부분_적응
1303,train,2,3,3단계_자립_적응
1304,train,1,1,1단계_완전_소외
1305,train,2,3,3단계_자립_적응
1306,train,1,1,1단계_완전_소외
1307,train,0,2,2단계_부분_적응
1308,train,1,1,1단계_완전_소외
1309,train,0,2,2단계_부분_적응
1310,train,0,2,2단계_부분_적응
1311,train,0,2,2단계_부분_적응
1312,train,0,2,2단계_부분_적응
1313,train,0,2,2단계_부분_적응
1314,train,0,2,2단계_부분_적응
1315,train,1,1,1단계_완전_소외
1316,train,0,2,2단계_부분_적응
1317,train,0,2,2단계_부분_적응
1318,train,2,3,3단계_자립_적응
1319,train,1,1,1단계_완전_소외
1320,train,0,2,2단계_부분_적응
1321,train,2,3,3단계_자립_적응
1322,train,2,3,3단계_자립_적응
1323,train,0,2,2단계_부분_적응
1324,train,1,1,1단계_완전_소외
1325,train,1,1,1단계_완전_소외
1326,train,1,1,1단계_완전_소외
1327,train,2,3,3단계_자립_적응
1328,train,1,1,1단계_완전_소외
1329,train,1,1,1단계_완전_소외
1330,train,2,3,3단계_자립_적응
1331,train,1,1,1단계_완전_소외
1332,train,2,3,3단계_자립_적응
1333,train,1,1,1단계_완전_소외
1334,train,1,1,1단계_완전_소외
1335,train,1,1,1단계_완전_소외
1336,train,0,2,2단계_부분_적응
1337,train,1,1,1단계_완전_소외
1338,train,2,3,3단계_자립_적응
1339,train,1,1,1단계_완전_소외
1340,train,2,3,3단계_자립_적응
1341,train,1,1,1단계_완전_소외
1342,train,0,2,2단계_부분_적응
1343,train,0,2,2단계_부분_적응
1344,train,2,3,3단계_자립_적응
1345,train,0,2,2단계_부분_적응
1346,train,0,2,2단계_부분_적응
1347,train,0,2,2단계_부분_적응
1348,train,0,2,2단계_부분_적응
1349,train,0,2,2단계_부분_적응
1350,train,2,3,3단계_자립_적응
1351,train,1,1,1단계_완전_소외
1352,train,0,2,2단계_부분_적응
1353,train,0,2,2단계_부분_적응
1354,train,0,2,2단계_부분_적응
1355,train,1,1,1단계_완전_소외
1356,train,0,2,2단계_부분_적응
1357,train,2,3,3단계_자립_적응
1358,train,0,2,2단계_부분_적응
1359,train,1,1,1단계_완전_소외
1360,train,1,1,1단계_완전_소외
1361,train,0,2,2단계_부분_적응
1362,train,0,2,2단계_부분_적응
1363,train,0,2,2단계_부분_적응
1364,train,1,1,1단계_완전_소외
1365,train,1,1,1단계_완전_소외
1366,train,1,1,1단계_완전_소외
1367,train,2,3,3단계_자립_적응
1368,train,1,1,1단계_완전_소외
1369,train,0,2,2단계_부분_적응
1370,train,1,1,1단계_완전_소외
1371,train,0,2,2단계_부분_적응
1372,train,2,3,3단계_자립_적응
1373,train,1,1,1단계_완전_소외
1374,train,0,2,2단계_부분_적응
1375,train,1,1,1단계_완전_소외
1376,train,2,3,3단계_자립_적응
1377,train,1,1,1단계_완전_소외
1378,train,1,1,1단계_완전_소외
1379,train,1,1,1단계_완전_소외
1380,train,2,3,3단계_자립_적응
1381,train,1,1,1단계_완전_소외
1382,train,1,1,1단계_완전_소외
1383,train,1,1,1단계_완전_소외
1384,train,0,2,2단계_부분_적응
1385,train,1,1,1단계_완전_소외
1386,train,0,2,2단계_부분_적응
1387,train,1,1,1단계_완전_소외
1388,train,1,1,1단계_완전_소외
1389,train,1,1,1단계_완전_소외
1390,train,0,2,2단계_부분_적응
1391,train,2,3,3단계_자립_적응
1392,train,1,1,1단계_완전_소외
1393,train,2,3,3단계_자립_적응
1394,train,1,1,1단계_완전_소외
1395,train,2,3,3단계_자립_적응
1396,train,1,1,1단계_완전_소외
1397,train,0,2,2단계_부분_적응
1398,train,2,3,3단계_자립_적응
1399,train,2,3,3단계_자립_적응
1400,train,0,2,2단계_부분_적응
1401,train,2,3,3단계_자립_적응
1402,train,0,2,2단계_부분_적응
1403,train,0,2,2단계_부분_적응
1404,train,0,2,2단계_부분_적응
1405,train,2,3,3단계_자립_적응
1406,train,0,2,2단계_부분_적응
1407,train,1,1,1단계_완전_소외
1408,train,2,3,3단계_자립_적응
1409,train,2,3,3단계_자립_적응
1410,train,2,3,3단계_자립_적응
1411,train,2,3,3단계_자립_적응
1412,train,2,3,3단계_자립_적응
1413,train,0,2,2단계_부분_적응
1414,train,1,1,1단계_완전_소외
1415,train,0,2,2단계_부분_적응
1416,train,2,3,3단계_자립_적응
1417,train,0,2,2단계_부분_적응
1418,train,1,1,1단계_완전_소외
1419,train,0,2,2단계_부분_적응
1420,train,0,2,2단계_부분_적응
1421,train,1,1,1단계_완전_소외
1422,train,0,2,2단계_부분_적응
1423,train,1,1,1단계_완전_소외
1424,train,2,3,3단계_자립_적응
1425,train,0,2,2단계_부분_적응
1426,train,0,2,2단계_부분_적응
1427,train,0,2,2단계_부분_적응
1428,train,0,2,2단계_부분_적응
1429,train,2,3,3단계_자립_적응
1430,train,1,1,1단계_완전_소외
1431,train,2,3,3단계_자립_적응
1432,train,2,3,3단계_자립_적응
1433,train,1,1,1단계_완전_소외
1434,train,1,1,1단계_완전_소외
1435,train,2,3,3단계_자립_적응
1436,train,1,1,1단계_완전_소외
1437,train,2,3,3단계_자립_적응
1438,train,0,2,2단계_부분_적응
1439,train,0,2,2단계_부분_적응
1440,train,0,2,2단계_부분_적응
1441,train,1,1,1단계_완전_소외
1442,train,1,1,1단계_완전_소외
1443,train,1,1,1단계_완전_소외
1444,train,2,3,3단계_자립_적응
1445,train,0,2,2단계_부분_적응
1446,train,0,2,2단계_부분_적응
1447,train,0,2,2단계_부분_적응
1448,train,2,3,3단계_자립_적응
1449,train,0,2,2단계_부분_적응
1450,train,1,1,1단계_완전_소외
1451,train,0,2,2단계_부분_적응
1452,train,1,1,1단계_완전_소외
1453,train,1,1,1단계_완전_소외
1454,train,2,3,3단계_자립_적응
1455,train,2,3,3단계_자립_적응
1456,train,1,1,1단계_완전_소외
1457,train,0,2,2단계_부분_적응
1458,train,2,3,3단계_자립_적응
1459,train,2,3,3단계_자립_적응
1460,train,1,1,1단계_완전_소외
1461,train,0,2,2단계_부분_적응
1462,train,1,1,1단계_완전_소외
1463,train,1,1,1단계_완전_소외
1464,train,1,1,1단계_완전_소외
1465,train,1,1,1단계_완전_소외
1466,train,0,2,2단계_부분_적응
1467,train,0,2,2단계_부분_적응
1468,train,1,1,1단계_완전_소외
1469,train,2,3,3단계_자립_적응
1470,train,2,3,3단계_자립_적응
1471,train,0,2,2단계_부분_적응
1472,train,0,2,2단계_부분_적응
1473,train,0,2,2단계_부분_적응
1474,train,2,3,3단계_자립_적응
1475,train,0,2,2단계_부분_적응
1476,train,2,3,3단계_자립_적응
1477,train,0,2,2단계_부분_적응
1478,train,2,3,3단계_자립_적응
1479,train,0,2,2단계_부분_적응
1480,train,0,2,2단계_부분_적응
1481,train,1,1,1단계_완전_소외
1482,train,1,1,1단계_완전_소외
1483,train,1,1,1단계_완전_소외
1484,train,1,1,1단계_완전_소외
1485,train,1,1,1단계_완전_소외
1486,train,2,3,3단계_자립_적응
1487,train,0,2,2단계_부분_적응
1488,train,2,3,3단계_자립_적응
1489,train,1,1,1단계_완전_소외
1490,train,0,2,2단계_부분_적응
1491,train,0,2,2단계_부분_적응
1492,train,0,2,2단계_부분_적응
1493,train,2,3,3단계_자립_적응
1494,train,1,1,1단계_완전_소외
1495,train,2,3,3단계_자립_적응
1496,train,1,1,1단계_완전_소외
1497,train,0,2,2단계_부분_적응
1498,train,0,2,2단계_부분_적응
1499,train,1,1,1단계_완전_소외
1500,train,2,3,3단계_자립_적응
1501,train,2,3,3단계_자립_적응
1502,train,1,1,1단계_완전_소외
1503,train,0,2,2단계_부분_적응
1504,train,1,1,1단계_완전_소외
1505,train,0,2,2단계_부분_적응
1506,train,1,1,1단계_완전_소외
1507,train,0,2,2단계_부분_적응
1508,train,1,1,1단계_완전_소외
1509,train,1,1,1단계_완전_소외
1510,train,2,3,3단계_자립_적응
1511,train,1,1,1단계_완전_소외
1512,train,2,3,3단계_자립_적응
1513,train,1,1,1단계_완전_소외
1514,train,0,2,2단계_부분_적응
1515,train,1,1,1단계_완전_소외
1516,train,1,1,1단계_완전_소외
1517,train,2,3,3단계_자립_적응
1518,train,2,3,3단계_자립_적응
1519,train,0,2,2단계_부분_적응
1520,train,0,2,2단계_부분_적응
1521,train,1,1,1단계_완전_소외
1522,train,1,1,1단계_완전_소외
1523,train,0,2,2단계_부분_적응
1524,train,0,2,2단계_부분_적응
1525,train,1,1,1단계_완전_소외
1526,train,0,2,2단계_부분_적응
1527,train,0,2,2단계_부분_적응
1528,train,1,1,1단계_완전_소외
1529,train,0,2,2단계_부분_적응
1530,train,2,3,3단계_자립_적응
1531,train,1,1,1단계_완전_소외
1532,train,0,2,2단계_부분_적응
1533,train,1,1,1단계_완전_소외
1534,train,1,1,1단계_완전_소외
1535,train,0,2,2단계_부분_적응
1536,train,1,1,1단계_완전_소외
1537,train,1,1,1단계_완전_소외
1538,train,2,3,3단계_자립_적응
1539,train,2,3,3단계_자립_적응
1540,train,0,2,2단계_부분_적응
1541,train,2,3,3단계_자립_적응
1542,train,1,1,1단계_완전_소외
1543,train,0,2,2단계_부분_적응
1544,train,1,1,1단계_완전_소외
1545,train,2,3,3단계_자립_적응
1546,train,1,1,1단계_완전_소외
1547,train,0,2,2단계_부분_적응
1548,train,1,1,1단계_완전_소외
1549,train,2,3,3단계_자립_적응
1550,train,0,2,2단계_부분_적응
1551,train,2,3,3단계_자립_적응
1552,train,2,3,3단계_자립_적응
1553,train,2,3,3단계_자립_적응
1554,train,0,2,2단계_부분_적응
1555,train,1,1,1단계_완전_소외
1556,train,0,2,2단계_부분_적응
1557,train,0,2,2단계_부분_적응
1558,train,1,1,1단계_완전_소외
1559,train,1,1,1단계_완전_소외
1560,train,0,2,2단계_부분_적응
1561,train,1,1,1단계_완전_소외
1562,train,1,1,1단계_완전_소외
1563,train,0,2,2단계_부분_적응
1564,train,2,3,3단계_자립_적응
1565,train,2,3,3단계_자립_적응
1566,train,0,2,2단계_부분_적응
1567,train,2,3,3단계_자립_적응
1568,train,0,2,2단계_부분_적응
1569,train,0,2,2단계_부분_적응
1570,train,2,3,3단계_자립_적응
1571,train,2,3,3단계_자립_적응
1572,train,1,1,1단계_완전_소외
1573,train,1,1,1단계_완전_소외
1574,train,0,2,2단계_부분_적응
1575,train,1,1,1단계_완전_소외
1576,train,1,1,1단계_완전_소외
1577,train,2,3,3단계_자립_적응
1578,train,2,3,3단계_자립_적응
1579,train,2,3,3단계_자립_적응
1580,train,2,3,3단계_자립_적응
1581,train,0,2,2단계_부분_적응
1582,train,2,3,3단계_자립_적응
1583,train,1,1,1단계_완전_소외
1584,train,1,1,1단계_완전_소외
1585,train,1,1,1단계_완전_소외
1586,train,2,3,3단계_자립_적응
1587,train,1,1,1단계_완전_소외
1588,train,0,2,2단계_부분_적응
1589,train,1,1,1단계_완전_소외
1590,train,1,1,1단계_완전_소외
1591,train,1,1,1단계_완전_소외
1592,train,1,1,1단계_완전_소외
1593,train,0,2,2단계_부분_적응
1594,train,2,3,3단계_자립_적응
1595,train,1,1,1단계_완전_소외
1596,train,0,2,2단계_부분_적응
1597,train,2,3,3단계_자립_적응
1598,train,1,1,1단계_완전_소외
1599,train,0,2,2단계_부분_적응
1600,train,0,2,2단계_부분_적응
1601,train,2,3,3단계_자립_적응
1602,train,2,3,3단계_자립_적응
1603,train,1,1,1단계_완전_소외
1604,train,1,1,1단계_완전_소외
1605,train,1,1,1단계_완전_소외
1606,train,0,2,2단계_부분_적응
1607,train,1,1,1단계_완전_소외
1608,train,0,2,2단계_부분_적응
1609,train,1,1,1단계_완전_소외
1610,train,0,2,2단계_부분_적응
1611,train,2,3,3단계_자립_적응
1612,train,1,1,1단계_완전_소외
1613,train,0,2,2단계_부분_적응
1614,train,0,2,2단계_부분_적응
1615,train,2,3,3단계_자립_적응
1616,train,0,2,2단계_부분_적응
1617,train,2,3,3단계_자립_적응
1618,train,1,1,1단계_완전_소외
1619,train,1,1,1단계_완전_소외
1620,train,1,1,1단계_완전_소외
1621,train,2,3,3단계_자립_적응
1622,train,0,2,2단계_부분_적응
1623,train,0,2,2단계_부분_적응
1624,train,1,1,1단계_완전_소외
1625,train,1,1,1단계_완전_소외
1626,train,1,1,1단계_완전_소외
1627,train,2,3,3단계_자립_적응
1628,train,1,1,1단계_완전_소외
1629,train,0,2,2단계_부분_적응
1630,train,0,2,2단계_부분_적응
1631,train,0,2,2단계_부분_적응
1632,train,0,2,2단계_부분_적응
1633,train,1,1,1단계_완전_소외
1634,train,1,1,1단계_완전_소외
1635,train,2,3,3단계_자립_적응
1636,train,0,2,2단계_부분_적응
1637,train,2,3,3단계_자립_적응
1638,train,0,2,2단계_부분_적응
1639,train,0,2,2단계_부분_적응
1640,train,0,2,2단계_부분_적응
1641,train,2,3,3단계_자립_적응
1642,train,0,2,2단계_부분_적응
1643,train,1,1,1단계_완전_소외
1644,train,2,3,3단계_자립_적응
1645,train,0,2,2단계_부분_적응
1646,train,1,1,1단계_완전_소외
1647,train,1,1,1단계_완전_소외
1648,train,1,1,1단계_완전_소외
1649,train,2,3,3단계_자립_적응
1650,train,0,2,2단계_부분_적응
1651,train,2,3,3단계_자립_적응
1652,train,0,2,2단계_부분_적응
1653,train,1,1,1단계_완전_소외
1654,train,0,2,2단계_부분_적응
1655,train,1,1,1단계_완전_소외
1656,train,0,2,2단계_부분_적응
1657,train,1,1,1단계_완전_소외
1658,train,1,1,1단계_완전_소외
1659,train,0,2,2단계_부분_적응
1660,train,2,3,3단계_자립_적응
1661,train,1,1,1단계_완전_소외
1662,train,1,1,1단계_완전_소외
1663,train,1,1,1단계_완전_소외
1664,train,1,1,1단계_완전_소외
1665,train,1,1,1단계_완전_소외
1666,train,0,2,2단계_부분_적응
1667,train,1,1,1단계_완전_소외
1668,train,0,2,2단계_부분_적응
1669,train,2,3,3단계_자립_적응
1670,train,1,1,1단계_완전_소외
1671,train,0,2,2단계_부분_적응
1672,train,1,1,1단계_완전_소외
1673,train,1,1,1단계_완전_소외
1674,train,1,1,1단계_완전_소외
1675,train,2,3,3단계_자립_적응
1676,train,1,1,1단계_완전_소외
1677,train,0,2,2단계_부분_적응
1678,train,1,1,1단계_완전_소외
1679,train,1,1,1단계_완전_소외
1680,train,1,1,1단계_완전_소외
1681,train,0,2,2단계_부분_적응
1682,train,1,1,1단계_완전_소외
1683,train,1,1,1단계_완전_소외
1684,train,1,1,1단계_완전_소외
1685,train,0,2,2단계_부분_적응
1686,train,0,2,2단계_부분_적응
1687,train,2,3,3단계_자립_적응
1688,train,0,2,2단계_부분_적응
1689,train,1,1,1단계_완전_소외
1690,train,2,3,3단계_자립_적응
1691,train,1,1,1단계_완전_소외
1692,train,1,1,1단계_완전_소외
1693,train,1,1,1단계_완전_소외
1694,train,1,1,1단계_완전_소외
1695,train,0,2,2단계_부분_적응
1696,train,1,1,1단계_완전_소외
1697,train,1,1,1단계_완전_소외
1698,train,2,3,3단계_자립_적응
1699,train,0,2,2단계_부분_적응
1700,train,1,1,1단계_완전_소외
1701,train,0,2,2단계_부분_적응
1702,train,1,1,1단계_완전_소외
1703,train,1,1,1단계_완전_소외
1704,train,1,1,1단계_완전_소외
1705,train,0,2,2단계_부분_적응
1706,train,0,2,2단계_부분_적응
1707,train,0,2,2단계_부분_적응
1708,train,1,1,1단계_완전_소외
1709,train,1,1,1단계_완전_소외
1710,train,2,3,3단계_자립_적응
1711,train,1,1,1단계_완전_소외
1712,train,1,1,1단계_완전_소외
1713,train,0,2,2단계_부분_적응
1714,train,1,1,1단계_완전_소외
1715,train,0,2,2단계_부분_적응
1716,train,1,1,1단계_완전_소외
1717,train,0,2,2단계_부분_적응
1718,train,1,1,1단계_완전_소외
1719,train,2,3,3단계_자립_적응
1720,train,1,1,1단계_완전_소외
1721,train,1,1,1단계_완전_소외
1722,train,2,3,3단계_자립_적응
1723,train,1,1,1단계_완전_소외
1724,train,1,1,1단계_완전_소외
1725,train,0,2,2단계_부분_적응
1726,train,1,1,1단계_완전_소외
1727,train,1,1,1단계_완전_소외
1728,train,0,2,2단계_부분_적응
1729,train,0,2,2단계_부분_적응
1730,train,0,2,2단계_부분_적응
1731,train,1,1,1단계_완전_소외
1732,train,2,3,3단계_자립_적응
1733,train,0,2,2단계_부분_적응
1734,train,0,2,2단계_부분_적응
1735,train,1,1,1단계_완전_소외
1736,train,0,2,2단계_부분_적응
1737,train,2,3,3단계_자립_적응
1738,train,0,2,2단계_부분_적응
1739,train,0,2,2단계_부분_적응
1740,train,1,1,1단계_완전_소외
1741,train,1,1,1단계_완전_소외
1742,train,2,3,3단계_자립_적응
1743,train,1,1,1단계_완전_소외
1744,train,1,1,1단계_완전_소외
1745,train,0,2,2단계_부분_적응
1746,train,1,1,1단계_완전_소외
1747,train,0,2,2단계_부분_적응
1748,train,0,2,2단계_부분_적응
1749,train,0,2,2단계_부분_적응
1750,train,0,2,2단계_부분_적응
1751,train,0,2,2단계_부분_적응
1752,train,1,1,1단계_완전_소외
1753,train,2,3,3단계_자립_적응
1754,train,1,1,1단계_완전_소외
1755,train,2,3,3단계_자립_적응
1756,train,1,1,1단계_완전_소외
1757,train,2,3,3단계_자립_적응
1758,train,1,1,1단계_완전_소외
1759,train,2,3,3단계_자립_적응
1760,train,0,2,2단계_부분_적응
1761,train,0,2,2단계_부분_적응
1762,train,0,2,2단계_부분_적응
1763,train,2,3,3단계_자립_적응
1764,train,1,1,1단계_완전_소외
1765,train,2,3,3단계_자립_적응
1766,train,1,1,1단계_완전_소외
1767,train,0,2,2단계_부분_적응
1768,train,2,3,3단계_자립_적응
1769,train,2,3,3단계_자립_적응
1770,train,2,3,3단계_자립_적응
1771,train,1,1,1단계_완전_소외
1772,train,0,2,2단계_부분_적응
1773,train,1,1,1단계_완전_소외
1774,train,0,2,2단계_부분_적응
1775,train,1,1,1단계_완전_소외
1776,train,0,2,2단계_부분_적응
1777,train,1,1,1단계_완전_소외
1778,train,0,2,2단계_부분_적응
1779,train,1,1,1단계_완전_소외
1780,train,2,3,3단계_자립_적응
1781,train,2,3,3단계_자립_적응
1782,train,1,1,1단계_완전_소외
1783,train,1,1,1단계_완전_소외
1784,train,0,2,2단계_부분_적응
1785,train,2,3,3단계_자립_적응
1786,train,0,2,2단계_부분_적응
1787,train,1,1,1단계_완전_소외
1788,train,0,2,2단계_부분_적응
1789,train,0,2,2단계_부분_적응
1790,train,1,1,1단계_완전_소외
1791,train,1,1,1단계_완전_소외
1792,train,0,2,2단계_부분_적응
1793,train,0,2,2단계_부분_적응
1794,train,0,2,2단계_부분_적응
1795,train,0,2,2단계_부분_적응
1796,train,1,1,1단계_완전_소외
1797,train,1,1,1단계_완전_소외
1798,train,0,2,2단계_부분_적응
1799,train,1,1,1단계_완전_소외
1800,train,1,1,1단계_완전_소외
1801,train,1,1,1단계_완전_소외
1802,train,1,1,1단계_완전_소외
1803,train,2,3,3단계_자립_적응
1804,train,1,1,1단계_완전_소외
1805,train,2,3,3단계_자립_적응
1806,train,0,2,2단계_부분_적응
1807,train,1,1,1단계_완전_소외
1808,train,1,1,1단계_완전_소외
1809,train,0,2,2단계_부분_적응
1810,train,2,3,3단계_자립_적응
1811,train,2,3,3단계_자립_적응
1812,train,0,2,2단계_부분_적응
1813,train,1,1,1단계_완전_소외
1814,train,1,1,1단계_완전_소외
1815,train,2,3,3단계_자립_적응
1816,train,0,2,2단계_부분_적응
1817,train,0,2,2단계_부분_적응
1818,train,2,3,3단계_자립_적응
1819,train,1,1,1단계_완전_소외
1820,train,1,1,1단계_완전_소외
1821,train,1,1,1단계_완전_소외
1822,train,0,2,2단계_부분_적응
1823,train,0,2,2단계_부분_적응
1824,train,2,3,3단계_자립_적응
1825,train,1,1,1단계_완전_소외
1826,train,1,1,1단계_완전_소외
1827,train,0,2,2단계_부분_적응
1828,train,1,1,1단계_완전_소외
1829,train,0,2,2단계_부분_적응
1830,train,1,1,1단계_완전_소외
1831,train,2,3,3단계_자립_적응
1832,train,0,2,2단계_부분_적응
1833,train,1,1,1단계_완전_소외
1834,train,0,2,2단계_부분_적응
1835,train,0,2,2단계_부분_적응
1836,train,0,2,2단계_부분_적응
1837,train,1,1,1단계_완전_소외
1838,train,1,1,1단계_완전_소외
1839,train,2,3,3단계_자립_적응
1840,train,1,1,1단계_완전_소외
1841,train,1,1,1단계_완전_소외
1842,train,1,1,1단계_완전_소외
1843,train,0,2,2단계_부분_적응
1844,train,2,3,3단계_자립_적응
1845,train,2,3,3단계_자립_적응
1846,train,2,3,3단계_자립_적응
1847,train,0,2,2단계_부분_적응
1848,train,2,3,3단계_자립_적응
1849,train,1,1,1단계_완전_소외
1850,train,0,2,2단계_부분_적응
1851,train,1,1,1단계_완전_소외
1852,train,1,1,1단계_완전_소외
1853,train,2,3,3단계_자립_적응
1854,train,1,1,1단계_완전_소외
1855,train,0,2,2단계_부분_적응
1856,train,1,1,1단계_완전_소외
1857,train,0,2,2단계_부분_적응
1858,train,1,1,1단계_완전_소외
1859,train,1,1,1단계_완전_소외
1860,train,2,3,3단계_자립_적응
1861,train,0,2,2단계_부분_적응
1862,train,0,2,2단계_부분_적응
1863,train,1,1,1단계_완전_소외
1864,train,0,2,2단계_부분_적응
1865,train,2,3,3단계_자립_적응
1866,train,1,1,1단계_완전_소외
1867,train,2,3,3단계_자립_적응
1868,train,0,2,2단계_부분_적응
1869,train,1,1,1단계_완전_소외
1870,train,2,3,3단계_자립_적응
1871,train,0,2,2단계_부분_적응
1872,train,0,2,2단계_부분_적응
1873,train,2,3,3단계_자립_적응
1874,train,1,1,1단계_완전_소외
1875,train,1,1,1단계_완전_소외
1876,train,2,3,3단계_자립_적응
1877,train,2,3,3단계_자립_적응
1878,train,1,1,1단계_완전_소외
1879,train,0,2,2단계_부분_적응
1880,train,0,2,2단계_부분_적응
1881,train,2,3,3단계_자립_적응
1882,train,1,1,1단계_완전_소외
1883,train,1,1,1단계_완전_소외
1884,train,1,1,1단계_완전_소외
1885,train,2,3,3단계_자립_적응
1886,train,0,2,2단계_부분_적응
1887,train,0,2,2단계_부분_적응
1888,train,2,3,3단계_자립_적응
1889,train,1,1,1단계_완전_소외
1890,train,2,3,3단계_자립_적응
1891,train,2,3,3단계_자립_적응
1892,train,1,1,1단계_완전_소외
1893,train,2,3,3단계_자립_적응
1894,train,2,3,3단계_자립_적응
1895,train,0,2,2단계_부분_적응
1896,train,0,2,2단계_부분_적응
1897,train,1,1,1단계_완전_소외
1898,train,1,1,1단계_완전_소외
1899,train,0,2,2단계_부분_적응
1900,train,2,3,3단계_자립_적응
1901,train,0,2,2단계_부분_적응
1902,train,2,3,3단계_자립_적응
1903,train,2,3,3단계_자립_적응
1904,train,2,3,3단계_자립_적응
1905,train,0,2,2단계_부분_적응
1906,train,1,1,1단계_완전_소외
1907,train,1,1,1단계_완전_소외
1908,train,2,3,3단계_자립_적응
1909,train,0,2,2단계_부분_적응
1910,train,0,2,2단계_부분_적응
1911,train,2,3,3단계_자립_적응
1912,train,0,2,2단계_부분_적응
1913,train,1,1,1단계_완전_소외
1914,train,0,2,2단계_부분_적응
1915,train,1,1,1단계_완전_소외
1916,train,0,2,2단계_부분_적응
1917,train,1,1,1단계_완전_소외
1918,train,0,2,2단계_부분_적응
1919,train,2,3,3단계_자립_적응
1920,train,0,2,2단계_부분_적응
1921,train,0,2,2단계_부분_적응
1922,train,0,2,2단계_부분_적응
1923,train,2,3,3단계_자립_적응
1924,train,1,1,1단계_완전_소외
1925,train,1,1,1단계_완전_소외
1926,train,1,1,1단계_완전_소외
1927,train,1,1,1단계_완전_소외
1928,train,2,3,3단계_자립_적응
1929,train,2,3,3단계_자립_적응
1930,train,0,2,2단계_부분_적응
1931,train,0,2,2단계_부분_적응
1932,train,0,2,2단계_부분_적응
1933,train,0,2,2단계_부분_적응
1934,train,1,1,1단계_완전_소외
1935,train,0,2,2단계_부분_적응
1936,train,0,2,2단계_부분_적응
1937,train,0,2,2단계_부분_적응
1938,train,1,1,1단계_완전_소외
1939,train,2,3,3단계_자립_적응
1940,train,2,3,3단계_자립_적응
1941,train,2,3,3단계_자립_적응
1942,train,0,2,2단계_부분_적응
1943,train,1,1,1단계_완전_소외
1944,train,0,2,2단계_부분_적응
1945,train,0,2,2단계_부분_적응
1946,train,1,1,1단계_완전_소외
1947,train,2,3,3단계_자립_적응
1948,train,1,1,1단계_완전_소외
1949,train,1,1,1단계_완전_소외
1950,train,2,3,3단계_자립_적응
1951,train,1,1,1단계_완전_소외
1952,train,0,2,2단계_부분_적응
1953,train,1,1,1단계_완전_소외
1954,train,1,1,1단계_완전_소외
1955,train,1,1,1단계_완전_소외
1956,train,2,3,3단계_자립_적응
1957,train,1,1,1단계_완전_소외
1958,train,0,2,2단계_부분_적응
1959,train,0,2,2단계_부분_적응
1960,train,2,3,3단계_자립_적응
1961,train,1,1,1단계_완전_소외
1962,train,2,3,3단계_자립_적응
1963,train,0,2,2단계_부분_적응
1964,train,0,2,2단계_부분_적응
1965,train,0,2,2단계_부분_적응
1966,train,1,1,1단계_완전_소외
1967,train,2,3,3단계_자립_적응
1968,train,0,2,2단계_부분_적응
1969,train,2,3,3단계_자립_적응
1970,train,1,1,1단계_완전_소외
1971,train,0,2,2단계_부분_적응
1972,train,1,1,1단계_완전_소외
1973,train,0,2,2단계_부분_적응
1974,train,2,3,3단계_자립_적응
1975,train,2,3,3단계_자립_적응
1976,train,0,2,2단계_부분_적응
1977,train,0,2,2단계_부분_적응
1978,train,2,3,3단계_자립_적응
1979,train,0,2,2단계_부분_적응
1980,train,2,3,3단계_자립_적응
1981,train,0,2,2단계_부분_적응
1982,train,1,1,1단계_완전_소외
1983,train,2,3,3단계_자립_적응
1984,train,0,2,2단계_부분_적응
1985,train,1,1,1단계_완전_소외
1986,train,2,3,3단계_자립_적응
1987,train,1,1,1단계_완전_소외
1988,train,0,2,2단계_부분_적응
1989,train,0,2,2단계_부분_적응
1990,train,1,1,1단계_완전_소외
1991,train,1,1,1단계_완전_소외
1992,train,0,2,2단계_부분_적응
1993,train,1,1,1단계_완전_소외
1994,train,1,1,1단계_완전_소외
1995,train,1,1,1단계_완전_소외
1996,train,2,3,3단계_자립_적응
1997,train,2,3,3단계_자립_적응
1998,train,1,1,1단계_완전_소외
1999,train,0,2,2단계_부분_적응
2000,train,0,2,2단계_부분_적응
2001,train,1,1,1단계_완전_소외
2002,train,2,3,3단계_자립_적응
2003,train,1,1,1단계_완전_소외
2004,train,0,2,2단계_부분_적응
2005,train,2,3,3단계_자립_적응
2006,train,1,1,1단계_완전_소외
2007,train,2,3,3단계_자립_적응
2008,train,0,2,2단계_부분_적응
2009,train,1,1,1단계_완전_소외
2010,train,2,3,3단계_자립_적응
2011,train,2,3,3단계_자립_적응
2012,train,1,1,1단계_완전_소외
2013,train,1,1,1단계_완전_소외
2014,train,2,3,3단계_자립_적응
2015,train,1,1,1단계_완전_소외
2016,train,0,2,2단계_부분_적응
2017,train,2,3,3단계_자립_적응
2018,train,2,3,3단계_자립_적응
2019,train,2,3,3단계_자립_적응
2020,train,0,2,2단계_부분_적응
2021,train,0,2,2단계_부분_적응
2022,train,0,2,2단계_부분_적응
2023,train,1,1,1단계_완전_소외
2024,train,1,1,1단계_완전_소외
2025,train,0,2,2단계_부분_적응
2026,train,2,3,3단계_자립_적응
2027,train,1,1,1단계_완전_소외
2028,train,2,3,3단계_자립_적응
2029,train,0,2,2단계_부분_적응
2030,train,0,2,2단계_부분_적응
2031,train,1,1,1단계_완전_소외
2032,train,2,3,3단계_자립_적응
2033,train,2,3,3단계_자립_적응
2034,train,0,2,2단계_부분_적응
2035,train,1,1,1단계_완전_소외
2036,train,2,3,3단계_자립_적응
2037,train,0,2,2단계_부분_적응
2038,train,1,1,1단계_완전_소외
2039,train,1,1,1단계_완전_소외
2040,train,2,3,3단계_자립_적응
2041,train,1,1,1단계_완전_소외
2042,train,2,3,3단계_자립_적응
2043,train,0,2,2단계_부분_적응
2044,train,2,3,3단계_자립_적응
2045,train,1,1,1단계_완전_소외
2046,train,1,1,1단계_완전_소외
2047,train,1,1,1단계_완전_소외
2048,train,0,2,2단계_부분_적응
2049,train,0,2,2단계_부분_적응
2050,train,1,1,1단계_완전_소외
2051,train,1,1,1단계_완전_소외
2052,train,2,3,3단계_자립_적응
2053,train,0,2,2단계_부분_적응
2054,train,2,3,3단계_자립_적응
2055,train,1,1,1단계_완전_소외
2056,train,2,3,3단계_자립_적응
2057,train,2,3,3단계_자립_적응
2058,train,1,1,1단계_완전_소외
2059,train,2,3,3단계_자립_적응
2060,train,1,1,1단계_완전_소외
2061,train,0,2,2단계_부분_적응
2062,train,2,3,3단계_자립_적응
2063,train,1,1,1단계_완전_소외
2064,train,2,3,3단계_자립_적응
2065,train,1,1,1단계_완전_소외
2066,train,0,2,2단계_부분_적응
2067,train,0,2,2단계_부분_적응
2068,train,0,2,2단계_부분_적응
2069,train,2,3,3단계_자립_적응
2070,train,2,3,3단계_자립_적응
2071,train,1,1,1단계_완전_소외
2072,train,0,2,2단계_부분_적응
2073,train,0,2,2단계_부분_적응
2074,train,1,1,1단계_완전_소외
2075,train,2,3,3단계_자립_적응
2076,train,1,1,1단계_완전_소외
2077,train,2,3,3단계_자립_적응
2078,train,0,2,2단계_부분_적응
2079,train,2,3,3단계_자립_적응
2080,train,0,2,2단계_부분_적응
2081,train,0,2,2단계_부분_적응
2082,train,1,1,1단계_완전_소외
2083,train,0,2,2단계_부분_적응
2084,train,1,1,1단계_완전_소외
2085,train,1,1,1단계_완전_소외
2086,train,2,3,3단계_자립_적응
2087,train,2,3,3단계_자립_적응
2088,train,0,2,2단계_부분_적응
2089,train,0,2,2단계_부분_적응
2090,train,1,1,1단계_완전_소외
2091,train,2,3,3단계_자립_적응
2092,train,1,1,1단계_완전_소외
2093,train,2,3,3단계_자립_적응
2094,train,2,3,3단계_자립_적응
2095,train,2,3,3단계_자립_적응
2096,train,2,3,3단계_자립_적응
2097,train,1,1,1단계_완전_소외
2098,train,2,3,3단계_자립_적응
2099,train,0,2,2단계_부분_적응
2100,train,0,2,2단계_부분_적응
2101,train,2,3,3단계_자립_적응
2102,train,2,3,3단계_자립_적응
2103,train,2,3,3단계_자립_적응
2104,train,1,1,1단계_완전_소외
2105,train,1,1,1단계_완전_소외
2106,train,2,3,3단계_자립_적응
2107,train,1,1,1단계_완전_소외
2108,train,0,2,2단계_부분_적응
2109,train,1,1,1단계_완전_소외
2110,train,0,2,2단계_부분_적응
2111,train,0,2,2단계_부분_적응
2112,train,1,1,1단계_완전_소외
2113,train,2,3,3단계_자립_적응
2114,train,1,1,1단계_완전_소외
2115,train,1,1,1단계_완전_소외
2116,train,2,3,3단계_자립_적응
2117,train,0,2,2단계_부분_적응
2118,train,1,1,1단계_완전_소외
2119,train,1,1,1단계_완전_소외
2120,train,2,3,3단계_자립_적응
2121,train,1,1,1단계_완전_소외
2122,train,2,3,3단계_자립_적응
2123,train,2,3,3단계_자립_적응
2124,train,2,3,3단계_자립_적응
2125,train,2,3,3단계_자립_적응
2126,train,2,3,3단계_자립_적응
2127,train,0,2,2단계_부분_적응
2128,train,2,3,3단계_자립_적응
2129,train,1,1,1단계_완전_소외
2130,train,1,1,1단계_완전_소외
2131,train,1,1,1단계_완전_소외
2132,train,1,1,1단계_완전_소외
2133,train,1,1,1단계_완전_소외
2134,train,2,3,3단계_자립_적응
2135,train,1,1,1단계_완전_소외
2136,train,2,3,3단계_자립_적응
2137,train,2,3,3단계_자립_적응
2138,train,1,1,1단계_완전_소외
2139,train,0,2,2단계_부분_적응
2140,train,2,3,3단계_자립_적응
2141,train,2,3,3단계_자립_적응
2142,train,0,2,2단계_부분_적응
2143,train,2,3,3단계_자립_적응
2144,train,0,2,2단계_부분_적응
2145,train,2,3,3단계_자립_적응
2146,train,0,2,2단계_부분_적응
2147,train,1,1,1단계_완전_소외
2148,train,2,3,3단계_자립_적응
2149,train,0,2,2단계_부분_적응
2150,train,2,3,3단계_자립_적응
2151,train,2,3,3단계_자립_적응
2152,train,0,2,2단계_부분_적응
2153,train,1,1,1단계_완전_소외
2154,train,0,2,2단계_부분_적응
2155,train,0,2,2단계_부분_적응
2156,train,0,2,2단계_부분_적응
2157,train,1,1,1단계_완전_소외
2158,train,1,1,1단계_완전_소외
2159,train,1,1,1단계_완전_소외
2160,train,0,2,2단계_부분_적응
2161,train,2,3,3단계_자립_적응
2162,train,0,2,2단계_부분_적응
2163,train,0,2,2단계_부분_적응
2164,train,2,3,3단계_자립_적응
2165,train,1,1,1단계_완전_소외
2166,train,2,3,3단계_자립_적응
2167,train,2,3,3단계_자립_적응
2168,train,1,1,1단계_완전_소외
2169,train,1,1,1단계_완전_소외
2170,train,0,2,2단계_부분_적응
2171,train,1,1,1단계_완전_소외
2172,train,2,3,3단계_자립_적응
2173,train,2,3,3단계_자립_적응
2174,train,0,2,2단계_부분_적응
2175,train,2,3,3단계_자립_적응
2176,train,0,2,2단계_부분_적응
2177,train,2,3,3단계_자립_적응
2178,train,2,3,3단계_자립_적응
2179,train,1,1,1단계_완전_소외
2180,train,2,3,3단계_자립_적응
2181,train,0,2,2단계_부분_적응
2182,train,2,3,3단계_자립_적응
2183,train,0,2,2단계_부분_적응
2184,train,2,3,3단계_자립_적응
2185,train,1,1,1단계_완전_소외
2186,train,2,3,3단계_자립_적응
2187,train,1,1,1단계_완전_소외
2188,train,1,1,1단계_완전_소외
2189,train,0,2,2단계_부분_적응
2190,train,0,2,2단계_부분_적응
2191,train,0,2,2단계_부분_적응
2192,train,1,1,1단계_완전_소외
2193,train,1,1,1단계_완전_소외
2194,train,1,1,1단계_완전_소외
2195,train,0,2,2단계_부분_적응
2196,train,2,3,3단계_자립_적응
2197,train,2,3,3단계_자립_적응
2198,train,2,3,3단계_자립_적응
2199,train,2,3,3단계_자립_적응
2200,train,1,1,1단계_완전_소외
2201,train,1,1,1단계_완전_소외
2202,train,0,2,2단계_부분_적응
2203,train,1,1,1단계_완전_소외
2204,train,1,1,1단계_완전_소외
2205,train,0,2,2단계_부분_적응
2206,train,0,2,2단계_부분_적응
2207,train,1,1,1단계_완전_소외
2208,train,1,1,1단계_완전_소외
2209,train,2,3,3단계_자립_적응
2210,train,2,3,3단계_자립_적응
2211,train,2,3,3단계_자립_적응
2212,train,0,2,2단계_부분_적응
2213,train,2,3,3단계_자립_적응
2214,train,0,2,2단계_부분_적응
2215,train,1,1,1단계_완전_소외
2216,train,2,3,3단계_자립_적응
2217,train,0,2,2단계_부분_적응
2218,train,0,2,2단계_부분_적응
2219,train,0,2,2단계_부분_적응
2220,train,2,3,3단계_자립_적응
2221,train,0,2,2단계_부분_적응
2222,train,0,2,2단계_부분_적응
2223,train,1,1,1단계_완전_소외
2224,train,1,1,1단계_완전_소외
2225,train,0,2,2단계_부분_적응
2226,train,0,2,2단계_부분_적응
2227,train,2,3,3단계_자립_적응
2228,train,0,2,2단계_부분_적응
2229,train,1,1,1단계_완전_소외
2230,train,0,2,2단계_부분_적응
2231,train,1,1,1단계_완전_소외
2232,train,2,3,3단계_자립_적응
2233,train,2,3,3단계_자립_적응
2234,train,0,2,2단계_부분_적응
2235,train,1,1,1단계_완전_소외
2236,train,0,2,2단계_부분_적응
2237,train,1,1,1단계_완전_소외
2238,train,1,1,1단계_완전_소외
2239,train,0,2,2단계_부분_적응
2240,train,2,3,3단계_자립_적응
2241,train,1,1,1단계_완전_소외
2242,train,1,1,1단계_완전_소외
2243,train,2,3,3단계_자립_적응
2244,train,0,2,2단계_부분_적응
2245,train,2,3,3단계_자립_적응
2246,train,2,3,3단계_자립_적응
2247,train,0,2,2단계_부분_적응
2248,train,1,1,1단계_완전_소외
2249,train,1,1,1단계_완전_소외
2250,train,0,2,2단계_부분_적응
2251,train,1,1,1단계_완전_소외
2252,train,1,1,1단계_완전_소외
2253,train,0,2,2단계_부분_적응
2254,train,0,2,2단계_부분_적응
2255,train,2,3,3단계_자립_적응
2256,train,2,3,3단계_자립_적응
2257,train,2,3,3단계_자립_적응
2258,train,2,3,3단계_자립_적응
2259,train,2,3,3단계_자립_적응
2260,train,1,1,1단계_완전_소외
2261,train,0,2,2단계_부분_적응
2262,train,2,3,3단계_자립_적응
2263,train,1,1,1단계_완전_소외
2264,train,0,2,2단계_부분_적응
2265,train,1,1,1단계_완전_소외
2266,train,2,3,3단계_자립_적응
2267,train,2,3,3단계_자립_적응
2268,train,2,3,3단계_자립_적응
2269,train,1,1,1단계_완전_소외
2270,train,2,3,3단계_자립_적응
2271,train,2,3,3단계_자립_적응
2272,train,0,2,2단계_부분_적응
2273,train,0,2,2단계_부분_적응
2274,train,0,2,2단계_부분_적응
2275,train,0,2,2단계_부분_적응
2276,train,1,1,1단계_완전_소외
2277,train,2,3,3단계_자립_적응
2278,train,0,2,2단계_부분_적응
2279,train,0,2,2단계_부분_적응
2280,train,0,2,2단계_부분_적응
2281,train,1,1,1단계_완전_소외
2282,train,0,2,2단계_부분_적응
2283,train,0,2,2단계_부분_적응
2284,train,0,2,2단계_부분_적응
2285,train,1,1,1단계_완전_소외
2286,train,1,1,1단계_완전_소외
2287,train,2,3,3단계_자립_적응
2288,train,0,2,2단계_부분_적응
2289,train,1,1,1단계_완전_소외
2290,train,0,2,2단계_부분_적응
2291,train,2,3,3단계_자립_적응
2292,train,1,1,1단계_완전_소외
2293,train,1,1,1단계_완전_소외
2294,train,0,2,2단계_부분_적응
2295,train,0,2,2단계_부분_적응
2296,train,2,3,3단계_자립_적응
2297,train,1,1,1단계_완전_소외
2298,train,2,3,3단계_자립_적응
2299,train,0,2,2단계_부분_적응
2300,train,2,3,3단계_자립_적응
2301,train,1,1,1단계_완전_소외
2302,train,2,3,3단계_자립_적응
2303,train,1,1,1단계_완전_소외
2304,train,1,1,1단계_완전_소외
2305,train,1,1,1단계_완전_소외
2306,train,2,3,3단계_자립_적응
2307,train,1,1,1단계_완전_소외
2308,train,0,2,2단계_부분_적응
2309,train,2,3,3단계_자립_적응
2310,train,1,1,1단계_완전_소외
2311,train,0,2,2단계_부분_적응
2312,train,1,1,1단계_완전_소외
2313,train,1,1,1단계_완전_소외
2314,train,2,3,3단계_자립_적응
2315,train,2,3,3단계_자립_적응
2316,train,1,1,1단계_완전_소외
2317,train,1,1,1단계_완전_소외
2318,train,1,1,1단계_완전_소외
2319,train,0,2,2단계_부분_적응
2320,train,0,2,2단계_부분_적응
2321,train,1,1,1단계_완전_소외
2322,train,1,1,1단계_완전_소외
2323,train,1,1,1단계_완전_소외
2324,train,1,1,1단계_완전_소외
2325,train,0,2,2단계_부분_적응
2326,train,0,2,2단계_부분_적응
2327,train,0,2,2단계_부분_적응
2328,train,2,3,3단계_자립_적응
2329,train,2,3,3단계_자립_적응
2330,train,0,2,2단계_부분_적응
2331,train,0,2,2단계_부분_적응
2332,train,0,2,2단계_부분_적응
2333,train,0,2,2단계_부분_적응
2334,train,0,2,2단계_부분_적응
2335,train,0,2,2단계_부분_적응
2336,train,1,1,1단계_완전_소외
2337,train,1,1,1단계_완전_소외
2338,train,0,2,2단계_부분_적응
2339,train,2,3,3단계_자립_적응
2340,train,1,1,1단계_완전_소외
2341,train,2,3,3단계_자립_적응
2342,train,0,2,2단계_부분_적응
2343,train,0,2,2단계_부분_적응
2344,train,2,3,3단계_자립_적응
2345,train,2,3,3단계_자립_적응
2346,train,2,3,3단계_자립_적응
2347,train,0,2,2단계_부분_적응
2348,train,1,1,1단계_완전_소외
2349,train,1,1,1단계_완전_소외
2350,train,0,2,2단계_부분_적응
2351,train,0,2,2단계_부분_적응
2352,train,1,1,1단계_완전_소외
2353,train,2,3,3단계_자립_적응
2354,train,0,2,2단계_부분_적응
2355,train,0,2,2단계_부분_적응
2356,train,1,1,1단계_완전_소외
2357,train,0,2,2단계_부분_적응
2358,train,0,2,2단계_부분_적응
2359,train,1,1,1단계_완전_소외
2360,train,1,1,1단계_완전_소외
2361,train,2,3,3단계_자립_적응
2362,train,1,1,1단계_완전_소외
2363,train,0,2,2단계_부분_적응
2364,train,0,2,2단계_부분_적응
2365,train,1,1,1단계_완전_소외
2366,train,1,1,1단계_완전_소외
2367,train,2,3,3단계_자립_적응
2368,train,0,2,2단계_부분_적응
2369,train,1,1,1단계_완전_소외
2370,train,0,2,2단계_부분_적응
2371,train,1,1,1단계_완전_소외
2372,train,1,1,1단계_완전_소외
2373,train,2,3,3단계_자립_적응
2374,train,2,3,3단계_자립_적응
2375,train,1,1,1단계_완전_소외
2376,train,2,3,3단계_자립_적응
2377,train,1,1,1단계_완전_소외
2378,train,2,3,3단계_자립_적응
2379,train,0,2,2단계_부분_적응
2380,train,1,1,1단계_완전_소외
2381,train,2,3,3단계_자립_적응
2382,train,0,2,2단계_부분_적응
2383,train,2,3,3단계_자립_적응
2384,train,0,2,2단계_부분_적응
2385,train,0,2,2단계_부분_적응
2386,train,1,1,1단계_완전_소외
2387,train,1,1,1단계_완전_소외
2388,train,0,2,2단계_부분_적응
2389,train,2,3,3단계_자립_적응
2390,train,0,2,2단계_부분_적응
2391,train,1,1,1단계_완전_소외
2392,train,0,2,2단계_부분_적응
2393,train,1,1,1단계_완전_소외
2394,train,0,2,2단계_부분_적응
2395,train,0,2,2단계_부분_적응
2396,train,2,3,3단계_자립_적응
2397,train,1,1,1단계_완전_소외
2398,train,1,1,1단계_완전_소외
2399,train,2,3,3단계_자립_적응
2400,train,0,2,2단계_부분_적응
2401,train,2,3,3단계_자립_적응
2402,train,2,3,3단계_자립_적응
2403,train,1,1,1단계_완전_소외
2404,train,1,1,1단계_완전_소외
2405,train,1,1,1단계_완전_소외
2406,train,0,2,2단계_부분_적응
2407,train,1,1,1단계_완전_소외
2408,train,2,3,3단계_자립_적응
2409,train,0,2,2단계_부분_적응
2410,train,0,2,2단계_부분_적응
2411,train,1,1,1단계_완전_소외
2412,train,2,3,3단계_자립_적응
2413,train,0,2,2단계_부분_적응
2414,train,0,2,2단계_부분_적응
2415,train,2,3,3단계_자립_적응
2416,train,1,1,1단계_완전_소외
2417,train,0,2,2단계_부분_적응
2418,train,0,2,2단계_부분_적응
2419,train,1,1,1단계_완전_소외
2420,train,0,2,2단계_부분_적응
2421,train,2,3,3단계_자립_적응
2422,train,0,2,2단계_부분_적응
2423,train,0,2,2단계_부분_적응
2424,train,1,1,1단계_완전_소외
2425,train,1,1,1단계_완전_소외
2426,train,0,2,2단계_부분_적응
2427,train,0,2,2단계_부분_적응
2428,train,0,2,2단계_부분_적응
2429,train,0,2,2단계_부분_적응
2430,train,0,2,2단계_부분_적응
2431,train,2,3,3단계_자립_적응
2432,train,2,3,3단계_자립_적응
2433,train,0,2,2단계_부분_적응
2434,train,1,1,1단계_완전_소외
2435,train,1,1,1단계_완전_소외
2436,train,1,1,1단계_완전_소외
2437,train,0,2,2단계_부분_적응
2438,train,2,3,3단계_자립_적응
2439,train,1,1,1단계_완전_소외
2440,train,2,3,3단계_자립_적응
2441,train,2,3,3단계_자립_적응
2442,train,1,1,1단계_완전_소외
2443,train,2,3,3단계_자립_적응
2444,train,0,2,2단계_부분_적응
2445,train,1,1,1단계_완전_소외
2446,train,1,1,1단계_완전_소외
2447,train,0,2,2단계_부분_적응
2448,train,0,2,2단계_부분_적응
2449,train,1,1,1단계_완전_소외
2450,train,1,1,1단계_완전_소외
2451,train,0,2,2단계_부분_적응
2452,train,2,3,3단계_자립_적응
2453,train,0,2,2단계_부분_적응
2454,train,0,2,2단계_부분_적응
2455,train,2,3,3단계_자립_적응
2456,train,2,3,3단계_자립_적응
2457,train,1,1,1단계_완전_소외
2458,train,1,1,1단계_완전_소외
2459,train,2,3,3단계_자립_적응
2460,train,2,3,3단계_자립_적응
2461,train,1,1,1단계_완전_소외
2462,train,0,2,2단계_부분_적응
2463,train,0,2,2단계_부분_적응
2464,train,0,2,2단계_부분_적응
2465,train,1,1,1단계_완전_소외
2466,train,0,2,2단계_부분_적응
2467,train,1,1,1단계_완전_소외
2468,train,0,2,2단계_부분_적응
2469,train,1,1,1단계_완전_소외
2470,train,2,3,3단계_자립_적응
2471,train,2,3,3단계_자립_적응
2472,train,0,2,2단계_부분_적응
2473,train,0,2,2단계_부분_적응
2474,train,2,3,3단계_자립_적응
2475,train,0,2,2단계_부분_적응
2476,train,2,3,3단계_자립_적응
2477,train,0,2,2단계_부분_적응
2478,train,0,2,2단계_부분_적응
2479,train,2,3,3단계_자립_적응
2480,train,0,2,2단계_부분_적응
2481,train,2,3,3단계_자립_적응
2482,train,2,3,3단계_자립_적응
2483,train,0,2,2단계_부분_적응
2484,train,1,1,1단계_완전_소외
2485,train,1,1,1단계_완전_소외
2486,train,1,1,1단계_완전_소외
2487,train,2,3,3단계_자립_적응
2488,train,2,3,3단계_자립_적응
2489,train,1,1,1단계_완전_소외
2490,train,0,2,2단계_부분_적응
2491,train,2,3,3단계_자립_적응
2492,train,0,2,2단계_부분_적응
2493,train,2,3,3단계_자립_적응
2494,train,0,2,2단계_부분_적응
2495,train,2,3,3단계_자립_적응
2496,train,2,3,3단계_자립_적응
2497,train,0,2,2단계_부분_적응
2498,train,2,3,3단계_자립_적응
2499,train,0,2,2단계_부분_적응
2500,train,2,3,3단계_자립_적응
2501,train,2,3,3단계_자립_적응
2502,train,1,1,1단계_완전_소외
2503,train,1,1,1단계_완전_소외
2504,train,2,3,3단계_자립_적응
2505,train,2,3,3단계_자립_적응
2506,train,1,1,1단계_완전_소외
2507,train,2,3,3단계_자립_적응
2508,train,0,2,2단계_부분_적응
2509,train,1,1,1단계_완전_소외
2510,train,1,1,1단계_완전_소외
2511,train,2,3,3단계_자립_적응
2512,train,1,1,1단계_완전_소외
2513,train,0,2,2단계_부분_적응
2514,train,0,2,2단계_부분_적응
2515,train,1,1,1단계_완전_소외
2516,train,2,3,3단계_자립_적응
2517,train,2,3,3단계_자립_적응
2518,train,1,1,1단계_완전_소외
2519,train,0,2,2단계_부분_적응
2520,train,1,1,1단계_완전_소외
2521,train,1,1,1단계_완전_소외
2522,train,0,2,2단계_부분_적응
2523,train,1,1,1단계_완전_소외
2524,train,0,2,2단계_부분_적응
2525,train,1,1,1단계_완전_소외
2526,train,1,1,1단계_완전_소외
2527,train,2,3,3단계_자립_적응
2528,train,2,3,3단계_자립_적응
2529,train,2,3,3단계_자립_적응
2530,train,1,1,1단계_완전_소외
2531,train,1,1,1단계_완전_소외
2532,train,1,1,1단계_완전_소외
2533,train,1,1,1단계_완전_소외
2534,train,2,3,3단계_자립_적응
2535,train,2,3,3단계_자립_적응
2536,train,1,1,1단계_완전_소외
2537,train,0,2,2단계_부분_적응
2538,train,1,1,1단계_완전_소외
2539,train,0,2,2단계_부분_적응
2540,train,1,1,1단계_완전_소외
2541,train,1,1,1단계_완전_소외
2542,train,1,1,1단계_완전_소외
2543,train,1,1,1단계_완전_소외
2544,train,1,1,1단계_완전_소외
2545,train,0,2,2단계_부분_적응
2546,train,0,2,2단계_부분_적응
2547,train,0,2,2단계_부분_적응
2548,train,1,1,1단계_완전_소외
2549,train,1,1,1단계_완전_소외
2550,train,0,2,2단계_부분_적응
2551,train,1,1,1단계_완전_소외
2552,train,0,2,2단계_부분_적응
2553,train,0,2,2단계_부분_적응
2554,train,1,1,1단계_완전_소외
2555,train,2,3,3단계_자립_적응
2556,train,0,2,2단계_부분_적응
2557,train,0,2,2단계_부분_적응
2558,train,0,2,2단계_부분_적응
2559,train,1,1,1단계_완전_소외
2560,train,1,1,1단계_완전_소외
2561,train,0,2,2단계_부분_적응
2562,train,0,2,2단계_부분_적응
2563,train,1,1,1단계_완전_소외
2564,train,1,1,1단계_완전_소외
2565,train,1,1,1단계_완전_소외
2566,train,0,2,2단계_부분_적응
2567,train,0,2,2단계_부분_적응
2568,train,1,1,1단계_완전_소외
2569,train,0,2,2단계_부분_적응
2570,train,0,2,2단계_부분_적응
2571,train,1,1,1단계_완전_소외
2572,train,1,1,1단계_완전_소외
2573,train,2,3,3단계_자립_적응
2574,train,1,1,1단계_완전_소외
2575,train,0,2,2단계_부분_적응
2576,train,1,1,1단계_완전_소외
2577,train,2,3,3단계_자립_적응
2578,train,1,1,1단계_완전_소외
2579,train,1,1,1단계_완전_소외
2580,train,2,3,3단계_자립_적응
2581,train,1,1,1단계_완전_소외
2582,train,0,2,2단계_부분_적응
2583,train,0,2,2단계_부분_적응
2584,train,1,1,1단계_완전_소외
2585,train,1,1,1단계_완전_소외
2586,train,2,3,3단계_자립_적응
2587,train,2,3,3단계_자립_적응
2588,train,1,1,1단계_완전_소외
2589,train,2,3,3단계_자립_적응
2590,train,1,1,1단계_완전_소외
2591,train,2,3,3단계_자립_적응
2592,train,1,1,1단계_완전_소외
2593,train,1,1,1단계_완전_소외
2594,train,1,1,1단계_완전_소외
2595,train,0,2,2단계_부분_적응
2596,train,2,3,3단계_자립_적응
2597,train,0,2,2단계_부분_적응
2598,train,0,2,2단계_부분_적응
2599,train,2,3,3단계_자립_적응
2600,train,0,2,2단계_부분_적응
2601,train,2,3,3단계_자립_적응
2602,train,2,3,3단계_자립_적응
2603,train,2,3,3단계_자립_적응
2604,train,2,3,3단계_자립_적응
2605,train,0,2,2단계_부분_적응
2606,train,0,2,2단계_부분_적응
2607,train,0,2,2단계_부분_적응
2608,train,0,2,2단계_부분_적응
2609,train,1,1,1단계_완전_소외
2610,train,2,3,3단계_자립_적응
2611,train,2,3,3단계_자립_적응
2612,train,1,1,1단계_완전_소외
2613,train,0,2,2단계_부분_적응
2614,train,2,3,3단계_자립_적응
2615,train,1,1,1단계_완전_소외
2616,train,1,1,1단계_완전_소외
2617,train,1,1,1단계_완전_소외
2618,train,0,2,2단계_부분_적응
2619,train,0,2,2단계_부분_적응
2620,train,2,3,3단계_자립_적응
2621,train,0,2,2단계_부분_적응
2622,train,0,2,2단계_부분_적응
2623,train,2,3,3단계_자립_적응
2624,train,0,2,2단계_부분_적응
2625,train,1,1,1단계_완전_소외
2626,train,2,3,3단계_자립_적응
2627,train,0,2,2단계_부분_적응
2628,train,0,2,2단계_부분_적응
2629,train,2,3,3단계_자립_적응
2630,train,2,3,3단계_자립_적응
2631,train,0,2,2단계_부분_적응
2632,train,2,3,3단계_자립_적응
2633,train,0,2,2단계_부분_적응
2634,train,0,2,2단계_부분_적응
2635,train,0,2,2단계_부분_적응
2636,train,2,3,3단계_자립_적응
2637,train,1,1,1단계_완전_소외
2638,train,0,2,2단계_부분_적응
2639,train,2,3,3단계_자립_적응
2640,train,1,1,1단계_완전_소외
2641,train,1,1,1단계_완전_소외
2642,train,0,2,2단계_부분_적응
2643,train,2,3,3단계_자립_적응
2644,train,0,2,2단계_부분_적응
2645,train,1,1,1단계_완전_소외
2646,train,0,2,2단계_부분_적응
2647,train,2,3,3단계_자립_적응
2648,train,0,2,2단계_부분_적응
2649,train,0,2,2단계_부분_적응
2650,train,0,2,2단계_부분_적응
2651,train,1,1,1단계_완전_소외
2652,train,1,1,1단계_완전_소외
2653,train,1,1,1단계_완전_소외
2654,train,0,2,2단계_부분_적응
2655,train,2,3,3단계_자립_적응
2656,train,0,2,2단계_부분_적응
2657,train,1,1,1단계_완전_소외
2658,train,0,2,2단계_부분_적응
2659,train,0,2,2단계_부분_적응
2660,train,0,2,2단계_부분_적응
2661,train,0,2,2단계_부분_적응
2662,train,2,3,3단계_자립_적응
2663,train,2,3,3단계_자립_적응
2664,train,1,1,1단계_완전_소외
2665,train,1,1,1단계_완전_소외
2666,train,0,2,2단계_부분_적응
2667,train,1,1,1단계_완전_소외
2668,train,2,3,3단계_자립_적응
2669,train,0,2,2단계_부분_적응
2670,train,0,2,2단계_부분_적응
2671,train,2,3,3단계_자립_적응
2672,train,1,1,1단계_완전_소외
2673,train,0,2,2단계_부분_적응
2674,train,0,2,2단계_부분_적응
2675,train,1,1,1단계_완전_소외
2676,train,1,1,1단계_완전_소외
2677,train,0,2,2단계_부분_적응
2678,train,1,1,1단계_완전_소외
2679,train,0,2,2단계_부분_적응
2680,train,1,1,1단계_완전_소외
2681,train,2,3,3단계_자립_적응
2682,train,0,2,2단계_부분_적응
2683,train,0,2,2단계_부분_적응
2684,train,2,3,3단계_자립_적응
2685,train,2,3,3단계_자립_적응
2686,train,0,2,2단계_부분_적응
2687,train,0,2,2단계_부분_적응
2688,train,2,3,3단계_자립_적응
2689,train,2,3,3단계_자립_적응
2690,train,1,1,1단계_완전_소외
2691,train,2,3,3단계_자립_적응
2692,train,1,1,1단계_완전_소외
2693,train,2,3,3단계_자립_적응
2694,train,0,2,2단계_부분_적응
2695,train,1,1,1단계_완전_소외
2696,train,2,3,3단계_자립_적응
2697,train,0,2,2단계_부분_적응
2698,train,1,1,1단계_완전_소외
2699,train,1,1,1단계_완전_소외
2700,train,2,3,3단계_자립_적응
2701,train,0,2,2단계_부분_적응
2702,train,2,3,3단계_자립_적응
2703,train,2,3,3단계_자립_적응
2704,train,2,3,3단계_자립_적응
2705,train,2,3,3단계_자립_적응
2706,train,0,2,2단계_부분_적응
2707,train,2,3,3단계_자립_적응
2708,train,2,3,3단계_자립_적응
2709,train,1,1,1단계_완전_소외
2710,train,0,2,2단계_부분_적응
2711,train,0,2,2단계_부분_적응
2712,train,0,2,2단계_부분_적응
2713,train,0,2,2단계_부분_적응
2714,train,2,3,3단계_자립_적응
2715,train,2,3,3단계_자립_적응
2716,train,0,2,2단계_부분_적응
2717,train,0,2,2단계_부분_적응
2718,train,1,1,1단계_완전_소외
2719,train,0,2,2단계_부분_적응
2720,train,0,2,2단계_부분_적응
2721,train,0,2,2단계_부분_적응
2722,train,2,3,3단계_자립_적응
2723,train,2,3,3단계_자립_적응
2724,train,0,2,2단계_부분_적응
2725,train,2,3,3단계_자립_적응
2726,train,2,3,3단계_자립_적응
2727,train,0,2,2단계_부분_적응
2728,train,1,1,1단계_완전_소외
2729,train,1,1,1단계_완전_소외
2730,train,1,1,1단계_완전_소외
2731,train,0,2,2단계_부분_적응
2732,train,1,1,1단계_완전_소외
2733,train,2,3,3단계_자립_적응
2734,train,1,1,1단계_완전_소외
2735,train,2,3,3단계_자립_적응
2736,train,1,1,1단계_완전_소외
2737,train,0,2,2단계_부분_적응
2738,train,2,3,3단계_자립_적응
2739,train,0,2,2단계_부분_적응
2740,train,0,2,2단계_부분_적응
2741,train,2,3,3단계_자립_적응
2742,train,0,2,2단계_부분_적응
2743,train,0,2,2단계_부분_적응
2744,train,1,1,1단계_완전_소외
2745,train,0,2,2단계_부분_적응
2746,train,0,2,2단계_부분_적응
2747,train,0,2,2단계_부분_적응
2748,train,2,3,3단계_자립_적응
2749,train,1,1,1단계_완전_소외
2750,train,0,2,2단계_부분_적응
2751,train,1,1,1단계_완전_소외
2752,train,1,1,1단계_완전_소외
2753,train,2,3,3단계_자립_적응
2754,train,0,2,2단계_부분_적응
2755,train,0,2,2단계_부분_적응
2756,train,0,2,2단계_부분_적응
2757,train,1,1,1단계_완전_소외
2758,train,1,1,1단계_완전_소외
2759,train,2,3,3단계_자립_적응
2760,train,0,2,2단계_부분_적응
2761,train,2,3,3단계_자립_적응
2762,train,2,3,3단계_자립_적응
2763,train,0,2,2단계_부분_적응
2764,train,1,1,1단계_완전_소외
2765,train,0,2,2단계_부분_적응
2766,train,0,2,2단계_부분_적응
2767,train,1,1,1단계_완전_소외
2768,train,0,2,2단계_부분_적응
2769,train,0,2,2단계_부분_적응
2770,train,0,2,2단계_부분_적응
2771,train,1,1,1단계_완전_소외
2772,train,1,1,1단계_완전_소외
2773,train,0,2,2단계_부분_적응
2774,train,0,2,2단계_부분_적응
2775,train,0,2,2단계_부분_적응
2776,train,2,3,3단계_자립_적응
2777,train,1,1,1단계_완전_소외
2778,train,0,2,2단계_부분_적응
2779,train,0,2,2단계_부분_적응
2780,train,0,2,2단계_부분_적응
2781,train,0,2,2단계_부분_적응
2782,train,0,2,2단계_부분_적응
2783,train,0,2,2단계_부분_적응
2784,train,1,1,1단계_완전_소외
2785,train,0,2,2단계_부분_적응
2786,train,2,3,3단계_자립_적응
2787,train,1,1,1단계_완전_소외
2788,train,1,1,1단계_완전_소외
2789,train,0,2,2단계_부분_적응
2790,train,2,3,3단계_자립_적응
2791,train,1,1,1단계_완전_소외
2792,train,2,3,3단계_자립_적응
2793,train,0,2,2단계_부분_적응
2794,train,0,2,2단계_부분_적응
2795,train,2,3,3단계_자립_적응
2796,train,0,2,2단계_부분_적응
2797,train,2,3,3단계_자립_적응
2798,train,0,2,2단계_부분_적응
2799,train,2,3,3단계_자립_적응
2800,train,1,1,1단계_완전_소외
2801,train,1,1,1단계_완전_소외
2802,train,2,3,3단계_자립_적응
2803,train,1,1,1단계_완전_소외
2804,train,2,3,3단계_자립_적응
2805,train,0,2,2단계_부분_적응
2806,train,2,3,3단계_자립_적응
2807,train,1,1,1단계_완전_소외
2808,train,1,1,1단계_완전_소외
2809,train,2,3,3단계_자립_적응
2810,train,1,1,1단계_완전_소외
2811,train,2,3,3단계_자립_적응
2812,train,0,2,2단계_부분_적응
2813,train,1,1,1단계_완전_소외
2814,train,0,2,2단계_부분_적응
2815,train,0,2,2단계_부분_적응
2816,train,1,1,1단계_완전_소외
2817,train,1,1,1단계_완전_소외
2818,train,2,3,3단계_자립_적응
2819,train,2,3,3단계_자립_적응
2820,train,2,3,3단계_자립_적응
2821,train,1,1,1단계_완전_소외
2822,train,0,2,2단계_부분_적응
2823,train,0,2,2단계_부분_적응
2824,train,2,3,3단계_자립_적응
2825,train,1,1,1단계_완전_소외
2826,train,0,2,2단계_부분_적응
2827,train,0,2,2단계_부분_적응
2828,train,0,2,2단계_부분_적응
2829,train,1,1,1단계_완전_소외
2830,train,0,2,2단계_부분_적응
2831,train,2,3,3단계_자립_적응
2832,train,2,3,3단계_자립_적응
2833,train,0,2,2단계_부분_적응
2834,train,2,3,3단계_자립_적응
2835,train,2,3,3단계_자립_적응
2836,train,0,2,2단계_부분_적응
2837,train,0,2,2단계_부분_적응
2838,train,1,1,1단계_완전_소외
2839,train,2,3,3단계_자립_적응
2840,train,0,2,2단계_부분_적응
2841,train,1,1,1단계_완전_소외
2842,train,1,1,1단계_완전_소외
2843,train,0,2,2단계_부분_적응
2844,train,2,3,3단계_자립_적응
2845,train,0,2,2단계_부분_적응
2846,train,0,2,2단계_부분_적응
2847,train,1,1,1단계_완전_소외
2848,train,0,2,2단계_부분_적응
2849,train,0,2,2단계_부분_적응
2850,train,1,1,1단계_완전_소외
2851,train,1,1,1단계_완전_소외
2852,train,2,3,3단계_자립_적응
2853,train,2,3,3단계_자립_적응
2854,train,1,1,1단계_완전_소외
2855,train,2,3,3단계_자립_적응
2856,train,2,3,3단계_자립_적응
2857,train,1,1,1단계_완전_소외
2858,train,0,2,2단계_부분_적응
2859,train,1,1,1단계_완전_소외
2860,train,2,3,3단계_자립_적응
2861,train,0,2,2단계_부분_적응
2862,train,1,1,1단계_완전_소외
2863,train,1,1,1단계_완전_소외
2864,train,1,1,1단계_완전_소외
2865,train,2,3,3단계_자립_적응
2866,train,1,1,1단계_완전_소외
2867,train,0,2,2단계_부분_적응
2868,train,1,1,1단계_완전_소외
2869,train,1,1,1단계_완전_소외
2870,train,0,2,2단계_부분_적응
2871,train,1,1,1단계_완전_소외
2872,train,2,3,3단계_자립_적응
2873,train,2,3,3단계_자립_적응
2874,train,1,1,1단계_완전_소외
2875,train,2,3,3단계_자립_적응
2876,train,1,1,1단계_완전_소외
2877,train,1,1,1단계_완전_소외
2878,train,0,2,2단계_부분_적응
2879,train,0,2,2단계_부분_적응
2880,train,1,1,1단계_완전_소외
2881,train,0,2,2단계_부분_적응
2882,train,2,3,3단계_자립_적응
2883,train,0,2,2단계_부분_적응
2884,train,2,3,3단계_자립_적응
2885,train,1,1,1단계_완전_소외
2886,train,0,2,2단계_부분_적응
2887,train,0,2,2단계_부분_적응
2888,train,1,1,1단계_완전_소외
2889,train,0,2,2단계_부분_적응
2890,train,1,1,1단계_완전_소외
2891,train,0,2,2단계_부분_적응
2892,train,1,1,1단계_완전_소외
2893,train,1,1,1단계_완전_소외
2894,train,0,2,2단계_부분_적응
2895,train,0,2,2단계_부분_적응
2896,train,0,2,2단계_부분_적응
2897,train,2,3,3단계_자립_적응
2898,train,1,1,1단계_완전_소외
2899,train,1,1,1단계_완전_소외
2900,train,1,1,1단계_완전_소외
2901,train,0,2,2단계_부분_적응
2902,train,0,2,2단계_부분_적응
2903,train,2,3,3단계_자립_적응
2904,train,1,1,1단계_완전_소외
2905,train,2,3,3단계_자립_적응
2906,train,0,2,2단계_부분_적응
2907,train,0,2,2단계_부분_적응
2908,train,0,2,2단계_부분_적응
2909,train,1,1,1단계_완전_소외
2910,train,1,1,1단계_완전_소외
2911,train,1,1,1단계_완전_소외
2912,train,1,1,1단계_완전_소외
2913,train,2,3,3단계_자립_적응
2914,train,1,1,1단계_완전_소외
2915,train,0,2,2단계_부분_적응
2916,train,1,1,1단계_완전_소외
2917,train,1,1,1단계_완전_소외
2918,train,0,2,2단계_부분_적응
2919,train,2,3,3단계_자립_적응
2920,train,0,2,2단계_부분_적응
2921,train,1,1,1단계_완전_소외
2922,train,0,2,2단계_부분_적응
2923,train,0,2,2단계_부분_적응
2924,train,0,2,2단계_부분_적응
2925,train,1,1,1단계_완전_소외
2926,train,2,3,3단계_자립_적응
2927,train,0,2,2단계_부분_적응
2928,train,1,1,1단계_완전_소외
2929,train,1,1,1단계_완전_소외
2930,train,0,2,2단계_부분_적응
2931,train,0,2,2단계_부분_적응
2932,train,0,2,2단계_부분_적응
2933,train,0,2,2단계_부분_적응
2934,train,0,2,2단계_부분_적응
2935,train,0,2,2단계_부분_적응
2936,train,0,2,2단계_부분_적응
2937,train,0,2,2단계_부분_적응
2938,train,1,1,1단계_완전_소외
2939,train,0,2,2단계_부분_적응
2940,train,0,2,2단계_부분_적응
2941,train,2,3,3단계_자립_적응
2942,train,1,1,1단계_완전_소외
2943,train,0,2,2단계_부분_적응
2944,train,2,3,3단계_자립_적응
2945,train,0,2,2단계_부분_적응
2946,train,1,1,1단계_완전_소외
2947,train,2,3,3단계_자립_적응
2948,train,1,1,1단계_완전_소외
2949,train,2,3,3단계_자립_적응
2950,train,0,2,2단계_부분_적응
2951,train,2,3,3단계_자립_적응
2952,train,0,2,2단계_부분_적응
2953,train,0,2,2단계_부분_적응
2954,train,1,1,1단계_완전_소외
2955,train,0,2,2단계_부분_적응
2956,train,0,2,2단계_부분_적응
2957,train,2,3,3단계_자립_적응
2958,train,0,2,2단계_부분_적응
2959,train,0,2,2단계_부분_적응
2960,train,1,1,1단계_완전_소외
2961,train,0,2,2단계_부분_적응
2962,train,1,1,1단계_완전_소외
2963,train,1,1,1단계_완전_소외
2964,train,0,2,2단계_부분_적응
2965,train,1,1,1단계_완전_소외
2966,train,2,3,3단계_자립_적응
2967,train,2,3,3단계_자립_적응
2968,train,1,1,1단계_완전_소외
2969,train,1,1,1단계_완전_소외
2970,train,1,1,1단계_완전_소외
2971,train,0,2,2단계_부분_적응
2972,train,2,3,3단계_자립_적응
2973,train,1,1,1단계_완전_소외
2974,train,1,1,1단계_완전_소외
2975,train,0,2,2단계_부분_적응
2976,train,1,1,1단계_완전_소외
2977,train,0,2,2단계_부분_적응
2978,train,0,2,2단계_부분_적응
2979,train,2,3,3단계_자립_적응
2980,train,1,1,1단계_완전_소외
2981,train,1,1,1단계_완전_소외
2982,train,1,1,1단계_완전_소외
2983,train,0,2,2단계_부분_적응
2984,train,1,1,1단계_완전_소외
2985,train,2,3,3단계_자립_적응
2986,train,2,3,3단계_자립_적응
2987,train,0,2,2단계_부분_적응
2988,train,1,1,1단계_완전_소외
2989,train,1,1,1단계_완전_소외
2990,train,0,2,2단계_부분_적응
2991,train,0,2,2단계_부분_적응
2992,train,2,3,3단계_자립_적응
2993,train,1,1,1단계_완전_소외
2994,train,1,1,1단계_완전_소외
2995,train,2,3,3단계_자립_적응
2996,train,2,3,3단계_자립_적응
2997,train,2,3,3단계_자립_적응
2998,train,0,2,2단계_부분_적응
2999,train,0,2,2단계_부분_적응
3000,train,1,1,1단계_완전_소외
3001,train,2,3,3단계_자립_적응
3002,train,2,3,3단계_자립_적응
3003,train,1,1,1단계_완전_소외
3004,train,1,1,1단계_완전_소외
3005,train,0,2,2단계_부분_적응
3006,train,0,2,2단계_부분_적응
3007,train,0,2,2단계_부분_적응
3008,train,0,2,2단계_부분_적응
3009,train,2,3,3단계_자립_적응
3010,train,2,3,3단계_자립_적응
3011,train,0,2,2단계_부분_적응
3012,train,0,2,2단계_부분_적응
3013,train,2,3,3단계_자립_적응
3014,train,1,1,1단계_완전_소외
3015,train,0,2,2단계_부분_적응
3016,train,1,1,1단계_완전_소외
3017,train,0,2,2단계_부분_적응
3018,train,1,1,1단계_완전_소외
3019,train,2,3,3단계_자립_적응
3020,train,2,3,3단계_자립_적응
3021,train,0,2,2단계_부분_적응
3022,train,1,1,1단계_완전_소외
3023,train,0,2,2단계_부분_적응
3024,train,0,2,2단계_부분_적응
3025,train,1,1,1단계_완전_소외
3026,train,2,3,3단계_자립_적응
3027,train,1,1,1단계_완전_소외
3028,train,0,2,2단계_부분_적응
3029,train,2,3,3단계_자립_적응
3030,train,0,2,2단계_부분_적응
3031,train,2,3,3단계_자립_적응
3032,train,1,1,1단계_완전_소외
3033,train,2,3,3단계_자립_적응
3034,train,0,2,2단계_부분_적응
3035,train,2,3,3단계_자립_적응
3036,train,2,3,3단계_자립_적응
3037,train,1,1,1단계_완전_소외
3038,train,2,3,3단계_자립_적응
3039,train,2,3,3단계_자립_적응
3040,train,0,2,2단계_부분_적응
3041,train,1,1,1단계_완전_소외
3042,train,0,2,2단계_부분_적응
3043,train,0,2,2단계_부분_적응
3044,train,2,3,3단계_자립_적응
3045,train,1,1,1단계_완전_소외
3046,train,0,2,2단계_부분_적응
3047,train,0,2,2단계_부분_적응
3048,train,0,2,2단계_부분_적응
3049,train,2,3,3단계_자립_적응
3050,train,0,2,2단계_부분_적응
3051,train,0,2,2단계_부분_적응
3052,train,0,2,2단계_부분_적응
3053,train,1,1,1단계_완전_소외
3054,train,2,3,3단계_자립_적응
3055,train,0,2,2단계_부분_적응
3056,train,1,1,1단계_완전_소외
3057,train,2,3,3단계_자립_적응
3058,train,0,2,2단계_부분_적응
3059,train,0,2,2단계_부분_적응
3060,train,2,3,3단계_자립_적응
3061,train,1,1,1단계_완전_소외
3062,train,0,2,2단계_부분_적응
3063,train,0,2,2단계_부분_적응
3064,train,0,2,2단계_부분_적응
3065,train,2,3,3단계_자립_적응
3066,train,1,1,1단계_완전_소외
3067,train,0,2,2단계_부분_적응
3068,train,1,1,1단계_완전_소외
3069,train,1,1,1단계_완전_소외
3070,train,0,2,2단계_부분_적응
3071,train,0,2,2단계_부분_적응
3072,train,1,1,1단계_완전_소외
3073,train,0,2,2단계_부분_적응
3074,train,0,2,2단계_부분_적응
3075,train,2,3,3단계_자립_적응
3076,train,2,3,3단계_자립_적응
3077,train,1,1,1단계_완전_소외
3078,train,2,3,3단계_자립_적응
3079,train,1,1,1단계_완전_소외
3080,train,1,1,1단계_완전_소외
3081,train,1,1,1단계_완전_소외
3082,train,0,2,2단계_부분_적응
3083,train,1,1,1단계_완전_소외
3084,train,1,1,1단계_완전_소외
3085,train,0,2,2단계_부분_적응
3086,train,1,1,1단계_완전_소외
3087,train,0,2,2단계_부분_적응
3088,train,0,2,2단계_부분_적응
3089,train,1,1,1단계_완전_소외
3090,train,0,2,2단계_부분_적응
3091,train,2,3,3단계_자립_적응
3092,train,2,3,3단계_자립_적응
3093,train,1,1,1단계_완전_소외
3094,train,0,2,2단계_부분_적응
3095,train,0,2,2단계_부분_적응
3096,train,1,1,1단계_완전_소외
3097,train,0,2,2단계_부분_적응
3098,train,2,3,3단계_자립_적응
3099,train,1,1,1단계_완전_소외
3100,train,1,1,1단계_완전_소외
3101,train,1,1,1단계_완전_소외
3102,train,0,2,2단계_부분_적응
3103,train,1,1,1단계_완전_소외
3104,train,0,2,2단계_부분_적응
3105,train,0,2,2단계_부분_적응
3106,train,0,2,2단계_부분_적응
3107,train,0,2,2단계_부분_적응
3108,train,1,1,1단계_완전_소외
3109,train,1,1,1단계_완전_소외
3110,train,1,1,1단계_완전_소외
3111,train,1,1,1단계_완전_소외
3112,train,2,3,3단계_자립_적응
3113,train,2,3,3단계_자립_적응
3114,train,1,1,1단계_완전_소외
3115,train,0,2,2단계_부분_적응
3116,train,1,1,1단계_완전_소외
3117,train,2,3,3단계_자립_적응
3118,train,2,3,3단계_자립_적응
3119,train,2,3,3단계_자립_적응
3120,train,2,3,3단계_자립_적응
3121,train,1,1,1단계_완전_소외
3122,train,1,1,1단계_완전_소외
3123,train,1,1,1단계_완전_소외
3124,train,0,2,2단계_부분_적응
3125,train,1,1,1단계_완전_소외
3126,train,0,2,2단계_부분_적응
3127,train,2,3,3단계_자립_적응
3128,train,0,2,2단계_부분_적응
3129,train,2,3,3단계_자립_적응
3130,train,2,3,3단계_자립_적응
3131,train,0,2,2단계_부분_적응
3132,train,2,3,3단계_자립_적응
3133,train,1,1,1단계_완전_소외
3134,train,0,2,2단계_부분_적응
3135,train,1,1,1단계_완전_소외
3136,train,0,2,2단계_부분_적응
3137,train,1,1,1단계_완전_소외
3138,train,0,2,2단계_부분_적응
3139,train,0,2,2단계_부분_적응
3140,train,1,1,1단계_완전_소외
3141,train,1,1,1단계_완전_소외
3142,train,0,2,2단계_부분_적응
3143,train,1,1,1단계_완전_소외
3144,train,1,1,1단계_완전_소외
3145,train,1,1,1단계_완전_소외
3146,train,1,1,1단계_완전_소외
3147,train,0,2,2단계_부분_적응
3148,train,0,2,2단계_부분_적응
3149,train,2,3,3단계_자립_적응
3150,train,2,3,3단계_자립_적응
3151,train,1,1,1단계_완전_소외
3152,train,0,2,2단계_부분_적응
3153,train,0,2,2단계_부분_적응
3154,train,2,3,3단계_자립_적응
3155,train,1,1,1단계_완전_소외
3156,train,1,1,1단계_완전_소외
3157,train,0,2,2단계_부분_적응
3158,train,0,2,2단계_부분_적응
3159,train,2,3,3단계_자립_적응
3160,train,0,2,2단계_부분_적응
3161,train,0,2,2단계_부분_적응
3162,train,1,1,1단계_완전_소외
3163,train,0,2,2단계_부분_적응
3164,train,1,1,1단계_완전_소외
3165,train,0,2,2단계_부분_적응
3166,train,0,2,2단계_부분_적응
3167,train,2,3,3단계_자립_적응
3168,train,0,2,2단계_부분_적응
3169,train,2,3,3단계_자립_적응
3170,train,0,2,2단계_부분_적응
3171,train,1,1,1단계_완전_소외
3172,train,0,2,2단계_부분_적응
3173,train,0,2,2단계_부분_적응
3174,train,1,1,1단계_완전_소외
3175,train,2,3,3단계_자립_적응
3176,train,0,2,2단계_부분_적응
3177,train,1,1,1단계_완전_소외
3178,train,1,1,1단계_완전_소외
3179,train,0,2,2단계_부분_적응
3180,train,2,3,3단계_자립_적응
3181,train,2,3,3단계_자립_적응
3182,train,2,3,3단계_자립_적응
3183,train,1,1,1단계_완전_소외
3184,train,1,1,1단계_완전_소외
3185,train,0,2,2단계_부분_적응
3186,train,1,1,1단계_완전_소외
3187,train,1,1,1단계_완전_소외
3188,train,0,2,2단계_부분_적응
3189,train,1,1,1단계_완전_소외
3190,train,2,3,3단계_자립_적응
3191,train,0,2,2단계_부분_적응
3192,train,1,1,1단계_완전_소외
3193,train,0,2,2단계_부분_적응
3194,train,1,1,1단계_완전_소외
3195,train,1,1,1단계_완전_소외
3196,train,1,1,1단계_완전_소외
3197,train,1,1,1단계_완전_소외
3198,train,0,2,2단계_부분_적응
3199,train,0,2,2단계_부분_적응
3200,train,1,1,1단계_완전_소외
3201,train,0,2,2단계_부분_적응
3202,train,1,1,1단계_완전_소외
3203,train,2,3,3단계_자립_적응
3204,train,0,2,2단계_부분_적응
3205,train,2,3,3단계_자립_적응
3206,train,2,3,3단계_자립_적응
3207,train,2,3,3단계_자립_적응
3208,train,0,2,2단계_부분_적응
3209,train,0,2,2단계_부분_적응
3210,train,2,3,3단계_자립_적응
3211,train,1,1,1단계_완전_소외
3212,train,0,2,2단계_부분_적응
3213,train,0,2,2단계_부분_적응
3214,train,0,2,2단계_부분_적응
3215,train,1,1,1단계_완전_소외
3216,train,1,1,1단계_완전_소외
3217,train,0,2,2단계_부분_적응
3218,train,2,3,3단계_자립_적응
3219,train,0,2,2단계_부분_적응
3220,train,0,2,2단계_부분_적응
3221,train,1,1,1단계_완전_소외
3222,train,1,1,1단계_완전_소외
3223,train,0,2,2단계_부분_적응
3224,train,0,2,2단계_부분_적응
3225,train,0,2,2단계_부분_적응
3226,train,1,1,1단계_완전_소외
3227,train,1,1,1단계_완전_소외
3228,train,1,1,1단계_완전_소외
3229,train,2,3,3단계_자립_적응
3230,train,1,1,1단계_완전_소외
3231,train,1,1,1단계_완전_소외
3232,train,0,2,2단계_부분_적응
3233,train,1,1,1단계_완전_소외
3234,train,1,1,1단계_완전_소외
3235,train,0,2,2단계_부분_적응
3236,train,2,3,3단계_자립_적응
3237,train,0,2,2단계_부분_적응
3238,train,0,2,2단계_부분_적응
3239,train,1,1,1단계_완전_소외
3240,train,1,1,1단계_완전_소외
3241,train,0,2,2단계_부분_적응
3242,train,1,1,1단계_완전_소외
3243,train,0,2,2단계_부분_적응
3244,train,2,3,3단계_자립_적응
3245,train,1,1,1단계_완전_소외
3246,train,1,1,1단계_완전_소외
3247,train,1,1,1단계_완전_소외
3248,train,1,1,1단계_완전_소외
3249,train,2,3,3단계_자립_적응
3250,train,2,3,3단계_자립_적응
3251,train,2,3,3단계_자립_적응
3252,train,0,2,2단계_부분_적응
3253,train,1,1,1단계_완전_소외
3254,train,2,3,3단계_자립_적응
3255,train,0,2,2단계_부분_적응
3256,train,1,1,1단계_완전_소외
3257,train,1,1,1단계_완전_소외
3258,train,1,1,1단계_완전_소외
3259,train,1,1,1단계_완전_소외
3260,train,2,3,3단계_자립_적응
3261,train,0,2,2단계_부분_적응
3262,train,0,2,2단계_부분_적응
3263,train,1,1,1단계_완전_소외
3264,train,0,2,2단계_부분_적응
3265,train,2,3,3단계_자립_적응
3266,train,0,2,2단계_부분_적응
3267,train,1,1,1단계_완전_소외
3268,train,0,2,2단계_부분_적응
3269,train,0,2,2단계_부분_적응
3270,train,0,2,2단계_부분_적응
3271,train,2,3,3단계_자립_적응
3272,train,0,2,2단계_부분_적응
3273,train,2,3,3단계_자립_적응
3274,train,1,1,1단계_완전_소외
3275,train,0,2,2단계_부분_적응
3276,train,0,2,2단계_부분_적응
3277,train,1,1,1단계_완전_소외
3278,train,0,2,2단계_부분_적응
3279,train,2,3,3단계_자립_적응
3280,train,0,2,2단계_부분_적응
3281,train,0,2,2단계_부분_적응
3282,train,0,2,2단계_부분_적응
3283,train,0,2,2단계_부분_적응
3284,train,2,3,3단계_자립_적응
3285,train,0,2,2단계_부분_적응
3286,train,0,2,2단계_부분_적응
3287,train,0,2,2단계_부분_적응
3288,train,0,2,2단계_부분_적응
3289,train,1,1,1단계_완전_소외
3290,train,0,2,2단계_부분_적응
3291,train,2,3,3단계_자립_적응
3292,train,1,1,1단계_완전_소외
3293,train,0,2,2단계_부분_적응
3294,train,0,2,2단계_부분_적응
3295,train,2,3,3단계_자립_적응
3296,train,1,1,1단계_완전_소외
3297,train,1,1,1단계_완전_소외
3298,train,2,3,3단계_자립_적응
3299,train,0,2,2단계_부분_적응
3300,train,1,1,1단계_완전_소외
3301,train,2,3,3단계_자립_적응
3302,train,1,1,1단계_완전_소외
3303,train,1,1,1단계_완전_소외
3304,train,0,2,2단계_부분_적응
3305,train,1,1,1단계_완전_소외
3306,train,1,1,1단계_완전_소외
3307,train,2,3,3단계_자립_적응
3308,train,0,2,2단계_부분_적응
3309,train,1,1,1단계_완전_소외
3310,train,1,1,1단계_완전_소외
3311,train,0,2,2단계_부분_적응
3312,train,1,1,1단계_완전_소외
3313,train,0,2,2단계_부분_적응
3314,train,2,3,3단계_자립_적응
3315,train,0,2,2단계_부분_적응
3316,train,2,3,3단계_자립_적응
3317,train,0,2,2단계_부분_적응
3318,train,1,1,1단계_완전_소외
3319,train,0,2,2단계_부분_적응
3320,train,1,1,1단계_완전_소외
3321,train,2,3,3단계_자립_적응
3322,train,2,3,3단계_자립_적응
3323,train,2,3,3단계_자립_적응
3324,train,2,3,3단계_자립_적응
3325,train,2,3,3단계_자립_적응
3326,train,2,3,3단계_자립_적응
3327,train,0,2,2단계_부분_적응
3328,train,0,2,2단계_부분_적응
3329,train,0,2,2단계_부분_적응
3330,train,1,1,1단계_완전_소외
3331,train,1,1,1단계_완전_소외
3332,train,2,3,3단계_자립_적응
3333,train,2,3,3단계_자립_적응
3334,train,0,2,2단계_부분_적응
3335,train,1,1,1단계_완전_소외
3336,train,2,3,3단계_자립_적응
3337,train,1,1,1단계_완전_소외
3338,train,2,3,3단계_자립_적응
3339,train,1,1,1단계_완전_소외
3340,train,0,2,2단계_부분_적응
3341,train,0,2,2단계_부분_적응
3342,train,1,1,1단계_완전_소외
3343,train,2,3,3단계_자립_적응
3344,train,1,1,1단계_완전_소외
3345,train,0,2,2단계_부분_적응
3346,train,0,2,2단계_부분_적응
3347,train,2,3,3단계_자립_적응
3348,train,0,2,2단계_부분_적응
3349,train,0,2,2단계_부분_적응
3350,train,1,1,1단계_완전_소외
3351,train,0,2,2단계_부분_적응
3352,train,0,2,2단계_부분_적응
3353,train,0,2,2단계_부분_적응
3354,train,2,3,3단계_자립_적응
3355,train,1,1,1단계_완전_소외
3356,train,1,1,1단계_완전_소외
3357,train,1,1,1단계_완전_소외
3358,train,0,2,2단계_부분_적응
3359,train,1,1,1단계_완전_소외
3360,train,2,3,3단계_자립_적응
3361,train,2,3,3단계_자립_적응
3362,train,2,3,3단계_자립_적응
3363,train,2,3,3단계_자립_적응
3364,train,1,1,1단계_완전_소외
3365,train,2,3,3단계_자립_적응
3366,train,2,3,3단계_자립_적응
3367,train,1,1,1단계_완전_소외
3368,train,1,1,1단계_완전_소외
3369,train,0,2,2단계_부분_적응
3370,train,1,1,1단계_완전_소외
3371,train,1,1,1단계_완전_소외
3372,train,0,2,2단계_부분_적응
3373,train,2,3,3단계_자립_적응
3374,train,2,3,3단계_자립_적응
3375,train,0,2,2단계_부분_적응
3376,train,0,2,2단계_부분_적응
3377,train,0,2,2단계_부분_적응
3378,train,2,3,3단계_자립_적응
3379,train,1,1,1단계_완전_소외
3380,train,1,1,1단계_완전_소외
3381,train,0,2,2단계_부분_적응
3382,train,2,3,3단계_자립_적응
3383,train,2,3,3단계_자립_적응
3384,train,0,2,2단계_부분_적응
3385,train,2,3,3단계_자립_적응
3386,train,0,2,2단계_부분_적응
3387,train,0,2,2단계_부분_적응
3388,train,1,1,1단계_완전_소외
3389,train,1,1,1단계_완전_소외
3390,train,0,2,2단계_부분_적응
3391,train,1,1,1단계_완전_소외
3392,train,0,2,2단계_부분_적응
3393,train,0,2,2단계_부분_적응
3394,train,1,1,1단계_완전_소외
3395,train,0,2,2단계_부분_적응
3396,train,1,1,1단계_완전_소외
3397,train,1,1,1단계_완전_소외
3398,train,1,1,1단계_완전_소외
3399,train,0,2,2단계_부분_적응
3400,train,0,2,2단계_부분_적응
3401,train,0,2,2단계_부분_적응
3402,train,0,2,2단계_부분_적응
3403,train,1,1,1단계_완전_소외
3404,train,0,2,2단계_부분_적응
3405,train,2,3,3단계_자립_적응
3406,train,1,1,1단계_완전_소외
3407,train,2,3,3단계_자립_적응
3408,train,2,3,3단계_자립_적응
3409,train,0,2,2단계_부분_적응
3410,train,1,1,1단계_완전_소외
3411,train,2,3,3단계_자립_적응
3412,train,1,1,1단계_완전_소외
3413,train,1,1,1단계_완전_소외
3414,train,0,2,2단계_부분_적응
3415,train,2,3,3단계_자립_적응
3416,train,0,2,2단계_부분_적응
3417,train,2,3,3단계_자립_적응
3418,train,0,2,2단계_부분_적응
3419,train,0,2,2단계_부분_적응
3420,train,0,2,2단계_부분_적응
3421,train,1,1,1단계_완전_소외
3422,train,1,1,1단계_완전_소외
3423,train,1,1,1단계_완전_소외
3424,train,2,3,3단계_자립_적응
3425,train,2,3,3단계_자립_적응
3426,train,0,2,2단계_부분_적응
3427,train,2,3,3단계_자립_적응
3428,train,2,3,3단계_자립_적응
3429,train,1,1,1단계_완전_소외
3430,train,0,2,2단계_부분_적응
3431,train,2,3,3단계_자립_적응
3432,train,1,1,1단계_완전_소외
3433,train,1,1,1단계_완전_소외
3434,train,1,1,1단계_완전_소외
3435,train,2,3,3단계_자립_적응
3436,train,0,2,2단계_부분_적응
3437,train,1,1,1단계_완전_소외
3438,train,1,1,1단계_완전_소외
3439,train,0,2,2단계_부분_적응
3440,train,1,1,1단계_완전_소외
3441,train,0,2,2단계_부분_적응
3442,train,2,3,3단계_자립_적응
3443,train,2,3,3단계_자립_적응
3444,train,1,1,1단계_완전_소외
3445,train,0,2,2단계_부분_적응
3446,train,1,1,1단계_완전_소외
3447,train,0,2,2단계_부분_적응
3448,train,0,2,2단계_부분_적응
3449,train,0,2,2단계_부분_적응
3450,train,0,2,2단계_부분_적응
3451,train,0,2,2단계_부분_적응
3452,train,0,2,2단계_부분_적응
3453,train,0,2,2단계_부분_적응
3454,train,0,2,2단계_부분_적응
3455,train,1,1,1단계_완전_소외
3456,train,1,1,1단계_완전_소외
3457,train,1,1,1단계_완전_소외
3458,train,1,1,1단계_완전_소외
3459,train,2,3,3단계_자립_적응
3460,train,0,2,2단계_부분_적응
3461,train,0,2,2단계_부분_적응
3462,train,0,2,2단계_부분_적응
3463,train,0,2,2단계_부분_적응
3464,train,0,2,2단계_부분_적응
3465,train,2,3,3단계_자립_적응
3466,train,2,3,3단계_자립_적응
3467,train,1,1,1단계_완전_소외
3468,train,1,1,1단계_완전_소외
3469,train,0,2,2단계_부분_적응
3470,train,1,1,1단계_완전_소외
3471,train,0,2,2단계_부분_적응
3472,train,2,3,3단계_자립_적응
3473,train,0,2,2단계_부분_적응
3474,train,1,1,1단계_완전_소외
3475,train,1,1,1단계_완전_소외
3476,train,2,3,3단계_자립_적응
3477,train,1,1,1단계_완전_소외
3478,train,1,1,1단계_완전_소외
3479,train,1,1,1단계_완전_소외
3480,train,2,3,3단계_자립_적응
3481,train,0,2,2단계_부분_적응
3482,train,0,2,2단계_부분_적응
3483,train,0,2,2단계_부분_적응
3484,train,2,3,3단계_자립_적응
3485,train,2,3,3단계_자립_적응
3486,train,0,2,2단계_부분_적응
3487,train,1,1,1단계_완전_소외
3488,train,1,1,1단계_완전_소외
3489,train,2,3,3단계_자립_적응
3490,train,2,3,3단계_자립_적응
3491,train,2,3,3단계_자립_적응
3492,train,0,2,2단계_부분_적응
3493,train,2,3,3단계_자립_적응
3494,train,1,1,1단계_완전_소외
3495,train,1,1,1단계_완전_소외
3496,train,2,3,3단계_자립_적응
3497,train,2,3,3단계_자립_적응
3498,train,0,2,2단계_부분_적응
3499,train,2,3,3단계_자립_적응
3500,train,2,3,3단계_자립_적응
3501,train,0,2,2단계_부분_적응
3502,train,2,3,3단계_자립_적응
3503,train,0,2,2단계_부분_적응
3504,train,2,3,3단계_자립_적응
3505,train,2,3,3단계_자립_적응
3506,train,2,3,3단계_자립_적응
3507,train,2,3,3단계_자립_적응
3508,train,2,3,3단계_자립_적응
3509,train,1,1,1단계_완전_소외
3510,train,0,2,2단계_부분_적응
3511,train,1,1,1단계_완전_소외
3512,train,0,2,2단계_부분_적응
3513,train,1,1,1단계_완전_소외
3514,train,1,1,1단계_완전_소외
3515,train,0,2,2단계_부분_적응
3516,train,0,2,2단계_부분_적응
3517,train,1,1,1단계_완전_소외
3518,train,1,1,1단계_완전_소외
3519,train,1,1,1단계_완전_소외
3520,train,2,3,3단계_자립_적응
3521,train,0,2,2단계_부분_적응
3522,train,0,2,2단계_부분_적응
3523,train,0,2,2단계_부분_적응
3524,train,0,2,2단계_부분_적응
3525,train,1,1,1단계_완전_소외
3526,train,0,2,2단계_부분_적응
3527,train,0,2,2단계_부분_적응
3528,train,1,1,1단계_완전_소외
3529,train,0,2,2단계_부분_적응
3530,train,0,2,2단계_부분_적응
3531,train,0,2,2단계_부분_적응
3532,train,1,1,1단계_완전_소외
3533,train,0,2,2단계_부분_적응
3534,train,2,3,3단계_자립_적응
3535,train,2,3,3단계_자립_적응
3536,train,1,1,1단계_완전_소외
3537,train,1,1,1단계_완전_소외
3538,train,1,1,1단계_완전_소외
3539,train,2,3,3단계_자립_적응
3540,train,0,2,2단계_부분_적응
3541,train,0,2,2단계_부분_적응
3542,train,0,2,2단계_부분_적응
3543,train,1,1,1단계_완전_소외
3544,train,0,2,2단계_부분_적응
3545,train,2,3,3단계_자립_적응
3546,train,1,1,1단계_완전_소외
3547,train,2,3,3단계_자립_적응
3548,train,1,1,1단계_완전_소외
3549,train,1,1,1단계_완전_소외
3550,train,2,3,3단계_자립_적응
3551,train,1,1,1단계_완전_소외
3552,train,2,3,3단계_자립_적응
3553,train,1,1,1단계_완전_소외
3554,train,0,2,2단계_부분_적응
3555,train,0,2,2단계_부분_적응
3556,train,1,1,1단계_완전_소외
3557,train,1,1,1단계_완전_소외
3558,train,1,1,1단계_완전_소외
3559,train,0,2,2단계_부분_적응
3560,train,2,3,3단계_자립_적응
3561,train,0,2,2단계_부분_적응
3562,train,2,3,3단계_자립_적응
3563,train,1,1,1단계_완전_소외
3564,train,2,3,3단계_자립_적응
3565,train,0,2,2단계_부분_적응
3566,train,0,2,2단계_부분_적응
3567,train,0,2,2단계_부분_적응
3568,train,0,2,2단계_부분_적응
3569,train,2,3,3단계_자립_적응
3570,train,1,1,1단계_완전_소외
3571,train,1,1,1단계_완전_소외
3572,train,0,2,2단계_부분_적응
3573,train,0,2,2단계_부분_적응
3574,train,1,1,1단계_완전_소외
3575,train,2,3,3단계_자립_적응
3576,train,1,1,1단계_완전_소외
3577,train,2,3,3단계_자립_적응
3578,train,2,3,3단계_자립_적응
3579,train,1,1,1단계_완전_소외
3580,train,2,3,3단계_자립_적응
3581,train,1,1,1단계_완전_소외
3582,train,1,1,1단계_완전_소외
3583,train,2,3,3단계_자립_적응
3584,train,0,2,2단계_부분_적응
3585,train,0,2,2단계_부분_적응
3586,train,1,1,1단계_완전_소외
3587,train,1,1,1단계_완전_소외
3588,train,1,1,1단계_완전_소외
3589,train,0,2,2단계_부분_적응
3590,train,0,2,2단계_부분_적응
3591,train,1,1,1단계_완전_소외
3592,train,1,1,1단계_완전_소외
3593,train,2,3,3단계_자립_적응
3594,train,0,2,2단계_부분_적응
3595,train,1,1,1단계_완전_소외
3596,train,0,2,2단계_부분_적응
3597,train,1,1,1단계_완전_소외
3598,train,1,1,1단계_완전_소외
3599,train,2,3,3단계_자립_적응
3600,train,1,1,1단계_완전_소외
3601,train,1,1,1단계_완전_소외
3602,train,0,2,2단계_부분_적응
3603,train,2,3,3단계_자립_적응
3604,train,0,2,2단계_부분_적응
3605,train,1,1,1단계_완전_소외
3606,train,0,2,2단계_부분_적응
3607,train,1,1,1단계_완전_소외
3608,train,1,1,1단계_완전_소외
3609,train,0,2,2단계_부분_적응
3610,train,0,2,2단계_부분_적응
3611,train,0,2,2단계_부분_적응
3612,train,2,3,3단계_자립_적응
3613,train,0,2,2단계_부분_적응
3614,train,2,3,3단계_자립_적응
3615,train,0,2,2단계_부분_적응
3616,train,1,1,1단계_완전_소외
3617,train,0,2,2단계_부분_적응
3618,train,1,1,1단계_완전_소외
3619,train,0,2,2단계_부분_적응
3620,train,2,3,3단계_자립_적응
3621,train,1,1,1단계_완전_소외
3622,train,1,1,1단계_완전_소외
3623,train,1,1,1단계_완전_소외
3624,train,1,1,1단계_완전_소외
3625,train,1,1,1단계_완전_소외
3626,train,0,2,2단계_부분_적응
3627,train,0,2,2단계_부분_적응
3628,train,2,3,3단계_자립_적응
3629,train,0,2,2단계_부분_적응
3630,train,0,2,2단계_부분_적응
3631,train,0,2,2단계_부분_적응
3632,train,2,3,3단계_자립_적응
3633,train,2,3,3단계_자립_적응
3634,train,1,1,1단계_완전_소외
3635,train,0,2,2단계_부분_적응
3636,train,2,3,3단계_자립_적응
3637,train,1,1,1단계_완전_소외
3638,train,0,2,2단계_부분_적응
3639,train,2,3,3단계_자립_적응
3640,train,1,1,1단계_완전_소외
3641,train,1,1,1단계_완전_소외
3642,train,0,2,2단계_부분_적응
3643,train,1,1,1단계_완전_소외
3644,train,0,2,2단계_부분_적응
3645,train,1,1,1단계_완전_소외
3646,train,0,2,2단계_부분_적응
3647,train,2,3,3단계_자립_적응
3648,train,0,2,2단계_부분_적응
3649,train,1,1,1단계_완전_소외
3650,train,2,3,3단계_자립_적응
3651,train,2,3,3단계_자립_적응
3652,train,1,1,1단계_완전_소외
3653,train,0,2,2단계_부분_적응
3654,train,1,1,1단계_완전_소외
3655,train,2,3,3단계_자립_적응
3656,train,2,3,3단계_자립_적응
3657,train,0,2,2단계_부분_적응
3658,train,1,1,1단계_완전_소외
3659,train,0,2,2단계_부분_적응
3660,train,1,1,1단계_완전_소외
3661,train,0,2,2단계_부분_적응
3662,train,0,2,2단계_부분_적응
3663,train,1,1,1단계_완전_소외
3664,train,2,3,3단계_자립_적응
3665,train,0,2,2단계_부분_적응
3666,train,1,1,1단계_완전_소외
3667,train,2,3,3단계_자립_적응
3668,train,2,3,3단계_자립_적응
3669,train,0,2,2단계_부분_적응
3670,train,0,2,2단계_부분_적응
3671,train,2,3,3단계_자립_적응
3672,train,1,1,1단계_완전_소외
3673,train,1,1,1단계_완전_소외
3674,train,2,3,3단계_자립_적응
3675,train,2,3,3단계_자립_적응
3676,train,2,3,3단계_자립_적응
3677,train,1,1,1단계_완전_소외
3678,train,0,2,2단계_부분_적응
3679,train,1,1,1단계_완전_소외
3680,train,0,2,2단계_부분_적응
3681,train,0,2,2단계_부분_적응
3682,train,1,1,1단계_완전_소외
3683,train,0,2,2단계_부분_적응
3684,train,2,3,3단계_자립_적응
3685,train,0,2,2단계_부분_적응
3686,train,0,2,2단계_부분_적응
3687,train,2,3,3단계_자립_적응
3688,train,1,1,1단계_완전_소외
3689,train,2,3,3단계_자립_적응
3690,train,2,3,3단계_자립_적응
3691,train,0,2,2단계_부분_적응
3692,train,1,1,1단계_완전_소외
3693,train,1,1,1단계_완전_소외
3694,train,1,1,1단계_완전_소외
3695,train,2,3,3단계_자립_적응
3696,train,2,3,3단계_자립_적응
3697,train,2,3,3단계_자립_적응
3698,train,0,2,2단계_부분_적응
3699,train,0,2,2단계_부분_적응
3700,train,0,2,2단계_부분_적응
3701,train,1,1,1단계_완전_소외
3702,train,2,3,3단계_자립_적응
3703,train,0,2,2단계_부분_적응
3704,train,2,3,3단계_자립_적응
3705,train,2,3,3단계_자립_적응
3706,train,2,3,3단계_자립_적응
3707,train,1,1,1단계_완전_소외
3708,train,1,1,1단계_완전_소외
3709,train,2,3,3단계_자립_적응
3710,train,0,2,2단계_부분_적응
3711,train,1,1,1단계_완전_소외
3712,train,2,3,3단계_자립_적응
3713,train,1,1,1단계_완전_소외
3714,train,1,1,1단계_완전_소외
3715,train,1,1,1단계_완전_소외
3716,train,0,2,2단계_부분_적응
3717,train,2,3,3단계_자립_적응
3718,train,1,1,1단계_완전_소외
3719,train,2,3,3단계_자립_적응
3720,train,0,2,2단계_부분_적응
3721,train,1,1,1단계_완전_소외
3722,train,2,3,3단계_자립_적응
3723,train,1,1,1단계_완전_소외
3724,train,2,3,3단계_자립_적응
3725,train,2,3,3단계_자립_적응
3726,train,2,3,3단계_자립_적응
3727,train,2,3,3단계_자립_적응
3728,train,1,1,1단계_완전_소외
3729,train,1,1,1단계_완전_소외
3730,train,1,1,1단계_완전_소외
3731,train,2,3,3단계_자립_적응
3732,train,1,1,1단계_완전_소외
3733,train,0,2,2단계_부분_적응
3734,train,2,3,3단계_자립_적응
3735,train,1,1,1단계_완전_소외
3736,train,1,1,1단계_완전_소외
3737,train,2,3,3단계_자립_적응
3738,train,0,2,2단계_부분_적응
3739,train,2,3,3단계_자립_적응
3740,train,1,1,1단계_완전_소외
3741,train,1,1,1단계_완전_소외
3742,train,0,2,2단계_부분_적응
3743,train,2,3,3단계_자립_적응
3744,train,2,3,3단계_자립_적응
3745,train,2,3,3단계_자립_적응
3746,train,0,2,2단계_부분_적응
3747,train,2,3,3단계_자립_적응
3748,train,1,1,1단계_완전_소외
3749,train,1,1,1단계_완전_소외
3750,train,2,3,3단계_자립_적응
3751,train,2,3,3단계_자립_적응
3752,train,1,1,1단계_완전_소외
3753,train,1,1,1단계_완전_소외
3754,train,0,2,2단계_부분_적응
3755,train,0,2,2단계_부분_적응
3756,train,0,2,2단계_부분_적응
3757,train,1,1,1단계_완전_소외
3758,train,0,2,2단계_부분_적응
3759,train,2,3,3단계_자립_적응
3760,train,2,3,3단계_자립_적응
3761,train,1,1,1단계_완전_소외
3762,train,1,1,1단계_완전_소외
3763,train,2,3,3단계_자립_적응
3764,train,0,2,2단계_부분_적응
3765,train,0,2,2단계_부분_적응
3766,train,0,2,2단계_부분_적응
3767,train,2,3,3단계_자립_적응
3768,train,0,2,2단계_부분_적응
3769,train,2,3,3단계_자립_적응
3770,train,0,2,2단계_부분_적응
3771,train,2,3,3단계_자립_적응
3772,train,0,2,2단계_부분_적응
3773,train,1,1,1단계_완전_소외
3774,train,2,3,3단계_자립_적응
3775,train,0,2,2단계_부분_적응
3776,train,2,3,3단계_자립_적응
3777,train,0,2,2단계_부분_적응
3778,train,2,3,3단계_자립_적응
3779,train,1,1,1단계_완전_소외
3780,train,0,2,2단계_부분_적응
3781,train,1,1,1단계_완전_소외
3782,train,0,2,2단계_부분_적응
3783,train,2,3,3단계_자립_적응
3784,train,1,1,1단계_완전_소외
3785,train,0,2,2단계_부분_적응
3786,train,1,1,1단계_완전_소외
3787,train,2,3,3단계_자립_적응
3788,train,0,2,2단계_부분_적응
3789,train,1,1,1단계_완전_소외
3790,train,2,3,3단계_자립_적응
3791,train,1,1,1단계_완전_소외
3792,train,0,2,2단계_부분_적응
3793,train,1,1,1단계_완전_소외
3794,train,0,2,2단계_부분_적응
3795,train,0,2,2단계_부분_적응
3796,train,0,2,2단계_부분_적응
3797,train,1,1,1단계_완전_소외
3798,train,0,2,2단계_부분_적응
3799,train,2,3,3단계_자립_적응
3800,train,1,1,1단계_완전_소외
3801,train,1,1,1단계_완전_소외
3802,train,1,1,1단계_완전_소외
3803,train,0,2,2단계_부분_적응
3804,train,0,2,2단계_부분_적응
3805,train,1,1,1단계_완전_소외
3806,train,2,3,3단계_자립_적응
3807,train,0,2,2단계_부분_적응
3808,train,0,2,2단계_부분_적응
3809,train,0,2,2단계_부분_적응
3810,train,2,3,3단계_자립_적응
3811,train,2,3,3단계_자립_적응
3812,train,2,3,3단계_자립_적응
3813,train,2,3,3단계_자립_적응
3814,train,0,2,2단계_부분_적응
3815,train,2,3,3단계_자립_적응
3816,train,0,2,2단계_부분_적응
3817,train,2,3,3단계_자립_적응
3818,train,0,2,2단계_부분_적응
3819,train,0,2,2단계_부분_적응
3820,train,1,1,1단계_완전_소외
3821,train,1,1,1단계_완전_소외
3822,train,1,1,1단계_완전_소외
3823,train,2,3,3단계_자립_적응
3824,train,1,1,1단계_완전_소외
3825,train,1,1,1단계_완전_소외
3826,train,2,3,3단계_자립_적응
3827,train,0,2,2단계_부분_적응
3828,train,0,2,2단계_부분_적응
3829,train,1,1,1단계_완전_소외
3830,train,1,1,1단계_완전_소외
3831,train,2,3,3단계_자립_적응
3832,train,2,3,3단계_자립_적응
3833,train,2,3,3단계_자립_적응
3834,train,0,2,2단계_부분_적응
3835,train,0,2,2단계_부분_적응
3836,train,2,3,3단계_자립_적응
3837,train,1,1,1단계_완전_소외
3838,train,0,2,2단계_부분_적응
3839,train,0,2,2단계_부분_적응
3840,train,2,3,3단계_자립_적응
3841,train,1,1,1단계_완전_소외
3842,train,1,1,1단계_완전_소외
3843,train,0,2,2단계_부분_적응
3844,train,0,2,2단계_부분_적응
3845,train,0,2,2단계_부분_적응
3846,train,1,1,1단계_완전_소외
3847,train,1,1,1단계_완전_소외
3848,train,0,2,2단계_부분_적응
3849,train,1,1,1단계_완전_소외
3850,train,0,2,2단계_부분_적응
3851,train,0,2,2단계_부분_적응
3852,train,2,3,3단계_자립_적응
3853,train,1,1,1단계_완전_소외
3854,train,0,2,2단계_부분_적응
3855,train,0,2,2단계_부분_적응
3856,train,0,2,2단계_부분_적응
3857,train,2,3,3단계_자립_적응
3858,train,2,3,3단계_자립_적응
3859,train,0,2,2단계_부분_적응
3860,train,2,3,3단계_자립_적응
3861,train,1,1,1단계_완전_소외
3862,train,1,1,1단계_완전_소외
3863,train,0,2,2단계_부분_적응
3864,train,1,1,1단계_완전_소외
3865,train,1,1,1단계_완전_소외
3866,train,2,3,3단계_자립_적응
3867,train,1,1,1단계_완전_소외
3868,train,2,3,3단계_자립_적응
3869,train,1,1,1단계_완전_소외
3870,train,1,1,1단계_완전_소외
3871,train,2,3,3단계_자립_적응
3872,train,1,1,1단계_완전_소외
3873,train,2,3,3단계_자립_적응
3874,train,0,2,2단계_부분_적응
3875,train,0,2,2단계_부분_적응
3876,train,0,2,2단계_부분_적응
3877,train,1,1,1단계_완전_소외
3878,train,1,1,1단계_완전_소외
3879,train,0,2,2단계_부분_적응
3880,train,1,1,1단계_완전_소외
3881,train,0,2,2단계_부분_적응
3882,train,2,3,3단계_자립_적응
3883,train,2,3,3단계_자립_적응
3884,train,2,3,3단계_자립_적응
3885,train,0,2,2단계_부분_적응
3886,train,2,3,3단계_자립_적응
3887,train,1,1,1단계_완전_소외
3888,train,1,1,1단계_완전_소외
3889,train,2,3,3단계_자립_적응
3890,train,2,3,3단계_자립_적응
3891,train,2,3,3단계_자립_적응
3892,train,2,3,3단계_자립_적응
3893,train,2,3,3단계_자립_적응
3894,train,0,2,2단계_부분_적응
3895,train,0,2,2단계_부분_적응
3896,train,2,3,3단계_자립_적응
3897,train,1,1,1단계_완전_소외
3898,train,0,2,2단계_부분_적응
3899,train,0,2,2단계_부분_적응
3900,train,1,1,1단계_완전_소외
3901,train,2,3,3단계_자립_적응
3902,train,0,2,2단계_부분_적응
3903,train,0,2,2단계_부분_적응
3904,train,0,2,2단계_부분_적응
3905,train,1,1,1단계_완전_소외
3906,train,2,3,3단계_자립_적응
3907,train,2,3,3단계_자립_적응
3908,train,0,2,2단계_부분_적응
3909,train,1,1,1단계_완전_소외
3910,train,1,1,1단계_완전_소외
3911,train,0,2,2단계_부분_적응
3912,train,1,1,1단계_완전_소외
3913,train,2,3,3단계_자립_적응
3914,train,0,2,2단계_부분_적응
3915,train,1,1,1단계_완전_소외
3916,train,1,1,1단계_완전_소외
3917,train,2,3,3단계_자립_적응
3918,train,1,1,1단계_완전_소외
3919,train,0,2,2단계_부분_적응
3920,train,1,1,1단계_완전_소외
3921,train,0,2,2단계_부분_적응
3922,train,0,2,2단계_부분_적응
3923,train,1,1,1단계_완전_소외
3924,train,1,1,1단계_완전_소외
3925,train,0,2,2단계_부분_적응
3926,train,2,3,3단계_자립_적응
3927,train,0,2,2단계_부분_적응
3928,train,1,1,1단계_완전_소외
3929,train,0,2,2단계_부분_적응
3930,train,1,1,1단계_완전_소외
3931,train,2,3,3단계_자립_적응
3932,train,1,1,1단계_완전_소외
3933,train,1,1,1단계_완전_소외
3934,train,2,3,3단계_자립_적응
3935,train,1,1,1단계_완전_소외
3936,train,0,2,2단계_부분_적응
3937,train,1,1,1단계_완전_소외
3938,train,0,2,2단계_부분_적응
3939,train,1,1,1단계_완전_소외
3940,train,2,3,3단계_자립_적응
3941,train,0,2,2단계_부분_적응
3942,train,0,2,2단계_부분_적응
3943,train,1,1,1단계_완전_소외
3944,train,2,3,3단계_자립_적응
3945,train,1,1,1단계_완전_소외
3946,train,0,2,2단계_부분_적응
3947,train,2,3,3단계_자립_적응
3948,train,0,2,2단계_부분_적응
3949,train,0,2,2단계_부분_적응
3950,train,1,1,1단계_완전_소외
3951,train,0,2,2단계_부분_적응
3952,train,1,1,1단계_완전_소외
3953,train,0,2,2단계_부분_적응
3954,train,2,3,3단계_자립_적응
3955,train,1,1,1단계_완전_소외
3956,train,0,2,2단계_부분_적응
3957,train,0,2,2단계_부분_적응
3958,train,1,1,1단계_완전_소외
3959,train,0,2,2단계_부분_적응
3960,train,0,2,2단계_부분_적응
3961,train,2,3,3단계_자립_적응
3962,train,1,1,1단계_완전_소외
3963,train,2,3,3단계_자립_적응
3964,train,2,3,3단계_자립_적응
3965,train,1,1,1단계_완전_소외
3966,train,1,1,1단계_완전_소외
3967,train,2,3,3단계_자립_적응
3968,train,1,1,1단계_완전_소외
3969,train,0,2,2단계_부분_적응
3970,train,1,1,1단계_완전_소외
3971,train,1,1,1단계_완전_소외
3972,train,2,3,3단계_자립_적응
3973,train,0,2,2단계_부분_적응
3974,train,2,3,3단계_자립_적응
3975,train,2,3,3단계_자립_적응
3976,train,1,1,1단계_완전_소외
3977,train,0,2,2단계_부분_적응
3978,train,2,3,3단계_자립_적응
3979,train,1,1,1단계_완전_소외
3980,train,1,1,1단계_완전_소외
3981,train,1,1,1단계_완전_소외
3982,train,1,1,1단계_완전_소외
3983,train,1,1,1단계_완전_소외
3984,train,1,1,1단계_완전_소외
3985,train,2,3,3단계_자립_적응
3986,train,2,3,3단계_자립_적응
3987,train,2,3,3단계_자립_적응
3988,train,2,3,3단계_자립_적응
3989,train,0,2,2단계_부분_적응
3990,train,2,3,3단계_자립_적응
3991,train,1,1,1단계_완전_소외
3992,train,2,3,3단계_자립_적응
3993,train,2,3,3단계_자립_적응
3994,train,0,2,2단계_부분_적응
3995,train,0,2,2단계_부분_적응
3996,train,2,3,3단계_자립_적응
3997,train,0,2,2단계_부분_적응
3998,train,0,2,2단계_부분_적응
3999,train,1,1,1단계_완전_소외
4000,train,2,3,3단계_자립_적응
4001,train,0,2,2단계_부분_적응
4002,train,1,1,1단계_완전_소외
4003,train,0,2,2단계_부분_적응
4004,train,0,2,2단계_부분_적응
4005,train,0,2,2단계_부분_적응
4006,train,2,3,3단계_자립_적응
4007,train,0,2,2단계_부분_적응
4008,train,2,3,3단계_자립_적응
4009,train,2,3,3단계_자립_적응
4010,train,2,3,3단계_자립_적응
4011,train,0,2,2단계_부분_적응
4012,train,0,2,2단계_부분_적응
4013,train,1,1,1단계_완전_소외
4014,train,2,3,3단계_자립_적응
4015,train,1,1,1단계_완전_소외
4016,train,2,3,3단계_자립_적응
4017,train,0,2,2단계_부분_적응
4018,train,1,1,1단계_완전_소외
4019,train,2,3,3단계_자립_적응
4020,train,2,3,3단계_자립_적응
4021,train,0,2,2단계_부분_적응
4022,train,1,1,1단계_완전_소외
4023,train,0,2,2단계_부분_적응
4024,train,2,3,3단계_자립_적응
4025,train,2,3,3단계_자립_적응
4026,train,2,3,3단계_자립_적응
4027,train,1,1,1단계_완전_소외
4028,train,2,3,3단계_자립_적응
4029,train,2,3,3단계_자립_적응
4030,train,1,1,1단계_완전_소외
4031,train,1,1,1단계_완전_소외
4032,train,1,1,1단계_완전_소외
4033,train,0,2,2단계_부분_적응
4034,train,1,1,1단계_완전_소외
4035,train,2,3,3단계_자립_적응
4036,train,0,2,2단계_부분_적응
4037,train,1,1,1단계_완전_소외
4038,train,1,1,1단계_완전_소외
4039,train,0,2,2단계_부분_적응
4040,train,2,3,3단계_자립_적응
4041,train,1,1,1단계_완전_소외
4042,train,0,2,2단계_부분_적응
4043,train,0,2,2단계_부분_적응
4044,train,0,2,2단계_부분_적응
4045,train,1,1,1단계_완전_소외
4046,train,1,1,1단계_완전_소외
4047,train,1,1,1단계_완전_소외
4048,train,1,1,1단계_완전_소외
4049,train,2,3,3단계_자립_적응
4050,train,1,1,1단계_완전_소외
4051,train,2,3,3단계_자립_적응
4052,train,0,2,2단계_부분_적응
4053,train,1,1,1단계_완전_소외
4054,train,2,3,3단계_자립_적응
4055,train,1,1,1단계_완전_소외
4056,train,1,1,1단계_완전_소외
4057,train,1,1,1단계_완전_소외
4058,train,2,3,3단계_자립_적응
4059,train,0,2,2단계_부분_적응
4060,train,2,3,3단계_자립_적응
4061,train,1,1,1단계_완전_소외
4062,train,1,1,1단계_완전_소외
4063,train,2,3,3단계_자립_적응
4064,train,0,2,2단계_부분_적응
4065,train,2,3,3단계_자립_적응
4066,train,1,1,1단계_완전_소외
4067,train,2,3,3단계_자립_적응
4068,train,2,3,3단계_자립_적응
4069,train,2,3,3단계_자립_적응
4070,train,0,2,2단계_부분_적응
4071,train,0,2,2단계_부분_적응
4072,train,0,2,2단계_부분_적응
4073,train,0,2,2단계_부분_적응
4074,train,0,2,2단계_부분_적응
4075,train,1,1,1단계_완전_소외
4076,train,1,1,1단계_완전_소외
4077,train,1,1,1단계_완전_소외
4078,train,1,1,1단계_완전_소외
4079,train,1,1,1단계_완전_소외
4080,train,1,1,1단계_완전_소외
4081,train,0,2,2단계_부분_적응
4082,train,1,1,1단계_완전_소외
4083,train,2,3,3단계_자립_적응
4084,train,1,1,1단계_완전_소외
4085,train,1,1,1단계_완전_소외
4086,train,2,3,3단계_자립_적응
4087,train,2,3,3단계_자립_적응
4088,train,0,2,2단계_부분_적응
4089,train,1,1,1단계_완전_소외
4090,train,2,3,3단계_자립_적응
4091,train,1,1,1단계_완전_소외
4092,train,1,1,1단계_완전_소외
4093,train,0,2,2단계_부분_적응
4094,train,1,1,1단계_완전_소외
4095,train,0,2,2단계_부분_적응
4096,train,1,1,1단계_완전_소외
4097,train,1,1,1단계_완전_소외
4098,train,0,2,2단계_부분_적응
4099,train,2,3,3단계_자립_적응
4100,train,2,3,3단계_자립_적응
4101,train,0,2,2단계_부분_적응
4102,train,1,1,1단계_완전_소외
4103,train,2,3,3단계_자립_적응
4104,train,0,2,2단계_부분_적응
4105,train,0,2,2단계_부분_적응
4106,train,0,2,2단계_부분_적응
4107,train,0,2,2단계_부분_적응
4108,train,2,3,3단계_자립_적응
4109,train,1,1,1단계_완전_소외
4110,train,2,3,3단계_자립_적응
4111,train,2,3,3단계_자립_적응
4112,train,1,1,1단계_완전_소외
4113,train,1,1,1단계_완전_소외
4114,train,2,3,3단계_자립_적응
4115,train,2,3,3단계_자립_적응
4116,train,1,1,1단계_완전_소외
4117,train,2,3,3단계_자립_적응
4118,train,1,1,1단계_완전_소외
4119,train,1,1,1단계_완전_소외
4120,train,2,3,3단계_자립_적응
4121,train,2,3,3단계_자립_적응
4122,train,2,3,3단계_자립_적응
4123,train,1,1,1단계_완전_소외
4124,train,0,2,2단계_부분_적응
4125,train,2,3,3단계_자립_적응
4126,train,2,3,3단계_자립_적응
4127,train,0,2,2단계_부분_적응
4128,train,1,1,1단계_완전_소외
4129,train,2,3,3단계_자립_적응
4130,train,2,3,3단계_자립_적응
4131,train,0,2,2단계_부분_적응
4132,train,0,2,2단계_부분_적응
4133,train,0,2,2단계_부분_적응
4134,train,1,1,1단계_완전_소외
4135,train,0,2,2단계_부분_적응
4136,train,0,2,2단계_부분_적응
4137,train,1,1,1단계_완전_소외
4138,train,2,3,3단계_자립_적응
4139,train,1,1,1단계_완전_소외
4140,train,1,1,1단계_완전_소외
4141,train,1,1,1단계_완전_소외
4142,train,2,3,3단계_자립_적응
4143,train,0,2,2단계_부분_적응
4144,train,0,2,2단계_부분_적응
4145,train,0,2,2단계_부분_적응
4146,train,1,1,1단계_완전_소외
4147,train,1,1,1단계_완전_소외
4148,train,1,1,1단계_완전_소외
4149,train,0,2,2단계_부분_적응
4150,train,2,3,3단계_자립_적응
4151,train,0,2,2단계_부분_적응
4152,train,2,3,3단계_자립_적응
4153,train,2,3,3단계_자립_적응
4154,train,0,2,2단계_부분_적응
4155,train,2,3,3단계_자립_적응
4156,train,1,1,1단계_완전_소외
4157,train,2,3,3단계_자립_적응
4158,train,2,3,3단계_자립_적응
4159,train,1,1,1단계_완전_소외
4160,train,0,2,2단계_부분_적응
4161,train,2,3,3단계_자립_적응
4162,train,0,2,2단계_부분_적응
4163,train,0,2,2단계_부분_적응
4164,train,0,2,2단계_부분_적응
4165,train,1,1,1단계_완전_소외
4166,train,2,3,3단계_자립_적응
4167,train,1,1,1단계_완전_소외
4168,train,2,3,3단계_자립_적응
4169,train,0,2,2단계_부분_적응
4170,train,2,3,3단계_자립_적응
4171,train,1,1,1단계_완전_소외
4172,train,0,2,2단계_부분_적응
4173,train,1,1,1단계_완전_소외
4174,train,0,2,2단계_부분_적응
4175,train,0,2,2단계_부분_적응
4176,train,1,1,1단계_완전_소외
4177,train,1,1,1단계_완전_소외
4178,train,2,3,3단계_자립_적응
4179,train,0,2,2단계_부분_적응
4180,train,2,3,3단계_자립_적응
4181,train,0,2,2단계_부분_적응
4182,train,2,3,3단계_자립_적응
4183,train,1,1,1단계_완전_소외
4184,train,0,2,2단계_부분_적응
4185,train,0,2,2단계_부분_적응
4186,train,0,2,2단계_부분_적응
4187,train,2,3,3단계_자립_적응
4188,train,1,1,1단계_완전_소외
4189,train,1,1,1단계_완전_소외
4190,train,1,1,1단계_완전_소외
4191,train,0,2,2단계_부분_적응
4192,train,1,1,1단계_완전_소외
4193,train,0,2,2단계_부분_적응
4194,train,0,2,2단계_부분_적응
4195,train,0,2,2단계_부분_적응
4196,train,2,3,3단계_자립_적응
4197,train,2,3,3단계_자립_적응
4198,train,0,2,2단계_부분_적응
4199,train,0,2,2단계_부분_적응
4200,train,1,1,1단계_완전_소외
4201,train,0,2,2단계_부분_적응
4202,train,2,3,3단계_자립_적응
4203,train,0,2,2단계_부분_적응
4204,train,2,3,3단계_자립_적응
4205,train,0,2,2단계_부분_적응
4206,train,2,3,3단계_자립_적응
4207,train,2,3,3단계_자립_적응
4208,train,2,3,3단계_자립_적응
4209,train,2,3,3단계_자립_적응
4210,train,1,1,1단계_완전_소외
4211,train,2,3,3단계_자립_적응
4212,train,0,2,2단계_부분_적응
4213,train,1,1,1단계_완전_소외
4214,train,0,2,2단계_부분_적응
4215,train,0,2,2단계_부분_적응
4216,train,1,1,1단계_완전_소외
4217,train,2,3,3단계_자립_적응
4218,train,0,2,2단계_부분_적응
4219,train,0,2,2단계_부분_적응
4220,train,0,2,2단계_부분_적응
4221,train,2,3,3단계_자립_적응
4222,train,0,2,2단계_부분_적응
4223,train,0,2,2단계_부분_적응
4224,train,2,3,3단계_자립_적응
4225,train,0,2,2단계_부분_적응
4226,train,2,3,3단계_자립_적응
4227,train,2,3,3단계_자립_적응
4228,train,2,3,3단계_자립_적응
4229,train,1,1,1단계_완전_소외
4230,train,1,1,1단계_완전_소외
4231,train,2,3,3단계_자립_적응
4232,train,1,1,1단계_완전_소외
4233,train,0,2,2단계_부분_적응
4234,train,0,2,2단계_부분_적응
4235,train,1,1,1단계_완전_소외
4236,train,2,3,3단계_자립_적응
4237,train,0,2,2단계_부분_적응
4238,train,2,3,3단계_자립_적응
4239,train,1,1,1단계_완전_소외
4240,train,0,2,2단계_부분_적응
4241,train,2,3,3단계_자립_적응
4242,train,1,1,1단계_완전_소외
4243,train,2,3,3단계_자립_적응
4244,train,2,3,3단계_자립_적응
4245,train,1,1,1단계_완전_소외
4246,train,2,3,3단계_자립_적응
4247,train,2,3,3단계_자립_적응
4248,train,0,2,2단계_부분_적응
4249,train,2,3,3단계_자립_적응
4250,train,2,3,3단계_자립_적응
4251,train,0,2,2단계_부분_적응
4252,train,2,3,3단계_자립_적응
4253,train,1,1,1단계_완전_소외
4254,train,2,3,3단계_자립_적응
4255,train,0,2,2단계_부분_적응
4256,train,0,2,2단계_부분_적응
4257,train,1,1,1단계_완전_소외
4258,train,1,1,1단계_완전_소외
4259,train,0,2,2단계_부분_적응
4260,train,2,3,3단계_자립_적응
4261,train,2,3,3단계_자립_적응
4262,train,1,1,1단계_완전_소외
4263,train,1,1,1단계_완전_소외
4264,train,2,3,3단계_자립_적응
4265,train,0,2,2단계_부분_적응
4266,train,1,1,1단계_완전_소외
4267,train,1,1,1단계_완전_소외
4268,train,0,2,2단계_부분_적응
4269,train,1,1,1단계_완전_소외
4270,train,0,2,2단계_부분_적응
4271,train,1,1,1단계_완전_소외
4272,train,0,2,2단계_부분_적응
4273,train,2,3,3단계_자립_적응
4274,train,0,2,2단계_부분_적응
4275,train,0,2,2단계_부분_적응
4276,train,1,1,1단계_완전_소외
4277,train,0,2,2단계_부분_적응
4278,train,2,3,3단계_자립_적응
4279,train,2,3,3단계_자립_적응
4280,train,2,3,3단계_자립_적응
4281,train,1,1,1단계_완전_소외
4282,train,1,1,1단계_완전_소외
4283,train,1,1,1단계_완전_소외
4284,train,0,2,2단계_부분_적응
4285,train,0,2,2단계_부분_적응
4286,train,0,2,2단계_부분_적응
4287,train,2,3,3단계_자립_적응
4288,train,1,1,1단계_완전_소외
4289,train,0,2,2단계_부분_적응
4290,train,1,1,1단계_완전_소외
4291,train,0,2,2단계_부분_적응
4292,train,1,1,1단계_완전_소외
4293,train,2,3,3단계_자립_적응
4294,train,1,1,1단계_완전_소외
4295,train,2,3,3단계_자립_적응
4296,train,1,1,1단계_완전_소외
4297,train,0,2,2단계_부분_적응
4298,train,2,3,3단계_자립_적응
4299,train,2,3,3단계_자립_적응
4300,train,0,2,2단계_부분_적응
4301,train,1,1,1단계_완전_소외
4302,train,0,2,2단계_부분_적응
4303,train,0,2,2단계_부분_적응
4304,train,0,2,2단계_부분_적응
4305,train,2,3,3단계_자립_적응
4306,train,2,3,3단계_자립_적응
4307,train,0,2,2단계_부분_적응
4308,train,1,1,1단계_완전_소외
4309,train,0,2,2단계_부분_적응
4310,train,1,1,1단계_완전_소외
4311,train,2,3,3단계_자립_적응
4312,train,2,3,3단계_자립_적응
4313,train,1,1,1단계_완전_소외
4314,train,0,2,2단계_부분_적응
4315,train,1,1,1단계_완전_소외
4316,train,2,3,3단계_자립_적응
4317,train,2,3,3단계_자립_적응
4318,train,2,3,3단계_자립_적응
4319,train,1,1,1단계_완전_소외
4320,train,0,2,2단계_부분_적응
4321,train,2,3,3단계_자립_적응
4322,train,0,2,2단계_부분_적응
4323,train,1,1,1단계_완전_소외
4324,train,1,1,1단계_완전_소외
4325,train,1,1,1단계_완전_소외
4326,train,1,1,1단계_완전_소외
4327,train,0,2,2단계_부분_적응
4328,train,1,1,1단계_완전_소외
4329,train,0,2,2단계_부분_적응
4330,train,1,1,1단계_완전_소외
4331,train,2,3,3단계_자립_적응
4332,train,2,3,3단계_자립_적응
4333,train,2,3,3단계_자립_적응
4334,train,1,1,1단계_완전_소외
4335,train,0,2,2단계_부분_적응
4336,train,0,2,2단계_부분_적응
4337,train,0,2,2단계_부분_적응
4338,train,0,2,2단계_부분_적응
4339,train,2,3,3단계_자립_적응
4340,train,0,2,2단계_부분_적응
4341,train,0,2,2단계_부분_적응
4342,train,1,1,1단계_완전_소외
4343,train,1,1,1단계_완전_소외
4344,train,2,3,3단계_자립_적응
4345,train,1,1,1단계_완전_소외
4346,train,2,3,3단계_자립_적응
4347,train,0,2,2단계_부분_적응
4348,train,0,2,2단계_부분_적응
4349,train,1,1,1단계_완전_소외
4350,train,0,2,2단계_부분_적응
4351,train,2,3,3단계_자립_적응
4352,train,1,1,1단계_완전_소외
4353,train,0,2,2단계_부분_적응
4354,train,0,2,2단계_부분_적응
4355,train,2,3,3단계_자립_적응
4356,train,1,1,1단계_완전_소외
4357,train,2,3,3단계_자립_적응
4358,train,0,2,2단계_부분_적응
4359,train,1,1,1단계_완전_소외
4360,train,0,2,2단계_부분_적응
4361,train,0,2,2단계_부분_적응
4362,train,2,3,3단계_자립_적응
4363,train,1,1,1단계_완전_소외
4364,train,1,1,1단계_완전_소외
4365,train,1,1,1단계_완전_소외
4366,train,2,3,3단계_자립_적응
4367,train,1,1,1단계_완전_소외
4368,train,0,2,2단계_부분_적응
4369,train,2,3,3단계_자립_적응
4370,train,1,1,1단계_완전_소외
4371,train,0,2,2단계_부분_적응
4372,train,1,1,1단계_완전_소외
4373,train,0,2,2단계_부분_적응
4374,train,2,3,3단계_자립_적응
4375,train,2,3,3단계_자립_적응
4376,train,1,1,1단계_완전_소외
4377,train,2,3,3단계_자립_적응
4378,train,1,1,1단계_완전_소외
4379,train,1,1,1단계_완전_소외
4380,train,0,2,2단계_부분_적응
4381,train,1,1,1단계_완전_소외
4382,train,2,3,3단계_자립_적응
4383,train,0,2,2단계_부분_적응
4384,train,0,2,2단계_부분_적응
4385,train,0,2,2단계_부분_적응
4386,train,2,3,3단계_자립_적응
4387,train,1,1,1단계_완전_소외
4388,train,0,2,2단계_부분_적응
4389,train,2,3,3단계_자립_적응
4390,train,0,2,2단계_부분_적응
4391,train,0,2,2단계_부분_적응
4392,train,0,2,2단계_부분_적응
4393,train,0,2,2단계_부분_적응
4394,train,2,3,3단계_자립_적응
4395,train,0,2,2단계_부분_적응
4396,train,0,2,2단계_부분_적응
4397,train,0,2,2단계_부분_적응
4398,train,1,1,1단계_완전_소외
4399,train,1,1,1단계_완전_소외
4400,train,0,2,2단계_부분_적응
4401,train,0,2,2단계_부분_적응
4402,train,2,3,3단계_자립_적응
4403,train,1,1,1단계_완전_소외
4404,train,1,1,1단계_완전_소외
4405,train,0,2,2단계_부분_적응
4406,train,2,3,3단계_자립_적응
4407,train,0,2,2단계_부분_적응
4408,train,1,1,1단계_완전_소외
4409,train,1,1,1단계_완전_소외
4410,train,0,2,2단계_부분_적응
4411,train,0,2,2단계_부분_적응
4412,train,0,2,2단계_부분_적응
4413,train,0,2,2단계_부분_적응
4414,train,1,1,1단계_완전_소외
4415,train,0,2,2단계_부분_적응
4416,train,2,3,3단계_자립_적응
4417,train,1,1,1단계_완전_소외
4418,train,1,1,1단계_완전_소외
4419,train,0,2,2단계_부분_적응
4420,train,0,2,2단계_부분_적응
4421,train,0,2,2단계_부분_적응
4422,train,2,3,3단계_자립_적응
4423,train,0,2,2단계_부분_적응
4424,train,0,2,2단계_부분_적응
4425,train,1,1,1단계_완전_소외
4426,train,1,1,1단계_완전_소외
4427,train,2,3,3단계_자립_적응
4428,train,2,3,3단계_자립_적응
4429,train,0,2,2단계_부분_적응
4430,train,2,3,3단계_자립_적응
4431,train,1,1,1단계_완전_소외
4432,train,0,2,2단계_부분_적응
4433,train,2,3,3단계_자립_적응
4434,train,1,1,1단계_완전_소외
4435,train,2,3,3단계_자립_적응
4436,train,1,1,1단계_완전_소외
4437,train,0,2,2단계_부분_적응
4438,train,0,2,2단계_부분_적응
4439,train,1,1,1단계_완전_소외
4440,train,0,2,2단계_부분_적응
4441,train,0,2,2단계_부분_적응
4442,train,0,2,2단계_부분_적응
4443,train,0,2,2단계_부분_적응
4444,train,1,1,1단계_완전_소외
4445,train,0,2,2단계_부분_적응
4446,train,0,2,2단계_부분_적응
4447,train,2,3,3단계_자립_적응
4448,train,2,3,3단계_자립_적응
4449,train,1,1,1단계_완전_소외
4450,train,1,1,1단계_완전_소외
4451,train,2,3,3단계_자립_적응
4452,train,2,3,3단계_자립_적응
4453,train,2,3,3단계_자립_적응
4454,train,0,2,2단계_부분_적응
4455,train,0,2,2단계_부분_적응
4456,train,1,1,1단계_완전_소외
4457,train,1,1,1단계_완전_소외
4458,train,0,2,2단계_부분_적응
4459,train,1,1,1단계_완전_소외
4460,train,0,2,2단계_부분_적응
4461,train,2,3,3단계_자립_적응
4462,train,2,3,3단계_자립_적응
4463,train,2,3,3단계_자립_적응
4464,train,1,1,1단계_완전_소외
4465,train,0,2,2단계_부분_적응
4466,train,1,1,1단계_완전_소외
4467,train,1,1,1단계_완전_소외
4468,train,0,2,2단계_부분_적응
4469,train,0,2,2단계_부분_적응
4470,train,0,2,2단계_부분_적응
4471,train,1,1,1단계_완전_소외
4472,train,1,1,1단계_완전_소외
4473,train,0,2,2단계_부분_적응
4474,train,1,1,1단계_완전_소외
4475,train,0,2,2단계_부분_적응
4476,train,2,3,3단계_자립_적응
4477,train,1,1,1단계_완전_소외
4478,train,0,2,2단계_부분_적응
4479,train,2,3,3단계_자립_적응
4480,train,0,2,2단계_부분_적응
4481,train,1,1,1단계_완전_소외
4482,train,1,1,1단계_완전_소외
4483,train,0,2,2단계_부분_적응
4484,train,1,1,1단계_완전_소외
4485,train,1,1,1단계_완전_소외
4486,train,0,2,2단계_부분_적응
4487,train,0,2,2단계_부분_적응
4488,train,2,3,3단계_자립_적응
4489,train,1,1,1단계_완전_소외
4490,train,0,2,2단계_부분_적응
4491,train,1,1,1단계_완전_소외
4492,train,0,2,2단계_부분_적응
4493,train,0,2,2단계_부분_적응
4494,train,2,3,3단계_자립_적응
4495,train,1,1,1단계_완전_소외
4496,train,1,1,1단계_완전_소외
4497,train,2,3,3단계_자립_적응
4498,train,1,1,1단계_완전_소외
4499,train,0,2,2단계_부분_적응
4500,train,2,3,3단계_자립_적응
4501,train,0,2,2단계_부분_적응
4502,train,2,3,3단계_자립_적응
4503,train,1,1,1단계_완전_소외
4504,train,1,1,1단계_완전_소외
4505,train,0,2,2단계_부분_적응
4506,train,0,2,2단계_부분_적응
4507,train,1,1,1단계_완전_소외
4508,train,1,1,1단계_완전_소외
4509,train,1,1,1단계_완전_소외
4510,train,1,1,1단계_완전_소외
4511,train,0,2,2단계_부분_적응
4512,train,0,2,2단계_부분_적응
4513,train,0,2,2단계_부분_적응
4514,train,1,1,1단계_완전_소외
4515,train,1,1,1단계_완전_소외
4516,train,0,2,2단계_부분_적응
4517,train,1,1,1단계_완전_소외
4518,train,2,3,3단계_자립_적응
4519,train,1,1,1단계_완전_소외
4520,train,0,2,2단계_부분_적응
4521,train,0,2,2단계_부분_적응
4522,train,2,3,3단계_자립_적응
4523,train,1,1,1단계_완전_소외
4524,train,2,3,3단계_자립_적응
4525,train,0,2,2단계_부분_적응
4526,train,0,2,2단계_부분_적응
4527,train,0,2,2단계_부분_적응
4528,train,0,2,2단계_부분_적응
4529,train,0,2,2단계_부분_적응
4530,train,1,1,1단계_완전_소외
4531,train,0,2,2단계_부분_적응
4532,train,2,3,3단계_자립_적응
4533,train,1,1,1단계_완전_소외
4534,train,1,1,1단계_완전_소외
4535,train,0,2,2단계_부분_적응
4536,train,1,1,1단계_완전_소외
4537,train,0,2,2단계_부분_적응
4538,train,1,1,1단계_완전_소외
4539,train,1,1,1단계_완전_소외
4540,train,0,2,2단계_부분_적응
4541,train,1,1,1단계_완전_소외
4542,train,1,1,1단계_완전_소외
4543,train,1,1,1단계_완전_소외
4544,train,0,2,2단계_부분_적응
4545,train,1,1,1단계_완전_소외
4546,train,2,3,3단계_자립_적응
4547,train,0,2,2단계_부분_적응
4548,train,0,2,2단계_부분_적응
4549,train,2,3,3단계_자립_적응
4550,train,1,1,1단계_완전_소외
4551,train,2,3,3단계_자립_적응
4552,train,0,2,2단계_부분_적응
4553,train,0,2,2단계_부분_적응
4554,train,0,2,2단계_부분_적응
4555,train,2,3,3단계_자립_적응
4556,train,0,2,2단계_부분_적응
4557,train,1,1,1단계_완전_소외
4558,train,0,2,2단계_부분_적응
4559,train,1,1,1단계_완전_소외
4560,train,2,3,3단계_자립_적응
4561,train,0,2,2단계_부분_적응
4562,train,2,3,3단계_자립_적응
4563,train,1,1,1단계_완전_소외
4564,train,0,2,2단계_부분_적응
4565,train,1,1,1단계_완전_소외
4566,train,2,3,3단계_자립_적응
4567,train,2,3,3단계_자립_적응
4568,train,1,1,1단계_완전_소외
4569,train,0,2,2단계_부분_적응
4570,train,1,1,1단계_완전_소외
4571,train,1,1,1단계_완전_소외
4572,train,2,3,3단계_자립_적응
4573,train,1,1,1단계_완전_소외
4574,train,1,1,1단계_완전_소외
4575,train,1,1,1단계_완전_소외
4576,train,0,2,2단계_부분_적응
4577,train,1,1,1단계_완전_소외
4578,train,1,1,1단계_완전_소외
4579,train,2,3,3단계_자립_적응
4580,train,1,1,1단계_완전_소외
4581,train,1,1,1단계_완전_소외
4582,train,0,2,2단계_부분_적응
4583,train,2,3,3단계_자립_적응
4584,train,2,3,3단계_자립_적응
4585,train,2,3,3단계_자립_적응
4586,train,2,3,3단계_자립_적응
4587,train,2,3,3단계_자립_적응
4588,train,2,3,3단계_자립_적응
4589,train,2,3,3단계_자립_적응
4590,train,2,3,3단계_자립_적응
4591,train,0,2,2단계_부분_적응
4592,train,0,2,2단계_부분_적응
4593,train,0,2,2단계_부분_적응
4594,train,0,2,2단계_부분_적응
4595,train,2,3,3단계_자립_적응
4596,train,2,3,3단계_자립_적응
4597,train,1,1,1단계_완전_소외
4598,train,1,1,1단계_완전_소외
4599,train,1,1,1단계_완전_소외
4600,train,0,2,2단계_부분_적응
4601,train,1,1,1단계_완전_소외
4602,train,2,3,3단계_자립_적응
4603,train,0,2,2단계_부분_적응
4604,train,1,1,1단계_완전_소외
4605,train,2,3,3단계_자립_적응
4606,train,0,2,2단계_부분_적응
4607,train,0,2,2단계_부분_적응
4608,train,1,1,1단계_완전_소외
4609,train,0,2,2단계_부분_적응
4610,train,0,2,2단계_부분_적응
4611,train,1,1,1단계_완전_소외
4612,train,1,1,1단계_완전_소외
4613,train,0,2,2단계_부분_적응
4614,train,2,3,3단계_자립_적응
4615,train,0,2,2단계_부분_적응
4616,train,0,2,2단계_부분_적응
4617,train,0,2,2단계_부분_적응
4618,train,2,3,3단계_자립_적응
4619,train,1,1,1단계_완전_소외
4620,train,0,2,2단계_부분_적응
4621,train,0,2,2단계_부분_적응
4622,train,0,2,2단계_부분_적응
4623,train,0,2,2단계_부분_적응
4624,train,0,2,2단계_부분_적응
4625,train,1,1,1단계_완전_소외
4626,train,0,2,2단계_부분_적응
4627,train,1,1,1단계_완전_소외
4628,train,0,2,2단계_부분_적응
4629,train,1,1,1단계_완전_소외
4630,train,2,3,3단계_자립_적응
4631,train,1,1,1단계_완전_소외
4632,train,2,3,3단계_자립_적응
4633,train,1,1,1단계_완전_소외
4634,train,2,3,3단계_자립_적응
4635,train,1,1,1단계_완전_소외
4636,train,0,2,2단계_부분_적응
4637,train,2,3,3단계_자립_적응
4638,train,2,3,3단계_자립_적응
4639,train,1,1,1단계_완전_소외
4640,train,0,2,2단계_부분_적응
4641,train,0,2,2단계_부분_적응
4642,train,1,1,1단계_완전_소외
4643,train,0,2,2단계_부분_적응
4644,train,1,1,1단계_완전_소외
4645,train,2,3,3단계_자립_적응
4646,train,0,2,2단계_부분_적응
4647,train,0,2,2단계_부분_적응
4648,train,0,2,2단계_부분_적응
4649,train,2,3,3단계_자립_적응
4650,train,1,1,1단계_완전_소외
4651,train,2,3,3단계_자립_적응
4652,train,2,3,3단계_자립_적응
4653,train,0,2,2단계_부분_적응
4654,train,2,3,3단계_자립_적응
4655,train,1,1,1단계_완전_소외
4656,train,0,2,2단계_부분_적응
4657,train,0,2,2단계_부분_적응
4658,train,0,2,2단계_부분_적응
4659,train,1,1,1단계_완전_소외
4660,train,0,2,2단계_부분_적응
4661,train,0,2,2단계_부분_적응
4662,train,2,3,3단계_자립_적응
4663,train,2,3,3단계_자립_적응
4664,train,1,1,1단계_완전_소외
4665,train,0,2,2단계_부분_적응
4666,train,2,3,3단계_자립_적응
4667,train,0,2,2단계_부분_적응
4668,train,1,1,1단계_완전_소외
4669,train,2,3,3단계_자립_적응
4670,train,2,3,3단계_자립_적응
4671,train,1,1,1단계_완전_소외
4672,train,1,1,1단계_완전_소외
4673,train,1,1,1단계_완전_소외
4674,train,0,2,2단계_부분_적응
4675,train,2,3,3단계_자립_적응
4676,train,2,3,3단계_자립_적응
4677,train,2,3,3단계_자립_적응
4678,train,1,1,1단계_완전_소외
4679,train,0,2,2단계_부분_적응
4680,train,2,3,3단계_자립_적응
4681,train,0,2,2단계_부분_적응
4682,train,1,1,1단계_완전_소외
4683,train,2,3,3단계_자립_적응
4684,train,0,2,2단계_부분_적응
4685,train,0,2,2단계_부분_적응
4686,train,0,2,2단계_부분_적응
4687,train,0,2,2단계_부분_적응
4688,train,1,1,1단계_완전_소외
4689,train,2,3,3단계_자립_적응
4690,train,0,2,2단계_부분_적응
4691,train,1,1,1단계_완전_소외
4692,train,0,2,2단계_부분_적응
4693,train,1,1,1단계_완전_소외
4694,train,2,3,3단계_자립_적응
4695,train,0,2,2단계_부분_적응
4696,train,2,3,3단계_자립_적응
4697,train,0,2,2단계_부분_적응
4698,train,0,2,2단계_부분_적응
4699,train,1,1,1단계_완전_소외
4700,train,0,2,2단계_부분_적응
4701,train,1,1,1단계_완전_소외
4702,train,0,2,2단계_부분_적응
4703,train,2,3,3단계_자립_적응
4704,train,1,1,1단계_완전_소외
4705,train,1,1,1단계_완전_소외
4706,train,0,2,2단계_부분_적응
4707,train,1,1,1단계_완전_소외
4708,train,1,1,1단계_완전_소외
4709,train,1,1,1단계_완전_소외
4710,train,1,1,1단계_완전_소외
4711,train,1,1,1단계_완전_소외
4712,train,0,2,2단계_부분_적응
4713,train,2,3,3단계_자립_적응
4714,train,0,2,2단계_부분_적응
4715,train,1,1,1단계_완전_소외
4716,train,0,2,2단계_부분_적응
4717,train,1,1,1단계_완전_소외
4718,train,0,2,2단계_부분_적응
4719,train,2,3,3단계_자립_적응
4720,train,0,2,2단계_부분_적응
4721,train,1,1,1단계_완전_소외
4722,train,2,3,3단계_자립_적응
4723,train,0,2,2단계_부분_적응
4724,train,1,1,1단계_완전_소외
4725,train,2,3,3단계_자립_적응
4726,train,2,3,3단계_자립_적응
4727,train,2,3,3단계_자립_적응
4728,train,2,3,3단계_자립_적응
4729,train,1,1,1단계_완전_소외
4730,train,1,1,1단계_완전_소외
4731,train,0,2,2단계_부분_적응
4732,train,0,2,2단계_부분_적응
4733,train,1,1,1단계_완전_소외
4734,train,1,1,1단계_완전_소외
4735,train,1,1,1단계_완전_소외
4736,train,0,2,2단계_부분_적응
4737,train,0,2,2단계_부분_적응
4738,train,0,2,2단계_부분_적응
4739,train,1,1,1단계_완전_소외
4740,train,1,1,1단계_완전_소외
4741,train,2,3,3단계_자립_적응
4742,train,2,3,3단계_자립_적응
4743,train,1,1,1단계_완전_소외
4744,train,0,2,2단계_부분_적응
4745,train,0,2,2단계_부분_적응
4746,train,1,1,1단계_완전_소외
4747,train,2,3,3단계_자립_적응
4748,train,1,1,1단계_완전_소외
4749,train,0,2,2단계_부분_적응
4750,train,2,3,3단계_자립_적응
4751,train,1,1,1단계_완전_소외
4752,train,1,1,1단계_완전_소외
4753,train,1,1,1단계_완전_소외
4754,train,0,2,2단계_부분_적응
4755,train,1,1,1단계_완전_소외
4756,train,0,2,2단계_부분_적응
4757,train,2,3,3단계_자립_적응
4758,train,0,2,2단계_부분_적응
4759,train,0,2,2단계_부분_적응
4760,train,1,1,1단계_완전_소외
4761,train,2,3,3단계_자립_적응
4762,train,1,1,1단계_완전_소외
4763,train,0,2,2단계_부분_적응
4764,train,2,3,3단계_자립_적응
4765,train,0,2,2단계_부분_적응
4766,train,0,2,2단계_부분_적응
4767,train,1,1,1단계_완전_소외
4768,train,0,2,2단계_부분_적응
4769,train,1,1,1단계_완전_소외
4770,train,2,3,3단계_자립_적응
4771,train,0,2,2단계_부분_적응
4772,train,1,1,1단계_완전_소외
4773,train,0,2,2단계_부분_적응
4774,train,0,2,2단계_부분_적응
4775,train,1,1,1단계_완전_소외
4776,train,2,3,3단계_자립_적응
4777,train,0,2,2단계_부분_적응
4778,train,0,2,2단계_부분_적응
4779,train,0,2,2단계_부분_적응
4780,train,0,2,2단계_부분_적응
4781,train,1,1,1단계_완전_소외
4782,train,2,3,3단계_자립_적응
4783,train,2,3,3단계_자립_적응
4784,train,2,3,3단계_자립_적응
4785,train,0,2,2단계_부분_적응
4786,train,0,2,2단계_부분_적응
4787,train,0,2,2단계_부분_적응
4788,train,1,1,1단계_완전_소외
4789,train,2,3,3단계_자립_적응
4790,train,1,1,1단계_완전_소외
4791,train,0,2,2단계_부분_적응
4792,train,0,2,2단계_부분_적응
4793,train,0,2,2단계_부분_적응
4794,train,0,2,2단계_부분_적응
4795,train,0,2,2단계_부분_적응
4796,train,1,1,1단계_완전_소외
4797,train,1,1,1단계_완전_소외
4798,train,2,3,3단계_자립_적응
4799,train,0,2,2단계_부분_적응
4800,train,0,2,2단계_부분_적응
4801,train,2,3,3단계_자립_적응
4802,train,0,2,2단계_부분_적응
4803,train,1,1,1단계_완전_소외
4804,train,2,3,3단계_자립_적응
4805,train,0,2,2단계_부분_적응
4806,train,2,3,3단계_자립_적응
4807,train,1,1,1단계_완전_소외
4808,train,0,2,2단계_부분_적응
4809,train,0,2,2단계_부분_적응
4810,train,1,1,1단계_완전_소외
4811,train,0,2,2단계_부분_적응
4812,train,0,2,2단계_부분_적응
4813,train,0,2,2단계_부분_적응
4814,train,2,3,3단계_자립_적응
4815,train,1,1,1단계_완전_소외
4816,train,1,1,1단계_완전_소외
4817,train,2,3,3단계_자립_적응
4818,train,0,2,2단계_부분_적응
4819,train,2,3,3단계_자립_적응
4820,train,1,1,1단계_완전_소외
4821,train,1,1,1단계_완전_소외
4822,train,1,1,1단계_완전_소외
4823,train,2,3,3단계_자립_적응
4824,train,1,1,1단계_완전_소외
4825,train,0,2,2단계_부분_적응
4826,train,0,2,2단계_부분_적응
4827,train,0,2,2단계_부분_적응
4828,train,0,2,2단계_부분_적응
4829,train,1,1,1단계_완전_소외
4830,train,1,1,1단계_완전_소외
4831,train,1,1,1단계_완전_소외
4832,train,2,3,3단계_자립_적응
4833,train,0,2,2단계_부분_적응
4834,train,0,2,2단계_부분_적응
4835,train,2,3,3단계_자립_적응
4836,train,1,1,1단계_완전_소외
4837,train,0,2,2단계_부분_적응
4838,train,2,3,3단계_자립_적응
4839,train,1,1,1단계_완전_소외
4840,train,0,2,2단계_부분_적응
4841,train,1,1,1단계_완전_소외
4842,train,2,3,3단계_자립_적응
4843,train,1,1,1단계_완전_소외
4844,train,0,2,2단계_부분_적응
4845,train,1,1,1단계_완전_소외
4846,train,0,2,2단계_부분_적응
4847,train,1,1,1단계_완전_소외
4848,train,2,3,3단계_자립_적응
4849,train,2,3,3단계_자립_적응
4850,train,0,2,2단계_부분_적응
4851,train,2,3,3단계_자립_적응
4852,train,1,1,1단계_완전_소외
4853,train,1,1,1단계_완전_소외
4854,train,0,2,2단계_부분_적응
4855,train,0,2,2단계_부분_적응
4856,train,2,3,3단계_자립_적응
4857,train,1,1,1단계_완전_소외
4858,train,2,3,3단계_자립_적응
4859,train,2,3,3단계_자립_적응
4860,train,0,2,2단계_부분_적응
4861,train,2,3,3단계_자립_적응
4862,train,1,1,1단계_완전_소외
4863,train,0,2,2단계_부분_적응
4864,train,1,1,1단계_완전_소외
4865,train,2,3,3단계_자립_적응
4866,train,1,1,1단계_완전_소외
4867,train,2,3,3단계_자립_적응
4868,train,1,1,1단계_완전_소외
4869,train,2,3,3단계_자립_적응
4870,train,0,2,2단계_부분_적응
4871,train,1,1,1단계_완전_소외
4872,train,0,2,2단계_부분_적응
4873,train,2,3,3단계_자립_적응
4874,train,1,1,1단계_완전_소외
4875,train,1,1,1단계_완전_소외
4876,train,2,3,3단계_자립_적응
4877,train,0,2,2단계_부분_적응
4878,train,1,1,1단계_완전_소외
4879,train,1,1,1단계_완전_소외
4880,train,1,1,1단계_완전_소외
4881,train,1,1,1단계_완전_소외
4882,train,0,2,2단계_부분_적응
4883,train,2,3,3단계_자립_적응
4884,train,0,2,2단계_부분_적응
4885,train,0,2,2단계_부분_적응
4886,train,0,2,2단계_부분_적응
4887,train,2,3,3단계_자립_적응
4888,train,0,2,2단계_부분_적응
4889,train,0,2,2단계_부분_적응
4890,train,1,1,1단계_완전_소외
4891,train,2,3,3단계_자립_적응
4892,train,1,1,1단계_완전_소외
4893,train,2,3,3단계_자립_적응
4894,train,0,2,2단계_부분_적응
4895,train,1,1,1단계_완전_소외
4896,train,1,1,1단계_완전_소외
4897,train,2,3,3단계_자립_적응
4898,train,0,2,2단계_부분_적응
4899,train,2,3,3단계_자립_적응
4900,train,2,3,3단계_자립_적응
4901,train,2,3,3단계_자립_적응
4902,train,1,1,1단계_완전_소외
4903,train,1,1,1단계_완전_소외
4904,train,1,1,1단계_완전_소외
4905,train,2,3,3단계_자립_적응
4906,train,0,2,2단계_부분_적응
4907,train,2,3,3단계_자립_적응
4908,train,2,3,3단계_자립_적응
4909,train,1,1,1단계_완전_소외
4910,train,2,3,3단계_자립_적응
4911,train,2,3,3단계_자립_적응
4912,train,1,1,1단계_완전_소외
4913,train,2,3,3단계_자립_적응
4914,train,2,3,3단계_자립_적응
4915,train,2,3,3단계_자립_적응
4916,train,2,3,3단계_자립_적응
4917,train,0,2,2단계_부분_적응
4918,train,2,3,3단계_자립_적응
4919,train,1,1,1단계_완전_소외
4920,train,1,1,1단계_완전_소외
4921,train,1,1,1단계_완전_소외
4922,train,0,2,2단계_부분_적응
4923,train,0,2,2단계_부분_적응
4924,train,0,2,2단계_부분_적응
4925,train,2,3,3단계_자립_적응
4926,train,2,3,3단계_자립_적응
4927,train,2,3,3단계_자립_적응
4928,train,1,1,1단계_완전_소외
4929,train,2,3,3단계_자립_적응
4930,train,2,3,3단계_자립_적응
4931,train,0,2,2단계_부분_적응
4932,train,0,2,2단계_부분_적응
4933,train,1,1,1단계_완전_소외
4934,train,1,1,1단계_완전_소외
4935,train,1,1,1단계_완전_소외
4936,train,1,1,1단계_완전_소외
4937,train,1,1,1단계_완전_소외
4938,train,0,2,2단계_부분_적응
4939,train,0,2,2단계_부분_적응
4940,train,0,2,2단계_부분_적응
4941,train,0,2,2단계_부분_적응
4942,train,1,1,1단계_완전_소외
4943,train,1,1,1단계_완전_소외
4944,train,1,1,1단계_완전_소외
4945,train,1,1,1단계_완전_소외
4946,train,2,3,3단계_자립_적응
4947,train,0,2,2단계_부분_적응
4948,train,0,2,2단계_부분_적응
4949,train,2,3,3단계_자립_적응
4950,train,1,1,1단계_완전_소외
4951,train,0,2,2단계_부분_적응
4952,train,2,3,3단계_자립_적응
4953,train,0,2,2단계_부분_적응
4954,train,2,3,3단계_자립_적응
4955,train,2,3,3단계_자립_적응
4956,train,2,3,3단계_자립_적응
4957,train,2,3,3단계_자립_적응
4958,train,2,3,3단계_자립_적응
4959,train,1,1,1단계_완전_소외
4960,train,1,1,1단계_완전_소외
4961,train,0,2,2단계_부분_적응
4962,train,1,1,1단계_완전_소외
4963,train,0,2,2단계_부분_적응
4964,train,0,2,2단계_부분_적응
4965,train,0,2,2단계_부분_적응
4966,train,2,3,3단계_자립_적응
4967,train,0,2,2단계_부분_적응
4968,train,1,1,1단계_완전_소외
4969,train,1,1,1단계_완전_소외
4970,train,2,3,3단계_자립_적응
4971,train,1,1,1단계_완전_소외
4972,train,1,1,1단계_완전_소외
4973,train,0,2,2단계_부분_적응
4974,train,2,3,3단계_자립_적응
4975,train,0,2,2단계_부분_적응
4976,train,1,1,1단계_완전_소외
4977,train,1,1,1단계_완전_소외
4978,train,2,3,3단계_자립_적응
4979,train,2,3,3단계_자립_적응
4980,train,0,2,2단계_부분_적응
4981,train,1,1,1단계_완전_소외
4982,train,2,3,3단계_자립_적응
4983,train,2,3,3단계_자립_적응
4984,train,1,1,1단계_완전_소외
4985,train,0,2,2단계_부분_적응
4986,train,1,1,1단계_완전_소외
4987,train,0,2,2단계_부분_적응
4988,train,1,1,1단계_완전_소외
4989,train,1,1,1단계_완전_소외
4990,train,0,2,2단계_부분_적응
4991,train,1,1,1단계_완전_소외
4992,train,2,3,3단계_자립_적응
4993,train,2,3,3단계_자립_적응
4994,train,0,2,2단계_부분_적응
4995,train,0,2,2단계_부분_적응
4996,train,2,3,3단계_자립_적응
4997,train,0,2,2단계_부분_적응
4998,train,0,2,2단계_부분_적응
4999,train,1,1,1단계_완전_소외
5000,train,0,2,2단계_부분_적응
5001,train,1,1,1단계_완전_소외
5002,train,1,1,1단계_완전_소외
5003,train,2,3,3단계_자립_적응
5004,train,2,3,3단계_자립_적응
5005,train,1,1,1단계_완전_소외
5006,train,1,1,1단계_완전_소외
5007,train,1,1,1단계_완전_소외
5008,train,1,1,1단계_완전_소외
5009,train,1,1,1단계_완전_소외
5010,train,1,1,1단계_완전_소외
5011,train,0,2,2단계_부분_적응
5012,train,2,3,3단계_자립_적응
5013,train,0,2,2단계_부분_적응
5014,train,1,1,1단계_완전_소외
5015,train,0,2,2단계_부분_적응
5016,train,0,2,2단계_부분_적응
5017,train,0,2,2단계_부분_적응
5018,train,1,1,1단계_완전_소외
5019,train,2,3,3단계_자립_적응
5020,train,2,3,3단계_자립_적응
5021,train,1,1,1단계_완전_소외
5022,train,0,2,2단계_부분_적응
5023,train,2,3,3단계_자립_적응
5024,train,0,2,2단계_부분_적응
5025,train,0,2,2단계_부분_적응
5026,train,1,1,1단계_완전_소외
5027,train,1,1,1단계_완전_소외
5028,train,2,3,3단계_자립_적응
5029,train,0,2,2단계_부분_적응
5030,train,1,1,1단계_완전_소외
5031,train,1,1,1단계_완전_소외
5032,train,0,2,2단계_부분_적응
5033,train,1,1,1단계_완전_소외
5034,train,0,2,2단계_부분_적응
5035,train,2,3,3단계_자립_적응
5036,train,1,1,1단계_완전_소외
5037,train,2,3,3단계_자립_적응
5038,train,2,3,3단계_자립_적응
5039,train,1,1,1단계_완전_소외
5040,train,1,1,1단계_완전_소외
5041,train,0,2,2단계_부분_적응
5042,train,2,3,3단계_자립_적응
5043,train,2,3,3단계_자립_적응
5044,train,0,2,2단계_부분_적응
5045,train,0,2,2단계_부분_적응
5046,train,2,3,3단계_자립_적응
5047,train,2,3,3단계_자립_적응
5048,train,2,3,3단계_자립_적응
5049,train,0,2,2단계_부분_적응
5050,train,0,2,2단계_부분_적응
5051,train,0,2,2단계_부분_적응
5052,train,1,1,1단계_완전_소외
5053,train,0,2,2단계_부분_적응
5054,train,0,2,2단계_부분_적응
5055,train,1,1,1단계_완전_소외
5056,train,1,1,1단계_완전_소외
5057,train,1,1,1단계_완전_소외
5058,train,1,1,1단계_완전_소외
5059,train,0,2,2단계_부분_적응
5060,train,1,1,1단계_완전_소외
5061,train,1,1,1단계_완전_소외
5062,train,1,1,1단계_완전_소외
5063,train,1,1,1단계_완전_소외
5064,train,1,1,1단계_완전_소외
5065,train,0,2,2단계_부분_적응
5066,train,2,3,3단계_자립_적응
5067,train,2,3,3단계_자립_적응
5068,train,0,2,2단계_부분_적응
5069,train,0,2,2단계_부분_적응
5070,train,1,1,1단계_완전_소외
5071,train,0,2,2단계_부분_적응
5072,train,0,2,2단계_부분_적응
5073,train,0,2,2단계_부분_적응
5074,train,0,2,2단계_부분_적응
5075,train,2,3,3단계_자립_적응
5076,train,1,1,1단계_완전_소외
5077,train,2,3,3단계_자립_적응
5078,train,1,1,1단계_완전_소외
5079,train,0,2,2단계_부분_적응
5080,train,1,1,1단계_완전_소외
5081,train,1,1,1단계_완전_소외
5082,train,1,1,1단계_완전_소외
5083,train,2,3,3단계_자립_적응
5084,train,2,3,3단계_자립_적응
5085,train,0,2,2단계_부분_적응
5086,train,2,3,3단계_자립_적응
5087,train,1,1,1단계_완전_소외
5088,train,0,2,2단계_부분_적응
5089,train,1,1,1단계_완전_소외
5090,train,1,1,1단계_완전_소외
5091,train,2,3,3단계_자립_적응
5092,train,0,2,2단계_부분_적응
5093,train,0,2,2단계_부분_적응
5094,train,0,2,2단계_부분_적응
5095,train,2,3,3단계_자립_적응
5096,train,1,1,1단계_완전_소외
5097,train,0,2,2단계_부분_적응
5098,train,0,2,2단계_부분_적응
5099,train,2,3,3단계_자립_적응
5100,train,2,3,3단계_자립_적응
5101,train,1,1,1단계_완전_소외
5102,train,0,2,2단계_부분_적응
5103,train,0,2,2단계_부분_적응
5104,train,1,1,1단계_완전_소외
5105,train,1,1,1단계_완전_소외
5106,train,1,1,1단계_완전_소외
5107,train,1,1,1단계_완전_소외
5108,train,1,1,1단계_완전_소외
5109,train,2,3,3단계_자립_적응
5110,train,0,2,2단계_부분_적응
5111,train,1,1,1단계_완전_소외
5112,train,1,1,1단계_완전_소외
5113,train,2,3,3단계_자립_적응
5114,train,0,2,2단계_부분_적응
5115,train,0,2,2단계_부분_적응
5116,train,2,3,3단계_자립_적응
5117,train,0,2,2단계_부분_적응
5118,train,1,1,1단계_완전_소외
5119,train,2,3,3단계_자립_적응
5120,train,1,1,1단계_완전_소외
5121,train,2,3,3단계_자립_적응
5122,train,0,2,2단계_부분_적응
5123,train,0,2,2단계_부분_적응
5124,train,0,2,2단계_부분_적응
5125,train,0,2,2단계_부분_적응
5126,train,0,2,2단계_부분_적응
5127,train,1,1,1단계_완전_소외
5128,train,2,3,3단계_자립_적응
5129,train,0,2,2단계_부분_적응
5130,train,0,2,2단계_부분_적응
5131,train,1,1,1단계_완전_소외
5132,train,0,2,2단계_부분_적응
5133,train,2,3,3단계_자립_적응
5134,train,2,3,3단계_자립_적응
5135,train,2,3,3단계_자립_적응
5136,train,0,2,2단계_부분_적응
5137,train,0,2,2단계_부분_적응
5138,train,1,1,1단계_완전_소외
5139,train,0,2,2단계_부분_적응
5140,train,1,1,1단계_완전_소외
5141,train,1,1,1단계_완전_소외
5142,train,2,3,3단계_자립_적응
5143,train,1,1,1단계_완전_소외
5144,train,0,2,2단계_부분_적응
5145,train,0,2,2단계_부분_적응
5146,train,1,1,1단계_완전_소외
5147,train,2,3,3단계_자립_적응
5148,train,2,3,3단계_자립_적응
5149,train,1,1,1단계_완전_소외
5150,train,2,3,3단계_자립_적응
5151,train,1,1,1단계_완전_소외
5152,train,2,3,3단계_자립_적응
5153,train,1,1,1단계_완전_소외
5154,train,0,2,2단계_부분_적응
5155,train,0,2,2단계_부분_적응
5156,train,1,1,1단계_완전_소외
5157,train,2,3,3단계_자립_적응
5158,train,0,2,2단계_부분_적응
5159,train,0,2,2단계_부분_적응
5160,train,0,2,2단계_부분_적응
5161,train,1,1,1단계_완전_소외
5162,train,1,1,1단계_완전_소외
5163,train,2,3,3단계_자립_적응
5164,train,1,1,1단계_완전_소외
5165,train,1,1,1단계_완전_소외
5166,train,1,1,1단계_완전_소외
5167,train,2,3,3단계_자립_적응
5168,train,1,1,1단계_완전_소외
5169,train,1,1,1단계_완전_소외
5170,train,0,2,2단계_부분_적응
5171,train,0,2,2단계_부분_적응
5172,train,2,3,3단계_자립_적응
5173,train,0,2,2단계_부분_적응
5174,train,1,1,1단계_완전_소외
5175,train,2,3,3단계_자립_적응
5176,train,2,3,3단계_자립_적응
5177,train,2,3,3단계_자립_적응
5178,train,1,1,1단계_완전_소외
5179,train,0,2,2단계_부분_적응
5180,train,2,3,3단계_자립_적응
5181,train,1,1,1단계_완전_소외
5182,train,0,2,2단계_부분_적응
5183,train,2,3,3단계_자립_적응
5184,train,0,2,2단계_부분_적응
5185,train,0,2,2단계_부분_적응
5186,train,0,2,2단계_부분_적응
5187,train,0,2,2단계_부분_적응
5188,train,0,2,2단계_부분_적응
5189,train,0,2,2단계_부분_적응
5190,train,2,3,3단계_자립_적응
5191,train,1,1,1단계_완전_소외
5192,train,1,1,1단계_완전_소외
5193,train,1,1,1단계_완전_소외
5194,train,0,2,2단계_부분_적응
5195,train,1,1,1단계_완전_소외
5196,train,1,1,1단계_완전_소외
5197,train,2,3,3단계_자립_적응
5198,train,0,2,2단계_부분_적응
5199,train,2,3,3단계_자립_적응
5200,train,0,2,2단계_부분_적응
5201,train,2,3,3단계_자립_적응
5202,train,0,2,2단계_부분_적응
5203,train,2,3,3단계_자립_적응
5204,train,2,3,3단계_자립_적응
5205,train,0,2,2단계_부분_적응
5206,train,0,2,2단계_부분_적응
5207,train,0,2,2단계_부분_적응
5208,train,1,1,1단계_완전_소외
5209,train,2,3,3단계_자립_적응
5210,train,0,2,2단계_부분_적응
5211,train,0,2,2단계_부분_적응
5212,train,1,1,1단계_완전_소외
5213,train,2,3,3단계_자립_적응
5214,train,2,3,3단계_자립_적응
5215,train,0,2,2단계_부분_적응
5216,train,1,1,1단계_완전_소외
5217,train,2,3,3단계_자립_적응
5218,train,0,2,2단계_부분_적응
5219,train,1,1,1단계_완전_소외
5220,train,1,1,1단계_완전_소외
5221,train,1,1,1단계_완전_소외
5222,train,0,2,2단계_부분_적응
5223,train,0,2,2단계_부분_적응
5224,train,1,1,1단계_완전_소외
5225,train,1,1,1단계_완전_소외
5226,train,2,3,3단계_자립_적응
5227,train,2,3,3단계_자립_적응
5228,train,0,2,2단계_부분_적응
5229,train,0,2,2단계_부분_적응
5230,train,0,2,2단계_부분_적응
5231,train,2,3,3단계_자립_적응
5232,train,1,1,1단계_완전_소외
5233,train,0,2,2단계_부분_적응
5234,train,2,3,3단계_자립_적응
5235,train,2,3,3단계_자립_적응
5236,train,0,2,2단계_부분_적응
5237,train,2,3,3단계_자립_적응
5238,train,2,3,3단계_자립_적응
5239,train,2,3,3단계_자립_적응
5240,train,0,2,2단계_부분_적응
5241,train,2,3,3단계_자립_적응
5242,train,0,2,2단계_부분_적응
5243,train,2,3,3단계_자립_적응
5244,train,0,2,2단계_부분_적응
5245,train,0,2,2단계_부분_적응
5246,train,2,3,3단계_자립_적응
5247,train,0,2,2단계_부분_적응
5248,train,2,3,3단계_자립_적응
5249,train,0,2,2단계_부분_적응
5250,train,0,2,2단계_부분_적응
5251,train,0,2,2단계_부분_적응
5252,train,1,1,1단계_완전_소외
5253,train,0,2,2단계_부분_적응
5254,train,1,1,1단계_완전_소외
5255,train,2,3,3단계_자립_적응
5256,train,0,2,2단계_부분_적응
5257,train,0,2,2단계_부분_적응
5258,train,2,3,3단계_자립_적응
5259,train,2,3,3단계_자립_적응
5260,train,0,2,2단계_부분_적응
5261,train,0,2,2단계_부분_적응
5262,train,2,3,3단계_자립_적응
5263,train,1,1,1단계_완전_소외
5264,train,1,1,1단계_완전_소외
5265,train,2,3,3단계_자립_적응
5266,train,2,3,3단계_자립_적응
5267,train,0,2,2단계_부분_적응
5268,train,0,2,2단계_부분_적응
5269,train,2,3,3단계_자립_적응
5270,train,1,1,1단계_완전_소외
5271,train,0,2,2단계_부분_적응
5272,train,2,3,3단계_자립_적응
5273,train,2,3,3단계_자립_적응
5274,train,0,2,2단계_부분_적응
5275,train,0,2,2단계_부분_적응
5276,train,1,1,1단계_완전_소외
5277,train,0,2,2단계_부분_적응
5278,train,0,2,2단계_부분_적응
5279,train,0,2,2단계_부분_적응
5280,train,1,1,1단계_완전_소외
5281,train,1,1,1단계_완전_소외
5282,train,1,1,1단계_완전_소외
5283,train,0,2,2단계_부분_적응
5284,train,0,2,2단계_부분_적응
5285,train,1,1,1단계_완전_소외
5286,train,0,2,2단계_부분_적응
5287,train,0,2,2단계_부분_적응
5288,train,1,1,1단계_완전_소외
5289,train,0,2,2단계_부분_적응
5290,train,0,2,2단계_부분_적응
5291,train,0,2,2단계_부분_적응
5292,train,2,3,3단계_자립_적응
5293,train,2,3,3단계_자립_적응
5294,train,1,1,1단계_완전_소외
5295,train,1,1,1단계_완전_소외
5296,train,1,1,1단계_완전_소외
5297,train,1,1,1단계_완전_소외
5298,train,1,1,1단계_완전_소외
5299,train,0,2,2단계_부분_적응
5300,train,2,3,3단계_자립_적응
5301,train,0,2,2단계_부분_적응
5302,train,0,2,2단계_부분_적응
5303,train,0,2,2단계_부분_적응
5304,train,0,2,2단계_부분_적응
5305,train,0,2,2단계_부분_적응
5306,train,1,1,1단계_완전_소외
5307,train,0,2,2단계_부분_적응
5308,train,0,2,2단계_부분_적응
5309,train,2,3,3단계_자립_적응
5310,train,0,2,2단계_부분_적응
5311,train,2,3,3단계_자립_적응
5312,train,1,1,1단계_완전_소외
5313,train,0,2,2단계_부분_적응
5314,train,1,1,1단계_완전_소외
5315,train,0,2,2단계_부분_적응
5316,train,2,3,3단계_자립_적응
5317,train,0,2,2단계_부분_적응
5318,train,2,3,3단계_자립_적응
5319,train,1,1,1단계_완전_소외
5320,train,0,2,2단계_부분_적응
5321,train,0,2,2단계_부분_적응
5322,train,1,1,1단계_완전_소외
5323,train,2,3,3단계_자립_적응
5324,train,0,2,2단계_부분_적응
5325,train,0,2,2단계_부분_적응
5326,train,0,2,2단계_부분_적응
5327,train,0,2,2단계_부분_적응
5328,train,2,3,3단계_자립_적응
5329,train,0,2,2단계_부분_적응
5330,train,1,1,1단계_완전_소외
5331,train,0,2,2단계_부분_적응
5332,train,1,1,1단계_완전_소외
5333,train,0,2,2단계_부분_적응
5334,train,1,1,1단계_완전_소외
5335,train,0,2,2단계_부분_적응
5336,train,0,2,2단계_부분_적응
5337,train,2,3,3단계_자립_적응
5338,train,0,2,2단계_부분_적응
5339,train,0,2,2단계_부분_적응
5340,train,2,3,3단계_자립_적응
5341,train,0,2,2단계_부분_적응
5342,train,0,2,2단계_부분_적응
5343,train,2,3,3단계_자립_적응
5344,train,0,2,2단계_부분_적응
5345,train,2,3,3단계_자립_적응
5346,train,0,2,2단계_부분_적응
5347,train,1,1,1단계_완전_소외
5348,train,1,1,1단계_완전_소외
5349,train,0,2,2단계_부분_적응
5350,train,0,2,2단계_부분_적응
5351,train,0,2,2단계_부분_적응
5352,train,0,2,2단계_부분_적응
5353,train,1,1,1단계_완전_소외
5354,train,0,2,2단계_부분_적응
5355,train,0,2,2단계_부분_적응
5356,train,1,1,1단계_완전_소외
5357,train,1,1,1단계_완전_소외
5358,train,2,3,3단계_자립_적응
5359,train,2,3,3단계_자립_적응
5360,train,0,2,2단계_부분_적응
5361,train,0,2,2단계_부분_적응
5362,train,2,3,3단계_자립_적응
5363,train,2,3,3단계_자립_적응
5364,train,1,1,1단계_완전_소외
5365,train,0,2,2단계_부분_적응
5366,train,0,2,2단계_부분_적응
5367,train,1,1,1단계_완전_소외
5368,train,1,1,1단계_완전_소외
5369,train,0,2,2단계_부분_적응
5370,train,1,1,1단계_완전_소외
5371,train,1,1,1단계_완전_소외
5372,train,0,2,2단계_부분_적응
5373,train,0,2,2단계_부분_적응
5374,train,0,2,2단계_부분_적응
5375,train,1,1,1단계_완전_소외
5376,train,1,1,1단계_완전_소외
5377,train,2,3,3단계_자립_적응
5378,train,1,1,1단계_완전_소외
5379,train,1,1,1단계_완전_소외
5380,train,0,2,2단계_부분_적응
5381,train,2,3,3단계_자립_적응
5382,train,0,2,2단계_부분_적응
5383,train,0,2,2단계_부분_적응
5384,train,1,1,1단계_완전_소외
5385,train,1,1,1단계_완전_소외
5386,train,2,3,3단계_자립_적응
5387,train,0,2,2단계_부분_적응
5388,train,1,1,1단계_완전_소외
5389,train,0,2,2단계_부분_적응
5390,train,1,1,1단계_완전_소외
5391,train,0,2,2단계_부분_적응
5392,train,0,2,2단계_부분_적응
5393,train,1,1,1단계_완전_소외
5394,train,0,2,2단계_부분_적응
5395,train,0,2,2단계_부분_적응
5396,train,2,3,3단계_자립_적응
5397,train,2,3,3단계_자립_적응
5398,train,0,2,2단계_부분_적응
5399,train,1,1,1단계_완전_소외
5400,train,2,3,3단계_자립_적응
5401,train,0,2,2단계_부분_적응
5402,train,1,1,1단계_완전_소외
5403,train,1,1,1단계_완전_소외
5404,train,1,1,1단계_완전_소외
5405,train,2,3,3단계_자립_적응
5406,train,0,2,2단계_부분_적응
5407,train,1,1,1단계_완전_소외
5408,train,2,3,3단계_자립_적응
5409,train,1,1,1단계_완전_소외
5410,train,1,1,1단계_완전_소외
5411,train,1,1,1단계_완전_소외
5412,train,2,3,3단계_자립_적응
5413,train,0,2,2단계_부분_적응
5414,train,1,1,1단계_완전_소외
5415,train,0,2,2단계_부분_적응
5416,train,0,2,2단계_부분_적응
5417,train,1,1,1단계_완전_소외
5418,train,1,1,1단계_완전_소외
5419,train,0,2,2단계_부분_적응
5420,train,1,1,1단계_완전_소외
5421,train,0,2,2단계_부분_적응
5422,train,1,1,1단계_완전_소외
5423,train,2,3,3단계_자립_적응
5424,train,0,2,2단계_부분_적응
5425,train,1,1,1단계_완전_소외
5426,train,2,3,3단계_자립_적응
5427,train,2,3,3단계_자립_적응
5428,train,2,3,3단계_자립_적응
5429,train,0,2,2단계_부분_적응
5430,train,2,3,3단계_자립_적응
5431,train,1,1,1단계_완전_소외
5432,train,1,1,1단계_완전_소외
5433,train,1,1,1단계_완전_소외
5434,train,2,3,3단계_자립_적응
5435,train,1,1,1단계_완전_소외
5436,train,1,1,1단계_완전_소외
5437,train,0,2,2단계_부분_적응
5438,train,1,1,1단계_완전_소외
5439,train,1,1,1단계_완전_소외
5440,train,1,1,1단계_완전_소외
5441,train,2,3,3단계_자립_적응
5442,train,1,1,1단계_완전_소외
5443,train,2,3,3단계_자립_적응
5444,train,1,1,1단계_완전_소외
5445,train,1,1,1단계_완전_소외
5446,train,2,3,3단계_자립_적응
5447,train,0,2,2단계_부분_적응
5448,train,0,2,2단계_부분_적응
5449,train,0,2,2단계_부분_적응
5450,train,1,1,1단계_완전_소외
5451,train,1,1,1단계_완전_소외
5452,train,1,1,1단계_완전_소외
5453,train,0,2,2단계_부분_적응
5454,train,1,1,1단계_완전_소외
5455,train,0,2,2단계_부분_적응
5456,train,0,2,2단계_부분_적응
5457,train,1,1,1단계_완전_소외
5458,train,0,2,2단계_부분_적응
5459,train,2,3,3단계_자립_적응
5460,train,1,1,1단계_완전_소외
5461,train,0,2,2단계_부분_적응
5462,train,1,1,1단계_완전_소외
5463,train,0,2,2단계_부분_적응
5464,train,0,2,2단계_부분_적응
5465,train,0,2,2단계_부분_적응
5466,train,1,1,1단계_완전_소외
5467,train,0,2,2단계_부분_적응
5468,train,0,2,2단계_부분_적응
5469,train,1,1,1단계_완전_소외
5470,train,1,1,1단계_완전_소외
5471,train,2,3,3단계_자립_적응
5472,train,2,3,3단계_자립_적응
5473,train,2,3,3단계_자립_적응
5474,train,0,2,2단계_부분_적응
5475,train,0,2,2단계_부분_적응
5476,train,2,3,3단계_자립_적응
5477,train,0,2,2단계_부분_적응
5478,train,1,1,1단계_완전_소외
5479,train,2,3,3단계_자립_적응
5480,train,1,1,1단계_완전_소외
5481,train,1,1,1단계_완전_소외
5482,train,0,2,2단계_부분_적응
5483,train,2,3,3단계_자립_적응
5484,train,0,2,2단계_부분_적응
5485,train,2,3,3단계_자립_적응
5486,train,2,3,3단계_자립_적응
5487,train,2,3,3단계_자립_적응
5488,train,0,2,2단계_부분_적응
5489,train,0,2,2단계_부분_적응
5490,train,0,2,2단계_부분_적응
5491,train,1,1,1단계_완전_소외
5492,train,1,1,1단계_완전_소외
5493,train,0,2,2단계_부분_적응
5494,train,0,2,2단계_부분_적응
5495,train,2,3,3단계_자립_적응
5496,train,0,2,2단계_부분_적응
5497,train,0,2,2단계_부분_적응
5498,train,1,1,1단계_완전_소외
5499,train,1,1,1단계_완전_소외
5500,train,1,1,1단계_완전_소외
5501,train,0,2,2단계_부분_적응
5502,train,2,3,3단계_자립_적응
5503,train,1,1,1단계_완전_소외
5504,train,1,1,1단계_완전_소외
5505,train,1,1,1단계_완전_소외
5506,train,1,1,1단계_완전_소외
5507,train,1,1,1단계_완전_소외
5508,train,1,1,1단계_완전_소외
5509,train,2,3,3단계_자립_적응
5510,train,1,1,1단계_완전_소외
5511,train,0,2,2단계_부분_적응
5512,train,1,1,1단계_완전_소외
5513,train,2,3,3단계_자립_적응
5514,train,1,1,1단계_완전_소외
5515,train,0,2,2단계_부분_적응
5516,train,2,3,3단계_자립_적응
5517,train,0,2,2단계_부분_적응
5518,train,0,2,2단계_부분_적응
5519,train,2,3,3단계_자립_적응
5520,train,2,3,3단계_자립_적응
5521,train,1,1,1단계_완전_소외
5522,train,1,1,1단계_완전_소외
5523,train,0,2,2단계_부분_적응
5524,train,2,3,3단계_자립_적응
5525,train,0,2,2단계_부분_적응
5526,train,0,2,2단계_부분_적응
5527,train,1,1,1단계_완전_소외
5528,train,0,2,2단계_부분_적응
5529,train,1,1,1단계_완전_소외
5530,train,0,2,2단계_부분_적응
5531,train,1,1,1단계_완전_소외
5532,train,2,3,3단계_자립_적응
5533,train,1,1,1단계_완전_소외
5534,train,2,3,3단계_자립_적응
5535,train,2,3,3단계_자립_적응
5536,train,0,2,2단계_부분_적응
5537,train,0,2,2단계_부분_적응
5538,train,1,1,1단계_완전_소외
5539,train,2,3,3단계_자립_적응
5540,train,1,1,1단계_완전_소외
5541,train,0,2,2단계_부분_적응
5542,train,1,1,1단계_완전_소외
5543,train,0,2,2단계_부분_적응
5544,train,2,3,3단계_자립_적응
5545,train,0,2,2단계_부분_적응
5546,train,0,2,2단계_부분_적응
5547,train,0,2,2단계_부분_적응
5548,train,0,2,2단계_부분_적응
5549,train,1,1,1단계_완전_소외
5550,train,2,3,3단계_자립_적응
5551,train,1,1,1단계_완전_소외
5552,train,0,2,2단계_부분_적응
5553,train,1,1,1단계_완전_소외
5554,train,2,3,3단계_자립_적응
5555,train,0,2,2단계_부분_적응
5556,train,1,1,1단계_완전_소외
5557,train,0,2,2단계_부분_적응
5558,train,2,3,3단계_자립_적응
5559,train,1,1,1단계_완전_소외
5560,train,1,1,1단계_완전_소외
5561,train,0,2,2단계_부분_적응
5562,train,0,2,2단계_부분_적응
5563,train,0,2,2단계_부분_적응
5564,train,2,3,3단계_자립_적응
5565,train,1,1,1단계_완전_소외
5566,train,2,3,3단계_자립_적응
5567,train,1,1,1단계_완전_소외
5568,train,2,3,3단계_자립_적응
5569,train,0,2,2단계_부분_적응
5570,train,0,2,2단계_부분_적응
5571,train,2,3,3단계_자립_적응
5572,train,0,2,2단계_부분_적응
5573,train,2,3,3단계_자립_적응
5574,train,1,1,1단계_완전_소외
5575,train,0,2,2단계_부분_적응
5576,train,0,2,2단계_부분_적응
5577,train,0,2,2단계_부분_적응
5578,train,1,1,1단계_완전_소외
5579,train,1,1,1단계_완전_소외
5580,train,2,3,3단계_자립_적응
5581,train,1,1,1단계_완전_소외
5582,train,1,1,1단계_완전_소외
5583,train,2,3,3단계_자립_적응
5584,train,1,1,1단계_완전_소외
5585,train,1,1,1단계_완전_소외
5586,train,1,1,1단계_완전_소외
5587,train,0,2,2단계_부분_적응
5588,train,0,2,2단계_부분_적응
5589,train,1,1,1단계_완전_소외
5590,train,0,2,2단계_부분_적응
5591,train,0,2,2단계_부분_적응
5592,train,0,2,2단계_부분_적응
5593,train,0,2,2단계_부분_적응
5594,train,2,3,3단계_자립_적응
5595,train,0,2,2단계_부분_적응
5596,train,0,2,2단계_부분_적응
5597,train,2,3,3단계_자립_적응
5598,train,2,3,3단계_자립_적응
5599,train,2,3,3단계_자립_적응
5600,train,1,1,1단계_완전_소외
5601,train,2,3,3단계_자립_적응
5602,train,2,3,3단계_자립_적응
5603,train,0,2,2단계_부분_적응
5604,train,0,2,2단계_부분_적응
5605,train,2,3,3단계_자립_적응
5606,train,1,1,1단계_완전_소외
5607,train,1,1,1단계_완전_소외
5608,train,1,1,1단계_완전_소외
5609,train,1,1,1단계_완전_소외
5610,train,1,1,1단계_완전_소외
5611,train,2,3,3단계_자립_적응
5612,train,0,2,2단계_부분_적응
5613,train,0,2,2단계_부분_적응
5614,train,1,1,1단계_완전_소외
5615,train,0,2,2단계_부분_적응
5616,train,2,3,3단계_자립_적응
5617,train,0,2,2단계_부분_적응
5618,train,0,2,2단계_부분_적응
5619,train,2,3,3단계_자립_적응
5620,train,2,3,3단계_자립_적응
5621,train,0,2,2단계_부분_적응
5622,train,1,1,1단계_완전_소외
5623,train,0,2,2단계_부분_적응
5624,train,2,3,3단계_자립_적응
5625,train,1,1,1단계_완전_소외
5626,train,0,2,2단계_부분_적응
5627,train,2,3,3단계_자립_적응
5628,train,0,2,2단계_부분_적응
5629,train,0,2,2단계_부분_적응
5630,train,1,1,1단계_완전_소외
5631,train,2,3,3단계_자립_적응
5632,train,0,2,2단계_부분_적응
5633,train,1,1,1단계_완전_소외
5634,train,2,3,3단계_자립_적응
5635,train,2,3,3단계_자립_적응
5636,train,2,3,3단계_자립_적응
5637,train,0,2,2단계_부분_적응
5638,train,2,3,3단계_자립_적응
5639,train,2,3,3단계_자립_적응
5640,train,1,1,1단계_완전_소외
5641,train,1,1,1단계_완전_소외
5642,train,2,3,3단계_자립_적응
5643,train,0,2,2단계_부분_적응
5644,train,1,1,1단계_완전_소외
5645,train,1,1,1단계_완전_소외
5646,train,1,1,1단계_완전_소외
5647,train,0,2,2단계_부분_적응
5648,train,2,3,3단계_자립_적응
5649,train,0,2,2단계_부분_적응
5650,train,2,3,3단계_자립_적응
5651,train,1,1,1단계_완전_소외
5652,train,1,1,1단계_완전_소외
5653,train,0,2,2단계_부분_적응
5654,train,0,2,2단계_부분_적응
5655,train,1,1,1단계_완전_소외
5656,train,1,1,1단계_완전_소외
5657,train,2,3,3단계_자립_적응
5658,train,2,3,3단계_자립_적응
5659,train,2,3,3단계_자립_적응
5660,train,2,3,3단계_자립_적응
5661,train,1,1,1단계_완전_소외
5662,train,1,1,1단계_완전_소외
5663,train,1,1,1단계_완전_소외
5664,train,2,3,3단계_자립_적응
5665,train,1,1,1단계_완전_소외
5666,train,1,1,1단계_완전_소외
5667,train,0,2,2단계_부분_적응
5668,train,0,2,2단계_부분_적응
5669,train,2,3,3단계_자립_적응
5670,train,0,2,2단계_부분_적응
5671,train,1,1,1단계_완전_소외
5672,train,0,2,2단계_부분_적응
5673,train,1,1,1단계_완전_소외
5674,train,0,2,2단계_부분_적응
5675,train,0,2,2단계_부분_적응
5676,train,1,1,1단계_완전_소외
5677,train,1,1,1단계_완전_소외
5678,train,1,1,1단계_완전_소외
5679,train,2,3,3단계_자립_적응
5680,train,2,3,3단계_자립_적응
5681,train,2,3,3단계_자립_적응
5682,train,1,1,1단계_완전_소외
5683,train,1,1,1단계_완전_소외
5684,train,1,1,1단계_완전_소외
5685,train,1,1,1단계_완전_소외
5686,train,2,3,3단계_자립_적응
5687,train,2,3,3단계_자립_적응
5688,train,0,2,2단계_부분_적응
5689,train,1,1,1단계_완전_소외
5690,train,2,3,3단계_자립_적응
5691,train,1,1,1단계_완전_소외
5692,train,1,1,1단계_완전_소외
5693,train,0,2,2단계_부분_적응
5694,train,2,3,3단계_자립_적응
5695,train,1,1,1단계_완전_소외
5696,train,0,2,2단계_부분_적응
5697,train,1,1,1단계_완전_소외
5698,train,2,3,3단계_자립_적응
5699,train,1,1,1단계_완전_소외
5700,train,1,1,1단계_완전_소외
5701,train,1,1,1단계_완전_소외
5702,train,2,3,3단계_자립_적응
5703,train,0,2,2단계_부분_적응
5704,train,0,2,2단계_부분_적응
5705,train,0,2,2단계_부분_적응
5706,train,2,3,3단계_자립_적응
5707,train,0,2,2단계_부분_적응
5708,train,2,3,3단계_자립_적응
5709,train,0,2,2단계_부분_적응
5710,train,1,1,1단계_완전_소외
5711,train,1,1,1단계_완전_소외
5712,train,1,1,1단계_완전_소외
5713,train,1,1,1단계_완전_소외
5714,train,0,2,2단계_부분_적응
5715,train,0,2,2단계_부분_적응
5716,train,0,2,2단계_부분_적응
5717,train,2,3,3단계_자립_적응
5718,train,0,2,2단계_부분_적응
5719,train,0,2,2단계_부분_적응
5720,train,2,3,3단계_자립_적응
5721,train,1,1,1단계_완전_소외
5722,train,2,3,3단계_자립_적응
5723,train,1,1,1단계_완전_소외
5724,train,2,3,3단계_자립_적응
5725,train,2,3,3단계_자립_적응
5726,train,1,1,1단계_완전_소외
5727,train,0,2,2단계_부분_적응
5728,train,0,2,2단계_부분_적응
5729,train,2,3,3단계_자립_적응
5730,train,2,3,3단계_자립_적응
5731,train,1,1,1단계_완전_소외
5732,train,0,2,2단계_부분_적응
5733,train,0,2,2단계_부분_적응
5734,train,1,1,1단계_완전_소외
5735,train,2,3,3단계_자립_적응
5736,train,0,2,2단계_부분_적응
5737,train,0,2,2단계_부분_적응
5738,train,1,1,1단계_완전_소외
5739,train,1,1,1단계_완전_소외
5740,train,2,3,3단계_자립_적응
5741,train,2,3,3단계_자립_적응
5742,train,0,2,2단계_부분_적응
5743,train,1,1,1단계_완전_소외
5744,train,1,1,1단계_완전_소외
5745,train,2,3,3단계_자립_적응
5746,train,1,1,1단계_완전_소외
5747,train,1,1,1단계_완전_소외
5748,train,1,1,1단계_완전_소외
5749,train,0,2,2단계_부분_적응
5750,train,1,1,1단계_완전_소외
5751,train,1,1,1단계_완전_소외
5752,train,1,1,1단계_완전_소외
5753,train,1,1,1단계_완전_소외
5754,train,1,1,1단계_완전_소외
5755,train,2,3,3단계_자립_적응
5756,train,0,2,2단계_부분_적응
5757,train,2,3,3단계_자립_적응
5758,train,0,2,2단계_부분_적응
5759,train,0,2,2단계_부분_적응
5760,train,1,1,1단계_완전_소외
5761,train,1,1,1단계_완전_소외
5762,train,0,2,2단계_부분_적응
5763,train,1,1,1단계_완전_소외
5764,train,0,2,2단계_부분_적응
5765,train,1,1,1단계_완전_소외
5766,train,2,3,3단계_자립_적응
5767,train,1,1,1단계_완전_소외
5768,train,0,2,2단계_부분_적응
5769,train,0,2,2단계_부분_적응
5770,train,0,2,2단계_부분_적응
5771,train,1,1,1단계_완전_소외
5772,train,2,3,3단계_자립_적응
5773,train,2,3,3단계_자립_적응
5774,train,1,1,1단계_완전_소외
5775,train,1,1,1단계_완전_소외
5776,train,1,1,1단계_완전_소외
5777,train,1,1,1단계_완전_소외
5778,train,2,3,3단계_자립_적응
5779,train,1,1,1단계_완전_소외
5780,train,0,2,2단계_부분_적응
5781,train,1,1,1단계_완전_소외
5782,train,1,1,1단계_완전_소외
5783,train,1,1,1단계_완전_소외
5784,train,0,2,2단계_부분_적응
5785,train,0,2,2단계_부분_적응
5786,train,1,1,1단계_완전_소외
5787,train,0,2,2단계_부분_적응
5788,train,2,3,3단계_자립_적응
5789,train,1,1,1단계_완전_소외
5790,train,2,3,3단계_자립_적응
5791,train,2,3,3단계_자립_적응
5792,train,1,1,1단계_완전_소외
5793,train,2,3,3단계_자립_적응
5794,train,2,3,3단계_자립_적응
5795,train,0,2,2단계_부분_적응
5796,train,1,1,1단계_완전_소외
5797,train,1,1,1단계_완전_소외
5798,train,1,1,1단계_완전_소외
5799,train,1,1,1단계_완전_소외
5800,train,1,1,1단계_완전_소외
5801,train,1,1,1단계_완전_소외
5802,train,1,1,1단계_완전_소외
5803,train,2,3,3단계_자립_적응
5804,train,2,3,3단계_자립_적응
5805,train,2,3,3단계_자립_적응
5806,train,2,3,3단계_자립_적응
5807,train,1,1,1단계_완전_소외
5808,train,2,3,3단계_자립_적응
5809,train,1,1,1단계_완전_소외
5810,train,0,2,2단계_부분_적응
5811,train,0,2,2단계_부분_적응
5812,train,0,2,2단계_부분_적응
5813,train,1,1,1단계_완전_소외
5814,train,0,2,2단계_부분_적응
5815,train,2,3,3단계_자립_적응
5816,train,1,1,1단계_완전_소외
5817,train,0,2,2단계_부분_적응
5818,train,0,2,2단계_부분_적응
5819,train,2,3,3단계_자립_적응
5820,train,0,2,2단계_부분_적응
5821,train,0,2,2단계_부분_적응
5822,train,0,2,2단계_부분_적응
5823,train,2,3,3단계_자립_적응
5824,train,2,3,3단계_자립_적응
5825,train,0,2,2단계_부분_적응
5826,train,0,2,2단계_부분_적응
5827,train,0,2,2단계_부분_적응
5828,train,0,2,2단계_부분_적응
5829,train,0,2,2단계_부분_적응
5830,train,0,2,2단계_부분_적응
5831,train,1,1,1단계_완전_소외
5832,train,0,2,2단계_부분_적응
5833,train,2,3,3단계_자립_적응
5834,train,0,2,2단계_부분_적응
5835,train,1,1,1단계_완전_소외
5836,train,0,2,2단계_부분_적응
5837,train,2,3,3단계_자립_적응
5838,train,0,2,2단계_부분_적응
5839,train,1,1,1단계_완전_소외
5840,train,1,1,1단계_완전_소외
5841,train,0,2,2단계_부분_적응
5842,train,0,2,2단계_부분_적응
5843,train,1,1,1단계_완전_소외
5844,train,2,3,3단계_자립_적응
5845,train,1,1,1단계_완전_소외
5846,train,2,3,3단계_자립_적응
5847,train,0,2,2단계_부분_적응
5848,train,2,3,3단계_자립_적응
5849,train,2,3,3단계_자립_적응
5850,train,2,3,3단계_자립_적응
5851,train,0,2,2단계_부분_적응
5852,train,2,3,3단계_자립_적응
5853,train,1,1,1단계_완전_소외
5854,train,0,2,2단계_부분_적응
5855,train,0,2,2단계_부분_적응
5856,train,0,2,2단계_부분_적응
5857,train,0,2,2단계_부분_적응
5858,train,2,3,3단계_자립_적응
5859,train,0,2,2단계_부분_적응
5860,train,0,2,2단계_부분_적응
5861,train,1,1,1단계_완전_소외
5862,train,1,1,1단계_완전_소외
5863,train,0,2,2단계_부분_적응
5864,train,0,2,2단계_부분_적응
5865,train,0,2,2단계_부분_적응
5866,train,0,2,2단계_부분_적응
5867,train,2,3,3단계_자립_적응
5868,train,1,1,1단계_완전_소외
5869,train,2,3,3단계_자립_적응
5870,train,0,2,2단계_부분_적응
5871,train,0,2,2단계_부분_적응
5872,train,1,1,1단계_완전_소외
5873,train,1,1,1단계_완전_소외
5874,train,1,1,1단계_완전_소외
5875,train,0,2,2단계_부분_적응
5876,train,2,3,3단계_자립_적응
5877,train,1,1,1단계_완전_소외
5878,train,0,2,2단계_부분_적응
5879,train,2,3,3단계_자립_적응
5880,train,0,2,2단계_부분_적응
5881,train,2,3,3단계_자립_적응
5882,train,0,2,2단계_부분_적응
5883,train,0,2,2단계_부분_적응
5884,train,2,3,3단계_자립_적응
5885,train,0,2,2단계_부분_적응
5886,train,0,2,2단계_부분_적응
5887,train,1,1,1단계_완전_소외
5888,train,0,2,2단계_부분_적응
5889,train,2,3,3단계_자립_적응
5890,train,0,2,2단계_부분_적응
5891,train,0,2,2단계_부분_적응
5892,train,2,3,3단계_자립_적응
5893,train,1,1,1단계_완전_소외
5894,train,0,2,2단계_부분_적응
5895,train,1,1,1단계_완전_소외
5896,train,1,1,1단계_완전_소외
5897,train,2,3,3단계_자립_적응
5898,train,0,2,2단계_부분_적응
5899,train,1,1,1단계_완전_소외
5900,train,1,1,1단계_완전_소외
5901,train,1,1,1단계_완전_소외
5902,train,1,1,1단계_완전_소외
5903,train,0,2,2단계_부분_적응
5904,train,2,3,3단계_자립_적응
5905,train,0,2,2단계_부분_적응
5906,train,1,1,1단계_완전_소외
5907,train,1,1,1단계_완전_소외
5908,train,2,3,3단계_자립_적응
5909,train,0,2,2단계_부분_적응
5910,train,0,2,2단계_부분_적응
5911,train,2,3,3단계_자립_적응
5912,train,2,3,3단계_자립_적응
5913,train,2,3,3단계_자립_적응
5914,train,1,1,1단계_완전_소외
5915,train,1,1,1단계_완전_소외
5916,train,0,2,2단계_부분_적응
5917,train,1,1,1단계_완전_소외
5918,train,0,2,2단계_부분_적응
5919,train,2,3,3단계_자립_적응
5920,train,1,1,1단계_완전_소외
5921,train,0,2,2단계_부분_적응
5922,train,1,1,1단계_완전_소외
5923,train,1,1,1단계_완전_소외
5924,train,0,2,2단계_부분_적응
5925,train,1,1,1단계_완전_소외
5926,train,1,1,1단계_완전_소외
5927,train,2,3,3단계_자립_적응
5928,train,0,2,2단계_부분_적응
5929,train,0,2,2단계_부분_적응
5930,train,0,2,2단계_부분_적응
5931,train,0,2,2단계_부분_적응
5932,train,1,1,1단계_완전_소외
5933,train,0,2,2단계_부분_적응
5934,train,1,1,1단계_완전_소외
5935,train,2,3,3단계_자립_적응
5936,train,1,1,1단계_완전_소외
5937,train,2,3,3단계_자립_적응
5938,train,0,2,2단계_부분_적응
5939,train,2,3,3단계_자립_적응
5940,train,0,2,2단계_부분_적응
5941,train,2,3,3단계_자립_적응
5942,train,0,2,2단계_부분_적응
5943,train,0,2,2단계_부분_적응
5944,train,2,3,3단계_자립_적응
5945,train,0,2,2단계_부분_적응
5946,train,1,1,1단계_완전_소외
5947,train,2,3,3단계_자립_적응
5948,train,0,2,2단계_부분_적응
5949,train,0,2,2단계_부분_적응
5950,train,1,1,1단계_완전_소외
5951,train,1,1,1단계_완전_소외
5952,train,2,3,3단계_자립_적응
5953,train,0,2,2단계_부분_적응
5954,train,1,1,1단계_완전_소외
5955,train,0,2,2단계_부분_적응
5956,train,2,3,3단계_자립_적응
5957,train,1,1,1단계_완전_소외
5958,train,1,1,1단계_완전_소외
5959,train,2,3,3단계_자립_적응
5960,train,1,1,1단계_완전_소외
5961,train,2,3,3단계_자립_적응
5962,train,0,2,2단계_부분_적응
5963,train,2,3,3단계_자립_적응
5964,train,2,3,3단계_자립_적응
5965,train,1,1,1단계_완전_소외
5966,train,0,2,2단계_부분_적응
5967,train,1,1,1단계_완전_소외
5968,train,1,1,1단계_완전_소외
5969,train,0,2,2단계_부분_적응
5970,train,2,3,3단계_자립_적응
5971,train,1,1,1단계_완전_소외
5972,train,0,2,2단계_부분_적응
5973,train,1,1,1단계_완전_소외
5974,train,1,1,1단계_완전_소외
5975,train,2,3,3단계_자립_적응
5976,train,0,2,2단계_부분_적응
5977,train,1,1,1단계_완전_소외
5978,train,0,2,2단계_부분_적응
5979,train,1,1,1단계_완전_소외
5980,train,1,1,1단계_완전_소외
5981,train,1,1,1단계_완전_소외
5982,train,1,1,1단계_완전_소외
5983,train,0,2,2단계_부분_적응
5984,train,0,2,2단계_부분_적응
5985,train,2,3,3단계_자립_적응
5986,train,0,2,2단계_부분_적응
5987,train,0,2,2단계_부분_적응
5988,train,1,1,1단계_완전_소외
5989,train,0,2,2단계_부분_적응
5990,train,1,1,1단계_완전_소외
5991,train,1,1,1단계_완전_소외
5992,train,0,2,2단계_부분_적응
5993,train,1,1,1단계_완전_소외
5994,train,1,1,1단계_완전_소외
5995,train,0,2,2단계_부분_적응
5996,train,1,1,1단계_완전_소외
5997,train,0,2,2단계_부분_적응
5998,train,1,1,1단계_완전_소외
5999,train,1,1,1단계_완전_소외
6000,train,1,1,1단계_완전_소외
6001,train,1,1,1단계_완전_소외
6002,train,0,2,2단계_부분_적응
6003,train,1,1,1단계_완전_소외
6004,train,1,1,1단계_완전_소외
6005,train,0,2,2단계_부분_적응
6006,train,1,1,1단계_완전_소외
6007,train,2,3,3단계_자립_적응
6008,train,2,3,3단계_자립_적응
6009,train,1,1,1단계_완전_소외
6010,train,0,2,2단계_부분_적응
6011,train,0,2,2단계_부분_적응
6012,train,1,1,1단계_완전_소외
6013,train,1,1,1단계_완전_소외
6014,train,1,1,1단계_완전_소외
6015,train,1,1,1단계_완전_소외
6016,train,0,2,2단계_부분_적응
6017,train,2,3,3단계_자립_적응
6018,train,2,3,3단계_자립_적응
6019,train,1,1,1단계_완전_소외
6020,train,2,3,3단계_자립_적응
6021,train,1,1,1단계_완전_소외
6022,train,2,3,3단계_자립_적응
6023,train,1,1,1단계_완전_소외
6024,train,2,3,3단계_자립_적응
6025,train,0,2,2단계_부분_적응
6026,train,2,3,3단계_자립_적응
6027,train,2,3,3단계_자립_적응
6028,train,0,2,2단계_부분_적응
6029,train,1,1,1단계_완전_소외
6030,train,0,2,2단계_부분_적응
6031,train,2,3,3단계_자립_적응
6032,train,0,2,2단계_부분_적응
6033,train,1,1,1단계_완전_소외
6034,train,0,2,2단계_부분_적응
6035,train,1,1,1단계_완전_소외
6036,train,2,3,3단계_자립_적응
6037,train,0,2,2단계_부분_적응
6038,train,2,3,3단계_자립_적응
6039,train,0,2,2단계_부분_적응
6040,train,1,1,1단계_완전_소외
6041,train,0,2,2단계_부분_적응
6042,train,2,3,3단계_자립_적응
6043,train,1,1,1단계_완전_소외
6044,train,1,1,1단계_완전_소외
6045,train,1,1,1단계_완전_소외
6046,train,2,3,3단계_자립_적응
6047,train,2,3,3단계_자립_적응
6048,train,0,2,2단계_부분_적응
6049,train,0,2,2단계_부분_적응
6050,train,0,2,2단계_부분_적응
6051,train,2,3,3단계_자립_적응
6052,train,1,1,1단계_완전_소외
6053,train,1,1,1단계_완전_소외
6054,train,0,2,2단계_부분_적응
6055,train,1,1,1단계_완전_소외
6056,train,1,1,1단계_완전_소외
6057,train,1,1,1단계_완전_소외
6058,train,1,1,1단계_완전_소외
6059,train,0,2,2단계_부분_적응
6060,train,1,1,1단계_완전_소외
6061,train,2,3,3단계_자립_적응
6062,train,0,2,2단계_부분_적응
6063,train,2,3,3단계_자립_적응
6064,train,0,2,2단계_부분_적응
6065,train,2,3,3단계_자립_적응
6066,train,1,1,1단계_완전_소외
6067,train,0,2,2단계_부분_적응
6068,train,0,2,2단계_부분_적응
6069,train,0,2,2단계_부분_적응
6070,train,1,1,1단계_완전_소외
6071,train,0,2,2단계_부분_적응
6072,train,0,2,2단계_부분_적응
6073,train,1,1,1단계_완전_소외
6074,train,1,1,1단계_완전_소외
6075,train,1,1,1단계_완전_소외
6076,train,1,1,1단계_완전_소외
6077,train,0,2,2단계_부분_적응
6078,train,1,1,1단계_완전_소외
6079,train,1,1,1단계_완전_소외
6080,train,0,2,2단계_부분_적응
6081,train,1,1,1단계_완전_소외
6082,train,2,3,3단계_자립_적응
6083,train,0,2,2단계_부분_적응
6084,train,1,1,1단계_완전_소외
6085,train,2,3,3단계_자립_적응
6086,train,0,2,2단계_부분_적응
6087,train,0,2,2단계_부분_적응
6088,train,0,2,2단계_부분_적응
6089,train,0,2,2단계_부분_적응
6090,train,1,1,1단계_완전_소외
6091,train,0,2,2단계_부분_적응
6092,train,1,1,1단계_완전_소외
6093,train,2,3,3단계_자립_적응
6094,train,2,3,3단계_자립_적응
6095,train,0,2,2단계_부분_적응
6096,train,1,1,1단계_완전_소외
6097,train,0,2,2단계_부분_적응
6098,train,0,2,2단계_부분_적응
6099,train,1,1,1단계_완전_소외
6100,train,0,2,2단계_부분_적응
6101,train,1,1,1단계_완전_소외
6102,train,0,2,2단계_부분_적응
6103,train,2,3,3단계_자립_적응
6104,train,1,1,1단계_완전_소외
6105,train,2,3,3단계_자립_적응
6106,train,1,1,1단계_완전_소외
6107,train,2,3,3단계_자립_적응
6108,train,0,2,2단계_부분_적응
6109,train,2,3,3단계_자립_적응
6110,train,1,1,1단계_완전_소외
6111,train,1,1,1단계_완전_소외
6112,train,0,2,2단계_부분_적응
6113,train,1,1,1단계_완전_소외
6114,train,0,2,2단계_부분_적응
6115,train,0,2,2단계_부분_적응
6116,train,0,2,2단계_부분_적응
6117,train,1,1,1단계_완전_소외
6118,train,0,2,2단계_부분_적응
6119,train,1,1,1단계_완전_소외
6120,train,0,2,2단계_부분_적응
6121,train,0,2,2단계_부분_적응
6122,train,2,3,3단계_자립_적응
6123,train,1,1,1단계_완전_소외
6124,train,0,2,2단계_부분_적응
6125,train,0,2,2단계_부분_적응
6126,train,0,2,2단계_부분_적응
6127,train,1,1,1단계_완전_소외
6128,train,0,2,2단계_부분_적응
6129,train,0,2,2단계_부분_적응
6130,train,2,3,3단계_자립_적응
6131,train,0,2,2단계_부분_적응
6132,train,1,1,1단계_완전_소외
6133,train,1,1,1단계_완전_소외
6134,train,2,3,3단계_자립_적응
6135,train,0,2,2단계_부분_적응
6136,train,1,1,1단계_완전_소외
6137,train,1,1,1단계_완전_소외
6138,train,1,1,1단계_완전_소외
6139,train,1,1,1단계_완전_소외
6140,train,0,2,2단계_부분_적응
6141,train,0,2,2단계_부분_적응
6142,train,1,1,1단계_완전_소외
6143,train,1,1,1단계_완전_소외
6144,train,2,3,3단계_자립_적응
6145,train,0,2,2단계_부분_적응
6146,train,0,2,2단계_부분_적응
6147,train,1,1,1단계_완전_소외
6148,train,2,3,3단계_자립_적응
6149,train,0,2,2단계_부분_적응
6150,train,1,1,1단계_완전_소외
6151,train,0,2,2단계_부분_적응
6152,train,2,3,3단계_자립_적응
6153,train,1,1,1단계_완전_소외
6154,train,2,3,3단계_자립_적응
6155,train,0,2,2단계_부분_적응
6156,train,1,1,1단계_완전_소외
6157,train,0,2,2단계_부분_적응
6158,train,0,2,2단계_부분_적응
6159,train,2,3,3단계_자립_적응
6160,train,1,1,1단계_완전_소외
6161,train,1,1,1단계_완전_소외
6162,train,1,1,1단계_완전_소외
6163,train,2,3,3단계_자립_적응
6164,train,2,3,3단계_자립_적응
6165,train,0,2,2단계_부분_적응
6166,train,0,2,2단계_부분_적응
6167,train,0,2,2단계_부분_적응
6168,train,1,1,1단계_완전_소외
6169,train,1,1,1단계_완전_소외
6170,train,0,2,2단계_부분_적응
6171,train,2,3,3단계_자립_적응
6172,train,1,1,1단계_완전_소외
6173,train,0,2,2단계_부분_적응
6174,train,1,1,1단계_완전_소외
6175,train,2,3,3단계_자립_적응
6176,train,0,2,2단계_부분_적응
6177,train,1,1,1단계_완전_소외
6178,train,0,2,2단계_부분_적응
6179,train,0,2,2단계_부분_적응
6180,train,0,2,2단계_부분_적응
6181,train,0,2,2단계_부분_적응
6182,train,0,2,2단계_부분_적응
6183,train,2,3,3단계_자립_적응
6184,train,0,2,2단계_부분_적응
6185,train,1,1,1단계_완전_소외
6186,train,1,1,1단계_완전_소외
6187,train,0,2,2단계_부분_적응
6188,train,2,3,3단계_자립_적응
6189,train,0,2,2단계_부분_적응
6190,train,0,2,2단계_부분_적응
6191,train,0,2,2단계_부분_적응
6192,train,1,1,1단계_완전_소외
6193,train,0,2,2단계_부분_적응
6194,train,0,2,2단계_부분_적응
6195,train,2,3,3단계_자립_적응
6196,train,1,1,1단계_완전_소외
6197,train,1,1,1단계_완전_소외
6198,train,1,1,1단계_완전_소외
6199,train,2,3,3단계_자립_적응
6200,train,2,3,3단계_자립_적응
6201,train,1,1,1단계_완전_소외
6202,train,1,1,1단계_완전_소외
6203,train,0,2,2단계_부분_적응
6204,train,0,2,2단계_부분_적응
6205,train,2,3,3단계_자립_적응
6206,train,1,1,1단계_완전_소외
6207,train,0,2,2단계_부분_적응
6208,train,0,2,2단계_부분_적응
6209,train,0,2,2단계_부분_적응
6210,train,2,3,3단계_자립_적응
6211,train,2,3,3단계_자립_적응
6212,train,2,3,3단계_자립_적응
6213,train,0,2,2단계_부분_적응
6214,train,1,1,1단계_완전_소외
6215,train,1,1,1단계_완전_소외
6216,train,1,1,1단계_완전_소외
6217,train,0,2,2단계_부분_적응
6218,train,2,3,3단계_자립_적응
6219,train,2,3,3단계_자립_적응
6220,train,1,1,1단계_완전_소외
6221,train,2,3,3단계_자립_적응
6222,train,0,2,2단계_부분_적응
6223,train,1,1,1단계_완전_소외
6224,train,1,1,1단계_완전_소외
6225,train,0,2,2단계_부분_적응
6226,train,0,2,2단계_부분_적응
6227,train,2,3,3단계_자립_적응
6228,train,0,2,2단계_부분_적응
6229,train,1,1,1단계_완전_소외
6230,train,0,2,2단계_부분_적응
6231,train,1,1,1단계_완전_소외
6232,train,2,3,3단계_자립_적응
6233,train,1,1,1단계_완전_소외
6234,train,1,1,1단계_완전_소외
6235,train,1,1,1단계_완전_소외
6236,train,0,2,2단계_부분_적응
6237,train,0,2,2단계_부분_적응
6238,train,0,2,2단계_부분_적응
6239,train,1,1,1단계_완전_소외
6240,train,1,1,1단계_완전_소외
6241,train,0,2,2단계_부분_적응
6242,train,1,1,1단계_완전_소외
6243,train,0,2,2단계_부분_적응
6244,train,2,3,3단계_자립_적응
6245,train,1,1,1단계_완전_소외
6246,train,1,1,1단계_완전_소외
6247,train,0,2,2단계_부분_적응
6248,train,2,3,3단계_자립_적응
6249,train,0,2,2단계_부분_적응
6250,train,1,1,1단계_완전_소외
6251,train,1,1,1단계_완전_소외
6252,train,0,2,2단계_부분_적응
6253,train,2,3,3단계_자립_적응
6254,train,2,3,3단계_자립_적응
6255,train,0,2,2단계_부분_적응
6256,train,1,1,1단계_완전_소외
6257,train,0,2,2단계_부분_적응
6258,train,0,2,2단계_부분_적응
6259,train,0,2,2단계_부분_적응
6260,train,0,2,2단계_부분_적응
6261,train,2,3,3단계_자립_적응
6262,train,2,3,3단계_자립_적응
6263,train,0,2,2단계_부분_적응
6264,train,1,1,1단계_완전_소외
6265,train,0,2,2단계_부분_적응
6266,train,1,1,1단계_완전_소외
6267,train,2,3,3단계_자립_적응
6268,train,0,2,2단계_부분_적응
6269,train,1,1,1단계_완전_소외
6270,train,1,1,1단계_완전_소외
6271,train,0,2,2단계_부분_적응
6272,train,0,2,2단계_부분_적응
6273,train,2,3,3단계_자립_적응
6274,train,0,2,2단계_부분_적응
6275,train,2,3,3단계_자립_적응
6276,train,1,1,1단계_완전_소외
6277,train,0,2,2단계_부분_적응
6278,train,2,3,3단계_자립_적응
6279,train,0,2,2단계_부분_적응
6280,train,0,2,2단계_부분_적응
6281,train,2,3,3단계_자립_적응
6282,train,1,1,1단계_완전_소외
6283,train,0,2,2단계_부분_적응
6284,train,2,3,3단계_자립_적응
6285,train,0,2,2단계_부분_적응
6286,train,0,2,2단계_부분_적응
6287,train,1,1,1단계_완전_소외
6288,train,0,2,2단계_부분_적응
6289,train,0,2,2단계_부분_적응
6290,train,1,1,1단계_완전_소외
6291,train,2,3,3단계_자립_적응
6292,train,2,3,3단계_자립_적응
6293,train,1,1,1단계_완전_소외
6294,train,0,2,2단계_부분_적응
6295,train,0,2,2단계_부분_적응
6296,train,2,3,3단계_자립_적응
6297,train,1,1,1단계_완전_소외
6298,train,1,1,1단계_완전_소외
6299,train,2,3,3단계_자립_적응
6300,train,0,2,2단계_부분_적응
6301,train,0,2,2단계_부분_적응
6302,train,0,2,2단계_부분_적응
6303,train,1,1,1단계_완전_소외
6304,train,2,3,3단계_자립_적응
6305,train,2,3,3단계_자립_적응
6306,train,0,2,2단계_부분_적응
6307,train,0,2,2단계_부분_적응
6308,train,1,1,1단계_완전_소외
6309,train,2,3,3단계_자립_적응
6310,train,2,3,3단계_자립_적응
6311,train,0,2,2단계_부분_적응
6312,train,2,3,3단계_자립_적응
6313,train,1,1,1단계_완전_소외
6314,train,1,1,1단계_완전_소외
6315,train,0,2,2단계_부분_적응
6316,train,2,3,3단계_자립_적응
6317,train,2,3,3단계_자립_적응
6318,train,0,2,2단계_부분_적응
6319,train,2,3,3단계_자립_적응
6320,train,1,1,1단계_완전_소외
6321,train,2,3,3단계_자립_적응
6322,train,0,2,2단계_부분_적응
6323,train,1,1,1단계_완전_소외
6324,train,0,2,2단계_부분_적응
6325,train,2,3,3단계_자립_적응
6326,train,0,2,2단계_부분_적응
6327,train,1,1,1단계_완전_소외
6328,train,0,2,2단계_부분_적응
6329,train,0,2,2단계_부분_적응
6330,train,2,3,3단계_자립_적응
6331,train,1,1,1단계_완전_소외
6332,train,0,2,2단계_부분_적응
6333,train,0,2,2단계_부분_적응
6334,train,0,2,2단계_부분_적응
6335,train,2,3,3단계_자립_적응
6336,train,0,2,2단계_부분_적응
6337,train,2,3,3단계_자립_적응
6338,train,2,3,3단계_자립_적응
6339,train,0,2,2단계_부분_적응
6340,train,1,1,1단계_완전_소외
6341,train,0,2,2단계_부분_적응
6342,train,0,2,2단계_부분_적응
6343,train,0,2,2단계_부분_적응
6344,train,2,3,3단계_자립_적응
6345,train,2,3,3단계_자립_적응
6346,train,0,2,2단계_부분_적응
6347,train,1,1,1단계_완전_소외
6348,train,1,1,1단계_완전_소외
6349,train,1,1,1단계_완전_소외
6350,train,1,1,1단계_완전_소외
6351,train,1,1,1단계_완전_소외
6352,train,1,1,1단계_완전_소외
6353,train,1,1,1단계_완전_소외
6354,train,2,3,3단계_자립_적응
6355,train,0,2,2단계_부분_적응
6356,train,0,2,2단계_부분_적응
6357,train,1,1,1단계_완전_소외
6358,train,2,3,3단계_자립_적응
6359,train,1,1,1단계_완전_소외
6360,train,0,2,2단계_부분_적응
6361,train,0,2,2단계_부분_적응
6362,train,0,2,2단계_부분_적응
6363,train,0,2,2단계_부분_적응
6364,train,0,2,2단계_부분_적응
6365,train,1,1,1단계_완전_소외
6366,train,1,1,1단계_완전_소외
6367,train,0,2,2단계_부분_적응
6368,train,0,2,2단계_부분_적응
6369,train,2,3,3단계_자립_적응
6370,train,2,3,3단계_자립_적응
6371,train,2,3,3단계_자립_적응
6372,train,1,1,1단계_완전_소외
6373,train,1,1,1단계_완전_소외
6374,train,2,3,3단계_자립_적응
6375,train,2,3,3단계_자립_적응
6376,train,0,2,2단계_부분_적응
6377,train,0,2,2단계_부분_적응
6378,train,2,3,3단계_자립_적응
6379,train,0,2,2단계_부분_적응
6380,train,2,3,3단계_자립_적응
6381,train,0,2,2단계_부분_적응
6382,train,2,3,3단계_자립_적응
6383,train,2,3,3단계_자립_적응
6384,train,1,1,1단계_완전_소외
6385,train,1,1,1단계_완전_소외
6386,train,1,1,1단계_완전_소외
6387,train,1,1,1단계_완전_소외
6388,train,1,1,1단계_완전_소외
6389,train,1,1,1단계_완전_소외
6390,train,0,2,2단계_부분_적응
6391,train,0,2,2단계_부분_적응
6392,train,1,1,1단계_완전_소외
6393,train,0,2,2단계_부분_적응
6394,train,2,3,3단계_자립_적응
6395,train,2,3,3단계_자립_적응
6396,train,1,1,1단계_완전_소외
6397,train,1,1,1단계_완전_소외
6398,train,2,3,3단계_자립_적응
6399,train,2,3,3단계_자립_적응
6400,train,0,2,2단계_부분_적응
6401,train,2,3,3단계_자립_적응
6402,train,1,1,1단계_완전_소외
6403,train,1,1,1단계_완전_소외
6404,train,1,1,1단계_완전_소외
6405,train,2,3,3단계_자립_적응
6406,train,2,3,3단계_자립_적응
6407,train,0,2,2단계_부분_적응
6408,train,2,3,3단계_자립_적응
6409,train,1,1,1단계_완전_소외
6410,train,1,1,1단계_완전_소외
6411,train,2,3,3단계_자립_적응
6412,train,1,1,1단계_완전_소외
6413,train,2,3,3단계_자립_적응
6414,train,1,1,1단계_완전_소외
6415,train,0,2,2단계_부분_적응
6416,train,2,3,3단계_자립_적응
6417,train,2,3,3단계_자립_적응
6418,train,0,2,2단계_부분_적응
6419,train,2,3,3단계_자립_적응
6420,train,2,3,3단계_자립_적응
6421,train,1,1,1단계_완전_소외
6422,train,1,1,1단계_완전_소외
6423,train,1,1,1단계_완전_소외
6424,train,2,3,3단계_자립_적응
6425,train,2,3,3단계_자립_적응
6426,train,1,1,1단계_완전_소외
6427,train,2,3,3단계_자립_적응
6428,train,1,1,1단계_완전_소외
6429,train,0,2,2단계_부분_적응
6430,train,2,3,3단계_자립_적응
6431,train,2,3,3단계_자립_적응
6432,train,0,2,2단계_부분_적응
6433,train,2,3,3단계_자립_적응
6434,train,0,2,2단계_부분_적응
6435,train,0,2,2단계_부분_적응
6436,train,0,2,2단계_부분_적응
6437,train,2,3,3단계_자립_적응
6438,train,1,1,1단계_완전_소외
6439,train,2,3,3단계_자립_적응
6440,train,2,3,3단계_자립_적응
6441,train,1,1,1단계_완전_소외
6442,train,0,2,2단계_부분_적응
6443,train,2,3,3단계_자립_적응
6444,train,2,3,3단계_자립_적응
6445,train,1,1,1단계_완전_소외
6446,train,0,2,2단계_부분_적응
6447,train,1,1,1단계_완전_소외
6448,train,0,2,2단계_부분_적응
6449,train,0,2,2단계_부분_적응
6450,train,0,2,2단계_부분_적응
6451,train,0,2,2단계_부분_적응
6452,train,1,1,1단계_완전_소외
6453,train,0,2,2단계_부분_적응
6454,train,1,1,1단계_완전_소외
6455,train,1,1,1단계_완전_소외
6456,train,0,2,2단계_부분_적응
6457,train,2,3,3단계_자립_적응
6458,train,0,2,2단계_부분_적응
6459,train,2,3,3단계_자립_적응
6460,train,1,1,1단계_완전_소외
6461,train,1,1,1단계_완전_소외
6462,train,0,2,2단계_부분_적응
6463,train,2,3,3단계_자립_적응
6464,train,2,3,3단계_자립_적응
6465,train,0,2,2단계_부분_적응
6466,train,2,3,3단계_자립_적응
6467,train,0,2,2단계_부분_적응
6468,train,2,3,3단계_자립_적응
6469,train,0,2,2단계_부분_적응
6470,train,0,2,2단계_부분_적응
6471,train,0,2,2단계_부분_적응
6472,train,1,1,1단계_완전_소외
6473,train,2,3,3단계_자립_적응
6474,train,2,3,3단계_자립_적응
6475,train,1,1,1단계_완전_소외
6476,train,1,1,1단계_완전_소외
6477,train,0,2,2단계_부분_적응
6478,train,1,1,1단계_완전_소외
6479,train,1,1,1단계_완전_소외
6480,train,1,1,1단계_완전_소외
6481,train,0,2,2단계_부분_적응
6482,train,0,2,2단계_부분_적응
6483,train,0,2,2단계_부분_적응
6484,train,0,2,2단계_부분_적응
6485,train,0,2,2단계_부분_적응
6486,train,1,1,1단계_완전_소외
6487,train,2,3,3단계_자립_적응
6488,train,0,2,2단계_부분_적응
6489,train,1,1,1단계_완전_소외
6490,train,1,1,1단계_완전_소외
6491,train,0,2,2단계_부분_적응
6492,train,0,2,2단계_부분_적응
6493,train,2,3,3단계_자립_적응
6494,train,0,2,2단계_부분_적응
6495,train,2,3,3단계_자립_적응
6496,train,0,2,2단계_부분_적응
6497,train,1,1,1단계_완전_소외
6498,train,2,3,3단계_자립_적응
6499,train,0,2,2단계_부분_적응
6500,train,2,3,3단계_자립_적응
6501,train,2,3,3단계_자립_적응
6502,train,0,2,2단계_부분_적응
6503,train,0,2,2단계_부분_적응
6504,train,2,3,3단계_자립_적응
6505,train,0,2,2단계_부분_적응
6506,train,0,2,2단계_부분_적응
6507,train,2,3,3단계_자립_적응
6508,train,0,2,2단계_부분_적응
6509,train,1,1,1단계_완전_소외
6510,train,0,2,2단계_부분_적응
6511,train,0,2,2단계_부분_적응
6512,train,0,2,2단계_부분_적응
6513,train,0,2,2단계_부분_적응
6514,train,1,1,1단계_완전_소외
6515,train,1,1,1단계_완전_소외
6516,train,0,2,2단계_부분_적응
6517,train,1,1,1단계_완전_소외
6518,train,1,1,1단계_완전_소외
6519,train,0,2,2단계_부분_적응
6520,train,0,2,2단계_부분_적응
6521,train,2,3,3단계_자립_적응
6522,train,0,2,2단계_부분_적응
6523,train,1,1,1단계_완전_소외
6524,train,2,3,3단계_자립_적응
6525,train,1,1,1단계_완전_소외
6526,train,1,1,1단계_완전_소외
6527,train,0,2,2단계_부분_적응
6528,train,0,2,2단계_부분_적응
6529,train,1,1,1단계_완전_소외
6530,train,1,1,1단계_완전_소외
6531,train,0,2,2단계_부분_적응
6532,train,2,3,3단계_자립_적응
6533,train,1,1,1단계_완전_소외
6534,train,1,1,1단계_완전_소외
6535,train,0,2,2단계_부분_적응
6536,train,1,1,1단계_완전_소외
6537,train,2,3,3단계_자립_적응
6538,train,1,1,1단계_완전_소외
6539,train,2,3,3단계_자립_적응
6540,train,1,1,1단계_완전_소외
6541,train,2,3,3단계_자립_적응
6542,train,0,2,2단계_부분_적응
6543,train,1,1,1단계_완전_소외
6544,train,1,1,1단계_완전_소외
6545,train,2,3,3단계_자립_적응
6546,train,1,1,1단계_완전_소외
6547,train,0,2,2단계_부분_적응
6548,train,1,1,1단계_완전_소외
6549,train,1,1,1단계_완전_소외
6550,train,2,3,3단계_자립_적응
6551,train,0,2,2단계_부분_적응
6552,train,2,3,3단계_자립_적응
6553,train,0,2,2단계_부분_적응
6554,train,1,1,1단계_완전_소외
6555,train,2,3,3단계_자립_적응
6556,train,1,1,1단계_완전_소외
6557,train,2,3,3단계_자립_적응
6558,train,2,3,3단계_자립_적응
6559,train,0,2,2단계_부분_적응
6560,train,1,1,1단계_완전_소외
6561,train,2,3,3단계_자립_적응
6562,train,0,2,2단계_부분_적응
6563,train,0,2,2단계_부분_적응
6564,train,1,1,1단계_완전_소외
6565,train,1,1,1단계_완전_소외
6566,train,1,1,1단계_완전_소외
6567,train,0,2,2단계_부분_적응
6568,train,1,1,1단계_완전_소외
6569,train,2,3,3단계_자립_적응
6570,train,1,1,1단계_완전_소외
6571,train,1,1,1단계_완전_소외
6572,train,2,3,3단계_자립_적응
6573,train,2,3,3단계_자립_적응
6574,train,0,2,2단계_부분_적응
6575,train,2,3,3단계_자립_적응
6576,train,0,2,2단계_부분_적응
6577,train,2,3,3단계_자립_적응
6578,train,0,2,2단계_부분_적응
6579,train,0,2,2단계_부분_적응
6580,train,2,3,3단계_자립_적응
6581,train,0,2,2단계_부분_적응
6582,train,2,3,3단계_자립_적응
6583,train,1,1,1단계_완전_소외
6584,train,0,2,2단계_부분_적응
6585,train,0,2,2단계_부분_적응
6586,train,2,3,3단계_자립_적응
6587,train,2,3,3단계_자립_적응
6588,train,0,2,2단계_부분_적응
6589,train,0,2,2단계_부분_적응
6590,train,2,3,3단계_자립_적응
6591,train,0,2,2단계_부분_적응
6592,train,1,1,1단계_완전_소외
6593,train,2,3,3단계_자립_적응
6594,train,0,2,2단계_부분_적응
6595,train,2,3,3단계_자립_적응
6596,train,1,1,1단계_완전_소외
6597,train,0,2,2단계_부분_적응
6598,train,0,2,2단계_부분_적응
6599,train,2,3,3단계_자립_적응
6600,train,0,2,2단계_부분_적응
6601,train,1,1,1단계_완전_소외
6602,train,1,1,1단계_완전_소외
6603,train,1,1,1단계_완전_소외
6604,train,1,1,1단계_완전_소외
6605,train,2,3,3단계_자립_적응
6606,train,0,2,2단계_부분_적응
6607,train,2,3,3단계_자립_적응
6608,train,0,2,2단계_부분_적응
6609,train,0,2,2단계_부분_적응
6610,train,1,1,1단계_완전_소외
6611,train,2,3,3단계_자립_적응
6612,train,0,2,2단계_부분_적응
6613,train,2,3,3단계_자립_적응
6614,train,2,3,3단계_자립_적응
6615,train,2,3,3단계_자립_적응
6616,train,2,3,3단계_자립_적응
6617,train,1,1,1단계_완전_소외
6618,train,0,2,2단계_부분_적응
6619,train,1,1,1단계_완전_소외
6620,train,0,2,2단계_부분_적응
6621,train,2,3,3단계_자립_적응
6622,train,2,3,3단계_자립_적응
6623,train,2,3,3단계_자립_적응
6624,train,2,3,3단계_자립_적응
6625,train,2,3,3단계_자립_적응
6626,train,1,1,1단계_완전_소외
6627,train,2,3,3단계_자립_적응
6628,train,2,3,3단계_자립_적응
6629,train,1,1,1단계_완전_소외
6630,train,2,3,3단계_자립_적응
6631,train,0,2,2단계_부분_적응
6632,train,2,3,3단계_자립_적응
6633,train,0,2,2단계_부분_적응
6634,train,0,2,2단계_부분_적응
6635,train,1,1,1단계_완전_소외
6636,train,2,3,3단계_자립_적응
6637,train,0,2,2단계_부분_적응
6638,train,1,1,1단계_완전_소외
6639,train,1,1,1단계_완전_소외
6640,train,2,3,3단계_자립_적응
6641,train,1,1,1단계_완전_소외
6642,train,2,3,3단계_자립_적응
6643,train,0,2,2단계_부분_적응
6644,train,0,2,2단계_부분_적응
6645,train,2,3,3단계_자립_적응
6646,train,2,3,3단계_자립_적응
6647,train,1,1,1단계_완전_소외
6648,train,2,3,3단계_자립_적응
6649,train,1,1,1단계_완전_소외
6650,train,2,3,3단계_자립_적응
6651,train,0,2,2단계_부분_적응
6652,train,2,3,3단계_자립_적응
6653,train,2,3,3단계_자립_적응
6654,train,1,1,1단계_완전_소외
6655,train,0,2,2단계_부분_적응
6656,train,1,1,1단계_완전_소외
6657,train,0,2,2단계_부분_적응
6658,train,1,1,1단계_완전_소외
6659,train,1,1,1단계_완전_소외
6660,train,1,1,1단계_완전_소외
6661,train,0,2,2단계_부분_적응
6662,train,0,2,2단계_부분_적응
6663,train,1,1,1단계_완전_소외
6664,train,1,1,1단계_완전_소외
6665,train,0,2,2단계_부분_적응
6666,train,1,1,1단계_완전_소외
6667,train,1,1,1단계_완전_소외
6668,train,2,3,3단계_자립_적응
6669,train,1,1,1단계_완전_소외
6670,train,0,2,2단계_부분_적응
6671,train,1,1,1단계_완전_소외
6672,train,0,2,2단계_부분_적응
6673,train,1,1,1단계_완전_소외
6674,train,0,2,2단계_부분_적응
6675,train,1,1,1단계_완전_소외
6676,train,0,2,2단계_부분_적응
6677,train,0,2,2단계_부분_적응
6678,train,1,1,1단계_완전_소외
6679,train,0,2,2단계_부분_적응
6680,train,1,1,1단계_완전_소외
6681,train,0,2,2단계_부분_적응
6682,train,0,2,2단계_부분_적응
6683,train,0,2,2단계_부분_적응
6684,train,0,2,2단계_부분_적응
6685,train,1,1,1단계_완전_소외
6686,train,2,3,3단계_자립_적응
6687,train,1,1,1단계_완전_소외
6688,train,1,1,1단계_완전_소외
6689,train,2,3,3단계_자립_적응
6690,train,1,1,1단계_완전_소외
6691,train,2,3,3단계_자립_적응
6692,train,0,2,2단계_부분_적응
6693,train,1,1,1단계_완전_소외
6694,train,0,2,2단계_부분_적응
6695,train,1,1,1단계_완전_소외
6696,train,0,2,2단계_부분_적응
6697,train,1,1,1단계_완전_소외
6698,train,0,2,2단계_부분_적응
6699,train,1,1,1단계_완전_소외
6700,train,2,3,3단계_자립_적응
6701,train,2,3,3단계_자립_적응
6702,train,2,3,3단계_자립_적응
6703,train,1,1,1단계_완전_소외
6704,train,0,2,2단계_부분_적응
6705,train,0,2,2단계_부분_적응
6706,train,0,2,2단계_부분_적응
6707,train,1,1,1단계_완전_소외
6708,train,2,3,3단계_자립_적응
6709,train,1,1,1단계_완전_소외
6710,train,1,1,1단계_완전_소외
6711,train,2,3,3단계_자립_적응
6712,train,0,2,2단계_부분_적응
6713,train,0,2,2단계_부분_적응
6714,train,2,3,3단계_자립_적응
6715,train,0,2,2단계_부분_적응
6716,train,0,2,2단계_부분_적응
6717,train,0,2,2단계_부분_적응
6718,train,1,1,1단계_완전_소외
6719,train,2,3,3단계_자립_적응
6720,train,0,2,2단계_부분_적응
6721,train,1,1,1단계_완전_소외
6722,train,1,1,1단계_완전_소외
6723,train,2,3,3단계_자립_적응
6724,train,2,3,3단계_자립_적응
6725,train,0,2,2단계_부분_적응
6726,train,1,1,1단계_완전_소외
6727,train,2,3,3단계_자립_적응
6728,train,1,1,1단계_완전_소외
6729,train,2,3,3단계_자립_적응
6730,train,2,3,3단계_자립_적응
6731,train,0,2,2단계_부분_적응
6732,train,0,2,2단계_부분_적응
6733,train,0,2,2단계_부분_적응
6734,train,0,2,2단계_부분_적응
6735,train,1,1,1단계_완전_소외
6736,train,1,1,1단계_완전_소외
6737,train,1,1,1단계_완전_소외
6738,train,1,1,1단계_완전_소외
6739,train,2,3,3단계_자립_적응
6740,train,0,2,2단계_부분_적응
6741,train,1,1,1단계_완전_소외
6742,train,0,2,2단계_부분_적응
6743,train,0,2,2단계_부분_적응
6744,train,0,2,2단계_부분_적응
6745,train,2,3,3단계_자립_적응
6746,train,1,1,1단계_완전_소외
6747,train,0,2,2단계_부분_적응
6748,train,2,3,3단계_자립_적응
6749,train,1,1,1단계_완전_소외
6750,train,1,1,1단계_완전_소외
6751,train,0,2,2단계_부분_적응
6752,train,1,1,1단계_완전_소외
6753,train,0,2,2단계_부분_적응
6754,train,0,2,2단계_부분_적응
6755,train,2,3,3단계_자립_적응
6756,train,0,2,2단계_부분_적응
6757,train,2,3,3단계_자립_적응
6758,train,2,3,3단계_자립_적응
6759,train,0,2,2단계_부분_적응
6760,train,2,3,3단계_자립_적응
6761,train,0,2,2단계_부분_적응
6762,train,1,1,1단계_완전_소외
6763,train,1,1,1단계_완전_소외
6764,train,0,2,2단계_부분_적응
6765,train,0,2,2단계_부분_적응
6766,train,0,2,2단계_부분_적응
6767,train,2,3,3단계_자립_적응
6768,train,1,1,1단계_완전_소외
6769,train,2,3,3단계_자립_적응
6770,train,2,3,3단계_자립_적응
6771,train,2,3,3단계_자립_적응
6772,train,1,1,1단계_완전_소외
6773,train,0,2,2단계_부분_적응
6774,train,1,1,1단계_완전_소외
6775,train,2,3,3단계_자립_적응
6776,train,1,1,1단계_완전_소외
6777,train,1,1,1단계_완전_소외
6778,train,2,3,3단계_자립_적응
6779,train,0,2,2단계_부분_적응
6780,train,0,2,2단계_부분_적응
6781,train,2,3,3단계_자립_적응
6782,train,0,2,2단계_부분_적응
6783,train,0,2,2단계_부분_적응
6784,train,1,1,1단계_완전_소외
6785,train,2,3,3단계_자립_적응
6786,train,0,2,2단계_부분_적응
6787,train,2,3,3단계_자립_적응
6788,train,1,1,1단계_완전_소외
6789,train,2,3,3단계_자립_적응
6790,train,0,2,2단계_부분_적응
6791,train,1,1,1단계_완전_소외
6792,train,0,2,2단계_부분_적응
6793,train,2,3,3단계_자립_적응
6794,train,0,2,2단계_부분_적응
6795,train,2,3,3단계_자립_적응
6796,train,0,2,2단계_부분_적응
6797,train,1,1,1단계_완전_소외
6798,train,0,2,2단계_부분_적응
6799,train,0,2,2단계_부분_적응
6800,train,0,2,2단계_부분_적응
6801,train,2,3,3단계_자립_적응
6802,train,2,3,3단계_자립_적응
6803,train,1,1,1단계_완전_소외
6804,train,0,2,2단계_부분_적응
6805,train,0,2,2단계_부분_적응
6806,train,1,1,1단계_완전_소외
6807,train,0,2,2단계_부분_적응
6808,train,0,2,2단계_부분_적응
6809,train,0,2,2단계_부분_적응
6810,train,1,1,1단계_완전_소외
6811,train,0,2,2단계_부분_적응
6812,train,0,2,2단계_부분_적응
6813,train,2,3,3단계_자립_적응
6814,train,2,3,3단계_자립_적응
6815,train,1,1,1단계_완전_소외
6816,train,0,2,2단계_부분_적응
6817,train,1,1,1단계_완전_소외
6818,train,0,2,2단계_부분_적응
6819,train,0,2,2단계_부분_적응
6820,train,0,2,2단계_부분_적응
6821,train,2,3,3단계_자립_적응
6822,train,1,1,1단계_완전_소외
6823,train,0,2,2단계_부분_적응
6824,train,0,2,2단계_부분_적응
6825,train,2,3,3단계_자립_적응
6826,train,1,1,1단계_완전_소외
6827,train,1,1,1단계_완전_소외
6828,train,0,2,2단계_부분_적응
6829,train,0,2,2단계_부분_적응
6830,train,0,2,2단계_부분_적응
6831,train,0,2,2단계_부분_적응
6832,train,0,2,2단계_부분_적응
6833,train,0,2,2단계_부분_적응
6834,train,1,1,1단계_완전_소외
6835,train,0,2,2단계_부분_적응
6836,train,0,2,2단계_부분_적응
6837,train,2,3,3단계_자립_적응
6838,train,1,1,1단계_완전_소외
6839,train,0,2,2단계_부분_적응
6840,train,0,2,2단계_부분_적응
6841,train,0,2,2단계_부분_적응
6842,train,0,2,2단계_부분_적응
6843,train,1,1,1단계_완전_소외
6844,train,0,2,2단계_부분_적응
6845,train,0,2,2단계_부분_적응
6846,train,1,1,1단계_완전_소외
6847,train,0,2,2단계_부분_적응
6848,train,0,2,2단계_부분_적응
6849,train,0,2,2단계_부분_적응
6850,train,2,3,3단계_자립_적응
6851,train,0,2,2단계_부분_적응
6852,train,2,3,3단계_자립_적응
6853,train,1,1,1단계_완전_소외
6854,train,0,2,2단계_부분_적응
6855,train,0,2,2단계_부분_적응
6856,train,1,1,1단계_완전_소외
6857,train,0,2,2단계_부분_적응
6858,train,0,2,2단계_부분_적응
6859,train,2,3,3단계_자립_적응
6860,train,0,2,2단계_부분_적응
6861,train,1,1,1단계_완전_소외
6862,train,1,1,1단계_완전_소외
6863,train,0,2,2단계_부분_적응
6864,train,1,1,1단계_완전_소외
6865,train,1,1,1단계_완전_소외
6866,train,1,1,1단계_완전_소외
6867,train,0,2,2단계_부분_적응
6868,train,0,2,2단계_부분_적응
6869,train,1,1,1단계_완전_소외
6870,train,0,2,2단계_부분_적응
6871,train,2,3,3단계_자립_적응
6872,train,2,3,3단계_자립_적응
6873,train,1,1,1단계_완전_소외
6874,train,1,1,1단계_완전_소외
6875,train,1,1,1단계_완전_소외
6876,train,0,2,2단계_부분_적응
6877,train,0,2,2단계_부분_적응
6878,train,0,2,2단계_부분_적응
6879,train,0,2,2단계_부분_적응
6880,train,0,2,2단계_부분_적응
6881,train,0,2,2단계_부분_적응
6882,train,0,2,2단계_부분_적응
6883,train,2,3,3단계_자립_적응
6884,train,1,1,1단계_완전_소외
6885,train,0,2,2단계_부분_적응
6886,train,0,2,2단계_부분_적응
6887,train,0,2,2단계_부분_적응
6888,train,1,1,1단계_완전_소외
6889,train,0,2,2단계_부분_적응
6890,train,1,1,1단계_완전_소외
6891,train,1,1,1단계_완전_소외
6892,train,0,2,2단계_부분_적응
6893,train,2,3,3단계_자립_적응
6894,train,0,2,2단계_부분_적응
6895,train,0,2,2단계_부분_적응
6896,train,0,2,2단계_부분_적응
6897,train,0,2,2단계_부분_적응
6898,train,0,2,2단계_부분_적응
6899,train,0,2,2단계_부분_적응
6900,train,1,1,1단계_완전_소외
6901,train,2,3,3단계_자립_적응
6902,train,1,1,1단계_완전_소외
6903,train,0,2,2단계_부분_적응
6904,train,1,1,1단계_완전_소외
6905,train,2,3,3단계_자립_적응
6906,train,1,1,1단계_완전_소외
6907,train,1,1,1단계_완전_소외
6908,train,0,2,2단계_부분_적응
6909,train,0,2,2단계_부분_적응
6910,train,0,2,2단계_부분_적응
6911,train,2,3,3단계_자립_적응
6912,train,1,1,1단계_완전_소외
6913,train,1,1,1단계_완전_소외
6914,train,1,1,1단계_완전_소외
6915,train,1,1,1단계_완전_소외
6916,train,2,3,3단계_자립_적응
6917,train,0,2,2단계_부분_적응
6918,train,1,1,1단계_완전_소외
6919,train,0,2,2단계_부분_적응
6920,train,1,1,1단계_완전_소외
6921,train,2,3,3단계_자립_적응
6922,train,2,3,3단계_자립_적응
6923,train,0,2,2단계_부분_적응
6924,train,2,3,3단계_자립_적응
6925,train,0,2,2단계_부분_적응
6926,train,0,2,2단계_부분_적응
6927,train,1,1,1단계_완전_소외
6928,train,1,1,1단계_완전_소외
6929,train,2,3,3단계_자립_적응
6930,train,0,2,2단계_부분_적응
6931,train,0,2,2단계_부분_적응
6932,train,2,3,3단계_자립_적응
6933,train,2,3,3단계_자립_적응
6934,train,1,1,1단계_완전_소외
6935,train,1,1,1단계_완전_소외
6936,train,0,2,2단계_부분_적응
6937,train,2,3,3단계_자립_적응
6938,train,1,1,1단계_완전_소외
6939,train,1,1,1단계_완전_소외
6940,train,2,3,3단계_자립_적응
6941,train,1,1,1단계_완전_소외
6942,train,0,2,2단계_부분_적응
6943,train,2,3,3단계_자립_적응
6944,train,0,2,2단계_부분_적응
6945,train,0,2,2단계_부분_적응
6946,train,1,1,1단계_완전_소외
6947,train,0,2,2단계_부분_적응
6948,train,0,2,2단계_부분_적응
6949,train,0,2,2단계_부분_적응
6950,train,1,1,1단계_완전_소외
6951,train,0,2,2단계_부분_적응
6952,train,1,1,1단계_완전_소외
6953,train,2,3,3단계_자립_적응
6954,train,1,1,1단계_완전_소외
6955,train,1,1,1단계_완전_소외
6956,train,0,2,2단계_부분_적응
6957,train,2,3,3단계_자립_적응
6958,train,1,1,1단계_완전_소외
6959,train,1,1,1단계_완전_소외
6960,train,0,2,2단계_부분_적응
6961,train,0,2,2단계_부분_적응
6962,train,1,1,1단계_완전_소외
6963,train,2,3,3단계_자립_적응
6964,train,1,1,1단계_완전_소외
6965,train,2,3,3단계_자립_적응
6966,train,2,3,3단계_자립_적응
6967,train,0,2,2단계_부분_적응
6968,train,1,1,1단계_완전_소외
6969,train,1,1,1단계_완전_소외
6970,train,0,2,2단계_부분_적응
6971,train,0,2,2단계_부분_적응
6972,train,1,1,1단계_완전_소외
6973,train,1,1,1단계_완전_소외
6974,train,1,1,1단계_완전_소외
6975,train,1,1,1단계_완전_소외
6976,train,2,3,3단계_자립_적응
6977,train,1,1,1단계_완전_소외
6978,train,0,2,2단계_부분_적응
6979,train,1,1,1단계_완전_소외
6980,train,2,3,3단계_자립_적응
6981,train,1,1,1단계_완전_소외
6982,train,1,1,1단계_완전_소외
6983,train,0,2,2단계_부분_적응
6984,train,0,2,2단계_부분_적응
6985,train,2,3,3단계_자립_적응
6986,train,1,1,1단계_완전_소외
6987,train,0,2,2단계_부분_적응
6988,train,1,1,1단계_완전_소외
6989,train,0,2,2단계_부분_적응
6990,train,0,2,2단계_부분_적응
6991,train,2,3,3단계_자립_적응
6992,train,2,3,3단계_자립_적응
6993,train,2,3,3단계_자립_적응
6994,train,0,2,2단계_부분_적응
6995,train,1,1,1단계_완전_소외
6996,train,0,2,2단계_부분_적응
6997,train,0,2,2단계_부분_적응
6998,train,0,2,2단계_부분_적응
6999,train,2,3,3단계_자립_적응
7000,train,1,1,1단계_완전_소외
7001,train,2,3,3단계_자립_적응
7002,train,0,2,2단계_부분_적응
7003,train,0,2,2단계_부분_적응
7004,train,1,1,1단계_완전_소외
7005,train,0,2,2단계_부분_적응
7006,train,0,2,2단계_부분_적응
7007,train,1,1,1단계_완전_소외
7008,train,0,2,2단계_부분_적응
7009,train,1,1,1단계_완전_소외
7010,train,2,3,3단계_자립_적응
7011,train,2,3,3단계_자립_적응
7012,train,1,1,1단계_완전_소외
7013,train,0,2,2단계_부분_적응
7014,train,0,2,2단계_부분_적응
7015,train,0,2,2단계_부분_적응
7016,train,1,1,1단계_완전_소외
7017,train,0,2,2단계_부분_적응
7018,train,0,2,2단계_부분_적응
7019,train,2,3,3단계_자립_적응
7020,train,1,1,1단계_완전_소외
7021,train,0,2,2단계_부분_적응
7022,train,0,2,2단계_부분_적응
7023,train,2,3,3단계_자립_적응
7024,train,2,3,3단계_자립_적응
7025,train,0,2,2단계_부분_적응
7026,train,1,1,1단계_완전_소외
7027,train,0,2,2단계_부분_적응
7028,train,0,2,2단계_부분_적응
7029,train,1,1,1단계_완전_소외
7030,train,1,1,1단계_완전_소외
7031,train,2,3,3단계_자립_적응
7032,train,2,3,3단계_자립_적응
7033,train,1,1,1단계_완전_소외
7034,train,1,1,1단계_완전_소외
7035,train,2,3,3단계_자립_적응
7036,train,2,3,3단계_자립_적응
7037,train,2,3,3단계_자립_적응
7038,train,2,3,3단계_자립_적응
7039,train,2,3,3단계_자립_적응
7040,train,2,3,3단계_자립_적응
7041,train,1,1,1단계_완전_소외
7042,train,0,2,2단계_부분_적응
7043,train,0,2,2단계_부분_적응
7044,train,0,2,2단계_부분_적응
7045,train,0,2,2단계_부분_적응
7046,train,2,3,3단계_자립_적응
7047,train,0,2,2단계_부분_적응
7048,train,1,1,1단계_완전_소외
7049,train,1,1,1단계_완전_소외
7050,train,0,2,2단계_부분_적응
7051,train,0,2,2단계_부분_적응
7052,train,2,3,3단계_자립_적응
7053,train,0,2,2단계_부분_적응
7054,train,1,1,1단계_완전_소외
7055,train,0,2,2단계_부분_적응
7056,train,0,2,2단계_부분_적응
7057,train,1,1,1단계_완전_소외
7058,train,1,1,1단계_완전_소외
7059,train,0,2,2단계_부분_적응
7060,train,1,1,1단계_완전_소외
7061,train,0,2,2단계_부분_적응
7062,train,0,2,2단계_부분_적응
7063,train,1,1,1단계_완전_소외
7064,train,1,1,1단계_완전_소외
7065,train,2,3,3단계_자립_적응
7066,train,2,3,3단계_자립_적응
7067,train,0,2,2단계_부분_적응
7068,train,2,3,3단계_자립_적응
7069,train,0,2,2단계_부분_적응
7070,train,2,3,3단계_자립_적응
7071,train,1,1,1단계_완전_소외
7072,train,0,2,2단계_부분_적응
7073,train,0,2,2단계_부분_적응
7074,train,0,2,2단계_부분_적응
7075,train,1,1,1단계_완전_소외
7076,train,0,2,2단계_부분_적응
7077,train,2,3,3단계_자립_적응
7078,train,2,3,3단계_자립_적응
7079,train,1,1,1단계_완전_소외
7080,train,1,1,1단계_완전_소외
7081,train,2,3,3단계_자립_적응
7082,train,1,1,1단계_완전_소외
7083,train,1,1,1단계_완전_소외
7084,train,1,1,1단계_완전_소외
7085,train,2,3,3단계_자립_적응
7086,train,0,2,2단계_부분_적응
7087,train,0,2,2단계_부분_적응
7088,train,1,1,1단계_완전_소외
7089,train,0,2,2단계_부분_적응
7090,train,2,3,3단계_자립_적응
7091,train,0,2,2단계_부분_적응
7092,train,0,2,2단계_부분_적응
7093,train,0,2,2단계_부분_적응
7094,train,1,1,1단계_완전_소외
7095,train,1,1,1단계_완전_소외
7096,train,0,2,2단계_부분_적응
7097,train,0,2,2단계_부분_적응
7098,train,1,1,1단계_완전_소외
7099,train,0,2,2단계_부분_적응
7100,train,1,1,1단계_완전_소외
7101,train,2,3,3단계_자립_적응
7102,train,1,1,1단계_완전_소외
7103,train,1,1,1단계_완전_소외
7104,train,2,3,3단계_자립_적응
7105,train,0,2,2단계_부분_적응
7106,train,0,2,2단계_부분_적응
7107,train,0,2,2단계_부분_적응
7108,train,0,2,2단계_부분_적응
7109,train,2,3,3단계_자립_적응
7110,train,0,2,2단계_부분_적응
7111,train,0,2,2단계_부분_적응
7112,train,2,3,3단계_자립_적응
7113,train,1,1,1단계_완전_소외
7114,train,0,2,2단계_부분_적응
7115,train,1,1,1단계_완전_소외
7116,train,0,2,2단계_부분_적응
7117,train,1,1,1단계_완전_소외
7118,train,0,2,2단계_부분_적응
7119,train,2,3,3단계_자립_적응
7120,train,1,1,1단계_완전_소외
7121,train,0,2,2단계_부분_적응
7122,train,0,2,2단계_부분_적응
7123,train,0,2,2단계_부분_적응
7124,train,1,1,1단계_완전_소외
7125,train,0,2,2단계_부분_적응
7126,train,0,2,2단계_부분_적응
7127,train,1,1,1단계_완전_소외
7128,train,0,2,2단계_부분_적응
7129,train,0,2,2단계_부분_적응
7130,train,0,2,2단계_부분_적응
7131,train,2,3,3단계_자립_적응
7132,train,2,3,3단계_자립_적응
7133,train,0,2,2단계_부분_적응
7134,train,0,2,2단계_부분_적응
7135,train,1,1,1단계_완전_소외
7136,train,2,3,3단계_자립_적응
7137,train,1,1,1단계_완전_소외
7138,train,1,1,1단계_완전_소외
7139,train,0,2,2단계_부분_적응
7140,train,0,2,2단계_부분_적응
7141,train,1,1,1단계_완전_소외
7142,train,0,2,2단계_부분_적응
7143,train,2,3,3단계_자립_적응
7144,train,1,1,1단계_완전_소외
7145,train,1,1,1단계_완전_소외
7146,train,0,2,2단계_부분_적응
7147,train,1,1,1단계_완전_소외
7148,train,1,1,1단계_완전_소외
7149,train,0,2,2단계_부분_적응
7150,train,1,1,1단계_완전_소외
7151,train,1,1,1단계_완전_소외
7152,train,2,3,3단계_자립_적응
7153,train,0,2,2단계_부분_적응
7154,train,2,3,3단계_자립_적응
7155,train,2,3,3단계_자립_적응
7156,train,1,1,1단계_완전_소외
7157,train,0,2,2단계_부분_적응
7158,train,0,2,2단계_부분_적응
7159,train,0,2,2단계_부분_적응
7160,train,2,3,3단계_자립_적응
7161,train,0,2,2단계_부분_적응
7162,train,0,2,2단계_부분_적응
7163,train,2,3,3단계_자립_적응
7164,train,1,1,1단계_완전_소외
7165,train,1,1,1단계_완전_소외
7166,train,0,2,2단계_부분_적응
7167,train,1,1,1단계_완전_소외
7168,train,0,2,2단계_부분_적응
7169,train,1,1,1단계_완전_소외
7170,train,1,1,1단계_완전_소외
7171,train,2,3,3단계_자립_적응
7172,train,0,2,2단계_부분_적응
7173,train,1,1,1단계_완전_소외
7174,train,0,2,2단계_부분_적응
7175,train,0,2,2단계_부분_적응
7176,train,0,2,2단계_부분_적응
7177,train,2,3,3단계_자립_적응
7178,train,0,2,2단계_부분_적응
7179,train,2,3,3단계_자립_적응
7180,train,0,2,2단계_부분_적응
7181,train,2,3,3단계_자립_적응
7182,train,1,1,1단계_완전_소외
7183,train,2,3,3단계_자립_적응
7184,train,1,1,1단계_완전_소외
7185,train,1,1,1단계_완전_소외
7186,train,1,1,1단계_완전_소외
7187,train,0,2,2단계_부분_적응
7188,train,2,3,3단계_자립_적응
7189,train,1,1,1단계_완전_소외
7190,train,0,2,2단계_부분_적응
7191,train,2,3,3단계_자립_적응
7192,train,0,2,2단계_부분_적응
7193,train,1,1,1단계_완전_소외
7194,train,0,2,2단계_부분_적응
7195,train,2,3,3단계_자립_적응
7196,train,1,1,1단계_완전_소외
7197,train,0,2,2단계_부분_적응
7198,train,0,2,2단계_부분_적응
7199,train,1,1,1단계_완전_소외
7200,train,2,3,3단계_자립_적응
7201,train,0,2,2단계_부분_적응
7202,train,1,1,1단계_완전_소외
7203,train,1,1,1단계_완전_소외
7204,train,1,1,1단계_완전_소외
7205,train,1,1,1단계_완전_소외
7206,train,1,1,1단계_완전_소외
7207,train,1,1,1단계_완전_소외
7208,train,0,2,2단계_부분_적응
7209,train,1,1,1단계_완전_소외
7210,train,1,1,1단계_완전_소외
7211,train,0,2,2단계_부분_적응
7212,train,2,3,3단계_자립_적응
7213,train,2,3,3단계_자립_적응
7214,train,2,3,3단계_자립_적응
7215,train,1,1,1단계_완전_소외
7216,train,0,2,2단계_부분_적응
7217,train,1,1,1단계_완전_소외
7218,train,1,1,1단계_완전_소외
7219,train,2,3,3단계_자립_적응
7220,train,0,2,2단계_부분_적응
7221,train,0,2,2단계_부분_적응
7222,train,1,1,1단계_완전_소외
7223,train,1,1,1단계_완전_소외
7224,train,1,1,1단계_완전_소외
7225,train,2,3,3단계_자립_적응
7226,train,2,3,3단계_자립_적응
7227,train,0,2,2단계_부분_적응
7228,train,1,1,1단계_완전_소외
7229,train,2,3,3단계_자립_적응
7230,train,1,1,1단계_완전_소외
7231,train,1,1,1단계_완전_소외
7232,train,0,2,2단계_부분_적응
7233,train,0,2,2단계_부분_적응
7234,train,1,1,1단계_완전_소외
7235,train,2,3,3단계_자립_적응
7236,train,1,1,1단계_완전_소외
7237,train,0,2,2단계_부분_적응
7238,train,1,1,1단계_완전_소외
7239,train,1,1,1단계_완전_소외
7240,train,1,1,1단계_완전_소외
7241,train,0,2,2단계_부분_적응
7242,train,0,2,2단계_부분_적응
7243,train,1,1,1단계_완전_소외
7244,train,0,2,2단계_부분_적응
7245,train,2,3,3단계_자립_적응
7246,train,2,3,3단계_자립_적응
7247,train,0,2,2단계_부분_적응
7248,train,2,3,3단계_자립_적응
7249,train,2,3,3단계_자립_적응
7250,train,0,2,2단계_부분_적응
7251,train,1,1,1단계_완전_소외
7252,train,2,3,3단계_자립_적응
7253,train,0,2,2단계_부분_적응
7254,train,1,1,1단계_완전_소외
7255,train,2,3,3단계_자립_적응
7256,train,2,3,3단계_자립_적응
7257,train,2,3,3단계_자립_적응
7258,train,2,3,3단계_자립_적응
7259,train,1,1,1단계_완전_소외
7260,train,1,1,1단계_완전_소외
7261,train,1,1,1단계_완전_소외
7262,train,0,2,2단계_부분_적응
7263,train,2,3,3단계_자립_적응
7264,train,2,3,3단계_자립_적응
7265,train,1,1,1단계_완전_소외
7266,train,0,2,2단계_부분_적응
7267,train,2,3,3단계_자립_적응
7268,train,1,1,1단계_완전_소외
7269,train,2,3,3단계_자립_적응
7270,train,0,2,2단계_부분_적응
7271,train,1,1,1단계_완전_소외
7272,train,0,2,2단계_부분_적응
7273,train,1,1,1단계_완전_소외
7274,train,2,3,3단계_자립_적응
7275,train,0,2,2단계_부분_적응
7276,train,1,1,1단계_완전_소외
7277,train,0,2,2단계_부분_적응
7278,train,0,2,2단계_부분_적응
7279,train,2,3,3단계_자립_적응
7280,train,0,2,2단계_부분_적응
7281,train,0,2,2단계_부분_적응
7282,train,2,3,3단계_자립_적응
7283,train,1,1,1단계_완전_소외
7284,train,2,3,3단계_자립_적응
7285,train,0,2,2단계_부분_적응
7286,train,2,3,3단계_자립_적응
7287,train,1,1,1단계_완전_소외
7288,train,0,2,2단계_부분_적응
7289,train,1,1,1단계_완전_소외
7290,train,2,3,3단계_자립_적응
7291,train,0,2,2단계_부분_적응
7292,train,0,2,2단계_부분_적응
7293,train,0,2,2단계_부분_적응
7294,train,0,2,2단계_부분_적응
7295,train,0,2,2단계_부분_적응
7296,train,0,2,2단계_부분_적응
7297,train,0,2,2단계_부분_적응
7298,train,1,1,1단계_완전_소외
7299,train,2,3,3단계_자립_적응
7300,train,0,2,2단계_부분_적응
7301,train,1,1,1단계_완전_소외
7302,train,0,2,2단계_부분_적응
7303,train,0,2,2단계_부분_적응
7304,train,1,1,1단계_완전_소외
7305,train,1,1,1단계_완전_소외
7306,train,0,2,2단계_부분_적응
7307,train,1,1,1단계_완전_소외
7308,train,0,2,2단계_부분_적응
7309,train,1,1,1단계_완전_소외
7310,train,0,2,2단계_부분_적응
7311,train,1,1,1단계_완전_소외
7312,train,2,3,3단계_자립_적응
7313,train,2,3,3단계_자립_적응
7314,train,1,1,1단계_완전_소외
7315,train,1,1,1단계_완전_소외
7316,train,1,1,1단계_완전_소외
7317,train,0,2,2단계_부분_적응
7318,train,2,3,3단계_자립_적응
7319,train,0,2,2단계_부분_적응
7320,train,1,1,1단계_완전_소외
7321,train,1,1,1단계_완전_소외
7322,train,1,1,1단계_완전_소외
7323,train,1,1,1단계_완전_소외
7324,train,2,3,3단계_자립_적응
7325,train,0,2,2단계_부분_적응
7326,train,2,3,3단계_자립_적응
7327,train,0,2,2단계_부분_적응
7328,train,1,1,1단계_완전_소외
7329,train,0,2,2단계_부분_적응
7330,train,2,3,3단계_자립_적응
7331,train,0,2,2단계_부분_적응
7332,train,0,2,2단계_부분_적응
7333,train,1,1,1단계_완전_소외
7334,train,2,3,3단계_자립_적응
7335,train,2,3,3단계_자립_적응
7336,train,1,1,1단계_완전_소외
7337,train,1,1,1단계_완전_소외
7338,train,1,1,1단계_완전_소외
7339,train,2,3,3단계_자립_적응
7340,train,1,1,1단계_완전_소외
7341,train,2,3,3단계_자립_적응
7342,train,0,2,2단계_부분_적응
7343,train,0,2,2단계_부분_적응
7344,train,1,1,1단계_완전_소외
7345,train,2,3,3단계_자립_적응
7346,train,2,3,3단계_자립_적응
7347,train,1,1,1단계_완전_소외
7348,train,2,3,3단계_자립_적응
7349,train,2,3,3단계_자립_적응
7350,train,1,1,1단계_완전_소외
7351,train,2,3,3단계_자립_적응
7352,train,0,2,2단계_부분_적응
7353,train,2,3,3단계_자립_적응
7354,train,0,2,2단계_부분_적응
7355,train,1,1,1단계_완전_소외
7356,train,1,1,1단계_완전_소외
7357,train,2,3,3단계_자립_적응
7358,train,1,1,1단계_완전_소외
7359,train,0,2,2단계_부분_적응
7360,train,1,1,1단계_완전_소외
7361,train,1,1,1단계_완전_소외
7362,train,0,2,2단계_부분_적응
7363,train,0,2,2단계_부분_적응
7364,train,0,2,2단계_부분_적응
7365,train,0,2,2단계_부분_적응
7366,train,1,1,1단계_완전_소외
7367,train,1,1,1단계_완전_소외
7368,train,1,1,1단계_완전_소외
7369,train,0,2,2단계_부분_적응
7370,train,1,1,1단계_완전_소외
7371,train,2,3,3단계_자립_적응
7372,train,0,2,2단계_부분_적응
7373,train,1,1,1단계_완전_소외
7374,train,0,2,2단계_부분_적응
7375,train,1,1,1단계_완전_소외
7376,train,0,2,2단계_부분_적응
7377,train,1,1,1단계_완전_소외
7378,train,1,1,1단계_완전_소외
7379,train,1,1,1단계_완전_소외
7380,train,0,2,2단계_부분_적응
7381,train,0,2,2단계_부분_적응
7382,train,0,2,2단계_부분_적응
7383,train,1,1,1단계_완전_소외
7384,train,0,2,2단계_부분_적응
7385,train,0,2,2단계_부분_적응
7386,train,0,2,2단계_부분_적응
7387,train,2,3,3단계_자립_적응
7388,train,1,1,1단계_완전_소외
7389,train,2,3,3단계_자립_적응
7390,train,0,2,2단계_부분_적응
7391,train,2,3,3단계_자립_적응
7392,train,0,2,2단계_부분_적응
7393,train,2,3,3단계_자립_적응
7394,train,0,2,2단계_부분_적응
7395,train,0,2,2단계_부분_적응
7396,train,0,2,2단계_부분_적응
7397,train,2,3,3단계_자립_적응
7398,train,0,2,2단계_부분_적응
7399,train,0,2,2단계_부분_적응
7400,train,0,2,2단계_부분_적응
7401,train,0,2,2단계_부분_적응
7402,train,1,1,1단계_완전_소외
7403,train,2,3,3단계_자립_적응
7404,train,0,2,2단계_부분_적응
7405,train,1,1,1단계_완전_소외
7406,train,1,1,1단계_완전_소외
7407,train,1,1,1단계_완전_소외
7408,train,1,1,1단계_완전_소외
7409,train,1,1,1단계_완전_소외
7410,train,1,1,1단계_완전_소외
7411,train,1,1,1단계_완전_소외
7412,train,0,2,2단계_부분_적응
7413,train,0,2,2단계_부분_적응
7414,train,1,1,1단계_완전_소외
7415,train,0,2,2단계_부분_적응
7416,train,0,2,2단계_부분_적응
7417,train,1,1,1단계_완전_소외
7418,train,0,2,2단계_부분_적응
7419,train,2,3,3단계_자립_적응
7420,train,0,2,2단계_부분_적응
7421,train,0,2,2단계_부분_적응
7422,train,1,1,1단계_완전_소외
7423,train,0,2,2단계_부분_적응
7424,train,0,2,2단계_부분_적응
7425,train,1,1,1단계_완전_소외
7426,train,2,3,3단계_자립_적응
7427,train,0,2,2단계_부분_적응
7428,train,2,3,3단계_자립_적응
7429,train,0,2,2단계_부분_적응
7430,train,0,2,2단계_부분_적응
7431,train,1,1,1단계_완전_소외
7432,train,1,1,1단계_완전_소외
7433,train,0,2,2단계_부분_적응
7434,train,1,1,1단계_완전_소외
7435,train,1,1,1단계_완전_소외
7436,train,2,3,3단계_자립_적응
7437,train,2,3,3단계_자립_적응
7438,train,1,1,1단계_완전_소외
7439,train,2,3,3단계_자립_적응
7440,train,0,2,2단계_부분_적응
7441,train,1,1,1단계_완전_소외
7442,train,0,2,2단계_부분_적응
7443,train,1,1,1단계_완전_소외
7444,train,1,1,1단계_완전_소외
7445,train,0,2,2단계_부분_적응
7446,train,0,2,2단계_부분_적응
7447,train,0,2,2단계_부분_적응
7448,train,1,1,1단계_완전_소외
7449,train,2,3,3단계_자립_적응
7450,train,0,2,2단계_부분_적응
7451,train,1,1,1단계_완전_소외
7452,train,1,1,1단계_완전_소외
7453,train,0,2,2단계_부분_적응
7454,train,1,1,1단계_완전_소외
7455,train,2,3,3단계_자립_적응
7456,train,0,2,2단계_부분_적응
7457,train,1,1,1단계_완전_소외
7458,train,0,2,2단계_부분_적응
7459,train,0,2,2단계_부분_적응
7460,train,0,2,2단계_부분_적응
7461,train,0,2,2단계_부분_적응
7462,train,1,1,1단계_완전_소외
7463,train,1,1,1단계_완전_소외
7464,train,1,1,1단계_완전_소외
7465,train,2,3,3단계_자립_적응
7466,train,2,3,3단계_자립_적응
7467,train,1,1,1단계_완전_소외
7468,train,1,1,1단계_완전_소외
7469,train,1,1,1단계_완전_소외
7470,train,2,3,3단계_자립_적응
7471,train,1,1,1단계_완전_소외
7472,train,1,1,1단계_완전_소외
7473,train,1,1,1단계_완전_소외
7474,train,2,3,3단계_자립_적응
7475,train,1,1,1단계_완전_소외
7476,train,0,2,2단계_부분_적응
7477,train,1,1,1단계_완전_소외
7478,train,0,2,2단계_부분_적응
7479,train,1,1,1단계_완전_소외
7480,train,0,2,2단계_부분_적응
7481,train,1,1,1단계_완전_소외
7482,train,0,2,2단계_부분_적응
7483,train,2,3,3단계_자립_적응
7484,train,0,2,2단계_부분_적응
7485,train,0,2,2단계_부분_적응
7486,train,2,3,3단계_자립_적응
7487,train,1,1,1단계_완전_소외
7488,train,0,2,2단계_부분_적응
7489,train,2,3,3단계_자립_적응
7490,train,2,3,3단계_자립_적응
7491,train,1,1,1단계_완전_소외
7492,train,2,3,3단계_자립_적응
7493,train,0,2,2단계_부분_적응
7494,train,2,3,3단계_자립_적응
7495,train,1,1,1단계_완전_소외
7496,train,1,1,1단계_완전_소외
7497,train,1,1,1단계_완전_소외
7498,train,0,2,2단계_부분_적응
7499,train,2,3,3단계_자립_적응
7500,train,2,3,3단계_자립_적응
7501,train,1,1,1단계_완전_소외
7502,train,1,1,1단계_완전_소외
7503,train,0,2,2단계_부분_적응
7504,train,1,1,1단계_완전_소외
7505,train,0,2,2단계_부분_적응
7506,train,1,1,1단계_완전_소외
7507,train,1,1,1단계_완전_소외
7508,train,2,3,3단계_자립_적응
7509,train,0,2,2단계_부분_적응
7510,train,0,2,2단계_부분_적응
7511,train,0,2,2단계_부분_적응
7512,train,2,3,3단계_자립_적응
7513,train,2,3,3단계_자립_적응
7514,train,2,3,3단계_자립_적응
7515,train,2,3,3단계_자립_적응
7516,train,2,3,3단계_자립_적응
7517,train,0,2,2단계_부분_적응
7518,train,2,3,3단계_자립_적응
7519,train,0,2,2단계_부분_적응
7520,train,2,3,3단계_자립_적응
7521,train,0,2,2단계_부분_적응
7522,train,0,2,2단계_부분_적응
7523,train,2,3,3단계_자립_적응
7524,train,0,2,2단계_부분_적응
7525,train,2,3,3단계_자립_적응
7526,train,1,1,1단계_완전_소외
7527,train,1,1,1단계_완전_소외
7528,train,2,3,3단계_자립_적응
7529,train,0,2,2단계_부분_적응
7530,train,0,2,2단계_부분_적응
7531,train,2,3,3단계_자립_적응
7532,train,1,1,1단계_완전_소외
7533,train,1,1,1단계_완전_소외
7534,train,0,2,2단계_부분_적응
7535,train,1,1,1단계_완전_소외
7536,train,1,1,1단계_완전_소외
7537,train,0,2,2단계_부분_적응
7538,train,1,1,1단계_완전_소외
7539,train,0,2,2단계_부분_적응
7540,train,1,1,1단계_완전_소외
7541,train,1,1,1단계_완전_소외
7542,train,0,2,2단계_부분_적응
7543,train,0,2,2단계_부분_적응
7544,train,2,3,3단계_자립_적응
7545,train,1,1,1단계_완전_소외
7546,train,0,2,2단계_부분_적응
7547,train,0,2,2단계_부분_적응
7548,train,2,3,3단계_자립_적응
7549,train,2,3,3단계_자립_적응
7550,train,1,1,1단계_완전_소외
7551,train,0,2,2단계_부분_적응
7552,train,2,3,3단계_자립_적응
7553,train,0,2,2단계_부분_적응
7554,train,1,1,1단계_완전_소외
7555,train,1,1,1단계_완전_소외
7556,train,2,3,3단계_자립_적응
7557,train,1,1,1단계_완전_소외
7558,train,1,1,1단계_완전_소외
7559,train,1,1,1단계_완전_소외
7560,train,0,2,2단계_부분_적응
7561,train,1,1,1단계_완전_소외
7562,train,2,3,3단계_자립_적응
7563,train,1,1,1단계_완전_소외
7564,train,1,1,1단계_완전_소외
7565,train,0,2,2단계_부분_적응
7566,train,2,3,3단계_자립_적응
7567,train,1,1,1단계_완전_소외
7568,train,2,3,3단계_자립_적응
7569,train,1,1,1단계_완전_소외
7570,train,0,2,2단계_부분_적응
7571,train,0,2,2단계_부분_적응
7572,train,2,3,3단계_자립_적응
7573,train,0,2,2단계_부분_적응
7574,train,0,2,2단계_부분_적응
7575,train,2,3,3단계_자립_적응
7576,train,2,3,3단계_자립_적응
7577,train,1,1,1단계_완전_소외
7578,train,0,2,2단계_부분_적응
7579,train,2,3,3단계_자립_적응
7580,train,1,1,1단계_완전_소외
7581,train,0,2,2단계_부분_적응
7582,train,1,1,1단계_완전_소외
7583,train,2,3,3단계_자립_적응
7584,train,2,3,3단계_자립_적응
7585,train,2,3,3단계_자립_적응
7586,train,2,3,3단계_자립_적응
7587,train,0,2,2단계_부분_적응
7588,train,0,2,2단계_부분_적응
7589,train,0,2,2단계_부분_적응
7590,train,0,2,2단계_부분_적응
7591,train,1,1,1단계_완전_소외
7592,train,0,2,2단계_부분_적응
7593,train,2,3,3단계_자립_적응
7594,train,2,3,3단계_자립_적응
7595,train,0,2,2단계_부분_적응
7596,train,2,3,3단계_자립_적응
7597,train,1,1,1단계_완전_소외
7598,train,1,1,1단계_완전_소외
7599,train,1,1,1단계_완전_소외
7600,train,0,2,2단계_부분_적응
7601,train,1,1,1단계_완전_소외
7602,train,0,2,2단계_부분_적응
7603,train,1,1,1단계_완전_소외
7604,train,2,3,3단계_자립_적응
7605,train,2,3,3단계_자립_적응
7606,train,0,2,2단계_부분_적응
7607,train,1,1,1단계_완전_소외
7608,train,0,2,2단계_부분_적응
7609,train,0,2,2단계_부분_적응
7610,train,2,3,3단계_자립_적응
7611,train,0,2,2단계_부분_적응
7612,train,1,1,1단계_완전_소외
7613,train,1,1,1단계_완전_소외
7614,train,2,3,3단계_자립_적응
7615,train,1,1,1단계_완전_소외
7616,train,1,1,1단계_완전_소외
7617,train,1,1,1단계_완전_소외
7618,train,0,2,2단계_부분_적응
7619,train,1,1,1단계_완전_소외
7620,train,2,3,3단계_자립_적응
7621,train,1,1,1단계_완전_소외
7622,train,2,3,3단계_자립_적응
7623,train,2,3,3단계_자립_적응
7624,train,2,3,3단계_자립_적응
7625,train,2,3,3단계_자립_적응
7626,train,1,1,1단계_완전_소외
7627,train,2,3,3단계_자립_적응
7628,train,2,3,3단계_자립_적응
7629,train,2,3,3단계_자립_적응
7630,train,1,1,1단계_완전_소외
7631,train,0,2,2단계_부분_적응
7632,train,2,3,3단계_자립_적응
7633,train,2,3,3단계_자립_적응
7634,train,2,3,3단계_자립_적응
7635,train,2,3,3단계_자립_적응
7636,train,0,2,2단계_부분_적응
7637,train,1,1,1단계_완전_소외
7638,train,1,1,1단계_완전_소외
7639,train,0,2,2단계_부분_적응
7640,train,0,2,2단계_부분_적응
7641,train,1,1,1단계_완전_소외
7642,train,0,2,2단계_부분_적응
7643,train,1,1,1단계_완전_소외
7644,train,1,1,1단계_완전_소외
7645,train,2,3,3단계_자립_적응
7646,train,0,2,2단계_부분_적응
7647,train,0,2,2단계_부분_적응
7648,train,0,2,2단계_부분_적응
7649,train,2,3,3단계_자립_적응
7650,train,2,3,3단계_자립_적응
7651,train,2,3,3단계_자립_적응
7652,train,0,2,2단계_부분_적응
7653,train,0,2,2단계_부분_적응
7654,train,1,1,1단계_완전_소외
7655,train,1,1,1단계_완전_소외
7656,train,0,2,2단계_부분_적응
7657,train,0,2,2단계_부분_적응
7658,train,0,2,2단계_부분_적응
7659,train,2,3,3단계_자립_적응
7660,train,1,1,1단계_완전_소외
7661,train,2,3,3단계_자립_적응
7662,train,2,3,3단계_자립_적응
7663,train,0,2,2단계_부분_적응
7664,train,0,2,2단계_부분_적응
7665,train,0,2,2단계_부분_적응
7666,train,2,3,3단계_자립_적응
7667,train,1,1,1단계_완전_소외
7668,train,0,2,2단계_부분_적응
7669,train,0,2,2단계_부분_적응
7670,train,2,3,3단계_자립_적응
7671,train,2,3,3단계_자립_적응
7672,train,1,1,1단계_완전_소외
7673,train,2,3,3단계_자립_적응
7674,train,0,2,2단계_부분_적응
7675,train,0,2,2단계_부분_적응
7676,train,0,2,2단계_부분_적응
7677,train,0,2,2단계_부분_적응
7678,train,2,3,3단계_자립_적응
7679,train,0,2,2단계_부분_적응
7680,train,2,3,3단계_자립_적응
7681,train,0,2,2단계_부분_적응
7682,train,0,2,2단계_부분_적응
7683,train,0,2,2단계_부분_적응
7684,train,0,2,2단계_부분_적응
7685,train,0,2,2단계_부분_적응
7686,train,2,3,3단계_자립_적응
7687,train,2,3,3단계_자립_적응
7688,train,1,1,1단계_완전_소외
7689,train,2,3,3단계_자립_적응
7690,train,0,2,2단계_부분_적응
7691,train,1,1,1단계_완전_소외
7692,train,2,3,3단계_자립_적응
7693,train,1,1,1단계_완전_소외
7694,train,2,3,3단계_자립_적응
7695,train,0,2,2단계_부분_적응
7696,train,2,3,3단계_자립_적응
7697,train,1,1,1단계_완전_소외
7698,train,1,1,1단계_완전_소외
7699,train,2,3,3단계_자립_적응
7700,train,1,1,1단계_완전_소외
7701,train,2,3,3단계_자립_적응
7702,train,0,2,2단계_부분_적응
7703,train,2,3,3단계_자립_적응
7704,train,0,2,2단계_부분_적응
7705,train,1,1,1단계_완전_소외
7706,train,0,2,2단계_부분_적응
7707,train,0,2,2단계_부분_적응
7708,train,0,2,2단계_부분_적응
7709,train,0,2,2단계_부분_적응
7710,train,0,2,2단계_부분_적응
7711,train,1,1,1단계_완전_소외
7712,train,0,2,2단계_부분_적응
7713,train,0,2,2단계_부분_적응
7714,train,2,3,3단계_자립_적응
7715,train,2,3,3단계_자립_적응
7716,train,2,3,3단계_자립_적응
7717,train,0,2,2단계_부분_적응
7718,train,0,2,2단계_부분_적응
7719,train,2,3,3단계_자립_적응
7720,train,0,2,2단계_부분_적응
7721,train,1,1,1단계_완전_소외
7722,train,1,1,1단계_완전_소외
7723,train,1,1,1단계_완전_소외
7724,train,1,1,1단계_완전_소외
7725,train,1,1,1단계_완전_소외
7726,train,1,1,1단계_완전_소외
7727,train,1,1,1단계_완전_소외
7728,train,1,1,1단계_완전_소외
7729,train,0,2,2단계_부분_적응
7730,train,0,2,2단계_부분_적응
7731,train,0,2,2단계_부분_적응
7732,train,1,1,1단계_완전_소외
7733,train,0,2,2단계_부분_적응
7734,train,0,2,2단계_부분_적응
7735,train,0,2,2단계_부분_적응
7736,train,0,2,2단계_부분_적응
7737,train,1,1,1단계_완전_소외
7738,train,0,2,2단계_부분_적응
7739,train,1,1,1단계_완전_소외
7740,train,2,3,3단계_자립_적응
7741,train,0,2,2단계_부분_적응
7742,train,1,1,1단계_완전_소외
7743,train,1,1,1단계_완전_소외
7744,train,0,2,2단계_부분_적응
7745,train,0,2,2단계_부분_적응
7746,train,2,3,3단계_자립_적응
7747,train,1,1,1단계_완전_소외
7748,train,1,1,1단계_완전_소외
7749,train,1,1,1단계_완전_소외
7750,train,1,1,1단계_완전_소외
7751,train,2,3,3단계_자립_적응
7752,train,2,3,3단계_자립_적응
7753,train,0,2,2단계_부분_적응
7754,train,1,1,1단계_완전_소외
7755,train,0,2,2단계_부분_적응
7756,train,2,3,3단계_자립_적응
7757,train,0,2,2단계_부분_적응
7758,train,2,3,3단계_자립_적응
7759,train,1,1,1단계_완전_소외
7760,train,0,2,2단계_부분_적응
7761,train,0,2,2단계_부분_적응
7762,train,1,1,1단계_완전_소외
7763,train,0,2,2단계_부분_적응
7764,train,0,2,2단계_부분_적응
7765,train,1,1,1단계_완전_소외
7766,train,0,2,2단계_부분_적응
7767,train,2,3,3단계_자립_적응
7768,train,2,3,3단계_자립_적응
7769,train,0,2,2단계_부분_적응
7770,train,2,3,3단계_자립_적응
7771,train,1,1,1단계_완전_소외
7772,train,0,2,2단계_부분_적응
7773,train,0,2,2단계_부분_적응
7774,train,0,2,2단계_부분_적응
7775,train,0,2,2단계_부분_적응
7776,train,0,2,2단계_부분_적응
7777,train,0,2,2단계_부분_적응
7778,train,1,1,1단계_완전_소외
7779,train,2,3,3단계_자립_적응
7780,train,1,1,1단계_완전_소외
7781,train,0,2,2단계_부분_적응
7782,train,0,2,2단계_부분_적응
7783,train,0,2,2단계_부분_적응
7784,train,0,2,2단계_부분_적응
7785,train,2,3,3단계_자립_적응
7786,train,2,3,3단계_자립_적응
7787,train,1,1,1단계_완전_소외
7788,train,2,3,3단계_자립_적응
7789,train,2,3,3단계_자립_적응
7790,train,1,1,1단계_완전_소외
7791,train,0,2,2단계_부분_적응
7792,train,1,1,1단계_완전_소외
7793,train,0,2,2단계_부분_적응
7794,train,1,1,1단계_완전_소외
7795,train,1,1,1단계_완전_소외
7796,train,2,3,3단계_자립_적응
7797,train,1,1,1단계_완전_소외
7798,train,0,2,2단계_부분_적응
7799,train,0,2,2단계_부분_적응
7800,train,2,3,3단계_자립_적응
7801,train,0,2,2단계_부분_적응
7802,train,1,1,1단계_완전_소외
7803,train,1,1,1단계_완전_소외
7804,train,1,1,1단계_완전_소외
7805,train,2,3,3단계_자립_적응
7806,train,0,2,2단계_부분_적응
7807,train,0,2,2단계_부분_적응
7808,train,0,2,2단계_부분_적응
7809,train,1,1,1단계_완전_소외
7810,train,2,3,3단계_자립_적응
7811,train,0,2,2단계_부분_적응
7812,train,1,1,1단계_완전_소외
7813,train,2,3,3단계_자립_적응
7814,train,0,2,2단계_부분_적응
7815,train,0,2,2단계_부분_적응
7816,train,1,1,1단계_완전_소외
7817,train,1,1,1단계_완전_소외
7818,train,2,3,3단계_자립_적응
7819,train,1,1,1단계_완전_소외
7820,train,1,1,1단계_완전_소외
7821,train,0,2,2단계_부분_적응
7822,train,1,1,1단계_완전_소외
7823,train,2,3,3단계_자립_적응
7824,train,0,2,2단계_부분_적응
7825,train,2,3,3단계_자립_적응
7826,train,1,1,1단계_완전_소외
7827,train,0,2,2단계_부분_적응
7828,train,1,1,1단계_완전_소외
7829,train,0,2,2단계_부분_적응
7830,train,1,1,1단계_완전_소외
7831,train,1,1,1단계_완전_소외
7832,train,0,2,2단계_부분_적응
7833,train,1,1,1단계_완전_소외
7834,train,1,1,1단계_완전_소외
7835,train,2,3,3단계_자립_적응
7836,train,1,1,1단계_완전_소외
7837,train,0,2,2단계_부분_적응
7838,train,2,3,3단계_자립_적응
7839,train,2,3,3단계_자립_적응
7840,train,1,1,1단계_완전_소외
7841,train,1,1,1단계_완전_소외
7842,train,1,1,1단계_완전_소외
7843,train,2,3,3단계_자립_적응
7844,train,1,1,1단계_완전_소외
7845,train,0,2,2단계_부분_적응
7846,train,2,3,3단계_자립_적응
7847,train,1,1,1단계_완전_소외
7848,train,2,3,3단계_자립_적응
7849,train,0,2,2단계_부분_적응
7850,train,2,3,3단계_자립_적응
7851,train,1,1,1단계_완전_소외
7852,train,2,3,3단계_자립_적응
7853,train,2,3,3단계_자립_적응
7854,train,0,2,2단계_부분_적응
7855,train,1,1,1단계_완전_소외
7856,train,1,1,1단계_완전_소외
7857,train,1,1,1단계_완전_소외
7858,train,1,1,1단계_완전_소외
7859,train,0,2,2단계_부분_적응
7860,train,2,3,3단계_자립_적응
7861,train,1,1,1단계_완전_소외
7862,train,2,3,3단계_자립_적응
7863,train,0,2,2단계_부분_적응
7864,train,1,1,1단계_완전_소외
7865,train,0,2,2단계_부분_적응
7866,train,0,2,2단계_부분_적응
7867,train,2,3,3단계_자립_적응
7868,train,0,2,2단계_부분_적응
7869,train,1,1,1단계_완전_소외
7870,train,2,3,3단계_자립_적응
7871,train,0,2,2단계_부분_적응
7872,train,1,1,1단계_완전_소외
7873,train,2,3,3단계_자립_적응
7874,train,1,1,1단계_완전_소외
7875,train,0,2,2단계_부분_적응
7876,train,0,2,2단계_부분_적응
7877,train,1,1,1단계_완전_소외
7878,train,0,2,2단계_부분_적응
7879,train,1,1,1단계_완전_소외
7880,train,1,1,1단계_완전_소외
7881,train,0,2,2단계_부분_적응
7882,train,2,3,3단계_자립_적응
7883,train,1,1,1단계_완전_소외
7884,train,1,1,1단계_완전_소외
7885,train,0,2,2단계_부분_적응
7886,train,1,1,1단계_완전_소외
7887,train,1,1,1단계_완전_소외
7888,train,2,3,3단계_자립_적응
7889,train,2,3,3단계_자립_적응
7890,train,2,3,3단계_자립_적응
7891,train,1,1,1단계_완전_소외
7892,train,2,3,3단계_자립_적응
7893,train,2,3,3단계_자립_적응
7894,train,0,2,2단계_부분_적응
7895,train,0,2,2단계_부분_적응
7896,train,0,2,2단계_부분_적응
7897,train,1,1,1단계_완전_소외
7898,train,2,3,3단계_자립_적응
7899,train,1,1,1단계_완전_소외
7900,train,1,1,1단계_완전_소외
7901,train,0,2,2단계_부분_적응
7902,train,2,3,3단계_자립_적응
7903,train,0,2,2단계_부분_적응
7904,train,1,1,1단계_완전_소외
7905,train,0,2,2단계_부분_적응
7906,train,2,3,3단계_자립_적응
7907,train,1,1,1단계_완전_소외
7908,train,2,3,3단계_자립_적응
7909,train,2,3,3단계_자립_적응
7910,train,0,2,2단계_부분_적응
7911,train,0,2,2단계_부분_적응
7912,train,2,3,3단계_자립_적응
7913,train,1,1,1단계_완전_소외
7914,train,2,3,3단계_자립_적응
7915,train,1,1,1단계_완전_소외
7916,train,2,3,3단계_자립_적응
7917,train,2,3,3단계_자립_적응
7918,train,0,2,2단계_부분_적응
7919,train,1,1,1단계_완전_소외
7920,train,1,1,1단계_완전_소외
7921,train,0,2,2단계_부분_적응
7922,train,1,1,1단계_완전_소외
7923,train,0,2,2단계_부분_적응
7924,train,0,2,2단계_부분_적응
7925,train,2,3,3단계_자립_적응
7926,train,0,2,2단계_부분_적응
7927,train,2,3,3단계_자립_적응
7928,train,1,1,1단계_완전_소외
7929,train,1,1,1단계_완전_소외
7930,train,1,1,1단계_완전_소외
7931,train,0,2,2단계_부분_적응
7932,train,0,2,2단계_부분_적응
7933,train,1,1,1단계_완전_소외
7934,train,0,2,2단계_부분_적응
7935,train,1,1,1단계_완전_소외
7936,train,1,1,1단계_완전_소외
7937,train,0,2,2단계_부분_적응
7938,train,2,3,3단계_자립_적응
7939,train,1,1,1단계_완전_소외
7940,train,2,3,3단계_자립_적응
7941,train,0,2,2단계_부분_적응
7942,train,1,1,1단계_완전_소외
7943,train,0,2,2단계_부분_적응
7944,train,2,3,3단계_자립_적응
7945,train,1,1,1단계_완전_소외
7946,train,1,1,1단계_완전_소외
7947,train,2,3,3단계_자립_적응
7948,train,2,3,3단계_자립_적응
7949,train,1,1,1단계_완전_소외
7950,train,0,2,2단계_부분_적응
7951,train,1,1,1단계_완전_소외
7952,train,2,3,3단계_자립_적응
7953,train,1,1,1단계_완전_소외
7954,train,2,3,3단계_자립_적응
7955,train,2,3,3단계_자립_적응
7956,train,2,3,3단계_자립_적응
7957,train,1,1,1단계_완전_소외
7958,train,2,3,3단계_자립_적응
7959,train,1,1,1단계_완전_소외
7960,train,1,1,1단계_완전_소외
7961,train,2,3,3단계_자립_적응
7962,train,1,1,1단계_완전_소외
7963,train,0,2,2단계_부분_적응
7964,train,0,2,2단계_부분_적응
7965,train,0,2,2단계_부분_적응
7966,train,0,2,2단계_부분_적응
7967,train,1,1,1단계_완전_소외
7968,train,0,2,2단계_부분_적응
7969,train,1,1,1단계_완전_소외
7970,train,1,1,1단계_완전_소외
7971,train,2,3,3단계_자립_적응
7972,train,0,2,2단계_부분_적응
7973,train,2,3,3단계_자립_적응
7974,train,0,2,2단계_부분_적응
7975,train,1,1,1단계_완전_소외
7976,train,2,3,3단계_자립_적응
7977,train,2,3,3단계_자립_적응
7978,train,1,1,1단계_완전_소외
7979,train,1,1,1단계_완전_소외
7980,train,1,1,1단계_완전_소외
7981,train,1,1,1단계_완전_소외
7982,train,1,1,1단계_완전_소외
7983,train,0,2,2단계_부분_적응
7984,train,1,1,1단계_완전_소외
7985,train,1,1,1단계_완전_소외
7986,train,0,2,2단계_부분_적응
7987,train,0,2,2단계_부분_적응
7988,train,0,2,2단계_부분_적응
7989,train,1,1,1단계_완전_소외
7990,train,2,3,3단계_자립_적응
7991,train,1,1,1단계_완전_소외
7992,train,1,1,1단계_완전_소외
7993,train,0,2,2단계_부분_적응
7994,train,0,2,2단계_부분_적응
7995,train,1,1,1단계_완전_소외
7996,train,0,2,2단계_부분_적응
7997,train,2,3,3단계_자립_적응
7998,train,0,2,2단계_부분_적응
7999,train,2,3,3단계_자립_적응
8000,train,1,1,1단계_완전_소외
8001,train,0,2,2단계_부분_적응
8002,train,0,2,2단계_부분_적응
8003,train,0,2,2단계_부분_적응
8004,train,1,1,1단계_완전_소외
8005,train,1,1,1단계_완전_소외
8006,train,0,2,2단계_부분_적응
8007,train,2,3,3단계_자립_적응
8008,train,1,1,1단계_완전_소외
8009,train,2,3,3단계_자립_적응
8010,train,0,2,2단계_부분_적응
8011,train,1,1,1단계_완전_소외
8012,train,0,2,2단계_부분_적응
8013,train,0,2,2단계_부분_적응
8014,train,1,1,1단계_완전_소외
8015,train,0,2,2단계_부분_적응
8016,train,2,3,3단계_자립_적응
8017,train,0,2,2단계_부분_적응
8018,train,1,1,1단계_완전_소외
8019,train,0,2,2단계_부분_적응
8020,train,0,2,2단계_부분_적응
8021,train,2,3,3단계_자립_적응
8022,train,0,2,2단계_부분_적응
8023,train,2,3,3단계_자립_적응
8024,train,2,3,3단계_자립_적응
8025,train,2,3,3단계_자립_적응
8026,train,1,1,1단계_완전_소외
8027,train,2,3,3단계_자립_적응
8028,train,1,1,1단계_완전_소외
8029,train,2,3,3단계_자립_적응
8030,train,1,1,1단계_완전_소외
8031,train,0,2,2단계_부분_적응
8032,train,0,2,2단계_부분_적응
8033,train,2,3,3단계_자립_적응
8034,train,1,1,1단계_완전_소외
8035,train,0,2,2단계_부분_적응
8036,train,2,3,3단계_자립_적응
8037,train,0,2,2단계_부분_적응
8038,train,1,1,1단계_완전_소외
8039,train,1,1,1단계_완전_소외
8040,train,0,2,2단계_부분_적응
8041,train,1,1,1단계_완전_소외
8042,train,1,1,1단계_완전_소외
8043,train,0,2,2단계_부분_적응
8044,train,1,1,1단계_완전_소외
8045,train,1,1,1단계_완전_소외
8046,train,2,3,3단계_자립_적응
8047,train,2,3,3단계_자립_적응
8048,train,1,1,1단계_완전_소외
8049,train,1,1,1단계_완전_소외
8050,train,1,1,1단계_완전_소외
8051,train,0,2,2단계_부분_적응
8052,train,1,1,1단계_완전_소외
8053,train,2,3,3단계_자립_적응
8054,train,1,1,1단계_완전_소외
8055,train,1,1,1단계_완전_소외
8056,train,2,3,3단계_자립_적응
8057,train,2,3,3단계_자립_적응
8058,train,1,1,1단계_완전_소외
8059,train,1,1,1단계_완전_소외
8060,train,2,3,3단계_자립_적응
8061,train,0,2,2단계_부분_적응
8062,train,1,1,1단계_완전_소외
8063,train,1,1,1단계_완전_소외
8064,train,2,3,3단계_자립_적응
8065,train,1,1,1단계_완전_소외
8066,train,2,3,3단계_자립_적응
8067,train,1,1,1단계_완전_소외
8068,train,0,2,2단계_부분_적응
8069,train,2,3,3단계_자립_적응
8070,train,1,1,1단계_완전_소외
8071,train,2,3,3단계_자립_적응
8072,train,2,3,3단계_자립_적응
8073,train,2,3,3단계_자립_적응
8074,train,0,2,2단계_부분_적응
8075,train,2,3,3단계_자립_적응
8076,train,0,2,2단계_부분_적응
8077,train,2,3,3단계_자립_적응
8078,train,2,3,3단계_자립_적응
8079,train,1,1,1단계_완전_소외
8080,train,0,2,2단계_부분_적응
8081,train,1,1,1단계_완전_소외
8082,train,2,3,3단계_자립_적응
8083,train,1,1,1단계_완전_소외
8084,train,0,2,2단계_부분_적응
8085,train,1,1,1단계_완전_소외
8086,train,1,1,1단계_완전_소외
8087,train,1,1,1단계_완전_소외
8088,train,0,2,2단계_부분_적응
8089,train,2,3,3단계_자립_적응
8090,train,0,2,2단계_부분_적응
8091,train,1,1,1단계_완전_소외
8092,train,0,2,2단계_부분_적응
8093,train,1,1,1단계_완전_소외
8094,train,2,3,3단계_자립_적응
8095,train,2,3,3단계_자립_적응
8096,train,0,2,2단계_부분_적응
8097,train,1,1,1단계_완전_소외
8098,train,0,2,2단계_부분_적응
8099,train,2,3,3단계_자립_적응
8100,train,1,1,1단계_완전_소외
8101,train,0,2,2단계_부분_적응
8102,train,1,1,1단계_완전_소외
8103,train,0,2,2단계_부분_적응
8104,train,0,2,2단계_부분_적응
8105,train,0,2,2단계_부분_적응
8106,train,1,1,1단계_완전_소외
8107,train,2,3,3단계_자립_적응
8108,train,0,2,2단계_부분_적응
8109,train,1,1,1단계_완전_소외
8110,train,1,1,1단계_완전_소외
8111,train,2,3,3단계_자립_적응
8112,train,1,1,1단계_완전_소외
8113,train,1,1,1단계_완전_소외
8114,train,0,2,2단계_부분_적응
8115,train,1,1,1단계_완전_소외
8116,train,2,3,3단계_자립_적응
8117,train,0,2,2단계_부분_적응
8118,train,1,1,1단계_완전_소외
8119,train,0,2,2단계_부분_적응
8120,train,1,1,1단계_완전_소외
8121,train,0,2,2단계_부분_적응
8122,train,1,1,1단계_완전_소외
8123,train,1,1,1단계_완전_소외
8124,train,1,1,1단계_완전_소외
8125,train,1,1,1단계_완전_소외
8126,train,0,2,2단계_부분_적응
8127,train,1,1,1단계_완전_소외
8128,train,0,2,2단계_부분_적응
8129,train,0,2,2단계_부분_적응
8130,train,2,3,3단계_자립_적응
8131,train,1,1,1단계_완전_소외
8132,train,0,2,2단계_부분_적응
8133,train,0,2,2단계_부분_적응
8134,train,0,2,2단계_부분_적응
8135,train,2,3,3단계_자립_적응
8136,train,1,1,1단계_완전_소외
8137,train,0,2,2단계_부분_적응
8138,train,0,2,2단계_부분_적응
8139,train,2,3,3단계_자립_적응
8140,train,0,2,2단계_부분_적응
8141,train,2,3,3단계_자립_적응
8142,train,1,1,1단계_완전_소외
8143,train,0,2,2단계_부분_적응
8144,train,0,2,2단계_부분_적응
8145,train,1,1,1단계_완전_소외
8146,train,0,2,2단계_부분_적응
8147,train,1,1,1단계_완전_소외
8148,train,1,1,1단계_완전_소외
8149,train,2,3,3단계_자립_적응
8150,train,2,3,3단계_자립_적응
8151,train,2,3,3단계_자립_적응
8152,train,0,2,2단계_부분_적응
8153,train,2,3,3단계_자립_적응
8154,train,0,2,2단계_부분_적응
8155,train,0,2,2단계_부분_적응
8156,train,2,3,3단계_자립_적응
8157,train,1,1,1단계_완전_소외
8158,train,1,1,1단계_완전_소외
8159,train,0,2,2단계_부분_적응
8160,train,1,1,1단계_완전_소외
8161,train,2,3,3단계_자립_적응
8162,train,2,3,3단계_자립_적응
8163,train,1,1,1단계_완전_소외
8164,train,0,2,2단계_부분_적응
8165,train,0,2,2단계_부분_적응
8166,train,0,2,2단계_부분_적응
8167,train,1,1,1단계_완전_소외
8168,train,0,2,2단계_부분_적응
8169,train,1,1,1단계_완전_소외
8170,train,1,1,1단계_완전_소외
8171,train,1,1,1단계_완전_소외
8172,train,2,3,3단계_자립_적응
8173,train,2,3,3단계_자립_적응
8174,train,0,2,2단계_부분_적응
8175,train,0,2,2단계_부분_적응
8176,train,1,1,1단계_완전_소외
8177,train,1,1,1단계_완전_소외
8178,train,1,1,1단계_완전_소외
8179,train,2,3,3단계_자립_적응
8180,train,0,2,2단계_부분_적응
8181,train,2,3,3단계_자립_적응
8182,train,2,3,3단계_자립_적응
8183,train,2,3,3단계_자립_적응
8184,train,2,3,3단계_자립_적응
8185,train,0,2,2단계_부분_적응
8186,train,0,2,2단계_부분_적응
8187,train,1,1,1단계_완전_소외
8188,train,2,3,3단계_자립_적응
8189,train,1,1,1단계_완전_소외
8190,train,0,2,2단계_부분_적응
8191,train,0,2,2단계_부분_적응
8192,train,2,3,3단계_자립_적응
8193,train,2,3,3단계_자립_적응
8194,train,1,1,1단계_완전_소외
8195,train,0,2,2단계_부분_적응
8196,train,2,3,3단계_자립_적응
8197,train,2,3,3단계_자립_적응
8198,train,1,1,1단계_완전_소외
8199,train,2,3,3단계_자립_적응
8200,train,1,1,1단계_완전_소외
8201,train,0,2,2단계_부분_적응
8202,train,2,3,3단계_자립_적응
8203,train,1,1,1단계_완전_소외
8204,train,1,1,1단계_완전_소외
8205,train,0,2,2단계_부분_적응
8206,train,2,3,3단계_자립_적응
8207,train,1,1,1단계_완전_소외
8208,train,0,2,2단계_부분_적응
8209,train,2,3,3단계_자립_적응
8210,train,0,2,2단계_부분_적응
8211,train,0,2,2단계_부분_적응
8212,train,2,3,3단계_자립_적응
8213,train,0,2,2단계_부분_적응
8214,train,1,1,1단계_완전_소외
8215,train,1,1,1단계_완전_소외
8216,train,2,3,3단계_자립_적응
8217,train,1,1,1단계_완전_소외
8218,train,2,3,3단계_자립_적응
8219,train,0,2,2단계_부분_적응
8220,train,1,1,1단계_완전_소외
8221,train,2,3,3단계_자립_적응
8222,train,0,2,2단계_부분_적응
8223,train,0,2,2단계_부분_적응
8224,train,1,1,1단계_완전_소외
8225,train,2,3,3단계_자립_적응
8226,train,2,3,3단계_자립_적응
8227,train,2,3,3단계_자립_적응
8228,train,1,1,1단계_완전_소외
8229,train,2,3,3단계_자립_적응
8230,train,1,1,1단계_완전_소외
8231,train,1,1,1단계_완전_소외
8232,train,2,3,3단계_자립_적응
8233,train,0,2,2단계_부분_적응
8234,train,0,2,2단계_부분_적응
8235,train,2,3,3단계_자립_적응
8236,train,1,1,1단계_완전_소외
8237,train,1,1,1단계_완전_소외
8238,train,2,3,3단계_자립_적응
8239,train,1,1,1단계_완전_소외
8240,train,0,2,2단계_부분_적응
8241,train,1,1,1단계_완전_소외
8242,train,2,3,3단계_자립_적응
8243,train,2,3,3단계_자립_적응
8244,train,0,2,2단계_부분_적응
8245,train,1,1,1단계_완전_소외
8246,train,2,3,3단계_자립_적응
8247,train,0,2,2단계_부분_적응
8248,train,0,2,2단계_부분_적응
8249,train,0,2,2단계_부분_적응
8250,train,0,2,2단계_부분_적응
8251,train,0,2,2단계_부분_적응
8252,train,2,3,3단계_자립_적응
8253,train,0,2,2단계_부분_적응
8254,train,1,1,1단계_완전_소외
8255,train,0,2,2단계_부분_적응
8256,train,2,3,3단계_자립_적응
8257,train,0,2,2단계_부분_적응
8258,train,2,3,3단계_자립_적응
8259,train,2,3,3단계_자립_적응
8260,train,2,3,3단계_자립_적응
8261,train,1,1,1단계_완전_소외
8262,train,1,1,1단계_완전_소외
8263,train,2,3,3단계_자립_적응
8264,train,1,1,1단계_완전_소외
8265,train,0,2,2단계_부분_적응
8266,train,0,2,2단계_부분_적응
8267,train,1,1,1단계_완전_소외
8268,train,2,3,3단계_자립_적응
8269,train,2,3,3단계_자립_적응
8270,train,0,2,2단계_부분_적응
8271,train,1,1,1단계_완전_소외
8272,train,0,2,2단계_부분_적응
8273,train,0,2,2단계_부분_적응
8274,train,0,2,2단계_부분_적응
8275,train,0,2,2단계_부분_적응
8276,train,0,2,2단계_부분_적응
8277,train,1,1,1단계_완전_소외
8278,train,1,1,1단계_완전_소외
8279,train,1,1,1단계_완전_소외
8280,train,0,2,2단계_부분_적응
8281,train,2,3,3단계_자립_적응
8282,train,2,3,3단계_자립_적응
8283,train,2,3,3단계_자립_적응
8284,train,1,1,1단계_완전_소외
8285,train,2,3,3단계_자립_적응
8286,train,1,1,1단계_완전_소외
8287,train,1,1,1단계_완전_소외
8288,train,1,1,1단계_완전_소외
8289,train,0,2,2단계_부분_적응
8290,train,1,1,1단계_완전_소외
8291,train,0,2,2단계_부분_적응
8292,train,1,1,1단계_완전_소외
8293,train,1,1,1단계_완전_소외
8294,train,2,3,3단계_자립_적응
8295,train,1,1,1단계_완전_소외
8296,train,0,2,2단계_부분_적응
8297,train,2,3,3단계_자립_적응
8298,train,2,3,3단계_자립_적응
8299,train,2,3,3단계_자립_적응
8300,train,0,2,2단계_부분_적응
8301,train,1,1,1단계_완전_소외
8302,train,2,3,3단계_자립_적응
8303,train,0,2,2단계_부분_적응
8304,train,1,1,1단계_완전_소외
8305,train,2,3,3단계_자립_적응
8306,train,0,2,2단계_부분_적응
8307,train,1,1,1단계_완전_소외
8308,train,1,1,1단계_완전_소외
8309,train,1,1,1단계_완전_소외
8310,train,0,2,2단계_부분_적응
8311,train,1,1,1단계_완전_소외
8312,train,2,3,3단계_자립_적응
8313,train,0,2,2단계_부분_적응
8314,train,2,3,3단계_자립_적응
8315,train,2,3,3단계_자립_적응
8316,train,2,3,3단계_자립_적응
8317,train,0,2,2단계_부분_적응
8318,train,1,1,1단계_완전_소외
8319,train,1,1,1단계_완전_소외
8320,train,0,2,2단계_부분_적응
8321,train,1,1,1단계_완전_소외
8322,train,1,1,1단계_완전_소외
8323,train,1,1,1단계_완전_소외
8324,train,0,2,2단계_부분_적응
8325,train,0,2,2단계_부분_적응
8326,train,2,3,3단계_자립_적응
8327,train,2,3,3단계_자립_적응
8328,train,0,2,2단계_부분_적응
8329,train,0,2,2단계_부분_적응
8330,train,1,1,1단계_완전_소외
8331,train,1,1,1단계_완전_소외
8332,train,1,1,1단계_완전_소외
8333,train,0,2,2단계_부분_적응
8334,train,2,3,3단계_자립_적응
8335,train,2,3,3단계_자립_적응
8336,train,1,1,1단계_완전_소외
8337,train,1,1,1단계_완전_소외
8338,train,2,3,3단계_자립_적응
8339,train,1,1,1단계_완전_소외
8340,train,0,2,2단계_부분_적응
8341,train,1,1,1단계_완전_소외
8342,train,2,3,3단계_자립_적응
8343,train,1,1,1단계_완전_소외
8344,train,1,1,1단계_완전_소외
8345,train,0,2,2단계_부분_적응
8346,train,2,3,3단계_자립_적응
8347,train,2,3,3단계_자립_적응
8348,train,0,2,2단계_부분_적응
8349,train,1,1,1단계_완전_소외
8350,train,1,1,1단계_완전_소외
8351,train,0,2,2단계_부분_적응
8352,train,2,3,3단계_자립_적응
8353,train,1,1,1단계_완전_소외
8354,train,1,1,1단계_완전_소외
8355,train,0,2,2단계_부분_적응
8356,train,2,3,3단계_자립_적응
8357,train,1,1,1단계_완전_소외
8358,train,1,1,1단계_완전_소외
8359,train,0,2,2단계_부분_적응
8360,train,2,3,3단계_자립_적응
8361,train,1,1,1단계_완전_소외
8362,train,0,2,2단계_부분_적응
8363,train,0,2,2단계_부분_적응
8364,train,1,1,1단계_완전_소외
8365,train,1,1,1단계_완전_소외
8366,train,2,3,3단계_자립_적응
8367,train,1,1,1단계_완전_소외
8368,train,2,3,3단계_자립_적응
8369,train,1,1,1단계_완전_소외
8370,train,1,1,1단계_완전_소외
8371,train,0,2,2단계_부분_적응
8372,train,0,2,2단계_부분_적응
8373,train,0,2,2단계_부분_적응
8374,train,0,2,2단계_부분_적응
8375,train,0,2,2단계_부분_적응
8376,train,0,2,2단계_부분_적응
8377,train,0,2,2단계_부분_적응
8378,train,1,1,1단계_완전_소외
8379,train,0,2,2단계_부분_적응
8380,train,1,1,1단계_완전_소외
8381,train,2,3,3단계_자립_적응
8382,train,1,1,1단계_완전_소외
8383,train,1,1,1단계_완전_소외
8384,train,0,2,2단계_부분_적응
8385,train,1,1,1단계_완전_소외
8386,train,1,1,1단계_완전_소외
8387,train,1,1,1단계_완전_소외
8388,train,0,2,2단계_부분_적응
8389,train,2,3,3단계_자립_적응
8390,train,1,1,1단계_완전_소외
8391,train,0,2,2단계_부분_적응
8392,train,1,1,1단계_완전_소외
8393,train,2,3,3단계_자립_적응
8394,train,0,2,2단계_부분_적응
8395,train,2,3,3단계_자립_적응
8396,train,1,1,1단계_완전_소외
8397,train,0,2,2단계_부분_적응
8398,train,1,1,1단계_완전_소외
8399,train,2,3,3단계_자립_적응
8400,train,2,3,3단계_자립_적응
8401,train,1,1,1단계_완전_소외
8402,train,0,2,2단계_부분_적응
8403,train,2,3,3단계_자립_적응
8404,train,2,3,3단계_자립_적응
8405,train,0,2,2단계_부분_적응
8406,train,0,2,2단계_부분_적응
8407,train,1,1,1단계_완전_소외
8408,train,1,1,1단계_완전_소외
8409,train,1,1,1단계_완전_소외
8410,train,2,3,3단계_자립_적응
8411,train,1,1,1단계_완전_소외
8412,train,0,2,2단계_부분_적응
8413,train,0,2,2단계_부분_적응
8414,train,2,3,3단계_자립_적응
8415,train,2,3,3단계_자립_적응
8416,train,1,1,1단계_완전_소외
8417,train,1,1,1단계_완전_소외
8418,train,2,3,3단계_자립_적응
8419,train,1,1,1단계_완전_소외
8420,train,1,1,1단계_완전_소외
8421,train,0,2,2단계_부분_적응
8422,train,1,1,1단계_완전_소외
8423,train,2,3,3단계_자립_적응
8424,train,0,2,2단계_부분_적응
8425,train,2,3,3단계_자립_적응
8426,train,2,3,3단계_자립_적응
8427,train,0,2,2단계_부분_적응
8428,train,2,3,3단계_자립_적응
8429,train,1,1,1단계_완전_소외
8430,train,1,1,1단계_완전_소외
8431,train,0,2,2단계_부분_적응
8432,train,1,1,1단계_완전_소외
8433,train,1,1,1단계_완전_소외
8434,train,2,3,3단계_자립_적응
8435,train,0,2,2단계_부분_적응
8436,train,1,1,1단계_완전_소외
8437,train,0,2,2단계_부분_적응
8438,train,0,2,2단계_부분_적응
8439,train,0,2,2단계_부분_적응
8440,train,2,3,3단계_자립_적응
8441,train,1,1,1단계_완전_소외
8442,train,0,2,2단계_부분_적응
8443,train,1,1,1단계_완전_소외
8444,train,0,2,2단계_부분_적응
8445,train,1,1,1단계_완전_소외
8446,train,0,2,2단계_부분_적응
8447,train,0,2,2단계_부분_적응
8448,train,1,1,1단계_완전_소외
8449,train,0,2,2단계_부분_적응
8450,train,1,1,1단계_완전_소외
8451,train,2,3,3단계_자립_적응
8452,train,1,1,1단계_완전_소외
8453,train,2,3,3단계_자립_적응
8454,train,0,2,2단계_부분_적응
8455,train,0,2,2단계_부분_적응
8456,train,2,3,3단계_자립_적응
8457,train,1,1,1단계_완전_소외
8458,train,2,3,3단계_자립_적응
8459,train,1,1,1단계_완전_소외
8460,train,2,3,3단계_자립_적응
8461,train,1,1,1단계_완전_소외
8462,train,0,2,2단계_부분_적응
8463,train,2,3,3단계_자립_적응
8464,train,1,1,1단계_완전_소외
8465,train,1,1,1단계_완전_소외
8466,train,1,1,1단계_완전_소외
8467,train,0,2,2단계_부분_적응
8468,train,0,2,2단계_부분_적응
8469,train,1,1,1단계_완전_소외
8470,train,2,3,3단계_자립_적응
8471,train,1,1,1단계_완전_소외
8472,train,0,2,2단계_부분_적응
8473,train,2,3,3단계_자립_적응
8474,train,1,1,1단계_완전_소외
8475,train,0,2,2단계_부분_적응
8476,train,0,2,2단계_부분_적응
8477,train,1,1,1단계_완전_소외
8478,train,1,1,1단계_완전_소외
8479,train,1,1,1단계_완전_소외
8480,train,2,3,3단계_자립_적응
8481,train,0,2,2단계_부분_적응
8482,train,0,2,2단계_부분_적응
8483,train,0,2,2단계_부분_적응
8484,train,0,2,2단계_부분_적응
8485,train,0,2,2단계_부분_적응
8486,train,2,3,3단계_자립_적응
8487,train,0,2,2단계_부분_적응
8488,train,0,2,2단계_부분_적응
8489,train,0,2,2단계_부분_적응
8490,train,0,2,2단계_부분_적응
8491,train,2,3,3단계_자립_적응
8492,train,2,3,3단계_자립_적응
8493,train,0,2,2단계_부분_적응
8494,train,0,2,2단계_부분_적응
8495,train,1,1,1단계_완전_소외
8496,train,0,2,2단계_부분_적응
8497,train,1,1,1단계_완전_소외
8498,train,2,3,3단계_자립_적응
8499,train,0,2,2단계_부분_적응
8500,train,0,2,2단계_부분_적응
8501,train,1,1,1단계_완전_소외
8502,train,0,2,2단계_부분_적응
8503,train,1,1,1단계_완전_소외
8504,train,0,2,2단계_부분_적응
8505,train,0,2,2단계_부분_적응
8506,train,0,2,2단계_부분_적응
8507,train,1,1,1단계_완전_소외
8508,train,0,2,2단계_부분_적응
8509,train,2,3,3단계_자립_적응
8510,train,0,2,2단계_부분_적응
8511,train,1,1,1단계_완전_소외
8512,train,2,3,3단계_자립_적응
8513,train,0,2,2단계_부분_적응
8514,train,1,1,1단계_완전_소외
8515,train,1,1,1단계_완전_소외
8516,train,1,1,1단계_완전_소외
8517,train,0,2,2단계_부분_적응
8518,train,0,2,2단계_부분_적응
8519,train,1,1,1단계_완전_소외
8520,train,0,2,2단계_부분_적응
8521,train,1,1,1단계_완전_소외
8522,train,2,3,3단계_자립_적응
8523,train,1,1,1단계_완전_소외
8524,train,0,2,2단계_부분_적응
8525,train,0,2,2단계_부분_적응
8526,train,0,2,2단계_부분_적응
8527,train,2,3,3단계_자립_적응
8528,train,2,3,3단계_자립_적응
8529,train,1,1,1단계_완전_소외
8530,train,0,2,2단계_부분_적응
8531,train,0,2,2단계_부분_적응
8532,train,0,2,2단계_부분_적응
8533,train,2,3,3단계_자립_적응
8534,train,1,1,1단계_완전_소외
8535,train,1,1,1단계_완전_소외
8536,train,0,2,2단계_부분_적응
8537,train,0,2,2단계_부분_적응
8538,train,2,3,3단계_자립_적응
8539,train,0,2,2단계_부분_적응
8540,train,1,1,1단계_완전_소외
8541,train,1,1,1단계_완전_소외
8542,train,0,2,2단계_부분_적응
8543,train,0,2,2단계_부분_적응
8544,train,2,3,3단계_자립_적응
8545,train,1,1,1단계_완전_소외
8546,train,1,1,1단계_완전_소외
8547,train,1,1,1단계_완전_소외
8548,train,1,1,1단계_완전_소외
8549,train,1,1,1단계_완전_소외
8550,train,0,2,2단계_부분_적응
8551,train,1,1,1단계_완전_소외
8552,train,1,1,1단계_완전_소외
8553,train,2,3,3단계_자립_적응
8554,train,0,2,2단계_부분_적응
8555,train,0,2,2단계_부분_적응
8556,train,1,1,1단계_완전_소외
8557,train,1,1,1단계_완전_소외
8558,train,0,2,2단계_부분_적응
8559,train,0,2,2단계_부분_적응
8560,train,2,3,3단계_자립_적응
8561,train,1,1,1단계_완전_소외
8562,train,1,1,1단계_완전_소외
8563,train,2,3,3단계_자립_적응
8564,train,1,1,1단계_완전_소외
8565,train,0,2,2단계_부분_적응
8566,train,0,2,2단계_부분_적응
8567,train,0,2,2단계_부분_적응
8568,train,1,1,1단계_완전_소외
8569,train,1,1,1단계_완전_소외
8570,train,2,3,3단계_자립_적응
8571,train,2,3,3단계_자립_적응
8572,train,0,2,2단계_부분_적응
8573,train,1,1,1단계_완전_소외
8574,train,1,1,1단계_완전_소외
8575,train,0,2,2단계_부분_적응
8576,train,2,3,3단계_자립_적응
8577,train,0,2,2단계_부분_적응
8578,train,0,2,2단계_부분_적응
8579,train,0,2,2단계_부분_적응
8580,train,1,1,1단계_완전_소외
8581,train,0,2,2단계_부분_적응
8582,train,2,3,3단계_자립_적응
8583,train,2,3,3단계_자립_적응
8584,train,2,3,3단계_자립_적응
8585,train,0,2,2단계_부분_적응
8586,train,1,1,1단계_완전_소외
8587,train,0,2,2단계_부분_적응
8588,train,1,1,1단계_완전_소외
8589,train,1,1,1단계_완전_소외
8590,train,1,1,1단계_완전_소외
8591,train,1,1,1단계_완전_소외
8592,train,0,2,2단계_부분_적응
8593,train,2,3,3단계_자립_적응
8594,train,0,2,2단계_부분_적응
8595,train,0,2,2단계_부분_적응
8596,train,0,2,2단계_부분_적응
8597,train,0,2,2단계_부분_적응
8598,train,0,2,2단계_부분_적응
8599,train,0,2,2단계_부분_적응
8600,train,1,1,1단계_완전_소외
8601,train,1,1,1단계_완전_소외
8602,train,0,2,2단계_부분_적응
8603,train,1,1,1단계_완전_소외
8604,train,2,3,3단계_자립_적응
8605,train,0,2,2단계_부분_적응
8606,train,0,2,2단계_부분_적응
8607,train,0,2,2단계_부분_적응
8608,train,0,2,2단계_부분_적응
8609,train,0,2,2단계_부분_적응
8610,train,1,1,1단계_완전_소외
8611,train,1,1,1단계_완전_소외
8612,train,0,2,2단계_부분_적응
8613,train,1,1,1단계_완전_소외
8614,train,2,3,3단계_자립_적응
8615,train,1,1,1단계_완전_소외
8616,train,2,3,3단계_자립_적응
8617,train,2,3,3단계_자립_적응
8618,train,2,3,3단계_자립_적응
8619,train,1,1,1단계_완전_소외
8620,train,1,1,1단계_완전_소외
8621,train,2,3,3단계_자립_적응
8622,train,1,1,1단계_완전_소외
8623,train,1,1,1단계_완전_소외
8624,train,2,3,3단계_자립_적응
8625,train,0,2,2단계_부분_적응
8626,train,0,2,2단계_부분_적응
8627,train,1,1,1단계_완전_소외
8628,train,0,2,2단계_부분_적응
8629,train,1,1,1단계_완전_소외
8630,train,2,3,3단계_자립_적응
8631,train,2,3,3단계_자립_적응
8632,train,2,3,3단계_자립_적응
8633,train,1,1,1단계_완전_소외
8634,train,1,1,1단계_완전_소외
8635,train,1,1,1단계_완전_소외
8636,train,1,1,1단계_완전_소외
8637,train,0,2,2단계_부분_적응
8638,train,1,1,1단계_완전_소외
8639,train,1,1,1단계_완전_소외
8640,train,2,3,3단계_자립_적응
8641,train,2,3,3단계_자립_적응
8642,train,1,1,1단계_완전_소외
8643,train,0,2,2단계_부분_적응
8644,train,0,2,2단계_부분_적응
8645,train,1,1,1단계_완전_소외
8646,train,0,2,2단계_부분_적응
8647,train,2,3,3단계_자립_적응
8648,train,0,2,2단계_부분_적응
8649,train,1,1,1단계_완전_소외
8650,train,1,1,1단계_완전_소외
8651,train,1,1,1단계_완전_소외
8652,train,0,2,2단계_부분_적응
8653,train,0,2,2단계_부분_적응
8654,train,0,2,2단계_부분_적응
8655,train,1,1,1단계_완전_소외
8656,train,0,2,2단계_부분_적응
8657,train,0,2,2단계_부분_적응
8658,train,2,3,3단계_자립_적응
8659,train,0,2,2단계_부분_적응
8660,train,0,2,2단계_부분_적응
8661,train,2,3,3단계_자립_적응
8662,train,1,1,1단계_완전_소외
8663,train,0,2,2단계_부분_적응
8664,train,1,1,1단계_완전_소외
8665,train,0,2,2단계_부분_적응
8666,train,2,3,3단계_자립_적응
8667,train,2,3,3단계_자립_적응
8668,train,2,3,3단계_자립_적응
8669,train,0,2,2단계_부분_적응
8670,train,0,2,2단계_부분_적응
8671,train,0,2,2단계_부분_적응
8672,train,0,2,2단계_부분_적응
8673,train,0,2,2단계_부분_적응
8674,train,0,2,2단계_부분_적응
8675,train,0,2,2단계_부분_적응
8676,train,1,1,1단계_완전_소외
8677,train,1,1,1단계_완전_소외
8678,train,1,1,1단계_완전_소외
8679,train,0,2,2단계_부분_적응
8680,train,1,1,1단계_완전_소외
8681,train,0,2,2단계_부분_적응
8682,train,0,2,2단계_부분_적응
8683,train,1,1,1단계_완전_소외
8684,train,1,1,1단계_완전_소외
8685,train,0,2,2단계_부분_적응
8686,train,0,2,2단계_부분_적응
8687,train,1,1,1단계_완전_소외
8688,train,0,2,2단계_부분_적응
8689,train,0,2,2단계_부분_적응
8690,train,1,1,1단계_완전_소외
8691,train,1,1,1단계_완전_소외
8692,train,0,2,2단계_부분_적응
8693,train,2,3,3단계_자립_적응
8694,train,1,1,1단계_완전_소외
8695,train,2,3,3단계_자립_적응
8696,train,1,1,1단계_완전_소외
8697,train,0,2,2단계_부분_적응
8698,train,0,2,2단계_부분_적응
8699,train,1,1,1단계_완전_소외
8700,train,2,3,3단계_자립_적응
8701,train,0,2,2단계_부분_적응
8702,train,1,1,1단계_완전_소외
8703,train,0,2,2단계_부분_적응
8704,train,1,1,1단계_완전_소외
8705,train,2,3,3단계_자립_적응
8706,train,1,1,1단계_완전_소외
8707,train,1,1,1단계_완전_소외
8708,train,1,1,1단계_완전_소외
8709,train,0,2,2단계_부분_적응
8710,train,2,3,3단계_자립_적응
8711,train,1,1,1단계_완전_소외
8712,train,1,1,1단계_완전_소외
8713,train,0,2,2단계_부분_적응
8714,train,0,2,2단계_부분_적응
8715,train,1,1,1단계_완전_소외
8716,train,0,2,2단계_부분_적응
8717,train,0,2,2단계_부분_적응
8718,train,1,1,1단계_완전_소외
8719,train,2,3,3단계_자립_적응
8720,train,1,1,1단계_완전_소외
8721,train,1,1,1단계_완전_소외
8722,train,1,1,1단계_완전_소외
8723,train,0,2,2단계_부분_적응
8724,train,1,1,1단계_완전_소외
8725,train,2,3,3단계_자립_적응
8726,train,2,3,3단계_자립_적응
8727,train,0,2,2단계_부분_적응
8728,train,2,3,3단계_자립_적응
8729,train,1,1,1단계_완전_소외
8730,train,0,2,2단계_부분_적응
8731,train,1,1,1단계_완전_소외
8732,train,0,2,2단계_부분_적응
8733,train,1,1,1단계_완전_소외
8734,train,1,1,1단계_완전_소외
8735,train,0,2,2단계_부분_적응
8736,train,2,3,3단계_자립_적응
8737,train,1,1,1단계_완전_소외
8738,train,2,3,3단계_자립_적응
8739,train,0,2,2단계_부분_적응
8740,train,0,2,2단계_부분_적응
8741,train,1,1,1단계_완전_소외
8742,train,0,2,2단계_부분_적응
8743,train,0,2,2단계_부분_적응
8744,train,1,1,1단계_완전_소외
8745,train,2,3,3단계_자립_적응
8746,train,1,1,1단계_완전_소외
8747,train,1,1,1단계_완전_소외
8748,train,2,3,3단계_자립_적응
8749,train,0,2,2단계_부분_적응
8750,train,0,2,2단계_부분_적응
8751,train,2,3,3단계_자립_적응
8752,train,0,2,2단계_부분_적응
8753,train,0,2,2단계_부분_적응
8754,train,2,3,3단계_자립_적응
8755,train,0,2,2단계_부분_적응
8756,train,1,1,1단계_완전_소외
8757,train,1,1,1단계_완전_소외
8758,train,0,2,2단계_부분_적응
8759,train,1,1,1단계_완전_소외
8760,train,0,2,2단계_부분_적응
8761,train,0,2,2단계_부분_적응
8762,train,1,1,1단계_완전_소외
8763,train,0,2,2단계_부분_적응
8764,train,0,2,2단계_부분_적응
8765,train,1,1,1단계_완전_소외
8766,train,0,2,2단계_부분_적응
8767,train,1,1,1단계_완전_소외
8768,train,0,2,2단계_부분_적응
8769,train,2,3,3단계_자립_적응
8770,train,1,1,1단계_완전_소외
8771,train,2,3,3단계_자립_적응
8772,train,0,2,2단계_부분_적응
8773,train,1,1,1단계_완전_소외
8774,train,0,2,2단계_부분_적응
8775,train,2,3,3단계_자립_적응
8776,train,2,3,3단계_자립_적응
8777,train,0,2,2단계_부분_적응
8778,train,0,2,2단계_부분_적응
8779,train,0,2,2단계_부분_적응
8780,train,1,1,1단계_완전_소외
8781,train,0,2,2단계_부분_적응
8782,train,0,2,2단계_부분_적응
8783,train,0,2,2단계_부분_적응
8784,train,0,2,2단계_부분_적응
8785,train,1,1,1단계_완전_소외
8786,train,1,1,1단계_완전_소외
8787,train,0,2,2단계_부분_적응
8788,train,1,1,1단계_완전_소외
8789,train,2,3,3단계_자립_적응
8790,train,2,3,3단계_자립_적응
8791,train,2,3,3단계_자립_적응
8792,train,0,2,2단계_부분_적응
8793,train,2,3,3단계_자립_적응
8794,train,1,1,1단계_완전_소외
8795,train,1,1,1단계_완전_소외
8796,train,1,1,1단계_완전_소외
8797,train,1,1,1단계_완전_소외
8798,train,2,3,3단계_자립_적응
8799,train,2,3,3단계_자립_적응
8800,train,1,1,1단계_완전_소외
8801,train,1,1,1단계_완전_소외
8802,train,1,1,1단계_완전_소외
8803,train,0,2,2단계_부분_적응
8804,train,0,2,2단계_부분_적응
8805,train,0,2,2단계_부분_적응
8806,train,1,1,1단계_완전_소외
8807,train,0,2,2단계_부분_적응
8808,train,0,2,2단계_부분_적응
8809,train,1,1,1단계_완전_소외
8810,train,1,1,1단계_완전_소외
8811,train,1,1,1단계_완전_소외
8812,train,1,1,1단계_완전_소외
8813,train,0,2,2단계_부분_적응
8814,train,0,2,2단계_부분_적응
8815,train,1,1,1단계_완전_소외
8816,train,1,1,1단계_완전_소외
8817,train,1,1,1단계_완전_소외
8818,train,2,3,3단계_자립_적응
8819,train,1,1,1단계_완전_소외
8820,train,2,3,3단계_자립_적응
8821,train,0,2,2단계_부분_적응
8822,train,2,3,3단계_자립_적응
8823,train,0,2,2단계_부분_적응
8824,train,2,3,3단계_자립_적응
8825,train,1,1,1단계_완전_소외
8826,train,1,1,1단계_완전_소외
8827,train,2,3,3단계_자립_적응
8828,train,0,2,2단계_부분_적응
8829,train,0,2,2단계_부분_적응
8830,train,1,1,1단계_완전_소외
8831,train,1,1,1단계_완전_소외
8832,train,0,2,2단계_부분_적응
8833,train,1,1,1단계_완전_소외
8834,train,0,2,2단계_부분_적응
8835,train,2,3,3단계_자립_적응
8836,train,1,1,1단계_완전_소외
8837,train,0,2,2단계_부분_적응
8838,train,0,2,2단계_부분_적응
8839,train,1,1,1단계_완전_소외
8840,train,2,3,3단계_자립_적응
8841,train,1,1,1단계_완전_소외
8842,train,0,2,2단계_부분_적응
8843,train,2,3,3단계_자립_적응
8844,train,2,3,3단계_자립_적응
8845,train,0,2,2단계_부분_적응
8846,train,1,1,1단계_완전_소외
8847,train,1,1,1단계_완전_소외
8848,train,1,1,1단계_완전_소외
8849,train,0,2,2단계_부분_적응
8850,train,0,2,2단계_부분_적응
8851,train,0,2,2단계_부분_적응
8852,train,1,1,1단계_완전_소외
8853,train,2,3,3단계_자립_적응
8854,train,0,2,2단계_부분_적응
8855,train,1,1,1단계_완전_소외
8856,train,0,2,2단계_부분_적응
8857,train,0,2,2단계_부분_적응
8858,train,0,2,2단계_부분_적응
8859,train,1,1,1단계_완전_소외
8860,train,1,1,1단계_완전_소외
8861,train,2,3,3단계_자립_적응
8862,train,0,2,2단계_부분_적응
8863,train,2,3,3단계_자립_적응
8864,train,0,2,2단계_부분_적응
8865,train,2,3,3단계_자립_적응
8866,train,2,3,3단계_자립_적응
8867,train,0,2,2단계_부분_적응
8868,train,1,1,1단계_완전_소외
8869,train,2,3,3단계_자립_적응
8870,train,0,2,2단계_부분_적응
8871,train,0,2,2단계_부분_적응
8872,train,2,3,3단계_자립_적응
8873,train,0,2,2단계_부분_적응
8874,train,0,2,2단계_부분_적응
8875,train,1,1,1단계_완전_소외
8876,train,0,2,2단계_부분_적응
8877,train,0,2,2단계_부분_적응
8878,train,2,3,3단계_자립_적응
8879,train,1,1,1단계_완전_소외
8880,train,1,1,1단계_완전_소외
8881,train,2,3,3단계_자립_적응
8882,train,1,1,1단계_완전_소외
8883,train,2,3,3단계_자립_적응
8884,train,2,3,3단계_자립_적응
8885,train,0,2,2단계_부분_적응
8886,train,2,3,3단계_자립_적응
8887,train,0,2,2단계_부분_적응
8888,train,2,3,3단계_자립_적응
8889,train,2,3,3단계_자립_적응
8890,train,2,3,3단계_자립_적응
8891,train,2,3,3단계_자립_적응
8892,train,2,3,3단계_자립_적응
8893,train,1,1,1단계_완전_소외
8894,train,0,2,2단계_부분_적응
8895,train,2,3,3단계_자립_적응
8896,train,1,1,1단계_완전_소외
8897,train,0,2,2단계_부분_적응
8898,train,1,1,1단계_완전_소외
8899,train,2,3,3단계_자립_적응
8900,train,1,1,1단계_완전_소외
8901,train,1,1,1단계_완전_소외
8902,train,1,1,1단계_완전_소외
8903,train,2,3,3단계_자립_적응
8904,train,1,1,1단계_완전_소외
8905,train,2,3,3단계_자립_적응
8906,train,1,1,1단계_완전_소외
8907,train,1,1,1단계_완전_소외
8908,train,2,3,3단계_자립_적응
8909,train,0,2,2단계_부분_적응
8910,train,0,2,2단계_부분_적응
8911,train,0,2,2단계_부분_적응
8912,train,1,1,1단계_완전_소외
8913,train,0,2,2단계_부분_적응
8914,train,0,2,2단계_부분_적응
8915,train,0,2,2단계_부분_적응
8916,train,1,1,1단계_완전_소외
8917,train,1,1,1단계_완전_소외
8918,train,1,1,1단계_완전_소외
8919,train,0,2,2단계_부분_적응
8920,train,0,2,2단계_부분_적응
8921,train,2,3,3단계_자립_적응
8922,train,0,2,2단계_부분_적응
8923,train,2,3,3단계_자립_적응
8924,train,0,2,2단계_부분_적응
8925,train,1,1,1단계_완전_소외
8926,train,0,2,2단계_부분_적응
8927,train,0,2,2단계_부분_적응
8928,train,1,1,1단계_완전_소외
8929,train,0,2,2단계_부분_적응
8930,train,0,2,2단계_부분_적응
8931,train,0,2,2단계_부분_적응
8932,train,0,2,2단계_부분_적응
8933,train,1,1,1단계_완전_소외
8934,train,2,3,3단계_자립_적응
8935,train,2,3,3단계_자립_적응
8936,train,1,1,1단계_완전_소외
8937,train,0,2,2단계_부분_적응
8938,train,2,3,3단계_자립_적응
8939,train,1,1,1단계_완전_소외
8940,train,0,2,2단계_부분_적응
8941,train,2,3,3단계_자립_적응
8942,train,1,1,1단계_완전_소외
8943,train,1,1,1단계_완전_소외
8944,train,0,2,2단계_부분_적응
8945,train,1,1,1단계_완전_소외
8946,train,0,2,2단계_부분_적응
8947,train,1,1,1단계_완전_소외
8948,train,0,2,2단계_부분_적응
8949,train,2,3,3단계_자립_적응
8950,train,0,2,2단계_부분_적응
8951,train,0,2,2단계_부분_적응
8952,train,1,1,1단계_완전_소외
8953,train,0,2,2단계_부분_적응
8954,train,0,2,2단계_부분_적응
8955,train,2,3,3단계_자립_적응
8956,train,0,2,2단계_부분_적응
8957,train,0,2,2단계_부분_적응
8958,train,1,1,1단계_완전_소외
8959,train,1,1,1단계_완전_소외
8960,train,2,3,3단계_자립_적응
8961,train,1,1,1단계_완전_소외
8962,train,2,3,3단계_자립_적응
8963,train,1,1,1단계_완전_소외
8964,train,1,1,1단계_완전_소외
8965,train,1,1,1단계_완전_소외
8966,train,1,1,1단계_완전_소외
8967,train,0,2,2단계_부분_적응
8968,train,0,2,2단계_부분_적응
8969,train,2,3,3단계_자립_적응
8970,train,0,2,2단계_부분_적응
8971,train,0,2,2단계_부분_적응
8972,train,1,1,1단계_완전_소외
8973,train,1,1,1단계_완전_소외
8974,train,0,2,2단계_부분_적응
8975,train,1,1,1단계_완전_소외
8976,train,0,2,2단계_부분_적응
8977,train,1,1,1단계_완전_소외
8978,train,1,1,1단계_완전_소외
8979,train,2,3,3단계_자립_적응
8980,train,1,1,1단계_완전_소외
8981,train,1,1,1단계_완전_소외
8982,train,0,2,2단계_부분_적응
8983,train,0,2,2단계_부분_적응
8984,train,2,3,3단계_자립_적응
8985,train,2,3,3단계_자립_적응
8986,train,2,3,3단계_자립_적응
8987,train,2,3,3단계_자립_적응
8988,train,1,1,1단계_완전_소외
8989,train,1,1,1단계_완전_소외
8990,train,0,2,2단계_부분_적응
8991,train,1,1,1단계_완전_소외
8992,train,0,2,2단계_부분_적응
8993,train,0,2,2단계_부분_적응
8994,train,0,2,2단계_부분_적응
8995,train,0,2,2단계_부분_적응
8996,train,2,3,3단계_자립_적응
8997,train,1,1,1단계_완전_소외
8998,train,0,2,2단계_부분_적응
8999,train,1,1,1단계_완전_소외
9000,train,0,2,2단계_부분_적응
9001,train,0,2,2단계_부분_적응
9002,train,0,2,2단계_부분_적응
9003,train,0,2,2단계_부분_적응
9004,train,1,1,1단계_완전_소외
9005,train,2,3,3단계_자립_적응
9006,train,1,1,1단계_완전_소외
9007,train,0,2,2단계_부분_적응
9008,train,0,2,2단계_부분_적응
9009,train,0,2,2단계_부분_적응
9010,train,0,2,2단계_부분_적응
9011,train,0,2,2단계_부분_적응
9012,train,2,3,3단계_자립_적응
9013,train,0,2,2단계_부분_적응
9014,train,1,1,1단계_완전_소외
9015,train,1,1,1단계_완전_소외
9016,train,0,2,2단계_부분_적응
9017,train,0,2,2단계_부분_적응
9018,train,0,2,2단계_부분_적응
9019,train,2,3,3단계_자립_적응
9020,train,1,1,1단계_완전_소외
9021,train,1,1,1단계_완전_소외
9022,train,2,3,3단계_자립_적응
9023,train,1,1,1단계_완전_소외
9024,train,2,3,3단계_자립_적응
9025,train,0,2,2단계_부분_적응
9026,train,0,2,2단계_부분_적응
9027,train,2,3,3단계_자립_적응
9028,train,0,2,2단계_부분_적응
9029,train,1,1,1단계_완전_소외
9030,train,1,1,1단계_완전_소외
9031,train,2,3,3단계_자립_적응
9032,train,0,2,2단계_부분_적응
9033,train,2,3,3단계_자립_적응
9034,train,1,1,1단계_완전_소외
9035,train,0,2,2단계_부분_적응
9036,train,1,1,1단계_완전_소외
9037,train,2,3,3단계_자립_적응
9038,train,0,2,2단계_부분_적응
9039,train,2,3,3단계_자립_적응
9040,train,1,1,1단계_완전_소외
9041,train,2,3,3단계_자립_적응
9042,train,2,3,3단계_자립_적응
9043,train,1,1,1단계_완전_소외
9044,train,1,1,1단계_완전_소외
9045,train,2,3,3단계_자립_적응
9046,train,0,2,2단계_부분_적응
9047,train,1,1,1단계_완전_소외
9048,train,0,2,2단계_부분_적응
9049,train,0,2,2단계_부분_적응
9050,train,0,2,2단계_부분_적응
9051,train,1,1,1단계_완전_소외
9052,train,2,3,3단계_자립_적응
9053,train,0,2,2단계_부분_적응
9054,train,0,2,2단계_부분_적응
9055,train,2,3,3단계_자립_적응
9056,train,0,2,2단계_부분_적응
9057,train,0,2,2단계_부분_적응
9058,train,0,2,2단계_부분_적응
9059,train,0,2,2단계_부분_적응
9060,train,0,2,2단계_부분_적응
9061,train,1,1,1단계_완전_소외
9062,train,0,2,2단계_부분_적응
9063,train,1,1,1단계_완전_소외
9064,train,1,1,1단계_완전_소외
9065,train,1,1,1단계_완전_소외
9066,train,1,1,1단계_완전_소외
9067,train,0,2,2단계_부분_적응
9068,train,0,2,2단계_부분_적응
9069,train,0,2,2단계_부분_적응
9070,train,1,1,1단계_완전_소외
9071,train,2,3,3단계_자립_적응
9072,train,1,1,1단계_완전_소외
9073,train,1,1,1단계_완전_소외
9074,train,1,1,1단계_완전_소외
9075,train,1,1,1단계_완전_소외
9076,train,0,2,2단계_부분_적응
9077,train,1,1,1단계_완전_소외
9078,train,1,1,1단계_완전_소외
9079,train,1,1,1단계_완전_소외
9080,train,1,1,1단계_완전_소외
9081,train,2,3,3단계_자립_적응
9082,train,0,2,2단계_부분_적응
9083,train,1,1,1단계_완전_소외
9084,train,0,2,2단계_부분_적응
9085,train,1,1,1단계_완전_소외
9086,train,1,1,1단계_완전_소외
9087,train,0,2,2단계_부분_적응
9088,train,0,2,2단계_부분_적응
9089,train,2,3,3단계_자립_적응
9090,train,0,2,2단계_부분_적응
9091,train,2,3,3단계_자립_적응
9092,train,1,1,1단계_완전_소외
9093,train,0,2,2단계_부분_적응
9094,train,0,2,2단계_부분_적응
9095,train,2,3,3단계_자립_적응
9096,train,0,2,2단계_부분_적응
9097,train,2,3,3단계_자립_적응
9098,train,1,1,1단계_완전_소외
9099,train,0,2,2단계_부분_적응
9100,train,0,2,2단계_부분_적응
9101,train,0,2,2단계_부분_적응
9102,train,1,1,1단계_완전_소외
9103,train,0,2,2단계_부분_적응
9104,train,1,1,1단계_완전_소외
9105,train,1,1,1단계_완전_소외
9106,train,2,3,3단계_자립_적응
9107,train,1,1,1단계_완전_소외
9108,train,1,1,1단계_완전_소외
9109,train,2,3,3단계_자립_적응
9110,train,2,3,3단계_자립_적응
9111,train,2,3,3단계_자립_적응
9112,train,0,2,2단계_부분_적응
9113,train,0,2,2단계_부분_적응
9114,train,0,2,2단계_부분_적응
9115,train,1,1,1단계_완전_소외
9116,train,1,1,1단계_완전_소외
9117,train,0,2,2단계_부분_적응
9118,train,2,3,3단계_자립_적응
9119,train,0,2,2단계_부분_적응
9120,train,2,3,3단계_자립_적응
9121,train,0,2,2단계_부분_적응
9122,train,2,3,3단계_자립_적응
9123,train,0,2,2단계_부분_적응
9124,train,1,1,1단계_완전_소외
9125,train,1,1,1단계_완전_소외
9126,train,1,1,1단계_완전_소외
9127,train,2,3,3단계_자립_적응
9128,train,0,2,2단계_부분_적응
9129,train,1,1,1단계_완전_소외
9130,train,2,3,3단계_자립_적응
9131,train,1,1,1단계_완전_소외
9132,train,0,2,2단계_부분_적응
9133,train,2,3,3단계_자립_적응
9134,train,0,2,2단계_부분_적응
9135,train,2,3,3단계_자립_적응
9136,train,0,2,2단계_부분_적응
9137,train,1,1,1단계_완전_소외
9138,train,0,2,2단계_부분_적응
9139,train,0,2,2단계_부분_적응
9140,train,0,2,2단계_부분_적응
9141,train,2,3,3단계_자립_적응
9142,train,1,1,1단계_완전_소외
9143,train,1,1,1단계_완전_소외
9144,train,0,2,2단계_부분_적응
9145,train,0,2,2단계_부분_적응
9146,train,0,2,2단계_부분_적응
9147,train,0,2,2단계_부분_적응
9148,train,1,1,1단계_완전_소외
9149,train,2,3,3단계_자립_적응
9150,train,1,1,1단계_완전_소외
9151,train,0,2,2단계_부분_적응
9152,train,1,1,1단계_완전_소외
9153,train,0,2,2단계_부분_적응
9154,train,2,3,3단계_자립_적응
9155,train,2,3,3단계_자립_적응
9156,train,0,2,2단계_부분_적응
9157,train,0,2,2단계_부분_적응
9158,train,1,1,1단계_완전_소외
9159,train,0,2,2단계_부분_적응
9160,train,2,3,3단계_자립_적응
9161,train,0,2,2단계_부분_적응
9162,train,0,2,2단계_부분_적응
9163,train,2,3,3단계_자립_적응
9164,train,0,2,2단계_부분_적응
9165,train,0,2,2단계_부분_적응
9166,train,0,2,2단계_부분_적응
9167,train,2,3,3단계_자립_적응
9168,train,0,2,2단계_부분_적응
9169,train,0,2,2단계_부분_적응
9170,train,0,2,2단계_부분_적응
9171,train,0,2,2단계_부분_적응
9172,train,0,2,2단계_부분_적응
9173,train,2,3,3단계_자립_적응
9174,train,1,1,1단계_완전_소외
9175,train,2,3,3단계_자립_적응
9176,train,1,1,1단계_완전_소외
9177,train,1,1,1단계_완전_소외
9178,train,1,1,1단계_완전_소외
9179,train,2,3,3단계_자립_적응
9180,train,0,2,2단계_부분_적응
9181,train,0,2,2단계_부분_적응
9182,train,2,3,3단계_자립_적응
9183,train,2,3,3단계_자립_적응
9184,train,2,3,3단계_자립_적응
9185,train,1,1,1단계_완전_소외
9186,train,1,1,1단계_완전_소외
9187,train,0,2,2단계_부분_적응
9188,train,1,1,1단계_완전_소외
9189,train,2,3,3단계_자립_적응
9190,train,1,1,1단계_완전_소외
9191,train,2,3,3단계_자립_적응
9192,train,0,2,2단계_부분_적응
9193,train,2,3,3단계_자립_적응
9194,train,0,2,2단계_부분_적응
9195,train,0,2,2단계_부분_적응
9196,train,1,1,1단계_완전_소외
9197,train,0,2,2단계_부분_적응
9198,train,1,1,1단계_완전_소외
9199,train,0,2,2단계_부분_적응
9200,train,0,2,2단계_부분_적응
9201,train,0,2,2단계_부분_적응
9202,train,2,3,3단계_자립_적응
9203,train,0,2,2단계_부분_적응
9204,train,0,2,2단계_부분_적응
9205,train,2,3,3단계_자립_적응
9206,train,2,3,3단계_자립_적응
9207,train,0,2,2단계_부분_적응
9208,train,1,1,1단계_완전_소외
9209,train,1,1,1단계_완전_소외
9210,train,2,3,3단계_자립_적응
9211,train,0,2,2단계_부분_적응
9212,train,1,1,1단계_완전_소외
9213,train,2,3,3단계_자립_적응
9214,train,2,3,3단계_자립_적응
9215,train,0,2,2단계_부분_적응
9216,train,1,1,1단계_완전_소외
9217,train,2,3,3단계_자립_적응
9218,train,2,3,3단계_자립_적응
9219,train,2,3,3단계_자립_적응
9220,train,1,1,1단계_완전_소외
9221,train,2,3,3단계_자립_적응
9222,train,2,3,3단계_자립_적응
9223,train,1,1,1단계_완전_소외
9224,train,2,3,3단계_자립_적응
9225,train,2,3,3단계_자립_적응
9226,train,0,2,2단계_부분_적응
9227,train,1,1,1단계_완전_소외
9228,train,2,3,3단계_자립_적응
9229,train,0,2,2단계_부분_적응
9230,train,2,3,3단계_자립_적응
9231,train,2,3,3단계_자립_적응
9232,train,1,1,1단계_완전_소외
9233,train,2,3,3단계_자립_적응
9234,train,0,2,2단계_부분_적응
9235,train,1,1,1단계_완전_소외
9236,train,0,2,2단계_부분_적응
9237,train,0,2,2단계_부분_적응
9238,train,0,2,2단계_부분_적응
9239,train,0,2,2단계_부분_적응
9240,train,0,2,2단계_부분_적응
9241,train,1,1,1단계_완전_소외
9242,train,1,1,1단계_완전_소외
9243,train,1,1,1단계_완전_소외
9244,train,1,1,1단계_완전_소외
9245,train,0,2,2단계_부분_적응
9246,train,2,3,3단계_자립_적응
9247,train,2,3,3단계_자립_적응
9248,train,0,2,2단계_부분_적응
9249,train,1,1,1단계_완전_소외
9250,train,1,1,1단계_완전_소외
9251,train,0,2,2단계_부분_적응
9252,train,0,2,2단계_부분_적응
9253,train,1,1,1단계_완전_소외
9254,train,0,2,2단계_부분_적응
9255,train,0,2,2단계_부분_적응
9256,train,2,3,3단계_자립_적응
9257,train,1,1,1단계_완전_소외
9258,train,0,2,2단계_부분_적응
9259,train,0,2,2단계_부분_적응
9260,train,2,3,3단계_자립_적응
9261,train,0,2,2단계_부분_적응
9262,train,2,3,3단계_자립_적응
9263,train,0,2,2단계_부분_적응
9264,train,1,1,1단계_완전_소외
9265,train,2,3,3단계_자립_적응
9266,train,2,3,3단계_자립_적응
9267,train,0,2,2단계_부분_적응
9268,train,1,1,1단계_완전_소외
9269,train,0,2,2단계_부분_적응
9270,train,0,2,2단계_부분_적응
9271,train,1,1,1단계_완전_소외
9272,train,1,1,1단계_완전_소외
9273,train,0,2,2단계_부분_적응
9274,train,1,1,1단계_완전_소외
9275,train,1,1,1단계_완전_소외
9276,train,0,2,2단계_부분_적응
9277,train,0,2,2단계_부분_적응
9278,train,0,2,2단계_부분_적응
9279,train,1,1,1단계_완전_소외
9280,train,1,1,1단계_완전_소외
9281,train,1,1,1단계_완전_소외
9282,train,1,1,1단계_완전_소외
9283,train,1,1,1단계_완전_소외
9284,train,0,2,2단계_부분_적응
9285,train,2,3,3단계_자립_적응
9286,train,0,2,2단계_부분_적응
9287,train,1,1,1단계_완전_소외
9288,train,0,2,2단계_부분_적응
9289,train,2,3,3단계_자립_적응
9290,train,1,1,1단계_완전_소외
9291,train,0,2,2단계_부분_적응
9292,train,2,3,3단계_자립_적응
9293,train,1,1,1단계_완전_소외
9294,train,1,1,1단계_완전_소외
9295,train,0,2,2단계_부분_적응
9296,train,0,2,2단계_부분_적응
9297,train,1,1,1단계_완전_소외
9298,train,2,3,3단계_자립_적응
9299,train,0,2,2단계_부분_적응
9300,train,1,1,1단계_완전_소외
9301,train,2,3,3단계_자립_적응
9302,train,1,1,1단계_완전_소외
9303,train,0,2,2단계_부분_적응
9304,train,2,3,3단계_자립_적응
9305,train,0,2,2단계_부분_적응
9306,train,1,1,1단계_완전_소외
9307,train,2,3,3단계_자립_적응
9308,train,0,2,2단계_부분_적응
9309,train,1,1,1단계_완전_소외
9310,train,1,1,1단계_완전_소외
9311,train,2,3,3단계_자립_적응
9312,train,1,1,1단계_완전_소외
9313,train,1,1,1단계_완전_소외
9314,train,1,1,1단계_완전_소외
9315,train,1,1,1단계_완전_소외
9316,train,1,1,1단계_완전_소외
9317,train,2,3,3단계_자립_적응
9318,train,1,1,1단계_완전_소외
9319,train,0,2,2단계_부분_적응
9320,train,0,2,2단계_부분_적응
9321,train,0,2,2단계_부분_적응
9322,train,0,2,2단계_부분_적응
9323,train,2,3,3단계_자립_적응
9324,train,2,3,3단계_자립_적응
9325,train,1,1,1단계_완전_소외
9326,train,2,3,3단계_자립_적응
9327,train,2,3,3단계_자립_적응
9328,train,0,2,2단계_부분_적응
9329,train,1,1,1단계_완전_소외
9330,train,0,2,2단계_부분_적응
9331,train,1,1,1단계_완전_소외
9332,train,0,2,2단계_부분_적응
9333,train,0,2,2단계_부분_적응
9334,train,0,2,2단계_부분_적응
9335,train,0,2,2단계_부분_적응
9336,train,0,2,2단계_부분_적응
9337,train,0,2,2단계_부분_적응
9338,train,1,1,1단계_완전_소외
9339,train,2,3,3단계_자립_적응
9340,train,0,2,2단계_부분_적응
9341,train,0,2,2단계_부분_적응
9342,train,1,1,1단계_완전_소외
9343,train,0,2,2단계_부분_적응
9344,train,2,3,3단계_자립_적응
9345,train,0,2,2단계_부분_적응
9346,train,1,1,1단계_완전_소외
9347,train,1,1,1단계_완전_소외
9348,train,0,2,2단계_부분_적응
9349,train,1,1,1단계_완전_소외
9350,train,1,1,1단계_완전_소외
9351,train,1,1,1단계_완전_소외
9352,train,1,1,1단계_완전_소외
9353,train,1,1,1단계_완전_소외
9354,train,0,2,2단계_부분_적응
9355,train,0,2,2단계_부분_적응
9356,train,0,2,2단계_부분_적응
9357,train,0,2,2단계_부분_적응
9358,train,1,1,1단계_완전_소외
9359,train,1,1,1단계_완전_소외
9360,train,2,3,3단계_자립_적응
9361,train,0,2,2단계_부분_적응
9362,train,1,1,1단계_완전_소외
9363,train,1,1,1단계_완전_소외
9364,train,1,1,1단계_완전_소외
9365,train,0,2,2단계_부분_적응
9366,train,1,1,1단계_완전_소외
9367,train,1,1,1단계_완전_소외
9368,train,1,1,1단계_완전_소외
9369,train,2,3,3단계_자립_적응
9370,train,1,1,1단계_완전_소외
9371,train,1,1,1단계_완전_소외
9372,train,0,2,2단계_부분_적응
9373,train,0,2,2단계_부분_적응
9374,train,0,2,2단계_부분_적응
9375,train,1,1,1단계_완전_소외
9376,train,1,1,1단계_완전_소외
9377,train,1,1,1단계_완전_소외
9378,train,1,1,1단계_완전_소외
9379,train,2,3,3단계_자립_적응
9380,train,2,3,3단계_자립_적응
9381,train,0,2,2단계_부분_적응
9382,train,2,3,3단계_자립_적응
9383,train,0,2,2단계_부분_적응
9384,train,1,1,1단계_완전_소외
9385,train,1,1,1단계_완전_소외
9386,train,1,1,1단계_완전_소외
9387,train,0,2,2단계_부분_적응
9388,train,1,1,1단계_완전_소외
9389,train,0,2,2단계_부분_적응
9390,train,0,2,2단계_부분_적응
9391,train,0,2,2단계_부분_적응
9392,train,2,3,3단계_자립_적응
9393,train,0,2,2단계_부분_적응
9394,train,0,2,2단계_부분_적응
9395,train,1,1,1단계_완전_소외
9396,train,1,1,1단계_완전_소외
9397,train,0,2,2단계_부분_적응
9398,train,0,2,2단계_부분_적응
9399,train,2,3,3단계_자립_적응
9400,train,0,2,2단계_부분_적응
9401,train,2,3,3단계_자립_적응
9402,train,2,3,3단계_자립_적응
9403,train,1,1,1단계_완전_소외
9404,train,2,3,3단계_자립_적응
9405,train,1,1,1단계_완전_소외
9406,train,2,3,3단계_자립_적응
9407,train,1,1,1단계_완전_소외
9408,train,1,1,1단계_완전_소외
9409,train,2,3,3단계_자립_적응
9410,train,2,3,3단계_자립_적응
9411,train,0,2,2단계_부분_적응
9412,train,1,1,1단계_완전_소외
9413,train,2,3,3단계_자립_적응
9414,train,0,2,2단계_부분_적응
9415,train,1,1,1단계_완전_소외
9416,train,0,2,2단계_부분_적응
9417,train,0,2,2단계_부분_적응
9418,train,2,3,3단계_자립_적응
9419,train,2,3,3단계_자립_적응
9420,train,1,1,1단계_완전_소외
9421,train,1,1,1단계_완전_소외
9422,train,1,1,1단계_완전_소외
9423,train,2,3,3단계_자립_적응
9424,train,2,3,3단계_자립_적응
9425,train,1,1,1단계_완전_소외
9426,train,2,3,3단계_자립_적응
9427,train,1,1,1단계_완전_소외
9428,train,0,2,2단계_부분_적응
9429,train,2,3,3단계_자립_적응
9430,train,1,1,1단계_완전_소외
9431,train,1,1,1단계_완전_소외
9432,train,2,3,3단계_자립_적응
9433,train,1,1,1단계_완전_소외
9434,train,0,2,2단계_부분_적응
9435,train,2,3,3단계_자립_적응
9436,train,0,2,2단계_부분_적응
9437,train,2,3,3단계_자립_적응
9438,train,0,2,2단계_부분_적응
9439,train,0,2,2단계_부분_적응
9440,train,0,2,2단계_부분_적응
9441,train,2,3,3단계_자립_적응
9442,train,1,1,1단계_완전_소외
9443,train,2,3,3단계_자립_적응
9444,train,1,1,1단계_완전_소외
9445,train,2,3,3단계_자립_적응
9446,train,0,2,2단계_부분_적응
9447,train,2,3,3단계_자립_적응
9448,train,0,2,2단계_부분_적응
9449,train,1,1,1단계_완전_소외
9450,train,2,3,3단계_자립_적응
9451,train,1,1,1단계_완전_소외
9452,train,2,3,3단계_자립_적응
9453,train,2,3,3단계_자립_적응
9454,train,2,3,3단계_자립_적응
9455,train,0,2,2단계_부분_적응
9456,train,1,1,1단계_완전_소외
9457,train,0,2,2단계_부분_적응
9458,train,0,2,2단계_부분_적응
9459,train,0,2,2단계_부분_적응
9460,train,2,3,3단계_자립_적응
9461,train,2,3,3단계_자립_적응
9462,train,0,2,2단계_부분_적응
9463,train,0,2,2단계_부분_적응
9464,train,1,1,1단계_완전_소외
9465,train,1,1,1단계_완전_소외
9466,train,0,2,2단계_부분_적응
9467,train,2,3,3단계_자립_적응
9468,train,1,1,1단계_완전_소외
9469,train,1,1,1단계_완전_소외
9470,train,2,3,3단계_자립_적응
9471,train,0,2,2단계_부분_적응
9472,train,1,1,1단계_완전_소외
9473,train,2,3,3단계_자립_적응
9474,train,1,1,1단계_완전_소외
9475,train,0,2,2단계_부분_적응
9476,train,1,1,1단계_완전_소외
9477,train,1,1,1단계_완전_소외
9478,train,2,3,3단계_자립_적응
9479,train,2,3,3단계_자립_적응
9480,train,0,2,2단계_부분_적응
9481,train,0,2,2단계_부분_적응
9482,train,0,2,2단계_부분_적응
9483,train,0,2,2단계_부분_적응
9484,train,1,1,1단계_완전_소외
9485,train,1,1,1단계_완전_소외
9486,train,1,1,1단계_완전_소외
9487,train,2,3,3단계_자립_적응
9488,train,1,1,1단계_완전_소외
9489,train,1,1,1단계_완전_소외
9490,train,0,2,2단계_부분_적응
9491,train,1,1,1단계_완전_소외
9492,train,1,1,1단계_완전_소외
9493,train,0,2,2단계_부분_적응
9494,train,2,3,3단계_자립_적응
9495,train,0,2,2단계_부분_적응
9496,train,0,2,2단계_부분_적응
9497,train,1,1,1단계_완전_소외
9498,train,0,2,2단계_부분_적응
9499,train,0,2,2단계_부분_적응
9500,train,1,1,1단계_완전_소외
9501,train,0,2,2단계_부분_적응
9502,train,0,2,2단계_부분_적응
9503,train,0,2,2단계_부분_적응
9504,train,1,1,1단계_완전_소외
9505,train,1,1,1단계_완전_소외
9506,train,2,3,3단계_자립_적응
9507,train,0,2,2단계_부분_적응
9508,train,2,3,3단계_자립_적응
9509,train,0,2,2단계_부분_적응
9510,train,1,1,1단계_완전_소외
9511,train,2,3,3단계_자립_적응
9512,train,2,3,3단계_자립_적응
9513,train,0,2,2단계_부분_적응
9514,train,1,1,1단계_완전_소외
9515,train,1,1,1단계_완전_소외
9516,train,1,1,1단계_완전_소외
9517,train,1,1,1단계_완전_소외
9518,train,0,2,2단계_부분_적응
9519,train,1,1,1단계_완전_소외
9520,train,0,2,2단계_부분_적응
9521,train,1,1,1단계_완전_소외
9522,train,0,2,2단계_부분_적응
9523,train,0,2,2단계_부분_적응
9524,train,0,2,2단계_부분_적응
9525,train,0,2,2단계_부분_적응
9526,train,1,1,1단계_완전_소외
9527,train,0,2,2단계_부분_적응
9528,train,2,3,3단계_자립_적응
9529,train,2,3,3단계_자립_적응
9530,train,2,3,3단계_자립_적응
9531,train,0,2,2단계_부분_적응
9532,train,0,2,2단계_부분_적응
9533,train,0,2,2단계_부분_적응
9534,train,1,1,1단계_완전_소외
9535,train,0,2,2단계_부분_적응
9536,train,0,2,2단계_부분_적응
9537,train,0,2,2단계_부분_적응
9538,train,0,2,2단계_부분_적응
9539,train,2,3,3단계_자립_적응
9540,train,1,1,1단계_완전_소외
9541,train,0,2,2단계_부분_적응
9542,train,0,2,2단계_부분_적응
9543,train,1,1,1단계_완전_소외
9544,train,0,2,2단계_부분_적응
9545,train,0,2,2단계_부분_적응
9546,train,1,1,1단계_완전_소외
9547,train,1,1,1단계_완전_소외
9548,train,0,2,2단계_부분_적응
9549,train,0,2,2단계_부분_적응
9550,train,1,1,1단계_완전_소외
9551,train,1,1,1단계_완전_소외
9552,train,2,3,3단계_자립_적응
9553,train,2,3,3단계_자립_적응
9554,train,1,1,1단계_완전_소외
9555,train,2,3,3단계_자립_적응
9556,train,0,2,2단계_부분_적응
9557,train,1,1,1단계_완전_소외
9558,train,2,3,3단계_자립_적응
9559,train,2,3,3단계_자립_적응
9560,train,0,2,2단계_부분_적응
9561,train,0,2,2단계_부분_적응
9562,train,1,1,1단계_완전_소외
9563,train,0,2,2단계_부분_적응
9564,train,0,2,2단계_부분_적응
9565,train,0,2,2단계_부분_적응
9566,train,2,3,3단계_자립_적응
9567,train,0,2,2단계_부분_적응
9568,train,1,1,1단계_완전_소외
9569,train,0,2,2단계_부분_적응
9570,train,0,2,2단계_부분_적응
9571,train,1,1,1단계_완전_소외
9572,train,2,3,3단계_자립_적응
9573,train,2,3,3단계_자립_적응
9574,train,0,2,2단계_부분_적응
9575,train,0,2,2단계_부분_적응
9576,train,2,3,3단계_자립_적응
9577,train,1,1,1단계_완전_소외
9578,train,1,1,1단계_완전_소외
9579,train,1,1,1단계_완전_소외
9580,train,1,1,1단계_완전_소외
9581,train,2,3,3단계_자립_적응
9582,train,1,1,1단계_완전_소외
9583,train,1,1,1단계_완전_소외
9584,train,0,2,2단계_부분_적응
9585,train,0,2,2단계_부분_적응
9586,train,0,2,2단계_부분_적응
9587,train,0,2,2단계_부분_적응
9588,train,2,3,3단계_자립_적응
9589,train,0,2,2단계_부분_적응
9590,train,0,2,2단계_부분_적응
9591,train,1,1,1단계_완전_소외
9592,train,2,3,3단계_자립_적응
9593,train,2,3,3단계_자립_적응
9594,train,0,2,2단계_부분_적응
9595,train,1,1,1단계_완전_소외
9596,train,1,1,1단계_완전_소외
9597,train,1,1,1단계_완전_소외
9598,train,0,2,2단계_부분_적응
9599,train,1,1,1단계_완전_소외
9600,train,1,1,1단계_완전_소외
9601,train,0,2,2단계_부분_적응
9602,train,1,1,1단계_완전_소외
9603,train,0,2,2단계_부분_적응
9604,train,0,2,2단계_부분_적응
9605,train,1,1,1단계_완전_소외
9606,train,2,3,3단계_자립_적응
9607,train,1,1,1단계_완전_소외
9608,train,2,3,3단계_자립_적응
9609,train,0,2,2단계_부분_적응
9610,train,0,2,2단계_부분_적응
9611,train,0,2,2단계_부분_적응
9612,train,0,2,2단계_부분_적응
9613,train,2,3,3단계_자립_적응
9614,train,1,1,1단계_완전_소외
9615,train,2,3,3단계_자립_적응
9616,train,1,1,1단계_완전_소외
9617,train,1,1,1단계_완전_소외
9618,train,0,2,2단계_부분_적응
9619,train,0,2,2단계_부분_적응
9620,train,2,3,3단계_자립_적응
9621,train,0,2,2단계_부분_적응
9622,train,0,2,2단계_부분_적응
9623,train,2,3,3단계_자립_적응
9624,train,0,2,2단계_부분_적응
9625,train,2,3,3단계_자립_적응
9626,train,1,1,1단계_완전_소외
9627,train,1,1,1단계_완전_소외
9628,train,0,2,2단계_부분_적응
9629,train,0,2,2단계_부분_적응
9630,train,2,3,3단계_자립_적응
9631,train,0,2,2단계_부분_적응
9632,train,1,1,1단계_완전_소외
9633,train,1,1,1단계_완전_소외
9634,train,2,3,3단계_자립_적응
9635,train,0,2,2단계_부분_적응
9636,train,0,2,2단계_부분_적응
9637,train,0,2,2단계_부분_적응
9638,train,0,2,2단계_부분_적응
9639,train,0,2,2단계_부분_적응
9640,train,0,2,2단계_부분_적응
9641,train,1,1,1단계_완전_소외
9642,train,0,2,2단계_부분_적응
9643,train,0,2,2단계_부분_적응
9644,train,0,2,2단계_부분_적응
9645,train,2,3,3단계_자립_적응
9646,train,0,2,2단계_부분_적응
9647,train,1,1,1단계_완전_소외
9648,train,1,1,1단계_완전_소외
9649,train,2,3,3단계_자립_적응
9650,train,0,2,2단계_부분_적응
9651,train,1,1,1단계_완전_소외
9652,train,0,2,2단계_부분_적응
9653,train,2,3,3단계_자립_적응
9654,train,1,1,1단계_완전_소외
9655,train,0,2,2단계_부분_적응
9656,train,0,2,2단계_부분_적응
9657,train,1,1,1단계_완전_소외
9658,train,1,1,1단계_완전_소외
9659,train,2,3,3단계_자립_적응
9660,train,1,1,1단계_완전_소외
9661,train,0,2,2단계_부분_적응
9662,train,2,3,3단계_자립_적응
9663,train,0,2,2단계_부분_적응
9664,train,0,2,2단계_부분_적응
9665,train,1,1,1단계_완전_소외
9666,train,0,2,2단계_부분_적응
9667,train,1,1,1단계_완전_소외
9668,train,2,3,3단계_자립_적응
9669,train,1,1,1단계_완전_소외
9670,train,1,1,1단계_완전_소외
9671,train,0,2,2단계_부분_적응
9672,train,2,3,3단계_자립_적응
9673,train,1,1,1단계_완전_소외
9674,train,1,1,1단계_완전_소외
9675,train,0,2,2단계_부분_적응
9676,train,0,2,2단계_부분_적응
9677,train,0,2,2단계_부분_적응
9678,train,2,3,3단계_자립_적응
9679,train,2,3,3단계_자립_적응
9680,train,1,1,1단계_완전_소외
9681,train,2,3,3단계_자립_적응
9682,train,2,3,3단계_자립_적응
9683,train,1,1,1단계_완전_소외
9684,train,2,3,3단계_자립_적응
9685,train,1,1,1단계_완전_소외
9686,train,2,3,3단계_자립_적응
9687,train,1,1,1단계_완전_소외
9688,train,0,2,2단계_부분_적응
9689,train,1,1,1단계_완전_소외
9690,train,0,2,2단계_부분_적응
9691,train,0,2,2단계_부분_적응
9692,train,1,1,1단계_완전_소외
9693,train,0,2,2단계_부분_적응
9694,train,1,1,1단계_완전_소외
9695,train,0,2,2단계_부분_적응
9696,train,1,1,1단계_완전_소외
9697,train,0,2,2단계_부분_적응
9698,train,1,1,1단계_완전_소외
9699,train,2,3,3단계_자립_적응
9700,train,0,2,2단계_부분_적응
9701,train,1,1,1단계_완전_소외
9702,train,2,3,3단계_자립_적응
9703,train,0,2,2단계_부분_적응
9704,train,0,2,2단계_부분_적응
9705,train,2,3,3단계_자립_적응
9706,train,1,1,1단계_완전_소외
9707,train,2,3,3단계_자립_적응
9708,train,1,1,1단계_완전_소외
9709,train,0,2,2단계_부분_적응
9710,train,2,3,3단계_자립_적응
9711,train,1,1,1단계_완전_소외
9712,train,0,2,2단계_부분_적응
9713,train,0,2,2단계_부분_적응
9714,train,1,1,1단계_완전_소외
9715,train,0,2,2단계_부분_적응
9716,train,2,3,3단계_자립_적응
9717,train,2,3,3단계_자립_적응
9718,train,2,3,3단계_자립_적응
9719,train,0,2,2단계_부분_적응
9720,train,2,3,3단계_자립_적응
9721,train,1,1,1단계_완전_소외
9722,train,2,3,3단계_자립_적응
9723,train,0,2,2단계_부분_적응
9724,train,2,3,3단계_자립_적응
9725,train,0,2,2단계_부분_적응
9726,train,2,3,3단계_자립_적응
9727,train,0,2,2단계_부분_적응
9728,train,0,2,2단계_부분_적응
9729,train,2,3,3단계_자립_적응
9730,train,0,2,2단계_부분_적응
9731,train,2,3,3단계_자립_적응
9732,train,1,1,1단계_완전_소외
9733,train,0,2,2단계_부분_적응
9734,train,0,2,2단계_부분_적응
9735,train,0,2,2단계_부분_적응
9736,train,2,3,3단계_자립_적응
9737,train,0,2,2단계_부분_적응
9738,train,1,1,1단계_완전_소외
9739,train,2,3,3단계_자립_적응
9740,train,0,2,2단계_부분_적응
9741,train,2,3,3단계_자립_적응
9742,train,1,1,1단계_완전_소외
9743,train,1,1,1단계_완전_소외
9744,train,2,3,3단계_자립_적응
9745,train,1,1,1단계_완전_소외
9746,train,2,3,3단계_자립_적응
9747,train,1,1,1단계_완전_소외
9748,train,0,2,2단계_부분_적응
9749,train,2,3,3단계_자립_적응
9750,train,1,1,1단계_완전_소외
9751,train,0,2,2단계_부분_적응
9752,train,0,2,2단계_부분_적응
9753,train,0,2,2단계_부분_적응
9754,train,0,2,2단계_부분_적응
9755,train,2,3,3단계_자립_적응
9756,train,2,3,3단계_자립_적응
9757,train,0,2,2단계_부분_적응
9758,train,0,2,2단계_부분_적응
9759,train,1,1,1단계_완전_소외
9760,train,1,1,1단계_완전_소외
9761,train,0,2,2단계_부분_적응
9762,train,1,1,1단계_완전_소외
9763,train,0,2,2단계_부분_적응
9764,train,0,2,2단계_부분_적응
9765,train,1,1,1단계_완전_소외
9766,train,1,1,1단계_완전_소외
9767,train,1,1,1단계_완전_소외
9768,train,0,2,2단계_부분_적응
9769,train,0,2,2단계_부분_적응
9770,train,1,1,1단계_완전_소외
9771,train,1,1,1단계_완전_소외
9772,train,2,3,3단계_자립_적응
9773,train,1,1,1단계_완전_소외
9774,train,2,3,3단계_자립_적응
9775,train,1,1,1단계_완전_소외
9776,train,1,1,1단계_완전_소외
9777,train,1,1,1단계_완전_소외
9778,train,1,1,1단계_완전_소외
9779,train,0,2,2단계_부분_적응
9780,train,2,3,3단계_자립_적응
9781,train,1,1,1단계_완전_소외
9782,train,0,2,2단계_부분_적응
9783,train,1,1,1단계_완전_소외
9784,train,0,2,2단계_부분_적응
9785,train,0,2,2단계_부분_적응
9786,train,2,3,3단계_자립_적응
9787,train,0,2,2단계_부분_적응
9788,train,2,3,3단계_자립_적응
9789,train,0,2,2단계_부분_적응
9790,train,1,1,1단계_완전_소외
9791,train,0,2,2단계_부분_적응
9792,train,0,2,2단계_부분_적응
9793,train,0,2,2단계_부분_적응
9794,train,0,2,2단계_부분_적응
9795,train,1,1,1단계_완전_소외
9796,train,1,1,1단계_완전_소외
9797,train,2,3,3단계_자립_적응
9798,train,0,2,2단계_부분_적응
9799,train,2,3,3단계_자립_적응
9800,train,0,2,2단계_부분_적응
9801,train,1,1,1단계_완전_소외
9802,train,0,2,2단계_부분_적응
9803,train,0,2,2단계_부분_적응
9804,train,1,1,1단계_완전_소외
9805,train,1,1,1단계_완전_소외
9806,train,2,3,3단계_자립_적응
9807,train,1,1,1단계_완전_소외
9808,train,2,3,3단계_자립_적응
9809,train,0,2,2단계_부분_적응
9810,train,0,2,2단계_부분_적응
9811,train,2,3,3단계_자립_적응
9812,train,1,1,1단계_완전_소외
9813,train,0,2,2단계_부분_적응
9814,train,0,2,2단계_부분_적응
9815,train,0,2,2단계_부분_적응
9816,train,0,2,2단계_부분_적응
9817,train,0,2,2단계_부분_적응
9818,train,2,3,3단계_자립_적응
9819,train,0,2,2단계_부분_적응
9820,train,2,3,3단계_자립_적응
9821,train,2,3,3단계_자립_적응
9822,train,1,1,1단계_완전_소외
9823,train,2,3,3단계_자립_적응
9824,train,0,2,2단계_부분_적응
9825,train,2,3,3단계_자립_적응
9826,train,1,1,1단계_완전_소외
9827,train,1,1,1단계_완전_소외
9828,train,2,3,3단계_자립_적응
9829,train,2,3,3단계_자립_적응
9830,train,0,2,2단계_부분_적응
9831,train,0,2,2단계_부분_적응
9832,train,0,2,2단계_부분_적응
9833,train,0,2,2단계_부분_적응
9834,train,0,2,2단계_부분_적응
9835,train,1,1,1단계_완전_소외
9836,train,1,1,1단계_완전_소외
9837,train,2,3,3단계_자립_적응
9838,train,0,2,2단계_부분_적응
9839,train,2,3,3단계_자립_적응
9840,train,0,2,2단계_부분_적응
9841,train,0,2,2단계_부분_적응
9842,train,2,3,3단계_자립_적응
9843,train,2,3,3단계_자립_적응
9844,train,1,1,1단계_완전_소외
9845,train,2,3,3단계_자립_적응
9846,train,1,1,1단계_완전_소외
9847,train,1,1,1단계_완전_소외
9848,train,2,3,3단계_자립_적응
9849,train,1,1,1단계_완전_소외
9850,train,0,2,2단계_부분_적응
9851,train,2,3,3단계_자립_적응
9852,train,2,3,3단계_자립_적응
9853,train,1,1,1단계_완전_소외
9854,train,0,2,2단계_부분_적응
9855,train,0,2,2단계_부분_적응
9856,train,0,2,2단계_부분_적응
9857,train,1,1,1단계_완전_소외
9858,train,1,1,1단계_완전_소외
9859,train,0,2,2단계_부분_적응
9860,train,0,2,2단계_부분_적응
9861,train,2,3,3단계_자립_적응
9862,train,0,2,2단계_부분_적응
9863,train,1,1,1단계_완전_소외
9864,train,0,2,2단계_부분_적응
9865,train,0,2,2단계_부분_적응
9866,train,0,2,2단계_부분_적응
9867,train,0,2,2단계_부분_적응
9868,train,0,2,2단계_부분_적응
9869,train,0,2,2단계_부분_적응
9870,train,1,1,1단계_완전_소외
9871,train,2,3,3단계_자립_적응
9872,train,1,1,1단계_완전_소외
9873,train,2,3,3단계_자립_적응
9874,train,1,1,1단계_완전_소외
9875,train,0,2,2단계_부분_적응
9876,train,0,2,2단계_부분_적응
9877,train,0,2,2단계_부분_적응
9878,train,0,2,2단계_부분_적응
9879,train,2,3,3단계_자립_적응
9880,train,1,1,1단계_완전_소외
9881,train,0,2,2단계_부분_적응
9882,train,1,1,1단계_완전_소외
9883,train,0,2,2단계_부분_적응
9884,train,0,2,2단계_부분_적응
9885,train,1,1,1단계_완전_소외
9886,train,1,1,1단계_완전_소외
9887,train,2,3,3단계_자립_적응
9888,train,1,1,1단계_완전_소외
9889,train,2,3,3단계_자립_적응
9890,train,0,2,2단계_부분_적응
9891,train,0,2,2단계_부분_적응
9892,train,1,1,1단계_완전_소외
9893,train,1,1,1단계_완전_소외
9894,train,1,1,1단계_완전_소외
9895,train,0,2,2단계_부분_적응
9896,train,0,2,2단계_부분_적응
9897,train,1,1,1단계_완전_소외
9898,train,0,2,2단계_부분_적응
9899,train,2,3,3단계_자립_적응
9900,train,1,1,1단계_완전_소외
9901,train,2,3,3단계_자립_적응
9902,train,0,2,2단계_부분_적응
9903,train,1,1,1단계_완전_소외
9904,train,0,2,2단계_부분_적응
9905,train,2,3,3단계_자립_적응
9906,train,2,3,3단계_자립_적응
9907,train,1,1,1단계_완전_소외
9908,train,2,3,3단계_자립_적응
9909,train,2,3,3단계_자립_적응
9910,train,1,1,1단계_완전_소외
9911,train,1,1,1단계_완전_소외
9912,train,1,1,1단계_완전_소외
9913,train,2,3,3단계_자립_적응
9914,train,2,3,3단계_자립_적응
9915,train,1,1,1단계_완전_소외
9916,train,1,1,1단계_완전_소외
9917,train,1,1,1단계_완전_소외
9918,train,0,2,2단계_부분_적응
9919,train,2,3,3단계_자립_적응
9920,train,2,3,3단계_자립_적응
9921,train,1,1,1단계_완전_소외
9922,train,1,1,1단계_완전_소외
9923,train,0,2,2단계_부분_적응
9924,train,1,1,1단계_완전_소외
9925,train,0,2,2단계_부분_적응
9926,train,1,1,1단계_완전_소외
9927,train,0,2,2단계_부분_적응
9928,train,1,1,1단계_완전_소외
9929,train,1,1,1단계_완전_소외
9930,train,0,2,2단계_부분_적응
9931,train,0,2,2단계_부분_적응
9932,train,0,2,2단계_부분_적응
9933,train,0,2,2단계_부분_적응
9934,train,0,2,2단계_부분_적응
9935,train,2,3,3단계_자립_적응
9936,train,0,2,2단계_부분_적응
9937,train,1,1,1단계_완전_소외
9938,train,1,1,1단계_완전_소외
9939,train,1,1,1단계_완전_소외
9940,train,1,1,1단계_완전_소외
9941,train,0,2,2단계_부분_적응
9942,train,1,1,1단계_완전_소외
9943,train,1,1,1단계_완전_소외
9944,train,2,3,3단계_자립_적응
9945,train,0,2,2단계_부분_적응
9946,train,1,1,1단계_완전_소외
9947,train,2,3,3단계_자립_적응
9948,train,0,2,2단계_부분_적응
9949,train,0,2,2단계_부분_적응
9950,train,1,1,1단계_완전_소외
9951,train,0,2,2단계_부분_적응
9952,train,2,3,3단계_자립_적응
9953,train,0,2,2단계_부분_적응
9954,train,1,1,1단계_완전_소외
9955,train,2,3,3단계_자립_적응
9956,train,0,2,2단계_부분_적응
9957,train,0,2,2단계_부분_적응
9958,train,1,1,1단계_완전_소외
9959,train,1,1,1단계_완전_소외
9960,train,2,3,3단계_자립_적응
9961,train,0,2,2단계_부분_적응
9962,train,1,1,1단계_완전_소외
9963,train,1,1,1단계_완전_소외
9964,train,2,3,3단계_자립_적응
9965,train,2,3,3단계_자립_적응
9966,train,1,1,1단계_완전_소외
9967,train,1,1,1단계_완전_소외
9968,train,2,3,3단계_자립_적응
9969,train,0,2,2단계_부분_적응
9970,train,2,3,3단계_자립_적응
9971,train,0,2,2단계_부분_적응
9972,train,2,3,3단계_자립_적응
9973,train,2,3,3단계_자립_적응
9974,train,0,2,2단계_부분_적응
9975,train,0,2,2단계_부분_적응
9976,train,2,3,3단계_자립_적응
9977,train,2,3,3단계_자립_적응
9978,train,2,3,3단계_자립_적응
9979,train,1,1,1단계_완전_소외
9980,train,0,2,2단계_부분_적응
9981,train,1,1,1단계_완전_소외
9982,train,0,2,2단계_부분_적응
9983,train,0,2,2단계_부분_적응
9984,train,0,2,2단계_부분_적응
9985,train,1,1,1단계_완전_소외
9986,train,0,2,2단계_부분_적응
9987,train,0,2,2단계_부분_적응
9988,train,1,1,1단계_완전_소외
9989,train,1,1,1단계_완전_소외
9990,train,0,2,2단계_부분_적응
9991,train,2,3,3단계_자립_적응
9992,train,1,1,1단계_완전_소외
9993,train,2,3,3단계_자립_적응
9994,train,1,1,1단계_완전_소외
9995,train,2,3,3단계_자립_적응
9996,train,1,1,1단계_완전_소외
9997,train,0,2,2단계_부분_적응
9998,train,1,1,1단계_완전_소외
9999,train,2,3,3단계_자립_적응
10000,train,1,1,1단계_완전_소외
10001,train,1,1,1단계_완전_소외
10002,train,0,2,2단계_부분_적응
10003,train,1,1,1단계_완전_소외
10004,train,0,2,2단계_부분_적응
10005,train,1,1,1단계_완전_소외
10006,train,0,2,2단계_부분_적응
10007,train,0,2,2단계_부분_적응
10008,train,0,2,2단계_부분_적응
10009,train,2,3,3단계_자립_적응
10010,train,0,2,2단계_부분_적응
10011,train,2,3,3단계_자립_적응
10012,train,0,2,2단계_부분_적응
10013,train,0,2,2단계_부분_적응
10014,train,0,2,2단계_부분_적응
10015,train,0,2,2단계_부분_적응
10016,train,2,3,3단계_자립_적응
10017,train,1,1,1단계_완전_소외
10018,train,2,3,3단계_자립_적응
10019,train,1,1,1단계_완전_소외
10020,train,2,3,3단계_자립_적응
10021,train,1,1,1단계_완전_소외
10022,train,2,3,3단계_자립_적응
10023,train,2,3,3단계_자립_적응
10024,train,2,3,3단계_자립_적응
10025,train,0,2,2단계_부분_적응
10026,train,2,3,3단계_자립_적응
10027,train,0,2,2단계_부분_적응
10028,train,1,1,1단계_완전_소외
10029,train,0,2,2단계_부분_적응
10030,train,1,1,1단계_완전_소외
10031,train,1,1,1단계_완전_소외
10032,train,1,1,1단계_완전_소외
10033,train,1,1,1단계_완전_소외
10034,train,0,2,2단계_부분_적응
10035,train,0,2,2단계_부분_적응
10036,train,1,1,1단계_완전_소외
10037,train,2,3,3단계_자립_적응
10038,train,0,2,2단계_부분_적응
10039,train,2,3,3단계_자립_적응
10040,train,2,3,3단계_자립_적응
10041,train,0,2,2단계_부분_적응
10042,train,1,1,1단계_완전_소외
10043,train,0,2,2단계_부분_적응
10044,train,1,1,1단계_완전_소외
10045,train,2,3,3단계_자립_적응
10046,train,0,2,2단계_부분_적응
10047,train,0,2,2단계_부분_적응
10048,train,0,2,2단계_부분_적응
10049,train,1,1,1단계_완전_소외
10050,train,1,1,1단계_완전_소외
10051,train,2,3,3단계_자립_적응
10052,train,1,1,1단계_완전_소외
10053,train,1,1,1단계_완전_소외
10054,train,2,3,3단계_자립_적응
10055,train,1,1,1단계_완전_소외
10056,train,0,2,2단계_부분_적응
10057,train,1,1,1단계_완전_소외
10058,train,2,3,3단계_자립_적응
10059,train,1,1,1단계_완전_소외
10060,train,2,3,3단계_자립_적응
10061,train,2,3,3단계_자립_적응
10062,train,0,2,2단계_부분_적응
10063,train,2,3,3단계_자립_적응
10064,train,2,3,3단계_자립_적응
10065,train,0,2,2단계_부분_적응
10066,train,2,3,3단계_자립_적응
10067,train,0,2,2단계_부분_적응
10068,train,0,2,2단계_부분_적응
10069,train,2,3,3단계_자립_적응
10070,train,0,2,2단계_부분_적응
10071,train,1,1,1단계_완전_소외
10072,train,0,2,2단계_부분_적응
10073,train,1,1,1단계_완전_소외
10074,train,1,1,1단계_완전_소외
10075,train,2,3,3단계_자립_적응
10076,train,1,1,1단계_완전_소외
10077,train,2,3,3단계_자립_적응
10078,train,0,2,2단계_부분_적응
10079,train,0,2,2단계_부분_적응
10080,train,1,1,1단계_완전_소외
10081,train,1,1,1단계_완전_소외
10082,train,2,3,3단계_자립_적응
10083,train,0,2,2단계_부분_적응
10084,train,1,1,1단계_완전_소외
10085,train,0,2,2단계_부분_적응
10086,train,2,3,3단계_자립_적응
10087,train,2,3,3단계_자립_적응
10088,train,0,2,2단계_부분_적응
10089,train,1,1,1단계_완전_소외
10090,train,0,2,2단계_부분_적응
10091,train,0,2,2단계_부분_적응
10092,train,0,2,2단계_부분_적응
10093,train,0,2,2단계_부분_적응
10094,train,2,3,3단계_자립_적응
10095,train,0,2,2단계_부분_적응
10096,train,0,2,2단계_부분_적응
10097,train,0,2,2단계_부분_적응
10098,train,0,2,2단계_부분_적응
10099,train,0,2,2단계_부분_적응
10100,train,1,1,1단계_완전_소외
10101,train,1,1,1단계_완전_소외
10102,train,0,2,2단계_부분_적응
10103,train,1,1,1단계_완전_소외
10104,train,2,3,3단계_자립_적응
10105,train,0,2,2단계_부분_적응
10106,train,0,2,2단계_부분_적응
10107,train,2,3,3단계_자립_적응
10108,train,1,1,1단계_완전_소외
10109,train,2,3,3단계_자립_적응
10110,train,0,2,2단계_부분_적응
10111,train,0,2,2단계_부분_적응
10112,train,1,1,1단계_완전_소외
10113,train,2,3,3단계_자립_적응
10114,train,0,2,2단계_부분_적응
10115,train,1,1,1단계_완전_소외
10116,train,0,2,2단계_부분_적응
10117,train,2,3,3단계_자립_적응
10118,train,0,2,2단계_부분_적응
10119,train,1,1,1단계_완전_소외
10120,train,1,1,1단계_완전_소외
10121,train,0,2,2단계_부분_적응
10122,train,1,1,1단계_완전_소외
10123,train,0,2,2단계_부분_적응
10124,train,1,1,1단계_완전_소외
10125,train,1,1,1단계_완전_소외
10126,train,0,2,2단계_부분_적응
10127,train,1,1,1단계_완전_소외
10128,train,1,1,1단계_완전_소외
10129,train,1,1,1단계_완전_소외
10130,train,1,1,1단계_완전_소외
10131,train,0,2,2단계_부분_적응
10132,train,2,3,3단계_자립_적응
10133,train,1,1,1단계_완전_소외
10134,train,0,2,2단계_부분_적응
10135,train,2,3,3단계_자립_적응
10136,train,2,3,3단계_자립_적응
10137,train,2,3,3단계_자립_적응
10138,train,0,2,2단계_부분_적응
10139,train,1,1,1단계_완전_소외
10140,train,1,1,1단계_완전_소외
10141,train,2,3,3단계_자립_적응
10142,train,0,2,2단계_부분_적응
10143,train,1,1,1단계_완전_소외
10144,train,0,2,2단계_부분_적응
10145,train,2,3,3단계_자립_적응
10146,train,0,2,2단계_부분_적응
10147,train,1,1,1단계_완전_소외
10148,train,1,1,1단계_완전_소외
10149,train,0,2,2단계_부분_적응
10150,train,1,1,1단계_완전_소외
10151,train,1,1,1단계_완전_소외
10152,train,1,1,1단계_완전_소외
10153,train,1,1,1단계_완전_소외
10154,train,1,1,1단계_완전_소외
10155,train,0,2,2단계_부분_적응
10156,train,0,2,2단계_부분_적응
10157,train,0,2,2단계_부분_적응
10158,train,0,2,2단계_부분_적응
10159,train,1,1,1단계_완전_소외
10160,train,0,2,2단계_부분_적응
10161,train,0,2,2단계_부분_적응
10162,train,0,2,2단계_부분_적응
10163,train,0,2,2단계_부분_적응
10164,train,0,2,2단계_부분_적응
10165,train,0,2,2단계_부분_적응
10166,train,1,1,1단계_완전_소외
10167,train,0,2,2단계_부분_적응
10168,train,2,3,3단계_자립_적응
10169,train,1,1,1단계_완전_소외
10170,train,1,1,1단계_완전_소외
10171,train,2,3,3단계_자립_적응
10172,train,2,3,3단계_자립_적응
10173,train,1,1,1단계_완전_소외
10174,train,2,3,3단계_자립_적응
10175,train,0,2,2단계_부분_적응
10176,train,1,1,1단계_완전_소외
10177,train,2,3,3단계_자립_적응
10178,train,0,2,2단계_부분_적응
10179,train,1,1,1단계_완전_소외
10180,train,1,1,1단계_완전_소외
10181,train,0,2,2단계_부분_적응
10182,train,1,1,1단계_완전_소외
10183,train,1,1,1단계_완전_소외
10184,train,1,1,1단계_완전_소외
10185,train,1,1,1단계_완전_소외
10186,train,1,1,1단계_완전_소외
10187,train,0,2,2단계_부분_적응
10188,train,0,2,2단계_부분_적응
10189,train,1,1,1단계_완전_소외
10190,train,1,1,1단계_완전_소외
10191,train,0,2,2단계_부분_적응
10192,train,0,2,2단계_부분_적응
10193,train,2,3,3단계_자립_적응
10194,train,1,1,1단계_완전_소외
10195,train,1,1,1단계_완전_소외
10196,train,1,1,1단계_완전_소외
10197,train,1,1,1단계_완전_소외
10198,train,1,1,1단계_완전_소외
10199,train,0,2,2단계_부분_적응
10200,train,2,3,3단계_자립_적응
10201,train,0,2,2단계_부분_적응
10202,train,2,3,3단계_자립_적응
10203,train,1,1,1단계_완전_소외
10204,train,1,1,1단계_완전_소외
10205,train,2,3,3단계_자립_적응
10206,train,0,2,2단계_부분_적응
10207,train,0,2,2단계_부분_적응
10208,train,0,2,2단계_부분_적응
10209,train,1,1,1단계_완전_소외
10210,train,0,2,2단계_부분_적응
10211,train,0,2,2단계_부분_적응
10212,train,2,3,3단계_자립_적응
10213,train,2,3,3단계_자립_적응
10214,train,1,1,1단계_완전_소외
10215,train,1,1,1단계_완전_소외
10216,train,1,1,1단계_완전_소외
10217,train,1,1,1단계_완전_소외
10218,train,0,2,2단계_부분_적응
10219,train,2,3,3단계_자립_적응
10220,train,2,3,3단계_자립_적응
10221,train,0,2,2단계_부분_적응
10222,train,2,3,3단계_자립_적응
10223,train,2,3,3단계_자립_적응
10224,train,1,1,1단계_완전_소외
10225,train,0,2,2단계_부분_적응
10226,train,1,1,1단계_완전_소외
10227,train,2,3,3단계_자립_적응
10228,train,2,3,3단계_자립_적응
10229,train,0,2,2단계_부분_적응
10230,train,0,2,2단계_부분_적응
10231,train,0,2,2단계_부분_적응
10232,train,0,2,2단계_부분_적응
10233,train,1,1,1단계_완전_소외
10234,train,1,1,1단계_완전_소외
10235,train,0,2,2단계_부분_적응
10236,train,1,1,1단계_완전_소외
10237,train,1,1,1단계_완전_소외
10238,train,0,2,2단계_부분_적응
10239,train,2,3,3단계_자립_적응
10240,train,0,2,2단계_부분_적응
10241,train,1,1,1단계_완전_소외
10242,train,1,1,1단계_완전_소외
10243,train,0,2,2단계_부분_적응
10244,train,0,2,2단계_부분_적응
10245,train,2,3,3단계_자립_적응
10246,train,0,2,2단계_부분_적응
10247,train,1,1,1단계_완전_소외
10248,train,1,1,1단계_완전_소외
10249,train,1,1,1단계_완전_소외
10250,train,2,3,3단계_자립_적응
10251,train,0,2,2단계_부분_적응
10252,train,2,3,3단계_자립_적응
10253,train,1,1,1단계_완전_소외
10254,train,0,2,2단계_부분_적응
10255,train,1,1,1단계_완전_소외
10256,train,0,2,2단계_부분_적응
10257,train,0,2,2단계_부분_적응
10258,train,1,1,1단계_완전_소외
10259,train,0,2,2단계_부분_적응
10260,train,0,2,2단계_부분_적응
10261,train,1,1,1단계_완전_소외
10262,train,1,1,1단계_완전_소외
10263,train,1,1,1단계_완전_소외
10264,train,2,3,3단계_자립_적응
10265,train,0,2,2단계_부분_적응
10266,train,1,1,1단계_완전_소외
10267,train,1,1,1단계_완전_소외
10268,train,0,2,2단계_부분_적응
10269,train,1,1,1단계_완전_소외
10270,train,0,2,2단계_부분_적응
10271,train,2,3,3단계_자립_적응
10272,train,2,3,3단계_자립_적응
10273,train,0,2,2단계_부분_적응
10274,train,2,3,3단계_자립_적응
10275,train,0,2,2단계_부분_적응
10276,train,1,1,1단계_완전_소외
10277,train,2,3,3단계_자립_적응
10278,train,0,2,2단계_부분_적응
10279,train,2,3,3단계_자립_적응
10280,train,1,1,1단계_완전_소외
10281,train,1,1,1단계_완전_소외
10282,train,2,3,3단계_자립_적응
10283,train,0,2,2단계_부분_적응
10284,train,1,1,1단계_완전_소외
10285,train,0,2,2단계_부분_적응
10286,train,1,1,1단계_완전_소외
10287,train,2,3,3단계_자립_적응
10288,train,0,2,2단계_부분_적응
10289,train,0,2,2단계_부분_적응
10290,train,1,1,1단계_완전_소외
10291,train,1,1,1단계_완전_소외
10292,train,0,2,2단계_부분_적응
10293,train,0,2,2단계_부분_적응
10294,train,1,1,1단계_완전_소외
10295,train,1,1,1단계_완전_소외
10296,train,2,3,3단계_자립_적응
10297,train,2,3,3단계_자립_적응
10298,train,0,2,2단계_부분_적응
10299,train,1,1,1단계_완전_소외
10300,train,1,1,1단계_완전_소외
10301,train,1,1,1단계_완전_소외
10302,train,1,1,1단계_완전_소외
10303,train,2,3,3단계_자립_적응
10304,train,1,1,1단계_완전_소외
10305,train,2,3,3단계_자립_적응
10306,train,2,3,3단계_자립_적응
10307,train,1,1,1단계_완전_소외
10308,train,0,2,2단계_부분_적응
10309,train,1,1,1단계_완전_소외
10310,train,1,1,1단계_완전_소외
10311,train,1,1,1단계_완전_소외
10312,train,0,2,2단계_부분_적응
10313,train,0,2,2단계_부분_적응
10314,train,2,3,3단계_자립_적응
10315,train,1,1,1단계_완전_소외
10316,train,2,3,3단계_자립_적응
10317,train,0,2,2단계_부분_적응
10318,train,0,2,2단계_부분_적응
10319,train,2,3,3단계_자립_적응
10320,train,2,3,3단계_자립_적응
10321,train,0,2,2단계_부분_적응
10322,train,1,1,1단계_완전_소외
10323,train,2,3,3단계_자립_적응
10324,train,0,2,2단계_부분_적응
10325,train,0,2,2단계_부분_적응
10326,train,2,3,3단계_자립_적응
10327,train,2,3,3단계_자립_적응
10328,train,0,2,2단계_부분_적응
10329,train,0,2,2단계_부분_적응
10330,train,1,1,1단계_완전_소외
10331,train,1,1,1단계_완전_소외
10332,train,1,1,1단계_완전_소외
10333,train,1,1,1단계_완전_소외
10334,train,1,1,1단계_완전_소외
10335,train,0,2,2단계_부분_적응
10336,train,1,1,1단계_완전_소외
10337,train,0,2,2단계_부분_적응
10338,train,1,1,1단계_완전_소외
10339,train,1,1,1단계_완전_소외
10340,train,0,2,2단계_부분_적응
10341,train,0,2,2단계_부분_적응
10342,train,2,3,3단계_자립_적응
10343,train,1,1,1단계_완전_소외
10344,train,1,1,1단계_완전_소외
10345,train,1,1,1단계_완전_소외
10346,train,1,1,1단계_완전_소외
10347,train,0,2,2단계_부분_적응
10348,train,1,1,1단계_완전_소외
10349,train,2,3,3단계_자립_적응
10350,train,0,2,2단계_부분_적응
10351,train,1,1,1단계_완전_소외
10352,train,0,2,2단계_부분_적응
10353,train,1,1,1단계_완전_소외
10354,train,1,1,1단계_완전_소외
10355,train,2,3,3단계_자립_적응
10356,train,1,1,1단계_완전_소외
10357,train,2,3,3단계_자립_적응
10358,train,0,2,2단계_부분_적응
10359,train,1,1,1단계_완전_소외
10360,train,1,1,1단계_완전_소외
10361,train,2,3,3단계_자립_적응
10362,train,1,1,1단계_완전_소외
10363,train,1,1,1단계_완전_소외
10364,train,0,2,2단계_부분_적응
10365,train,1,1,1단계_완전_소외
10366,train,0,2,2단계_부분_적응
10367,train,1,1,1단계_완전_소외
10368,train,1,1,1단계_완전_소외
10369,train,1,1,1단계_완전_소외
10370,train,2,3,3단계_자립_적응
10371,train,0,2,2단계_부분_적응
10372,train,1,1,1단계_완전_소외
10373,train,1,1,1단계_완전_소외
10374,train,0,2,2단계_부분_적응
10375,train,2,3,3단계_자립_적응
10376,train,0,2,2단계_부분_적응
10377,train,1,1,1단계_완전_소외
10378,train,2,3,3단계_자립_적응
10379,train,0,2,2단계_부분_적응
10380,train,0,2,2단계_부분_적응
10381,train,0,2,2단계_부분_적응
10382,train,1,1,1단계_완전_소외
10383,train,1,1,1단계_완전_소외
10384,train,1,1,1단계_완전_소외
10385,train,2,3,3단계_자립_적응
10386,train,0,2,2단계_부분_적응
10387,train,0,2,2단계_부분_적응
10388,train,0,2,2단계_부분_적응
10389,train,0,2,2단계_부분_적응
10390,train,1,1,1단계_완전_소외
10391,train,1,1,1단계_완전_소외
10392,train,0,2,2단계_부분_적응
10393,train,0,2,2단계_부분_적응
10394,train,0,2,2단계_부분_적응
10395,train,0,2,2단계_부분_적응
10396,train,2,3,3단계_자립_적응
10397,train,2,3,3단계_자립_적응
10398,train,1,1,1단계_완전_소외
10399,train,1,1,1단계_완전_소외
10400,train,1,1,1단계_완전_소외
10401,train,1,1,1단계_완전_소외
10402,train,1,1,1단계_완전_소외
10403,train,0,2,2단계_부분_적응
10404,train,0,2,2단계_부분_적응
10405,train,2,3,3단계_자립_적응
10406,train,0,2,2단계_부분_적응
10407,train,1,1,1단계_완전_소외
10408,train,0,2,2단계_부분_적응
10409,train,1,1,1단계_완전_소외
10410,train,0,2,2단계_부분_적응
10411,train,2,3,3단계_자립_적응
10412,train,0,2,2단계_부분_적응
10413,train,2,3,3단계_자립_적응
10414,train,1,1,1단계_완전_소외
10415,train,0,2,2단계_부분_적응
10416,train,0,2,2단계_부분_적응
10417,train,2,3,3단계_자립_적응
10418,train,1,1,1단계_완전_소외
10419,train,0,2,2단계_부분_적응
10420,train,1,1,1단계_완전_소외
10421,train,2,3,3단계_자립_적응
10422,train,0,2,2단계_부분_적응
10423,train,1,1,1단계_완전_소외
10424,train,1,1,1단계_완전_소외
10425,train,1,1,1단계_완전_소외
10426,train,0,2,2단계_부분_적응
10427,train,2,3,3단계_자립_적응
10428,train,0,2,2단계_부분_적응
10429,train,0,2,2단계_부분_적응
10430,train,0,2,2단계_부분_적응
10431,train,0,2,2단계_부분_적응
10432,train,1,1,1단계_완전_소외
10433,train,1,1,1단계_완전_소외
10434,train,2,3,3단계_자립_적응
10435,train,1,1,1단계_완전_소외
10436,train,1,1,1단계_완전_소외
10437,train,1,1,1단계_완전_소외
10438,train,2,3,3단계_자립_적응
10439,train,2,3,3단계_자립_적응
10440,train,0,2,2단계_부분_적응
10441,train,1,1,1단계_완전_소외
10442,train,0,2,2단계_부분_적응
10443,train,2,3,3단계_자립_적응
10444,train,2,3,3단계_자립_적응
10445,train,0,2,2단계_부분_적응
10446,train,0,2,2단계_부분_적응
10447,train,0,2,2단계_부분_적응
10448,train,1,1,1단계_완전_소외
10449,train,0,2,2단계_부분_적응
10450,train,1,1,1단계_완전_소외
10451,train,1,1,1단계_완전_소외
10452,train,2,3,3단계_자립_적응
10453,train,2,3,3단계_자립_적응
10454,train,2,3,3단계_자립_적응
10455,train,2,3,3단계_자립_적응
10456,train,2,3,3단계_자립_적응
10457,train,2,3,3단계_자립_적응
10458,train,0,2,2단계_부분_적응
10459,train,1,1,1단계_완전_소외
10460,train,1,1,1단계_완전_소외
10461,train,1,1,1단계_완전_소외
10462,train,0,2,2단계_부분_적응
10463,train,2,3,3단계_자립_적응
10464,train,0,2,2단계_부분_적응
10465,train,1,1,1단계_완전_소외
10466,train,1,1,1단계_완전_소외
10467,train,2,3,3단계_자립_적응
10468,train,1,1,1단계_완전_소외
10469,train,1,1,1단계_완전_소외
10470,train,0,2,2단계_부분_적응
10471,train,1,1,1단계_완전_소외
10472,train,0,2,2단계_부분_적응
10473,train,2,3,3단계_자립_적응
10474,train,2,3,3단계_자립_적응
10475,train,1,1,1단계_완전_소외
10476,train,1,1,1단계_완전_소외
10477,train,1,1,1단계_완전_소외
10478,train,2,3,3단계_자립_적응
10479,train,2,3,3단계_자립_적응
10480,train,1,1,1단계_완전_소외
10481,train,2,3,3단계_자립_적응
10482,train,0,2,2단계_부분_적응
10483,train,1,1,1단계_완전_소외
10484,train,0,2,2단계_부분_적응
10485,train,0,2,2단계_부분_적응
10486,train,0,2,2단계_부분_적응
10487,train,0,2,2단계_부분_적응
10488,train,0,2,2단계_부분_적응
10489,train,1,1,1단계_완전_소외
10490,train,0,2,2단계_부분_적응
10491,train,1,1,1단계_완전_소외
10492,train,0,2,2단계_부분_적응
10493,train,2,3,3단계_자립_적응
10494,train,1,1,1단계_완전_소외
10495,train,2,3,3단계_자립_적응
10496,train,1,1,1단계_완전_소외
10497,train,0,2,2단계_부분_적응
10498,train,2,3,3단계_자립_적응
10499,train,2,3,3단계_자립_적응
10500,train,2,3,3단계_자립_적응
10501,train,1,1,1단계_완전_소외
10502,train,1,1,1단계_완전_소외
10503,train,1,1,1단계_완전_소외
10504,train,1,1,1단계_완전_소외
10505,train,0,2,2단계_부분_적응
10506,train,1,1,1단계_완전_소외
10507,train,1,1,1단계_완전_소외
10508,train,1,1,1단계_완전_소외
10509,train,2,3,3단계_자립_적응
10510,train,1,1,1단계_완전_소외
10511,train,2,3,3단계_자립_적응
10512,train,2,3,3단계_자립_적응
10513,train,0,2,2단계_부분_적응
10514,train,1,1,1단계_완전_소외
10515,train,0,2,2단계_부분_적응
10516,train,2,3,3단계_자립_적응
10517,train,1,1,1단계_완전_소외
10518,train,1,1,1단계_완전_소외
10519,train,0,2,2단계_부분_적응
10520,train,0,2,2단계_부분_적응
10521,train,1,1,1단계_완전_소외
10522,train,1,1,1단계_완전_소외
10523,train,0,2,2단계_부분_적응
10524,train,0,2,2단계_부분_적응
10525,train,0,2,2단계_부분_적응
10526,train,2,3,3단계_자립_적응
10527,train,0,2,2단계_부분_적응
10528,train,1,1,1단계_완전_소외
10529,train,2,3,3단계_자립_적응
10530,train,1,1,1단계_완전_소외
10531,train,2,3,3단계_자립_적응
10532,train,0,2,2단계_부분_적응
10533,train,1,1,1단계_완전_소외
10534,train,0,2,2단계_부분_적응
10535,train,2,3,3단계_자립_적응
10536,train,2,3,3단계_자립_적응
10537,train,0,2,2단계_부분_적응
10538,train,1,1,1단계_완전_소외
10539,train,0,2,2단계_부분_적응
10540,train,2,3,3단계_자립_적응
10541,train,2,3,3단계_자립_적응
10542,train,1,1,1단계_완전_소외
10543,train,1,1,1단계_완전_소외
10544,train,0,2,2단계_부분_적응
10545,train,1,1,1단계_완전_소외
10546,train,0,2,2단계_부분_적응
10547,train,1,1,1단계_완전_소외
10548,train,2,3,3단계_자립_적응
10549,train,2,3,3단계_자립_적응
10550,train,2,3,3단계_자립_적응
10551,train,0,2,2단계_부분_적응
10552,train,2,3,3단계_자립_적응
10553,train,1,1,1단계_완전_소외
10554,train,0,2,2단계_부분_적응
10555,train,0,2,2단계_부분_적응
10556,train,1,1,1단계_완전_소외
10557,train,0,2,2단계_부분_적응
10558,train,1,1,1단계_완전_소외
10559,train,2,3,3단계_자립_적응
10560,train,1,1,1단계_완전_소외
10561,train,2,3,3단계_자립_적응
10562,train,1,1,1단계_완전_소외
10563,train,1,1,1단계_완전_소외
10564,train,0,2,2단계_부분_적응
10565,train,2,3,3단계_자립_적응
10566,train,0,2,2단계_부분_적응
10567,train,2,3,3단계_자립_적응
10568,train,1,1,1단계_완전_소외
10569,train,0,2,2단계_부분_적응
10570,train,0,2,2단계_부분_적응
10571,train,1,1,1단계_완전_소외
10572,train,2,3,3단계_자립_적응
10573,train,0,2,2단계_부분_적응
10574,train,2,3,3단계_자립_적응
10575,train,0,2,2단계_부분_적응
10576,train,2,3,3단계_자립_적응
10577,train,1,1,1단계_완전_소외
10578,train,1,1,1단계_완전_소외
10579,train,2,3,3단계_자립_적응
10580,train,0,2,2단계_부분_적응
10581,train,1,1,1단계_완전_소외
10582,train,1,1,1단계_완전_소외
10583,train,0,2,2단계_부분_적응
10584,train,0,2,2단계_부분_적응
10585,train,1,1,1단계_완전_소외
10586,train,0,2,2단계_부분_적응
10587,train,0,2,2단계_부분_적응
10588,train,1,1,1단계_완전_소외
10589,train,1,1,1단계_완전_소외
10590,train,0,2,2단계_부분_적응
10591,train,0,2,2단계_부분_적응
10592,train,2,3,3단계_자립_적응
10593,train,1,1,1단계_완전_소외
10594,train,1,1,1단계_완전_소외
10595,train,2,3,3단계_자립_적응
10596,train,2,3,3단계_자립_적응
10597,train,1,1,1단계_완전_소외
10598,train,0,2,2단계_부분_적응
10599,train,0,2,2단계_부분_적응
10600,train,1,1,1단계_완전_소외
10601,train,0,2,2단계_부분_적응
10602,train,0,2,2단계_부분_적응
10603,train,2,3,3단계_자립_적응
10604,train,1,1,1단계_완전_소외
10605,train,0,2,2단계_부분_적응
10606,train,1,1,1단계_완전_소외
10607,train,0,2,2단계_부분_적응
10608,train,1,1,1단계_완전_소외
10609,train,1,1,1단계_완전_소외
10610,train,0,2,2단계_부분_적응
10611,train,1,1,1단계_완전_소외
10612,train,2,3,3단계_자립_적응
10613,train,0,2,2단계_부분_적응
10614,train,1,1,1단계_완전_소외
10615,train,1,1,1단계_완전_소외
10616,train,2,3,3단계_자립_적응
10617,train,2,3,3단계_자립_적응
10618,train,2,3,3단계_자립_적응
10619,train,1,1,1단계_완전_소외
10620,train,0,2,2단계_부분_적응
10621,train,1,1,1단계_완전_소외
10622,train,0,2,2단계_부분_적응
10623,train,0,2,2단계_부분_적응
10624,train,2,3,3단계_자립_적응
10625,train,1,1,1단계_완전_소외
10626,train,0,2,2단계_부분_적응
10627,train,0,2,2단계_부분_적응
10628,train,1,1,1단계_완전_소외
10629,train,1,1,1단계_완전_소외
10630,train,1,1,1단계_완전_소외
10631,train,2,3,3단계_자립_적응
10632,train,1,1,1단계_완전_소외
10633,train,0,2,2단계_부분_적응
10634,train,2,3,3단계_자립_적응
10635,train,1,1,1단계_완전_소외
10636,train,1,1,1단계_완전_소외
10637,train,0,2,2단계_부분_적응
10638,train,1,1,1단계_완전_소외
10639,train,0,2,2단계_부분_적응
10640,train,1,1,1단계_완전_소외
10641,train,1,1,1단계_완전_소외
10642,train,0,2,2단계_부분_적응
10643,train,0,2,2단계_부분_적응
10644,train,2,3,3단계_자립_적응
10645,train,1,1,1단계_완전_소외
10646,train,1,1,1단계_완전_소외
10647,train,1,1,1단계_완전_소외
10648,train,1,1,1단계_완전_소외
10649,train,0,2,2단계_부분_적응
10650,train,2,3,3단계_자립_적응
10651,train,2,3,3단계_자립_적응
10652,train,1,1,1단계_완전_소외
10653,train,1,1,1단계_완전_소외
10654,train,2,3,3단계_자립_적응
10655,train,1,1,1단계_완전_소외
10656,train,2,3,3단계_자립_적응
10657,train,2,3,3단계_자립_적응
10658,train,0,2,2단계_부분_적응
10659,train,2,3,3단계_자립_적응
10660,train,0,2,2단계_부분_적응
10661,train,0,2,2단계_부분_적응
10662,train,1,1,1단계_완전_소외
10663,train,2,3,3단계_자립_적응
10664,train,1,1,1단계_완전_소외
10665,train,0,2,2단계_부분_적응
10666,train,0,2,2단계_부분_적응
10667,train,2,3,3단계_자립_적응
10668,train,0,2,2단계_부분_적응
10669,train,0,2,2단계_부분_적응
10670,train,1,1,1단계_완전_소외
10671,train,1,1,1단계_완전_소외
10672,train,1,1,1단계_완전_소외
10673,train,2,3,3단계_자립_적응
10674,train,2,3,3단계_자립_적응
10675,train,0,2,2단계_부분_적응
10676,train,1,1,1단계_완전_소외
10677,train,1,1,1단계_완전_소외
10678,train,0,2,2단계_부분_적응
10679,train,1,1,1단계_완전_소외
10680,train,0,2,2단계_부분_적응
10681,train,2,3,3단계_자립_적응
10682,train,0,2,2단계_부분_적응
10683,train,0,2,2단계_부분_적응
10684,train,1,1,1단계_완전_소외
10685,train,0,2,2단계_부분_적응
10686,train,0,2,2단계_부분_적응
10687,train,0,2,2단계_부분_적응
10688,train,1,1,1단계_완전_소외
10689,train,0,2,2단계_부분_적응
10690,train,1,1,1단계_완전_소외
10691,train,0,2,2단계_부분_적응
10692,train,1,1,1단계_완전_소외
10693,train,0,2,2단계_부분_적응
10694,train,0,2,2단계_부분_적응
10695,train,1,1,1단계_완전_소외
10696,train,2,3,3단계_자립_적응
10697,train,1,1,1단계_완전_소외
10698,train,1,1,1단계_완전_소외
10699,train,1,1,1단계_완전_소외
10700,train,1,1,1단계_완전_소외
10701,train,0,2,2단계_부분_적응
10702,train,1,1,1단계_완전_소외
10703,train,0,2,2단계_부분_적응
10704,train,1,1,1단계_완전_소외
10705,train,0,2,2단계_부분_적응
10706,train,0,2,2단계_부분_적응
10707,train,0,2,2단계_부분_적응
10708,train,0,2,2단계_부분_적응
10709,train,2,3,3단계_자립_적응
10710,train,0,2,2단계_부분_적응
10711,train,1,1,1단계_완전_소외
10712,train,2,3,3단계_자립_적응
10713,train,1,1,1단계_완전_소외
10714,train,1,1,1단계_완전_소외
10715,train,1,1,1단계_완전_소외
10716,train,2,3,3단계_자립_적응
10717,train,1,1,1단계_완전_소외
10718,train,0,2,2단계_부분_적응
10719,train,1,1,1단계_완전_소외
10720,train,0,2,2단계_부분_적응
10721,train,2,3,3단계_자립_적응
10722,train,2,3,3단계_자립_적응
10723,train,2,3,3단계_자립_적응
10724,train,1,1,1단계_완전_소외
10725,train,0,2,2단계_부분_적응
10726,train,0,2,2단계_부분_적응
10727,train,1,1,1단계_완전_소외
10728,train,1,1,1단계_완전_소외
10729,train,2,3,3단계_자립_적응
10730,train,0,2,2단계_부분_적응
10731,train,2,3,3단계_자립_적응
10732,train,2,3,3단계_자립_적응
10733,train,2,3,3단계_자립_적응
10734,train,1,1,1단계_완전_소외
10735,train,2,3,3단계_자립_적응
10736,train,0,2,2단계_부분_적응
10737,train,1,1,1단계_완전_소외
10738,train,1,1,1단계_완전_소외
10739,train,0,2,2단계_부분_적응
10740,train,2,3,3단계_자립_적응
10741,train,0,2,2단계_부분_적응
10742,train,2,3,3단계_자립_적응
10743,train,0,2,2단계_부분_적응
10744,train,0,2,2단계_부분_적응
10745,train,1,1,1단계_완전_소외
10746,train,0,2,2단계_부분_적응
10747,train,2,3,3단계_자립_적응
10748,train,0,2,2단계_부분_적응
10749,train,1,1,1단계_완전_소외
10750,train,2,3,3단계_자립_적응
10751,train,0,2,2단계_부분_적응
10752,train,0,2,2단계_부분_적응
10753,train,0,2,2단계_부분_적응
10754,train,1,1,1단계_완전_소외
10755,train,0,2,2단계_부분_적응
10756,train,1,1,1단계_완전_소외
10757,train,2,3,3단계_자립_적응
10758,train,0,2,2단계_부분_적응
10759,train,1,1,1단계_완전_소외
10760,train,1,1,1단계_완전_소외
10761,train,2,3,3단계_자립_적응
10762,train,0,2,2단계_부분_적응
10763,train,2,3,3단계_자립_적응
10764,train,0,2,2단계_부분_적응
10765,train,0,2,2단계_부분_적응
10766,train,1,1,1단계_완전_소외
10767,train,0,2,2단계_부분_적응
10768,train,2,3,3단계_자립_적응
10769,train,0,2,2단계_부분_적응
10770,train,2,3,3단계_자립_적응
10771,train,0,2,2단계_부분_적응
10772,train,1,1,1단계_완전_소외
10773,train,2,3,3단계_자립_적응
10774,train,0,2,2단계_부분_적응
10775,train,1,1,1단계_완전_소외
10776,train,1,1,1단계_완전_소외
10777,train,0,2,2단계_부분_적응
10778,train,2,3,3단계_자립_적응
10779,train,2,3,3단계_자립_적응
10780,train,0,2,2단계_부분_적응
10781,train,0,2,2단계_부분_적응
10782,train,1,1,1단계_완전_소외
10783,train,1,1,1단계_완전_소외
10784,train,0,2,2단계_부분_적응
10785,train,0,2,2단계_부분_적응
10786,train,1,1,1단계_완전_소외
10787,train,0,2,2단계_부분_적응
10788,train,0,2,2단계_부분_적응
10789,train,1,1,1단계_완전_소외
10790,train,0,2,2단계_부분_적응
10791,train,1,1,1단계_완전_소외
10792,train,0,2,2단계_부분_적응
10793,train,2,3,3단계_자립_적응
10794,train,0,2,2단계_부분_적응
10795,train,2,3,3단계_자립_적응
10796,train,0,2,2단계_부분_적응
10797,train,0,2,2단계_부분_적응
10798,train,1,1,1단계_완전_소외
10799,train,2,3,3단계_자립_적응
10800,train,2,3,3단계_자립_적응
10801,train,0,2,2단계_부분_적응
10802,train,0,2,2단계_부분_적응
10803,train,2,3,3단계_자립_적응
10804,train,1,1,1단계_완전_소외
10805,train,0,2,2단계_부분_적응
10806,train,2,3,3단계_자립_적응
10807,train,1,1,1단계_완전_소외
10808,train,0,2,2단계_부분_적응
10809,train,1,1,1단계_완전_소외
10810,train,1,1,1단계_완전_소외
10811,train,1,1,1단계_완전_소외
10812,train,0,2,2단계_부분_적응
10813,train,1,1,1단계_완전_소외
10814,train,1,1,1단계_완전_소외
10815,train,1,1,1단계_완전_소외
10816,train,0,2,2단계_부분_적응
10817,train,1,1,1단계_완전_소외
10818,train,2,3,3단계_자립_적응
10819,train,1,1,1단계_완전_소외
10820,train,2,3,3단계_자립_적응
10821,train,0,2,2단계_부분_적응
10822,train,0,2,2단계_부분_적응
10823,train,0,2,2단계_부분_적응
10824,train,1,1,1단계_완전_소외
10825,train,0,2,2단계_부분_적응
10826,train,2,3,3단계_자립_적응
10827,train,1,1,1단계_완전_소외
10828,train,0,2,2단계_부분_적응
10829,train,2,3,3단계_자립_적응
10830,train,1,1,1단계_완전_소외
10831,train,0,2,2단계_부분_적응
10832,train,0,2,2단계_부분_적응
10833,train,2,3,3단계_자립_적응
10834,train,0,2,2단계_부분_적응
10835,train,2,3,3단계_자립_적응
10836,train,2,3,3단계_자립_적응
10837,train,1,1,1단계_완전_소외
10838,train,1,1,1단계_완전_소외
10839,train,0,2,2단계_부분_적응
10840,train,0,2,2단계_부분_적응
10841,train,2,3,3단계_자립_적응
10842,train,1,1,1단계_완전_소외
10843,train,0,2,2단계_부분_적응
10844,train,2,3,3단계_자립_적응
10845,train,0,2,2단계_부분_적응
10846,train,2,3,3단계_자립_적응
10847,train,2,3,3단계_자립_적응
10848,train,2,3,3단계_자립_적응
10849,train,0,2,2단계_부분_적응
10850,train,1,1,1단계_완전_소외
10851,train,1,1,1단계_완전_소외
10852,train,0,2,2단계_부분_적응
10853,train,2,3,3단계_자립_적응
10854,train,2,3,3단계_자립_적응
10855,train,1,1,1단계_완전_소외
10856,train,1,1,1단계_완전_소외
10857,train,0,2,2단계_부분_적응
10858,train,0,2,2단계_부분_적응
10859,train,0,2,2단계_부분_적응
10860,train,0,2,2단계_부분_적응
10861,train,0,2,2단계_부분_적응
10862,train,0,2,2단계_부분_적응
10863,train,1,1,1단계_완전_소외
10864,train,1,1,1단계_완전_소외
10865,train,0,2,2단계_부분_적응
10866,train,2,3,3단계_자립_적응
10867,train,0,2,2단계_부분_적응
10868,train,0,2,2단계_부분_적응
10869,train,1,1,1단계_완전_소외
10870,train,1,1,1단계_완전_소외
10871,train,0,2,2단계_부분_적응
10872,train,0,2,2단계_부분_적응
10873,train,1,1,1단계_완전_소외
10874,train,2,3,3단계_자립_적응
10875,train,0,2,2단계_부분_적응
10876,train,0,2,2단계_부분_적응
10877,train,1,1,1단계_완전_소외
10878,train,0,2,2단계_부분_적응
10879,train,0,2,2단계_부분_적응
10880,train,0,2,2단계_부분_적응
10881,train,2,3,3단계_자립_적응
10882,train,2,3,3단계_자립_적응
10883,train,2,3,3단계_자립_적응
10884,train,1,1,1단계_완전_소외
10885,train,0,2,2단계_부분_적응
10886,train,2,3,3단계_자립_적응
10887,train,0,2,2단계_부분_적응
10888,train,1,1,1단계_완전_소외
10889,train,0,2,2단계_부분_적응
10890,train,0,2,2단계_부분_적응
10891,train,2,3,3단계_자립_적응
10892,train,1,1,1단계_완전_소외
10893,train,2,3,3단계_자립_적응
10894,train,2,3,3단계_자립_적응
10895,train,0,2,2단계_부분_적응
10896,train,2,3,3단계_자립_적응
10897,train,2,3,3단계_자립_적응
10898,train,1,1,1단계_완전_소외
10899,train,1,1,1단계_완전_소외
10900,train,0,2,2단계_부분_적응
10901,train,1,1,1단계_완전_소외
10902,train,0,2,2단계_부분_적응
10903,train,0,2,2단계_부분_적응
10904,train,2,3,3단계_자립_적응
10905,train,0,2,2단계_부분_적응
10906,train,0,2,2단계_부분_적응
10907,train,1,1,1단계_완전_소외
10908,train,1,1,1단계_완전_소외
10909,train,2,3,3단계_자립_적응
10910,train,0,2,2단계_부분_적응
10911,train,1,1,1단계_완전_소외
10912,train,1,1,1단계_완전_소외
10913,train,2,3,3단계_자립_적응
10914,train,1,1,1단계_완전_소외
10915,train,1,1,1단계_완전_소외
10916,train,0,2,2단계_부분_적응
10917,train,1,1,1단계_완전_소외
10918,train,0,2,2단계_부분_적응
10919,train,1,1,1단계_완전_소외
10920,train,1,1,1단계_완전_소외
10921,train,1,1,1단계_완전_소외
10922,train,0,2,2단계_부분_적응
10923,train,1,1,1단계_완전_소외
10924,train,2,3,3단계_자립_적응
10925,train,0,2,2단계_부분_적응
10926,train,0,2,2단계_부분_적응
10927,train,0,2,2단계_부분_적응
10928,train,1,1,1단계_완전_소외
10929,train,0,2,2단계_부분_적응
10930,train,0,2,2단계_부분_적응
10931,train,2,3,3단계_자립_적응
10932,train,0,2,2단계_부분_적응
10933,train,1,1,1단계_완전_소외
10934,train,2,3,3단계_자립_적응
10935,train,2,3,3단계_자립_적응
10936,train,2,3,3단계_자립_적응
10937,train,1,1,1단계_완전_소외
10938,train,0,2,2단계_부분_적응
10939,train,0,2,2단계_부분_적응
10940,train,0,2,2단계_부분_적응
10941,train,2,3,3단계_자립_적응
10942,train,1,1,1단계_완전_소외
10943,train,1,1,1단계_완전_소외
10944,train,2,3,3단계_자립_적응
10945,train,0,2,2단계_부분_적응
10946,train,0,2,2단계_부분_적응
10947,train,1,1,1단계_완전_소외
10948,train,0,2,2단계_부분_적응
10949,train,2,3,3단계_자립_적응
10950,train,0,2,2단계_부분_적응
10951,train,1,1,1단계_완전_소외
10952,train,0,2,2단계_부분_적응
10953,train,2,3,3단계_자립_적응
10954,train,0,2,2단계_부분_적응
10955,train,2,3,3단계_자립_적응
10956,train,2,3,3단계_자립_적응
10957,train,2,3,3단계_자립_적응
10958,train,1,1,1단계_완전_소외
10959,train,1,1,1단계_완전_소외
10960,train,1,1,1단계_완전_소외
10961,train,1,1,1단계_완전_소외
10962,train,1,1,1단계_완전_소외
10963,train,0,2,2단계_부분_적응
10964,train,2,3,3단계_자립_적응
10965,train,2,3,3단계_자립_적응
10966,train,1,1,1단계_완전_소외
10967,train,1,1,1단계_완전_소외
10968,train,0,2,2단계_부분_적응
10969,train,0,2,2단계_부분_적응
10970,train,1,1,1단계_완전_소외
10971,train,0,2,2단계_부분_적응
10972,train,1,1,1단계_완전_소외
10973,train,0,2,2단계_부분_적응
10974,train,1,1,1단계_완전_소외
10975,train,0,2,2단계_부분_적응
10976,train,1,1,1단계_완전_소외
10977,train,1,1,1단계_완전_소외
10978,train,1,1,1단계_완전_소외
10979,train,0,2,2단계_부분_적응
10980,train,0,2,2단계_부분_적응
10981,train,0,2,2단계_부분_적응
10982,train,1,1,1단계_완전_소외
10983,train,2,3,3단계_자립_적응
10984,train,0,2,2단계_부분_적응
10985,train,1,1,1단계_완전_소외
10986,train,2,3,3단계_자립_적응
10987,train,2,3,3단계_자립_적응
10988,train,2,3,3단계_자립_적응
10989,train,0,2,2단계_부분_적응
10990,train,2,3,3단계_자립_적응
10991,train,1,1,1단계_완전_소외
10992,train,1,1,1단계_완전_소외
10993,train,0,2,2단계_부분_적응
10994,train,0,2,2단계_부분_적응
10995,train,0,2,2단계_부분_적응
10996,train,1,1,1단계_완전_소외
10997,train,1,1,1단계_완전_소외
10998,train,1,1,1단계_완전_소외
10999,train,1,1,1단계_완전_소외
11000,train,0,2,2단계_부분_적응
11001,train,0,2,2단계_부분_적응
11002,train,2,3,3단계_자립_적응
11003,train,1,1,1단계_완전_소외
11004,train,0,2,2단계_부분_적응
11005,train,1,1,1단계_완전_소외
11006,train,2,3,3단계_자립_적응
11007,train,2,3,3단계_자립_적응
11008,train,1,1,1단계_완전_소외
11009,train,1,1,1단계_완전_소외
11010,train,0,2,2단계_부분_적응
11011,train,0,2,2단계_부분_적응
11012,train,0,2,2단계_부분_적응
11013,train,2,3,3단계_자립_적응
11014,train,2,3,3단계_자립_적응
11015,train,0,2,2단계_부분_적응
11016,train,0,2,2단계_부분_적응
11017,train,1,1,1단계_완전_소외
11018,train,2,3,3단계_자립_적응
11019,train,2,3,3단계_자립_적응
11020,train,2,3,3단계_자립_적응
11021,train,2,3,3단계_자립_적응
11022,train,0,2,2단계_부분_적응
11023,train,1,1,1단계_완전_소외
11024,train,0,2,2단계_부분_적응
11025,train,0,2,2단계_부분_적응
11026,train,1,1,1단계_완전_소외
11027,train,2,3,3단계_자립_적응
11028,train,2,3,3단계_자립_적응
11029,train,0,2,2단계_부분_적응
11030,train,2,3,3단계_자립_적응
11031,train,1,1,1단계_완전_소외
11032,train,2,3,3단계_자립_적응
11033,train,2,3,3단계_자립_적응
11034,train,0,2,2단계_부분_적응
11035,train,1,1,1단계_완전_소외
11036,train,1,1,1단계_완전_소외
11037,train,1,1,1단계_완전_소외
11038,train,0,2,2단계_부분_적응
11039,train,1,1,1단계_완전_소외
11040,train,0,2,2단계_부분_적응
11041,train,2,3,3단계_자립_적응
11042,train,2,3,3단계_자립_적응
11043,train,0,2,2단계_부분_적응
11044,train,2,3,3단계_자립_적응
11045,train,0,2,2단계_부분_적응
11046,train,1,1,1단계_완전_소외
11047,train,2,3,3단계_자립_적응
11048,train,2,3,3단계_자립_적응
11049,train,1,1,1단계_완전_소외
11050,train,0,2,2단계_부분_적응
11051,train,2,3,3단계_자립_적응
11052,train,0,2,2단계_부분_적응
11053,train,1,1,1단계_완전_소외
11054,train,1,1,1단계_완전_소외
11055,train,0,2,2단계_부분_적응
11056,train,0,2,2단계_부분_적응
11057,train,0,2,2단계_부분_적응
11058,train,2,3,3단계_자립_적응
11059,train,0,2,2단계_부분_적응
11060,train,1,1,1단계_완전_소외
11061,train,2,3,3단계_자립_적응
11062,train,0,2,2단계_부분_적응
11063,train,2,3,3단계_자립_적응
11064,train,0,2,2단계_부분_적응
11065,train,2,3,3단계_자립_적응
11066,train,2,3,3단계_자립_적응
11067,train,1,1,1단계_완전_소외
11068,train,1,1,1단계_완전_소외
11069,train,1,1,1단계_완전_소외
11070,train,2,3,3단계_자립_적응
11071,train,2,3,3단계_자립_적응
11072,train,0,2,2단계_부분_적응
11073,train,2,3,3단계_자립_적응
11074,train,0,2,2단계_부분_적응
11075,train,2,3,3단계_자립_적응
11076,train,2,3,3단계_자립_적응
11077,train,0,2,2단계_부분_적응
11078,train,1,1,1단계_완전_소외
11079,train,2,3,3단계_자립_적응
11080,train,1,1,1단계_완전_소외
11081,train,0,2,2단계_부분_적응
11082,train,0,2,2단계_부분_적응
11083,train,0,2,2단계_부분_적응
11084,train,1,1,1단계_완전_소외
11085,train,0,2,2단계_부분_적응
11086,train,2,3,3단계_자립_적응
11087,train,1,1,1단계_완전_소외
11088,train,1,1,1단계_완전_소외
11089,train,2,3,3단계_자립_적응
11090,train,1,1,1단계_완전_소외
11091,train,2,3,3단계_자립_적응
11092,train,1,1,1단계_완전_소외
11093,train,2,3,3단계_자립_적응
11094,train,1,1,1단계_완전_소외
11095,train,1,1,1단계_완전_소외
11096,train,1,1,1단계_완전_소외
11097,train,0,2,2단계_부분_적응
11098,train,0,2,2단계_부분_적응
11099,train,2,3,3단계_자립_적응
11100,train,0,2,2단계_부분_적응
11101,train,2,3,3단계_자립_적응
11102,train,1,1,1단계_완전_소외
11103,train,2,3,3단계_자립_적응
11104,train,1,1,1단계_완전_소외
11105,train,0,2,2단계_부분_적응
11106,train,1,1,1단계_완전_소외
11107,train,2,3,3단계_자립_적응
11108,train,0,2,2단계_부분_적응
11109,train,0,2,2단계_부분_적응
11110,train,2,3,3단계_자립_적응
11111,train,1,1,1단계_완전_소외
11112,train,2,3,3단계_자립_적응
11113,train,2,3,3단계_자립_적응
11114,train,1,1,1단계_완전_소외
11115,train,0,2,2단계_부분_적응
11116,train,0,2,2단계_부분_적응
11117,train,0,2,2단계_부분_적응
11118,train,1,1,1단계_완전_소외
11119,train,2,3,3단계_자립_적응
11120,train,1,1,1단계_완전_소외
11121,train,0,2,2단계_부분_적응
11122,train,2,3,3단계_자립_적응
11123,train,0,2,2단계_부분_적응
11124,train,1,1,1단계_완전_소외
11125,train,2,3,3단계_자립_적응
11126,train,1,1,1단계_완전_소외
11127,train,0,2,2단계_부분_적응
11128,train,0,2,2단계_부분_적응
11129,train,1,1,1단계_완전_소외
11130,train,1,1,1단계_완전_소외
11131,train,0,2,2단계_부분_적응
11132,train,1,1,1단계_완전_소외
11133,train,0,2,2단계_부분_적응
11134,train,2,3,3단계_자립_적응
11135,train,1,1,1단계_완전_소외
11136,train,1,1,1단계_완전_소외
11137,train,2,3,3단계_자립_적응
11138,train,1,1,1단계_완전_소외
11139,train,1,1,1단계_완전_소외
11140,train,1,1,1단계_완전_소외
11141,train,1,1,1단계_완전_소외
11142,train,0,2,2단계_부분_적응
11143,train,0,2,2단계_부분_적응
11144,train,0,2,2단계_부분_적응
11145,train,0,2,2단계_부분_적응
11146,train,0,2,2단계_부분_적응
11147,train,1,1,1단계_완전_소외
11148,train,0,2,2단계_부분_적응
11149,train,0,2,2단계_부분_적응
11150,train,1,1,1단계_완전_소외
11151,train,1,1,1단계_완전_소외
11152,train,2,3,3단계_자립_적응
11153,train,2,3,3단계_자립_적응
11154,train,1,1,1단계_완전_소외
11155,train,1,1,1단계_완전_소외
11156,train,1,1,1단계_완전_소외
11157,train,1,1,1단계_완전_소외
11158,train,1,1,1단계_완전_소외
11159,train,1,1,1단계_완전_소외
11160,train,2,3,3단계_자립_적응
11161,train,0,2,2단계_부분_적응
11162,train,1,1,1단계_완전_소외
11163,train,2,3,3단계_자립_적응
11164,train,1,1,1단계_완전_소외
11165,train,0,2,2단계_부분_적응
11166,train,2,3,3단계_자립_적응
11167,train,2,3,3단계_자립_적응
11168,train,1,1,1단계_완전_소외
11169,train,0,2,2단계_부분_적응
11170,train,2,3,3단계_자립_적응
11171,train,2,3,3단계_자립_적응
11172,train,2,3,3단계_자립_적응
11173,train,2,3,3단계_자립_적응
11174,train,0,2,2단계_부분_적응
11175,train,2,3,3단계_자립_적응
11176,train,0,2,2단계_부분_적응
11177,train,0,2,2단계_부분_적응
11178,train,1,1,1단계_완전_소외
11179,train,1,1,1단계_완전_소외
11180,train,0,2,2단계_부분_적응
11181,train,2,3,3단계_자립_적응
11182,train,2,3,3단계_자립_적응
11183,train,0,2,2단계_부분_적응
11184,train,0,2,2단계_부분_적응
11185,train,1,1,1단계_완전_소외
11186,train,0,2,2단계_부분_적응
11187,train,2,3,3단계_자립_적응
11188,train,2,3,3단계_자립_적응
11189,train,0,2,2단계_부분_적응
11190,train,0,2,2단계_부분_적응
11191,train,1,1,1단계_완전_소외
11192,train,1,1,1단계_완전_소외
11193,train,0,2,2단계_부분_적응
11194,train,1,1,1단계_완전_소외
11195,train,0,2,2단계_부분_적응
11196,train,0,2,2단계_부분_적응
11197,train,1,1,1단계_완전_소외
11198,train,0,2,2단계_부분_적응
11199,train,1,1,1단계_완전_소외
11200,train,0,2,2단계_부분_적응
11201,train,1,1,1단계_완전_소외
11202,train,2,3,3단계_자립_적응
11203,train,1,1,1단계_완전_소외
11204,train,0,2,2단계_부분_적응
11205,train,1,1,1단계_완전_소외
11206,train,1,1,1단계_완전_소외
11207,train,1,1,1단계_완전_소외
11208,train,2,3,3단계_자립_적응
11209,train,1,1,1단계_완전_소외
11210,train,0,2,2단계_부분_적응
11211,train,1,1,1단계_완전_소외
11212,train,2,3,3단계_자립_적응
11213,train,2,3,3단계_자립_적응
11214,train,1,1,1단계_완전_소외
11215,train,2,3,3단계_자립_적응
11216,train,2,3,3단계_자립_적응
11217,train,1,1,1단계_완전_소외
11218,train,2,3,3단계_자립_적응
11219,train,1,1,1단계_완전_소외
11220,train,0,2,2단계_부분_적응
11221,train,0,2,2단계_부분_적응
11222,train,1,1,1단계_완전_소외
11223,train,2,3,3단계_자립_적응
11224,train,0,2,2단계_부분_적응
11225,train,1,1,1단계_완전_소외
11226,train,1,1,1단계_완전_소외
11227,train,2,3,3단계_자립_적응
11228,train,0,2,2단계_부분_적응
11229,train,2,3,3단계_자립_적응
11230,train,1,1,1단계_완전_소외
11231,train,0,2,2단계_부분_적응
11232,train,2,3,3단계_자립_적응
11233,train,2,3,3단계_자립_적응
11234,train,2,3,3단계_자립_적응
11235,train,0,2,2단계_부분_적응
11236,train,1,1,1단계_완전_소외
11237,train,1,1,1단계_완전_소외
11238,train,2,3,3단계_자립_적응
11239,train,0,2,2단계_부분_적응
11240,train,1,1,1단계_완전_소외
11241,train,2,3,3단계_자립_적응
11242,train,1,1,1단계_완전_소외
11243,train,0,2,2단계_부분_적응
11244,train,0,2,2단계_부분_적응
11245,train,2,3,3단계_자립_적응
11246,train,2,3,3단계_자립_적응
11247,train,0,2,2단계_부분_적응
11248,train,1,1,1단계_완전_소외
11249,train,0,2,2단계_부분_적응
11250,train,0,2,2단계_부분_적응
11251,train,1,1,1단계_완전_소외
11252,train,2,3,3단계_자립_적응
11253,train,0,2,2단계_부분_적응
11254,train,1,1,1단계_완전_소외
11255,train,1,1,1단계_완전_소외
11256,train,1,1,1단계_완전_소외
11257,train,2,3,3단계_자립_적응
11258,train,1,1,1단계_완전_소외
11259,train,0,2,2단계_부분_적응
11260,train,1,1,1단계_완전_소외
11261,train,0,2,2단계_부분_적응
11262,train,0,2,2단계_부분_적응
11263,train,2,3,3단계_자립_적응
11264,train,2,3,3단계_자립_적응
11265,train,1,1,1단계_완전_소외
11266,train,1,1,1단계_완전_소외
11267,train,0,2,2단계_부분_적응
11268,train,0,2,2단계_부분_적응
11269,train,1,1,1단계_완전_소외
11270,train,1,1,1단계_완전_소외
11271,train,2,3,3단계_자립_적응
11272,train,1,1,1단계_완전_소외
11273,train,0,2,2단계_부분_적응
11274,train,2,3,3단계_자립_적응
11275,train,0,2,2단계_부분_적응
11276,train,0,2,2단계_부분_적응
11277,train,0,2,2단계_부분_적응
11278,train,1,1,1단계_완전_소외
11279,train,1,1,1단계_완전_소외
11280,train,0,2,2단계_부분_적응
11281,train,1,1,1단계_완전_소외
11282,train,0,2,2단계_부분_적응
11283,train,0,2,2단계_부분_적응
11284,train,0,2,2단계_부분_적응
11285,train,1,1,1단계_완전_소외
11286,train,0,2,2단계_부분_적응
11287,train,2,3,3단계_자립_적응
11288,train,0,2,2단계_부분_적응
11289,train,2,3,3단계_자립_적응
11290,train,1,1,1단계_완전_소외
11291,train,0,2,2단계_부분_적응
11292,train,1,1,1단계_완전_소외
11293,train,2,3,3단계_자립_적응
11294,train,2,3,3단계_자립_적응
11295,train,0,2,2단계_부분_적응
11296,train,1,1,1단계_완전_소외
11297,train,0,2,2단계_부분_적응
11298,train,2,3,3단계_자립_적응
11299,train,2,3,3단계_자립_적응
11300,train,2,3,3단계_자립_적응
11301,train,1,1,1단계_완전_소외
11302,train,2,3,3단계_자립_적응
11303,train,0,2,2단계_부분_적응
11304,train,0,2,2단계_부분_적응
11305,train,0,2,2단계_부분_적응
11306,train,0,2,2단계_부분_적응
11307,train,0,2,2단계_부분_적응
11308,train,2,3,3단계_자립_적응
11309,train,1,1,1단계_완전_소외
11310,train,1,1,1단계_완전_소외
11311,train,2,3,3단계_자립_적응
11312,train,0,2,2단계_부분_적응
11313,train,2,3,3단계_자립_적응
11314,train,1,1,1단계_완전_소외
11315,train,0,2,2단계_부분_적응
11316,train,0,2,2단계_부분_적응
11317,train,0,2,2단계_부분_적응
11318,train,1,1,1단계_완전_소외
11319,train,2,3,3단계_자립_적응
11320,train,2,3,3단계_자립_적응
11321,train,0,2,2단계_부분_적응
11322,train,0,2,2단계_부분_적응
11323,train,0,2,2단계_부분_적응
11324,train,0,2,2단계_부분_적응
11325,train,0,2,2단계_부분_적응
11326,train,2,3,3단계_자립_적응
11327,train,2,3,3단계_자립_적응
11328,train,1,1,1단계_완전_소외
11329,train,1,1,1단계_완전_소외
11330,train,0,2,2단계_부분_적응
11331,train,0,2,2단계_부분_적응
11332,train,1,1,1단계_완전_소외
11333,train,0,2,2단계_부분_적응
11334,train,2,3,3단계_자립_적응
11335,train,1,1,1단계_완전_소외
11336,train,1,1,1단계_완전_소외
11337,train,0,2,2단계_부분_적응
11338,train,1,1,1단계_완전_소외
11339,train,2,3,3단계_자립_적응
11340,train,2,3,3단계_자립_적응
11341,train,0,2,2단계_부분_적응
11342,train,2,3,3단계_자립_적응
11343,train,2,3,3단계_자립_적응
11344,train,1,1,1단계_완전_소외
11345,train,0,2,2단계_부분_적응
11346,train,1,1,1단계_완전_소외
11347,train,0,2,2단계_부분_적응
11348,train,2,3,3단계_자립_적응
11349,train,1,1,1단계_완전_소외
11350,train,0,2,2단계_부분_적응
11351,train,0,2,2단계_부분_적응
11352,train,2,3,3단계_자립_적응
11353,train,1,1,1단계_완전_소외
11354,train,2,3,3단계_자립_적응
11355,train,0,2,2단계_부분_적응
11356,train,2,3,3단계_자립_적응
11357,train,1,1,1단계_완전_소외
11358,train,1,1,1단계_완전_소외
11359,train,0,2,2단계_부분_적응
11360,train,2,3,3단계_자립_적응
11361,train,0,2,2단계_부분_적응
11362,train,1,1,1단계_완전_소외
11363,train,2,3,3단계_자립_적응
11364,train,2,3,3단계_자립_적응
11365,train,2,3,3단계_자립_적응
11366,train,2,3,3단계_자립_적응
11367,train,1,1,1단계_완전_소외
11368,train,2,3,3단계_자립_적응
11369,train,0,2,2단계_부분_적응
11370,train,2,3,3단계_자립_적응
11371,train,2,3,3단계_자립_적응
11372,train,1,1,1단계_완전_소외
11373,train,1,1,1단계_완전_소외
11374,train,2,3,3단계_자립_적응
11375,train,2,3,3단계_자립_적응
11376,train,2,3,3단계_자립_적응
11377,train,2,3,3단계_자립_적응
11378,train,0,2,2단계_부분_적응
11379,train,2,3,3단계_자립_적응
11380,train,0,2,2단계_부분_적응
11381,train,2,3,3단계_자립_적응
11382,train,1,1,1단계_완전_소외
11383,train,2,3,3단계_자립_적응
11384,train,0,2,2단계_부분_적응
11385,train,0,2,2단계_부분_적응
11386,train,2,3,3단계_자립_적응
11387,train,1,1,1단계_완전_소외
11388,train,0,2,2단계_부분_적응
11389,train,1,1,1단계_완전_소외
11390,train,0,2,2단계_부분_적응
11391,train,1,1,1단계_완전_소외
11392,train,0,2,2단계_부분_적응
11393,train,1,1,1단계_완전_소외
11394,train,2,3,3단계_자립_적응
11395,train,1,1,1단계_완전_소외
11396,train,1,1,1단계_완전_소외
11397,train,0,2,2단계_부분_적응
11398,train,1,1,1단계_완전_소외
11399,train,0,2,2단계_부분_적응
11400,train,1,1,1단계_완전_소외
11401,train,1,1,1단계_완전_소외
11402,train,1,1,1단계_완전_소외
11403,train,2,3,3단계_자립_적응
11404,train,1,1,1단계_완전_소외
11405,train,0,2,2단계_부분_적응
11406,train,1,1,1단계_완전_소외
11407,train,0,2,2단계_부분_적응
11408,train,1,1,1단계_완전_소외
11409,train,0,2,2단계_부분_적응
11410,train,0,2,2단계_부분_적응
11411,train,0,2,2단계_부분_적응
11412,train,0,2,2단계_부분_적응
11413,train,2,3,3단계_자립_적응
11414,train,2,3,3단계_자립_적응
11415,train,1,1,1단계_완전_소외
11416,train,0,2,2단계_부분_적응
11417,train,1,1,1단계_완전_소외
11418,train,2,3,3단계_자립_적응
11419,train,2,3,3단계_자립_적응
11420,train,0,2,2단계_부분_적응
11421,train,1,1,1단계_완전_소외
11422,train,0,2,2단계_부분_적응
11423,train,1,1,1단계_완전_소외
11424,train,2,3,3단계_자립_적응
11425,train,1,1,1단계_완전_소외
11426,train,0,2,2단계_부분_적응
11427,train,0,2,2단계_부분_적응
11428,train,0,2,2단계_부분_적응
11429,train,0,2,2단계_부분_적응
11430,train,2,3,3단계_자립_적응
11431,train,1,1,1단계_완전_소외
11432,train,2,3,3단계_자립_적응
11433,train,0,2,2단계_부분_적응
11434,train,1,1,1단계_완전_소외
11435,train,1,1,1단계_완전_소외
11436,train,1,1,1단계_완전_소외
11437,train,0,2,2단계_부분_적응
11438,train,1,1,1단계_완전_소외
11439,train,1,1,1단계_완전_소외
11440,train,1,1,1단계_완전_소외
11441,train,2,3,3단계_자립_적응
11442,train,1,1,1단계_완전_소외
11443,train,1,1,1단계_완전_소외
11444,train,2,3,3단계_자립_적응
11445,train,0,2,2단계_부분_적응
11446,train,1,1,1단계_완전_소외
11447,train,2,3,3단계_자립_적응
11448,train,0,2,2단계_부분_적응
11449,train,0,2,2단계_부분_적응
11450,train,2,3,3단계_자립_적응
11451,train,1,1,1단계_완전_소외
11452,train,2,3,3단계_자립_적응
11453,train,1,1,1단계_완전_소외
11454,train,1,1,1단계_완전_소외
11455,train,0,2,2단계_부분_적응
11456,train,1,1,1단계_완전_소외
11457,train,1,1,1단계_완전_소외
11458,train,0,2,2단계_부분_적응
11459,train,2,3,3단계_자립_적응
11460,train,1,1,1단계_완전_소외
11461,train,1,1,1단계_완전_소외
11462,train,2,3,3단계_자립_적응
11463,train,0,2,2단계_부분_적응
11464,train,1,1,1단계_완전_소외
11465,train,0,2,2단계_부분_적응
11466,train,1,1,1단계_완전_소외
11467,train,0,2,2단계_부분_적응
11468,train,0,2,2단계_부분_적응
11469,train,2,3,3단계_자립_적응
11470,train,1,1,1단계_완전_소외
11471,train,2,3,3단계_자립_적응
11472,train,0,2,2단계_부분_적응
11473,train,1,1,1단계_완전_소외
11474,train,0,2,2단계_부분_적응
11475,train,0,2,2단계_부분_적응
11476,train,2,3,3단계_자립_적응
11477,train,2,3,3단계_자립_적응
11478,train,0,2,2단계_부분_적응
11479,train,2,3,3단계_자립_적응
11480,train,1,1,1단계_완전_소외
11481,train,2,3,3단계_자립_적응
11482,train,1,1,1단계_완전_소외
11483,train,0,2,2단계_부분_적응
11484,train,0,2,2단계_부분_적응
11485,train,0,2,2단계_부분_적응
11486,train,0,2,2단계_부분_적응
11487,train,1,1,1단계_완전_소외
11488,train,1,1,1단계_완전_소외
11489,train,0,2,2단계_부분_적응
11490,train,1,1,1단계_완전_소외
11491,train,2,3,3단계_자립_적응
11492,train,0,2,2단계_부분_적응
11493,train,1,1,1단계_완전_소외
11494,train,0,2,2단계_부분_적응
11495,train,0,2,2단계_부분_적응
11496,train,1,1,1단계_완전_소외
11497,train,2,3,3단계_자립_적응
11498,train,2,3,3단계_자립_적응
11499,train,0,2,2단계_부분_적응
11500,train,0,2,2단계_부분_적응
11501,train,1,1,1단계_완전_소외
11502,train,2,3,3단계_자립_적응
11503,train,1,1,1단계_완전_소외
11504,train,0,2,2단계_부분_적응
11505,train,1,1,1단계_완전_소외
11506,train,0,2,2단계_부분_적응
11507,train,1,1,1단계_완전_소외
11508,train,1,1,1단계_완전_소외
11509,train,1,1,1단계_완전_소외
11510,train,1,1,1단계_완전_소외
11511,train,1,1,1단계_완전_소외
11512,train,1,1,1단계_완전_소외
11513,train,2,3,3단계_자립_적응
11514,train,0,2,2단계_부분_적응
11515,train,0,2,2단계_부분_적응
11516,train,0,2,2단계_부분_적응
11517,train,0,2,2단계_부분_적응
11518,train,0,2,2단계_부분_적응
11519,train,1,1,1단계_완전_소외
11520,train,1,1,1단계_완전_소외
11521,train,1,1,1단계_완전_소외
11522,train,0,2,2단계_부분_적응
11523,train,0,2,2단계_부분_적응
11524,train,0,2,2단계_부분_적응
11525,train,2,3,3단계_자립_적응
11526,train,1,1,1단계_완전_소외
11527,train,0,2,2단계_부분_적응
11528,train,0,2,2단계_부분_적응
11529,train,2,3,3단계_자립_적응
11530,train,1,1,1단계_완전_소외
11531,train,1,1,1단계_완전_소외
11532,train,0,2,2단계_부분_적응
11533,train,1,1,1단계_완전_소외
11534,train,0,2,2단계_부분_적응
11535,train,0,2,2단계_부분_적응
11536,train,2,3,3단계_자립_적응
11537,train,0,2,2단계_부분_적응
11538,train,0,2,2단계_부분_적응
11539,train,0,2,2단계_부분_적응
11540,train,1,1,1단계_완전_소외
11541,train,0,2,2단계_부분_적응
11542,train,0,2,2단계_부분_적응
11543,train,1,1,1단계_완전_소외
11544,train,0,2,2단계_부분_적응
11545,train,2,3,3단계_자립_적응
11546,train,0,2,2단계_부분_적응
11547,train,0,2,2단계_부분_적응
11548,train,0,2,2단계_부분_적응
11549,train,2,3,3단계_자립_적응
11550,train,2,3,3단계_자립_적응
11551,train,1,1,1단계_완전_소외
11552,train,1,1,1단계_완전_소외
11553,train,0,2,2단계_부분_적응
11554,train,0,2,2단계_부분_적응
11555,train,0,2,2단계_부분_적응
11556,train,1,1,1단계_완전_소외
11557,train,0,2,2단계_부분_적응
11558,train,2,3,3단계_자립_적응
11559,train,2,3,3단계_자립_적응
11560,train,1,1,1단계_완전_소외
11561,train,0,2,2단계_부분_적응
11562,train,0,2,2단계_부분_적응
11563,train,2,3,3단계_자립_적응
11564,train,2,3,3단계_자립_적응
11565,train,0,2,2단계_부분_적응
11566,train,0,2,2단계_부분_적응
11567,train,0,2,2단계_부분_적응
11568,train,0,2,2단계_부분_적응
11569,train,0,2,2단계_부분_적응
11570,train,2,3,3단계_자립_적응
11571,train,0,2,2단계_부분_적응
11572,train,2,3,3단계_자립_적응
11573,train,1,1,1단계_완전_소외
11574,train,1,1,1단계_완전_소외
11575,train,0,2,2단계_부분_적응
11576,train,1,1,1단계_완전_소외
11577,train,2,3,3단계_자립_적응
11578,train,1,1,1단계_완전_소외
11579,train,1,1,1단계_완전_소외
11580,train,0,2,2단계_부분_적응
11581,train,0,2,2단계_부분_적응
11582,train,1,1,1단계_완전_소외
11583,train,2,3,3단계_자립_적응
11584,train,2,3,3단계_자립_적응
11585,train,0,2,2단계_부분_적응
11586,train,0,2,2단계_부분_적응
11587,train,1,1,1단계_완전_소외
11588,train,0,2,2단계_부분_적응
11589,train,2,3,3단계_자립_적응
11590,train,2,3,3단계_자립_적응
11591,train,1,1,1단계_완전_소외
11592,train,0,2,2단계_부분_적응
11593,train,1,1,1단계_완전_소외
11594,train,1,1,1단계_완전_소외
11595,train,0,2,2단계_부분_적응
11596,train,2,3,3단계_자립_적응
11597,train,1,1,1단계_완전_소외
11598,train,0,2,2단계_부분_적응
11599,train,0,2,2단계_부분_적응
11600,train,2,3,3단계_자립_적응
11601,train,1,1,1단계_완전_소외
11602,train,1,1,1단계_완전_소외
11603,train,0,2,2단계_부분_적응
11604,train,0,2,2단계_부분_적응
11605,train,0,2,2단계_부분_적응
11606,train,2,3,3단계_자립_적응
11607,train,1,1,1단계_완전_소외
11608,train,0,2,2단계_부분_적응
11609,train,2,3,3단계_자립_적응
11610,train,0,2,2단계_부분_적응
11611,train,0,2,2단계_부분_적응
11612,train,0,2,2단계_부분_적응
11613,train,2,3,3단계_자립_적응
11614,train,2,3,3단계_자립_적응
11615,train,2,3,3단계_자립_적응
11616,train,1,1,1단계_완전_소외
11617,train,1,1,1단계_완전_소외
11618,train,0,2,2단계_부분_적응
11619,train,2,3,3단계_자립_적응
11620,train,2,3,3단계_자립_적응
11621,train,1,1,1단계_완전_소외
11622,train,2,3,3단계_자립_적응
11623,train,2,3,3단계_자립_적응
11624,train,1,1,1단계_완전_소외
11625,train,1,1,1단계_완전_소외
11626,train,0,2,2단계_부분_적응
11627,train,1,1,1단계_완전_소외
11628,train,2,3,3단계_자립_적응
11629,train,0,2,2단계_부분_적응
11630,train,1,1,1단계_완전_소외
11631,train,2,3,3단계_자립_적응
11632,train,2,3,3단계_자립_적응
11633,train,2,3,3단계_자립_적응
11634,train,2,3,3단계_자립_적응
11635,train,1,1,1단계_완전_소외
11636,train,1,1,1단계_완전_소외
11637,train,1,1,1단계_완전_소외
11638,train,1,1,1단계_완전_소외
11639,train,2,3,3단계_자립_적응
11640,train,2,3,3단계_자립_적응
11641,train,0,2,2단계_부분_적응
11642,train,0,2,2단계_부분_적응
11643,train,0,2,2단계_부분_적응
11644,train,1,1,1단계_완전_소외
11645,train,1,1,1단계_완전_소외
11646,train,2,3,3단계_자립_적응
11647,train,0,2,2단계_부분_적응
11648,train,2,3,3단계_자립_적응
11649,train,0,2,2단계_부분_적응
11650,train,0,2,2단계_부분_적응
11651,train,0,2,2단계_부분_적응
11652,train,0,2,2단계_부분_적응
11653,train,2,3,3단계_자립_적응
11654,train,0,2,2단계_부분_적응
11655,train,0,2,2단계_부분_적응
11656,train,0,2,2단계_부분_적응
11657,train,0,2,2단계_부분_적응
11658,train,0,2,2단계_부분_적응
11659,train,0,2,2단계_부분_적응
11660,train,0,2,2단계_부분_적응
11661,train,1,1,1단계_완전_소외
11662,train,1,1,1단계_완전_소외
11663,train,2,3,3단계_자립_적응
11664,train,0,2,2단계_부분_적응
11665,train,2,3,3단계_자립_적응
11666,train,0,2,2단계_부분_적응
11667,train,1,1,1단계_완전_소외
11668,train,1,1,1단계_완전_소외
11669,train,1,1,1단계_완전_소외
11670,train,1,1,1단계_완전_소외
11671,train,2,3,3단계_자립_적응
11672,train,2,3,3단계_자립_적응
11673,train,1,1,1단계_완전_소외
11674,train,2,3,3단계_자립_적응
11675,train,0,2,2단계_부분_적응
11676,train,0,2,2단계_부분_적응
11677,train,2,3,3단계_자립_적응
11678,train,1,1,1단계_완전_소외
11679,train,2,3,3단계_자립_적응
11680,train,1,1,1단계_완전_소외
11681,train,1,1,1단계_완전_소외
11682,train,0,2,2단계_부분_적응
11683,train,2,3,3단계_자립_적응
11684,train,1,1,1단계_완전_소외
11685,train,2,3,3단계_자립_적응
11686,train,1,1,1단계_완전_소외
11687,train,1,1,1단계_완전_소외
11688,train,1,1,1단계_완전_소외
11689,train,2,3,3단계_자립_적응
11690,train,1,1,1단계_완전_소외
11691,train,0,2,2단계_부분_적응
11692,train,0,2,2단계_부분_적응
11693,train,0,2,2단계_부분_적응
11694,train,2,3,3단계_자립_적응
11695,train,1,1,1단계_완전_소외
11696,train,0,2,2단계_부분_적응
11697,train,0,2,2단계_부분_적응
11698,train,1,1,1단계_완전_소외
11699,train,2,3,3단계_자립_적응
11700,train,0,2,2단계_부분_적응
11701,train,1,1,1단계_완전_소외
11702,train,2,3,3단계_자립_적응
11703,train,1,1,1단계_완전_소외
11704,train,1,1,1단계_완전_소외
11705,train,0,2,2단계_부분_적응
11706,train,2,3,3단계_자립_적응
11707,train,0,2,2단계_부분_적응
11708,train,1,1,1단계_완전_소외
11709,train,0,2,2단계_부분_적응
11710,train,0,2,2단계_부분_적응
11711,train,0,2,2단계_부분_적응
11712,train,0,2,2단계_부분_적응
11713,train,2,3,3단계_자립_적응
11714,train,1,1,1단계_완전_소외
11715,train,0,2,2단계_부분_적응
11716,train,1,1,1단계_완전_소외
11717,train,0,2,2단계_부분_적응
11718,train,0,2,2단계_부분_적응
11719,train,0,2,2단계_부분_적응
11720,train,1,1,1단계_완전_소외
11721,train,1,1,1단계_완전_소외
11722,train,0,2,2단계_부분_적응
11723,train,0,2,2단계_부분_적응
11724,train,0,2,2단계_부분_적응
11725,train,2,3,3단계_자립_적응
11726,train,2,3,3단계_자립_적응
11727,train,1,1,1단계_완전_소외
11728,train,1,1,1단계_완전_소외
11729,train,1,1,1단계_완전_소외
11730,train,0,2,2단계_부분_적응
11731,train,2,3,3단계_자립_적응
11732,train,1,1,1단계_완전_소외
11733,train,0,2,2단계_부분_적응
11734,train,2,3,3단계_자립_적응
11735,train,0,2,2단계_부분_적응
11736,train,1,1,1단계_완전_소외
11737,train,0,2,2단계_부분_적응
11738,train,1,1,1단계_완전_소외
11739,train,1,1,1단계_완전_소외
11740,train,2,3,3단계_자립_적응
11741,train,0,2,2단계_부분_적응
11742,train,2,3,3단계_자립_적응
11743,train,2,3,3단계_자립_적응
11744,train,1,1,1단계_완전_소외
11745,train,0,2,2단계_부분_적응
11746,train,0,2,2단계_부분_적응
11747,train,0,2,2단계_부분_적응
11748,train,2,3,3단계_자립_적응
11749,train,1,1,1단계_완전_소외
11750,train,0,2,2단계_부분_적응
11751,train,0,2,2단계_부분_적응
11752,train,2,3,3단계_자립_적응
11753,train,0,2,2단계_부분_적응
11754,train,1,1,1단계_완전_소외
11755,train,0,2,2단계_부분_적응
11756,train,0,2,2단계_부분_적응
11757,train,0,2,2단계_부분_적응
11758,train,1,1,1단계_완전_소외
11759,train,0,2,2단계_부분_적응
11760,train,2,3,3단계_자립_적응
11761,train,0,2,2단계_부분_적응
11762,train,1,1,1단계_완전_소외
11763,train,1,1,1단계_완전_소외
11764,train,2,3,3단계_자립_적응
11765,train,2,3,3단계_자립_적응
11766,train,0,2,2단계_부분_적응
11767,train,1,1,1단계_완전_소외
11768,train,1,1,1단계_완전_소외
11769,train,1,1,1단계_완전_소외
11770,train,2,3,3단계_자립_적응
11771,train,0,2,2단계_부분_적응
11772,train,2,3,3단계_자립_적응
11773,train,2,3,3단계_자립_적응
11774,train,1,1,1단계_완전_소외
11775,train,2,3,3단계_자립_적응
11776,train,0,2,2단계_부분_적응
11777,train,2,3,3단계_자립_적응
11778,train,2,3,3단계_자립_적응
11779,train,1,1,1단계_완전_소외
11780,train,2,3,3단계_자립_적응
11781,train,1,1,1단계_완전_소외
11782,train,1,1,1단계_완전_소외
11783,train,0,2,2단계_부분_적응
11784,train,2,3,3단계_자립_적응
11785,train,0,2,2단계_부분_적응
11786,train,2,3,3단계_자립_적응
11787,train,1,1,1단계_완전_소외
11788,train,1,1,1단계_완전_소외
11789,train,0,2,2단계_부분_적응
11790,train,1,1,1단계_완전_소외
11791,train,2,3,3단계_자립_적응
11792,train,2,3,3단계_자립_적응
11793,train,1,1,1단계_완전_소외
11794,train,0,2,2단계_부분_적응
11795,train,1,1,1단계_완전_소외
11796,train,1,1,1단계_완전_소외
11797,train,1,1,1단계_완전_소외
11798,train,2,3,3단계_자립_적응
11799,train,1,1,1단계_완전_소외
11800,train,2,3,3단계_자립_적응
11801,train,0,2,2단계_부분_적응
11802,train,1,1,1단계_완전_소외
11803,train,1,1,1단계_완전_소외
11804,train,0,2,2단계_부분_적응
11805,train,0,2,2단계_부분_적응
11806,train,0,2,2단계_부분_적응
11807,train,0,2,2단계_부분_적응
11808,train,2,3,3단계_자립_적응
11809,train,1,1,1단계_완전_소외
11810,train,0,2,2단계_부분_적응
11811,train,2,3,3단계_자립_적응
11812,train,2,3,3단계_자립_적응
11813,train,1,1,1단계_완전_소외
11814,train,0,2,2단계_부분_적응
11815,train,0,2,2단계_부분_적응
11816,train,1,1,1단계_완전_소외
11817,train,1,1,1단계_완전_소외
11818,train,2,3,3단계_자립_적응
11819,train,2,3,3단계_자립_적응
11820,train,1,1,1단계_완전_소외
11821,train,0,2,2단계_부분_적응
11822,train,1,1,1단계_완전_소외
11823,train,0,2,2단계_부분_적응
11824,train,0,2,2단계_부분_적응
11825,train,0,2,2단계_부분_적응
11826,train,0,2,2단계_부분_적응
11827,train,0,2,2단계_부분_적응
11828,train,1,1,1단계_완전_소외
11829,train,1,1,1단계_완전_소외
11830,train,1,1,1단계_완전_소외
11831,train,1,1,1단계_완전_소외
11832,train,2,3,3단계_자립_적응
11833,train,2,3,3단계_자립_적응
11834,train,1,1,1단계_완전_소외
11835,train,1,1,1단계_완전_소외
11836,train,0,2,2단계_부분_적응
11837,train,1,1,1단계_완전_소외
11838,train,0,2,2단계_부분_적응
11839,train,2,3,3단계_자립_적응
11840,train,2,3,3단계_자립_적응
11841,train,0,2,2단계_부분_적응
11842,train,1,1,1단계_완전_소외
11843,train,0,2,2단계_부분_적응
11844,train,1,1,1단계_완전_소외
11845,train,1,1,1단계_완전_소외
11846,train,1,1,1단계_완전_소외
11847,train,2,3,3단계_자립_적응
11848,train,1,1,1단계_완전_소외
11849,train,0,2,2단계_부분_적응
11850,train,0,2,2단계_부분_적응
11851,train,1,1,1단계_완전_소외
11852,train,1,1,1단계_완전_소외
11853,train,1,1,1단계_완전_소외
11854,train,1,1,1단계_완전_소외
11855,train,1,1,1단계_완전_소외
11856,train,2,3,3단계_자립_적응
11857,train,0,2,2단계_부분_적응
11858,train,2,3,3단계_자립_적응
11859,train,2,3,3단계_자립_적응
11860,train,1,1,1단계_완전_소외
11861,train,2,3,3단계_자립_적응
11862,train,1,1,1단계_완전_소외
11863,train,2,3,3단계_자립_적응
11864,train,0,2,2단계_부분_적응
11865,train,0,2,2단계_부분_적응
11866,train,0,2,2단계_부분_적응
11867,train,2,3,3단계_자립_적응
11868,train,0,2,2단계_부분_적응
11869,train,1,1,1단계_완전_소외
11870,train,0,2,2단계_부분_적응
11871,train,2,3,3단계_자립_적응
11872,train,0,2,2단계_부분_적응
11873,train,1,1,1단계_완전_소외
11874,train,0,2,2단계_부분_적응
11875,train,2,3,3단계_자립_적응
11876,train,1,1,1단계_완전_소외
11877,train,0,2,2단계_부분_적응
11878,train,2,3,3단계_자립_적응
11879,train,2,3,3단계_자립_적응
11880,train,1,1,1단계_완전_소외
11881,train,0,2,2단계_부분_적응
11882,train,2,3,3단계_자립_적응
11883,train,0,2,2단계_부분_적응
11884,train,1,1,1단계_완전_소외
11885,train,0,2,2단계_부분_적응
11886,train,2,3,3단계_자립_적응
11887,train,2,3,3단계_자립_적응
11888,train,0,2,2단계_부분_적응
11889,train,2,3,3단계_자립_적응
11890,train,1,1,1단계_완전_소외
11891,train,0,2,2단계_부분_적응
11892,train,1,1,1단계_완전_소외
11893,train,1,1,1단계_완전_소외
11894,train,2,3,3단계_자립_적응
11895,train,1,1,1단계_완전_소외
11896,train,1,1,1단계_완전_소외
11897,train,0,2,2단계_부분_적응
11898,train,0,2,2단계_부분_적응
11899,train,0,2,2단계_부분_적응
11900,train,1,1,1단계_완전_소외
11901,train,1,1,1단계_완전_소외
11902,train,2,3,3단계_자립_적응
11903,train,0,2,2단계_부분_적응
11904,train,2,3,3단계_자립_적응
11905,train,2,3,3단계_자립_적응
11906,train,0,2,2단계_부분_적응
11907,train,2,3,3단계_자립_적응
11908,train,2,3,3단계_자립_적응
11909,train,0,2,2단계_부분_적응
11910,train,2,3,3단계_자립_적응
11911,train,0,2,2단계_부분_적응
11912,train,2,3,3단계_자립_적응
11913,train,0,2,2단계_부분_적응
11914,train,2,3,3단계_자립_적응
11915,train,0,2,2단계_부분_적응
11916,train,2,3,3단계_자립_적응
11917,train,0,2,2단계_부분_적응
11918,train,0,2,2단계_부분_적응
11919,train,0,2,2단계_부분_적응
11920,train,2,3,3단계_자립_적응
11921,train,1,1,1단계_완전_소외
11922,train,2,3,3단계_자립_적응
11923,train,2,3,3단계_자립_적응
11924,train,1,1,1단계_완전_소외
11925,train,1,1,1단계_완전_소외
11926,train,2,3,3단계_자립_적응
11927,train,1,1,1단계_완전_소외
11928,train,1,1,1단계_완전_소외
11929,train,0,2,2단계_부분_적응
11930,train,1,1,1단계_완전_소외
11931,train,0,2,2단계_부분_적응
11932,train,0,2,2단계_부분_적응
11933,train,0,2,2단계_부분_적응
11934,train,1,1,1단계_완전_소외
11935,train,1,1,1단계_완전_소외
11936,train,0,2,2단계_부분_적응
11937,train,0,2,2단계_부분_적응
11938,train,0,2,2단계_부분_적응
11939,train,2,3,3단계_자립_적응
11940,train,2,3,3단계_자립_적응
11941,train,2,3,3단계_자립_적응
11942,train,0,2,2단계_부분_적응
11943,train,0,2,2단계_부분_적응
11944,train,2,3,3단계_자립_적응
11945,train,0,2,2단계_부분_적응
11946,train,0,2,2단계_부분_적응
11947,train,0,2,2단계_부분_적응
11948,train,2,3,3단계_자립_적응
11949,train,0,2,2단계_부분_적응
11950,train,2,3,3단계_자립_적응
11951,train,1,1,1단계_완전_소외
11952,train,1,1,1단계_완전_소외
11953,train,1,1,1단계_완전_소외
11954,train,2,3,3단계_자립_적응
11955,train,2,3,3단계_자립_적응
11956,train,0,2,2단계_부분_적응
11957,train,1,1,1단계_완전_소외
11958,train,1,1,1단계_완전_소외
11959,train,2,3,3단계_자립_적응
11960,train,0,2,2단계_부분_적응
11961,train,0,2,2단계_부분_적응
11962,train,2,3,3단계_자립_적응
11963,train,0,2,2단계_부분_적응
11964,train,0,2,2단계_부분_적응
11965,train,0,2,2단계_부분_적응
11966,train,0,2,2단계_부분_적응
11967,train,2,3,3단계_자립_적응
11968,train,1,1,1단계_완전_소외
11969,train,1,1,1단계_완전_소외
11970,train,1,1,1단계_완전_소외
11971,train,0,2,2단계_부분_적응
11972,train,0,2,2단계_부분_적응
11973,train,0,2,2단계_부분_적응
11974,train,0,2,2단계_부분_적응
11975,train,1,1,1단계_완전_소외
11976,train,2,3,3단계_자립_적응
11977,train,0,2,2단계_부분_적응
11978,train,1,1,1단계_완전_소외
11979,train,0,2,2단계_부분_적응
11980,train,0,2,2단계_부분_적응
11981,train,1,1,1단계_완전_소외
11982,train,1,1,1단계_완전_소외
11983,train,2,3,3단계_자립_적응
11984,train,0,2,2단계_부분_적응
11985,train,1,1,1단계_완전_소외
11986,train,2,3,3단계_자립_적응
11987,train,1,1,1단계_완전_소외
11988,train,2,3,3단계_자립_적응
11989,train,2,3,3단계_자립_적응
11990,train,1,1,1단계_완전_소외
11991,train,1,1,1단계_완전_소외
11992,train,0,2,2단계_부분_적응
11993,train,0,2,2단계_부분_적응
11994,train,1,1,1단계_완전_소외
11995,train,0,2,2단계_부분_적응
11996,train,1,1,1단계_완전_소외
11997,train,0,2,2단계_부분_적응
11998,train,0,2,2단계_부분_적응
11999,train,2,3,3단계_자립_적응
12000,train,2,3,3단계_자립_적응
12001,train,0,2,2단계_부분_적응
12002,train,2,3,3단계_자립_적응
12003,train,2,3,3단계_자립_적응
12004,train,2,3,3단계_자립_적응
12005,train,1,1,1단계_완전_소외
12006,train,2,3,3단계_자립_적응
12007,train,2,3,3단계_자립_적응
12008,train,0,2,2단계_부분_적응
12009,train,2,3,3단계_자립_적응
12010,train,1,1,1단계_완전_소외
12011,train,2,3,3단계_자립_적응
12012,train,0,2,2단계_부분_적응
12013,train,2,3,3단계_자립_적응
12014,train,1,1,1단계_완전_소외
12015,train,1,1,1단계_완전_소외
12016,train,1,1,1단계_완전_소외
12017,train,2,3,3단계_자립_적응
12018,train,1,1,1단계_완전_소외
12019,train,1,1,1단계_완전_소외
12020,train,0,2,2단계_부분_적응
12021,train,0,2,2단계_부분_적응
12022,train,2,3,3단계_자립_적응
12023,train,2,3,3단계_자립_적응
12024,train,0,2,2단계_부분_적응
12025,train,1,1,1단계_완전_소외
12026,train,1,1,1단계_완전_소외
12027,train,0,2,2단계_부분_적응
12028,train,1,1,1단계_완전_소외
12029,train,0,2,2단계_부분_적응
12030,train,2,3,3단계_자립_적응
12031,train,0,2,2단계_부분_적응
12032,train,2,3,3단계_자립_적응
12033,train,2,3,3단계_자립_적응
12034,train,2,3,3단계_자립_적응
12035,train,0,2,2단계_부분_적응
12036,train,2,3,3단계_자립_적응
12037,train,1,1,1단계_완전_소외
12038,train,0,2,2단계_부분_적응
12039,train,2,3,3단계_자립_적응
12040,train,2,3,3단계_자립_적응
12041,train,0,2,2단계_부분_적응
12042,train,2,3,3단계_자립_적응
12043,train,0,2,2단계_부분_적응
12044,train,0,2,2단계_부분_적응
12045,train,1,1,1단계_완전_소외
12046,train,1,1,1단계_완전_소외
12047,train,2,3,3단계_자립_적응
12048,train,1,1,1단계_완전_소외
12049,train,0,2,2단계_부분_적응
12050,train,2,3,3단계_자립_적응
12051,train,1,1,1단계_완전_소외
12052,train,0,2,2단계_부분_적응
12053,train,2,3,3단계_자립_적응
12054,train,0,2,2단계_부분_적응
12055,train,1,1,1단계_완전_소외
12056,train,1,1,1단계_완전_소외
12057,train,2,3,3단계_자립_적응
12058,train,1,1,1단계_완전_소외
12059,train,1,1,1단계_완전_소외
12060,train,0,2,2단계_부분_적응
12061,train,2,3,3단계_자립_적응
12062,train,2,3,3단계_자립_적응
12063,train,0,2,2단계_부분_적응
12064,train,0,2,2단계_부분_적응
12065,train,1,1,1단계_완전_소외
12066,train,0,2,2단계_부분_적응
12067,train,2,3,3단계_자립_적응
12068,train,0,2,2단계_부분_적응
12069,train,2,3,3단계_자립_적응
12070,train,2,3,3단계_자립_적응
12071,train,2,3,3단계_자립_적응
12072,train,1,1,1단계_완전_소외
12073,train,0,2,2단계_부분_적응
12074,train,1,1,1단계_완전_소외
12075,train,2,3,3단계_자립_적응
12076,train,0,2,2단계_부분_적응
12077,train,2,3,3단계_자립_적응
12078,train,0,2,2단계_부분_적응
12079,train,2,3,3단계_자립_적응
12080,train,2,3,3단계_자립_적응
12081,train,0,2,2단계_부분_적응
12082,train,0,2,2단계_부분_적응
12083,train,2,3,3단계_자립_적응
12084,train,0,2,2단계_부분_적응
12085,train,2,3,3단계_자립_적응
12086,train,0,2,2단계_부분_적응
12087,train,2,3,3단계_자립_적응
12088,train,1,1,1단계_완전_소외
12089,train,2,3,3단계_자립_적응
12090,train,2,3,3단계_자립_적응
12091,train,1,1,1단계_완전_소외
12092,train,2,3,3단계_자립_적응
12093,train,2,3,3단계_자립_적응
12094,train,2,3,3단계_자립_적응
12095,train,1,1,1단계_완전_소외
12096,train,0,2,2단계_부분_적응
12097,train,0,2,2단계_부분_적응
12098,train,1,1,1단계_완전_소외
12099,train,1,1,1단계_완전_소외
12100,train,2,3,3단계_자립_적응
12101,train,2,3,3단계_자립_적응
12102,train,0,2,2단계_부분_적응
12103,train,2,3,3단계_자립_적응
12104,train,1,1,1단계_완전_소외
12105,train,1,1,1단계_완전_소외
12106,train,1,1,1단계_완전_소외
12107,train,0,2,2단계_부분_적응
12108,train,2,3,3단계_자립_적응
12109,train,2,3,3단계_자립_적응
12110,train,1,1,1단계_완전_소외
12111,train,1,1,1단계_완전_소외
12112,train,0,2,2단계_부분_적응
12113,train,1,1,1단계_완전_소외
12114,train,0,2,2단계_부분_적응
12115,train,0,2,2단계_부분_적응
12116,train,1,1,1단계_완전_소외
12117,train,0,2,2단계_부분_적응
12118,train,0,2,2단계_부분_적응
12119,train,0,2,2단계_부분_적응
12120,train,0,2,2단계_부분_적응
12121,train,2,3,3단계_자립_적응
12122,train,2,3,3단계_자립_적응
12123,train,1,1,1단계_완전_소외
12124,train,1,1,1단계_완전_소외
12125,train,2,3,3단계_자립_적응
12126,train,0,2,2단계_부분_적응
12127,train,2,3,3단계_자립_적응
12128,train,2,3,3단계_자립_적응
12129,train,2,3,3단계_자립_적응
12130,train,2,3,3단계_자립_적응
12131,train,1,1,1단계_완전_소외
12132,train,1,1,1단계_완전_소외
12133,train,1,1,1단계_완전_소외
12134,train,2,3,3단계_자립_적응
12135,train,2,3,3단계_자립_적응
12136,train,0,2,2단계_부분_적응
12137,train,2,3,3단계_자립_적응
12138,train,0,2,2단계_부분_적응
12139,train,0,2,2단계_부분_적응
12140,train,2,3,3단계_자립_적응
12141,train,0,2,2단계_부분_적응
12142,train,2,3,3단계_자립_적응
12143,train,0,2,2단계_부분_적응
12144,train,1,1,1단계_완전_소외
12145,train,0,2,2단계_부분_적응
12146,train,0,2,2단계_부분_적응
12147,train,0,2,2단계_부분_적응
12148,train,1,1,1단계_완전_소외
12149,train,2,3,3단계_자립_적응
12150,train,1,1,1단계_완전_소외
12151,train,2,3,3단계_자립_적응
12152,train,2,3,3단계_자립_적응
12153,train,2,3,3단계_자립_적응
12154,train,0,2,2단계_부분_적응
12155,train,1,1,1단계_완전_소외
12156,train,2,3,3단계_자립_적응
12157,train,2,3,3단계_자립_적응
12158,train,1,1,1단계_완전_소외
12159,train,0,2,2단계_부분_적응
12160,train,0,2,2단계_부분_적응
12161,train,0,2,2단계_부분_적응
12162,train,1,1,1단계_완전_소외
12163,train,0,2,2단계_부분_적응
12164,train,0,2,2단계_부분_적응
12165,train,0,2,2단계_부분_적응
12166,train,1,1,1단계_완전_소외
12167,train,1,1,1단계_완전_소외
12168,train,0,2,2단계_부분_적응
12169,train,0,2,2단계_부분_적응
12170,train,0,2,2단계_부분_적응
12171,train,0,2,2단계_부분_적응
12172,train,0,2,2단계_부분_적응
12173,train,1,1,1단계_완전_소외
12174,train,1,1,1단계_완전_소외
12175,train,0,2,2단계_부분_적응
12176,train,1,1,1단계_완전_소외
12177,train,1,1,1단계_완전_소외
12178,train,0,2,2단계_부분_적응
12179,train,2,3,3단계_자립_적응
12180,train,0,2,2단계_부분_적응
12181,train,2,3,3단계_자립_적응
12182,train,0,2,2단계_부분_적응
12183,train,1,1,1단계_완전_소외
12184,train,1,1,1단계_완전_소외
12185,train,2,3,3단계_자립_적응
12186,train,2,3,3단계_자립_적응
12187,train,1,1,1단계_완전_소외
12188,train,1,1,1단계_완전_소외
12189,train,0,2,2단계_부분_적응
12190,train,1,1,1단계_완전_소외
12191,train,1,1,1단계_완전_소외
12192,train,0,2,2단계_부분_적응
12193,train,2,3,3단계_자립_적응
12194,train,1,1,1단계_완전_소외
12195,train,1,1,1단계_완전_소외
12196,train,2,3,3단계_자립_적응
12197,train,0,2,2단계_부분_적응
12198,train,0,2,2단계_부분_적응
12199,train,0,2,2단계_부분_적응
12200,train,2,3,3단계_자립_적응
12201,train,1,1,1단계_완전_소외
12202,train,0,2,2단계_부분_적응
12203,train,1,1,1단계_완전_소외
12204,train,0,2,2단계_부분_적응
12205,train,2,3,3단계_자립_적응
12206,train,0,2,2단계_부분_적응
12207,train,1,1,1단계_완전_소외
12208,train,2,3,3단계_자립_적응
12209,train,1,1,1단계_완전_소외
12210,train,2,3,3단계_자립_적응
12211,train,1,1,1단계_완전_소외
12212,train,0,2,2단계_부분_적응
12213,train,2,3,3단계_자립_적응
12214,train,1,1,1단계_완전_소외
12215,train,2,3,3단계_자립_적응
12216,train,0,2,2단계_부분_적응
12217,train,0,2,2단계_부분_적응
12218,train,2,3,3단계_자립_적응
12219,train,1,1,1단계_완전_소외
12220,train,1,1,1단계_완전_소외
12221,train,1,1,1단계_완전_소외
12222,train,0,2,2단계_부분_적응
12223,train,0,2,2단계_부분_적응
12224,train,0,2,2단계_부분_적응
12225,train,1,1,1단계_완전_소외
12226,train,0,2,2단계_부분_적응
12227,train,2,3,3단계_자립_적응
12228,train,1,1,1단계_완전_소외
12229,train,0,2,2단계_부분_적응
12230,train,2,3,3단계_자립_적응
12231,train,2,3,3단계_자립_적응
12232,train,2,3,3단계_자립_적응
12233,train,2,3,3단계_자립_적응
12234,train,1,1,1단계_완전_소외
12235,train,0,2,2단계_부분_적응
12236,train,1,1,1단계_완전_소외
12237,train,0,2,2단계_부분_적응
12238,train,1,1,1단계_완전_소외
12239,train,1,1,1단계_완전_소외
12240,train,0,2,2단계_부분_적응
12241,train,1,1,1단계_완전_소외
12242,train,0,2,2단계_부분_적응
12243,train,0,2,2단계_부분_적응
12244,train,1,1,1단계_완전_소외
12245,train,0,2,2단계_부분_적응
12246,train,1,1,1단계_완전_소외
12247,train,0,2,2단계_부분_적응
12248,train,1,1,1단계_완전_소외
12249,train,2,3,3단계_자립_적응
12250,train,1,1,1단계_완전_소외
12251,train,1,1,1단계_완전_소외
12252,train,1,1,1단계_완전_소외
12253,train,2,3,3단계_자립_적응
12254,train,1,1,1단계_완전_소외
12255,train,0,2,2단계_부분_적응
12256,train,1,1,1단계_완전_소외
12257,train,1,1,1단계_완전_소외
12258,train,0,2,2단계_부분_적응
12259,train,0,2,2단계_부분_적응
12260,train,0,2,2단계_부분_적응
12261,train,1,1,1단계_완전_소외
12262,train,2,3,3단계_자립_적응
12263,train,0,2,2단계_부분_적응
12264,train,0,2,2단계_부분_적응
12265,train,2,3,3단계_자립_적응
12266,train,0,2,2단계_부분_적응
12267,train,2,3,3단계_자립_적응
12268,train,2,3,3단계_자립_적응
12269,train,1,1,1단계_완전_소외
12270,train,1,1,1단계_완전_소외
12271,train,0,2,2단계_부분_적응
12272,train,2,3,3단계_자립_적응
12273,train,1,1,1단계_완전_소외
12274,train,2,3,3단계_자립_적응
12275,train,0,2,2단계_부분_적응
12276,train,0,2,2단계_부분_적응
12277,train,0,2,2단계_부분_적응
12278,train,1,1,1단계_완전_소외
12279,train,2,3,3단계_자립_적응
12280,train,1,1,1단계_완전_소외
12281,train,1,1,1단계_완전_소외
12282,train,2,3,3단계_자립_적응
12283,train,2,3,3단계_자립_적응
12284,train,0,2,2단계_부분_적응
12285,train,0,2,2단계_부분_적응
12286,train,1,1,1단계_완전_소외
12287,train,1,1,1단계_완전_소외
12288,train,1,1,1단계_완전_소외
12289,train,0,2,2단계_부분_적응
12290,train,0,2,2단계_부분_적응
12291,train,0,2,2단계_부분_적응
12292,train,0,2,2단계_부분_적응
12293,train,0,2,2단계_부분_적응
12294,train,1,1,1단계_완전_소외
12295,train,2,3,3단계_자립_적응
12296,train,0,2,2단계_부분_적응
12297,train,2,3,3단계_자립_적응
12298,train,0,2,2단계_부분_적응
12299,train,1,1,1단계_완전_소외
12300,train,0,2,2단계_부분_적응
12301,train,2,3,3단계_자립_적응
12302,train,0,2,2단계_부분_적응
12303,train,2,3,3단계_자립_적응
12304,train,2,3,3단계_자립_적응
12305,train,2,3,3단계_자립_적응
12306,train,1,1,1단계_완전_소외
12307,train,1,1,1단계_완전_소외
12308,train,1,1,1단계_완전_소외
12309,train,1,1,1단계_완전_소외
12310,train,1,1,1단계_완전_소외
12311,train,2,3,3단계_자립_적응
12312,train,0,2,2단계_부분_적응
12313,train,0,2,2단계_부분_적응
12314,train,0,2,2단계_부분_적응
12315,train,0,2,2단계_부분_적응
12316,train,1,1,1단계_완전_소외
12317,train,0,2,2단계_부분_적응
12318,train,0,2,2단계_부분_적응
12319,train,2,3,3단계_자립_적응
12320,train,0,2,2단계_부분_적응
12321,train,2,3,3단계_자립_적응
12322,train,1,1,1단계_완전_소외
12323,train,0,2,2단계_부분_적응
12324,train,2,3,3단계_자립_적응
12325,train,0,2,2단계_부분_적응
12326,train,1,1,1단계_완전_소외
12327,train,0,2,2단계_부분_적응
12328,train,2,3,3단계_자립_적응
12329,train,2,3,3단계_자립_적응
12330,train,0,2,2단계_부분_적응
12331,train,0,2,2단계_부분_적응
12332,train,0,2,2단계_부분_적응
12333,train,2,3,3단계_자립_적응
12334,train,0,2,2단계_부분_적응
12335,train,2,3,3단계_자립_적응
12336,train,1,1,1단계_완전_소외
12337,train,2,3,3단계_자립_적응
12338,train,1,1,1단계_완전_소외
12339,train,1,1,1단계_완전_소외
12340,train,2,3,3단계_자립_적응
12341,train,1,1,1단계_완전_소외
12342,train,2,3,3단계_자립_적응
12343,train,0,2,2단계_부분_적응
12344,train,2,3,3단계_자립_적응
12345,train,0,2,2단계_부분_적응
12346,train,2,3,3단계_자립_적응
12347,train,2,3,3단계_자립_적응
12348,train,2,3,3단계_자립_적응
12349,train,0,2,2단계_부분_적응
12350,train,0,2,2단계_부분_적응
12351,train,0,2,2단계_부분_적응
12352,train,2,3,3단계_자립_적응
12353,train,0,2,2단계_부분_적응
12354,train,2,3,3단계_자립_적응
12355,train,0,2,2단계_부분_적응
12356,train,2,3,3단계_자립_적응
12357,train,2,3,3단계_자립_적응
12358,train,1,1,1단계_완전_소외
12359,train,0,2,2단계_부분_적응
12360,train,0,2,2단계_부분_적응
12361,train,2,3,3단계_자립_적응
12362,train,1,1,1단계_완전_소외
12363,train,2,3,3단계_자립_적응
12364,train,1,1,1단계_완전_소외
12365,train,0,2,2단계_부분_적응
12366,train,1,1,1단계_완전_소외
12367,train,1,1,1단계_완전_소외
12368,train,0,2,2단계_부분_적응
12369,train,0,2,2단계_부분_적응
12370,train,1,1,1단계_완전_소외
12371,train,0,2,2단계_부분_적응
12372,train,0,2,2단계_부분_적응
12373,train,2,3,3단계_자립_적응
12374,train,0,2,2단계_부분_적응
12375,train,2,3,3단계_자립_적응
12376,train,2,3,3단계_자립_적응
12377,train,2,3,3단계_자립_적응
12378,train,1,1,1단계_완전_소외
12379,train,1,1,1단계_완전_소외
12380,train,1,1,1단계_완전_소외
12381,train,1,1,1단계_완전_소외
12382,train,2,3,3단계_자립_적응
12383,train,1,1,1단계_완전_소외
12384,train,1,1,1단계_완전_소외
12385,train,0,2,2단계_부분_적응
12386,train,1,1,1단계_완전_소외
12387,train,1,1,1단계_완전_소외
12388,train,0,2,2단계_부분_적응
12389,train,1,1,1단계_완전_소외
12390,train,0,2,2단계_부분_적응
12391,train,0,2,2단계_부분_적응
12392,train,0,2,2단계_부분_적응
12393,train,1,1,1단계_완전_소외
12394,train,0,2,2단계_부분_적응
12395,train,1,1,1단계_완전_소외
12396,train,0,2,2단계_부분_적응
12397,train,2,3,3단계_자립_적응
12398,train,0,2,2단계_부분_적응
12399,train,1,1,1단계_완전_소외
12400,train,1,1,1단계_완전_소외
12401,train,2,3,3단계_자립_적응
12402,train,1,1,1단계_완전_소외
12403,train,0,2,2단계_부분_적응
12404,train,0,2,2단계_부분_적응
12405,train,1,1,1단계_완전_소외
12406,train,1,1,1단계_완전_소외
12407,train,2,3,3단계_자립_적응
12408,train,0,2,2단계_부분_적응
12409,train,0,2,2단계_부분_적응
12410,train,0,2,2단계_부분_적응
12411,train,1,1,1단계_완전_소외
12412,train,0,2,2단계_부분_적응
12413,train,0,2,2단계_부분_적응
12414,train,1,1,1단계_완전_소외
12415,train,2,3,3단계_자립_적응
12416,train,0,2,2단계_부분_적응
12417,train,1,1,1단계_완전_소외
12418,train,2,3,3단계_자립_적응
12419,train,0,2,2단계_부분_적응
12420,train,0,2,2단계_부분_적응
12421,train,0,2,2단계_부분_적응
12422,train,0,2,2단계_부분_적응
12423,train,2,3,3단계_자립_적응
12424,train,2,3,3단계_자립_적응
12425,train,2,3,3단계_자립_적응
12426,train,0,2,2단계_부분_적응
12427,train,2,3,3단계_자립_적응
12428,train,1,1,1단계_완전_소외
12429,train,1,1,1단계_완전_소외
12430,train,0,2,2단계_부분_적응
12431,train,0,2,2단계_부분_적응
12432,train,2,3,3단계_자립_적응
12433,train,1,1,1단계_완전_소외
12434,train,2,3,3단계_자립_적응
12435,train,2,3,3단계_자립_적응
12436,train,1,1,1단계_완전_소외
12437,train,1,1,1단계_완전_소외
12438,train,2,3,3단계_자립_적응
12439,train,2,3,3단계_자립_적응
12440,train,2,3,3단계_자립_적응
12441,train,2,3,3단계_자립_적응
12442,train,1,1,1단계_완전_소외
12443,train,0,2,2단계_부분_적응
12444,train,2,3,3단계_자립_적응
12445,train,1,1,1단계_완전_소외
12446,train,2,3,3단계_자립_적응
12447,train,2,3,3단계_자립_적응
12448,train,0,2,2단계_부분_적응
12449,train,2,3,3단계_자립_적응
12450,train,2,3,3단계_자립_적응
12451,train,1,1,1단계_완전_소외
12452,train,1,1,1단계_완전_소외
12453,train,1,1,1단계_완전_소외
12454,train,2,3,3단계_자립_적응
12455,train,2,3,3단계_자립_적응
12456,train,1,1,1단계_완전_소외
12457,train,0,2,2단계_부분_적응
12458,train,2,3,3단계_자립_적응
12459,train,2,3,3단계_자립_적응
12460,train,2,3,3단계_자립_적응
12461,train,1,1,1단계_완전_소외
12462,train,2,3,3단계_자립_적응
12463,train,0,2,2단계_부분_적응
12464,train,1,1,1단계_완전_소외
12465,train,2,3,3단계_자립_적응
12466,train,2,3,3단계_자립_적응
12467,train,1,1,1단계_완전_소외
12468,train,1,1,1단계_완전_소외
12469,train,2,3,3단계_자립_적응
12470,train,1,1,1단계_완전_소외
12471,train,0,2,2단계_부분_적응
12472,train,0,2,2단계_부분_적응
12473,train,0,2,2단계_부분_적응
12474,train,2,3,3단계_자립_적응
12475,train,0,2,2단계_부분_적응
12476,train,2,3,3단계_자립_적응
12477,train,0,2,2단계_부분_적응
12478,train,0,2,2단계_부분_적응
12479,train,1,1,1단계_완전_소외
12480,train,1,1,1단계_완전_소외
12481,train,2,3,3단계_자립_적응
12482,train,2,3,3단계_자립_적응
12483,train,0,2,2단계_부분_적응
12484,train,1,1,1단계_완전_소외
12485,train,2,3,3단계_자립_적응
12486,train,2,3,3단계_자립_적응
12487,train,1,1,1단계_완전_소외
12488,train,2,3,3단계_자립_적응
12489,train,0,2,2단계_부분_적응
12490,train,0,2,2단계_부분_적응
12491,train,0,2,2단계_부분_적응
12492,train,1,1,1단계_완전_소외
12493,train,1,1,1단계_완전_소외
12494,train,1,1,1단계_완전_소외
12495,train,1,1,1단계_완전_소외
12496,train,2,3,3단계_자립_적응
12497,train,2,3,3단계_자립_적응
12498,train,2,3,3단계_자립_적응
12499,train,2,3,3단계_자립_적응
12500,train,2,3,3단계_자립_적응
12501,train,2,3,3단계_자립_적응
12502,train,2,3,3단계_자립_적응
12503,train,2,3,3단계_자립_적응
12504,train,1,1,1단계_완전_소외
12505,train,1,1,1단계_완전_소외
12506,train,1,1,1단계_완전_소외
12507,train,1,1,1단계_완전_소외
12508,train,1,1,1단계_완전_소외
12509,train,2,3,3단계_자립_적응
12510,train,0,2,2단계_부분_적응
12511,train,1,1,1단계_완전_소외
12512,train,0,2,2단계_부분_적응
12513,train,0,2,2단계_부분_적응
12514,train,0,2,2단계_부분_적응
12515,train,2,3,3단계_자립_적응
12516,train,2,3,3단계_자립_적응
12517,train,1,1,1단계_완전_소외
12518,train,1,1,1단계_완전_소외
12519,train,2,3,3단계_자립_적응
12520,train,2,3,3단계_자립_적응
12521,train,2,3,3단계_자립_적응
12522,train,0,2,2단계_부분_적응
12523,train,2,3,3단계_자립_적응
12524,train,1,1,1단계_완전_소외
12525,train,1,1,1단계_완전_소외
12526,train,2,3,3단계_자립_적응
12527,train,2,3,3단계_자립_적응
12528,train,0,2,2단계_부분_적응
12529,train,0,2,2단계_부분_적응
12530,train,2,3,3단계_자립_적응
12531,train,2,3,3단계_자립_적응
12532,train,2,3,3단계_자립_적응
12533,train,1,1,1단계_완전_소외
12534,train,0,2,2단계_부분_적응
12535,train,0,2,2단계_부분_적응
12536,train,1,1,1단계_완전_소외
12537,train,0,2,2단계_부분_적응
12538,train,0,2,2단계_부분_적응
12539,train,2,3,3단계_자립_적응
12540,train,1,1,1단계_완전_소외
12541,train,2,3,3단계_자립_적응
12542,train,0,2,2단계_부분_적응
12543,train,0,2,2단계_부분_적응
12544,train,1,1,1단계_완전_소외
12545,train,1,1,1단계_완전_소외
12546,train,1,1,1단계_완전_소외
12547,train,2,3,3단계_자립_적응
12548,train,0,2,2단계_부분_적응
12549,train,0,2,2단계_부분_적응
12550,train,2,3,3단계_자립_적응
12551,train,0,2,2단계_부분_적응
12552,train,0,2,2단계_부분_적응
12553,train,0,2,2단계_부분_적응
12554,train,0,2,2단계_부분_적응
12555,train,1,1,1단계_완전_소외
12556,train,1,1,1단계_완전_소외
12557,train,1,1,1단계_완전_소외
12558,train,0,2,2단계_부분_적응
12559,train,2,3,3단계_자립_적응
12560,train,2,3,3단계_자립_적응
12561,train,0,2,2단계_부분_적응
12562,train,1,1,1단계_완전_소외
12563,train,1,1,1단계_완전_소외
12564,train,1,1,1단계_완전_소외
12565,train,1,1,1단계_완전_소외
12566,train,1,1,1단계_완전_소외
12567,train,0,2,2단계_부분_적응
12568,train,1,1,1단계_완전_소외
12569,train,1,1,1단계_완전_소외
12570,train,1,1,1단계_완전_소외
12571,train,1,1,1단계_완전_소외
12572,train,2,3,3단계_자립_적응
12573,train,0,2,2단계_부분_적응
12574,train,1,1,1단계_완전_소외
12575,train,2,3,3단계_자립_적응
12576,train,1,1,1단계_완전_소외
12577,train,2,3,3단계_자립_적응
12578,train,0,2,2단계_부분_적응
12579,train,2,3,3단계_자립_적응
12580,train,1,1,1단계_완전_소외
12581,train,1,1,1단계_완전_소외
12582,train,1,1,1단계_완전_소외
12583,train,1,1,1단계_완전_소외
12584,train,1,1,1단계_완전_소외
12585,train,1,1,1단계_완전_소외
12586,train,2,3,3단계_자립_적응
12587,train,1,1,1단계_완전_소외
12588,train,0,2,2단계_부분_적응
12589,train,1,1,1단계_완전_소외
12590,train,0,2,2단계_부분_적응
12591,train,0,2,2단계_부분_적응
12592,train,0,2,2단계_부분_적응
12593,train,1,1,1단계_완전_소외
12594,train,1,1,1단계_완전_소외
12595,train,0,2,2단계_부분_적응
12596,train,2,3,3단계_자립_적응
12597,train,0,2,2단계_부분_적응
12598,train,0,2,2단계_부분_적응
12599,train,2,3,3단계_자립_적응
12600,train,1,1,1단계_완전_소외
12601,train,0,2,2단계_부분_적응
12602,train,0,2,2단계_부분_적응
12603,train,1,1,1단계_완전_소외
12604,train,2,3,3단계_자립_적응
12605,train,1,1,1단계_완전_소외
12606,train,1,1,1단계_완전_소외
12607,train,2,3,3단계_자립_적응
12608,train,1,1,1단계_완전_소외
12609,train,1,1,1단계_완전_소외
12610,train,0,2,2단계_부분_적응
12611,train,0,2,2단계_부분_적응
12612,train,0,2,2단계_부분_적응
12613,train,0,2,2단계_부분_적응
12614,train,0,2,2단계_부분_적응
12615,train,2,3,3단계_자립_적응
12616,train,0,2,2단계_부분_적응
12617,train,2,3,3단계_자립_적응
12618,train,0,2,2단계_부분_적응
12619,train,0,2,2단계_부분_적응
12620,train,0,2,2단계_부분_적응
12621,train,2,3,3단계_자립_적응
12622,train,0,2,2단계_부분_적응
12623,train,1,1,1단계_완전_소외
12624,train,2,3,3단계_자립_적응
12625,train,0,2,2단계_부분_적응
12626,train,0,2,2단계_부분_적응
12627,train,1,1,1단계_완전_소외
12628,train,1,1,1단계_완전_소외
12629,train,0,2,2단계_부분_적응
12630,train,0,2,2단계_부분_적응
12631,train,1,1,1단계_완전_소외
12632,train,0,2,2단계_부분_적응
12633,train,1,1,1단계_완전_소외
12634,train,2,3,3단계_자립_적응
12635,train,2,3,3단계_자립_적응
12636,train,1,1,1단계_완전_소외
12637,train,1,1,1단계_완전_소외
12638,train,0,2,2단계_부분_적응
12639,train,0,2,2단계_부분_적응
12640,train,1,1,1단계_완전_소외
12641,train,0,2,2단계_부분_적응
12642,train,2,3,3단계_자립_적응
12643,train,1,1,1단계_완전_소외
12644,train,2,3,3단계_자립_적응
12645,train,0,2,2단계_부분_적응
12646,train,1,1,1단계_완전_소외
12647,train,1,1,1단계_완전_소외
12648,train,1,1,1단계_완전_소외
12649,train,0,2,2단계_부분_적응
12650,train,0,2,2단계_부분_적응
12651,train,1,1,1단계_완전_소외
12652,train,1,1,1단계_완전_소외
12653,train,2,3,3단계_자립_적응
12654,train,0,2,2단계_부분_적응
12655,train,1,1,1단계_완전_소외
12656,train,2,3,3단계_자립_적응
12657,train,0,2,2단계_부분_적응
12658,train,1,1,1단계_완전_소외
12659,train,0,2,2단계_부분_적응
12660,train,1,1,1단계_완전_소외
12661,train,1,1,1단계_완전_소외
12662,train,0,2,2단계_부분_적응
12663,train,0,2,2단계_부분_적응
12664,train,2,3,3단계_자립_적응
12665,train,2,3,3단계_자립_적응
12666,train,1,1,1단계_완전_소외
12667,train,0,2,2단계_부분_적응
12668,train,2,3,3단계_자립_적응
12669,train,0,2,2단계_부분_적응
12670,train,0,2,2단계_부분_적응
12671,train,0,2,2단계_부분_적응
12672,train,0,2,2단계_부분_적응
12673,train,0,2,2단계_부분_적응
12674,train,0,2,2단계_부분_적응
12675,train,0,2,2단계_부분_적응
12676,train,0,2,2단계_부분_적응
12677,train,2,3,3단계_자립_적응
12678,train,1,1,1단계_완전_소외
12679,train,2,3,3단계_자립_적응
12680,train,2,3,3단계_자립_적응
12681,train,0,2,2단계_부분_적응
12682,train,0,2,2단계_부분_적응
12683,train,0,2,2단계_부분_적응
12684,train,2,3,3단계_자립_적응
12685,train,0,2,2단계_부분_적응
12686,train,1,1,1단계_완전_소외
12687,train,0,2,2단계_부분_적응
12688,train,2,3,3단계_자립_적응
12689,train,2,3,3단계_자립_적응
12690,train,0,2,2단계_부분_적응
12691,train,0,2,2단계_부분_적응
12692,train,1,1,1단계_완전_소외
12693,train,1,1,1단계_완전_소외
12694,train,0,2,2단계_부분_적응
12695,train,2,3,3단계_자립_적응
12696,train,2,3,3단계_자립_적응
12697,train,0,2,2단계_부분_적응
12698,train,0,2,2단계_부분_적응
12699,train,1,1,1단계_완전_소외
12700,train,0,2,2단계_부분_적응
12701,train,0,2,2단계_부분_적응
12702,train,1,1,1단계_완전_소외
12703,train,0,2,2단계_부분_적응
12704,train,0,2,2단계_부분_적응
12705,train,0,2,2단계_부분_적응
12706,train,1,1,1단계_완전_소외
12707,train,0,2,2단계_부분_적응
12708,train,0,2,2단계_부분_적응
12709,train,0,2,2단계_부분_적응
12710,train,1,1,1단계_완전_소외
12711,train,2,3,3단계_자립_적응
12712,train,0,2,2단계_부분_적응
12713,train,0,2,2단계_부분_적응
12714,train,0,2,2단계_부분_적응
12715,train,1,1,1단계_완전_소외
12716,train,1,1,1단계_완전_소외
12717,train,1,1,1단계_완전_소외
12718,train,2,3,3단계_자립_적응
12719,train,0,2,2단계_부분_적응
12720,train,0,2,2단계_부분_적응
12721,train,1,1,1단계_완전_소외
12722,train,1,1,1단계_완전_소외
12723,train,1,1,1단계_완전_소외
12724,train,1,1,1단계_완전_소외
12725,train,1,1,1단계_완전_소외
12726,train,1,1,1단계_완전_소외
12727,train,0,2,2단계_부분_적응
12728,train,1,1,1단계_완전_소외
12729,train,0,2,2단계_부분_적응
12730,train,1,1,1단계_완전_소외
12731,train,1,1,1단계_완전_소외
12732,train,1,1,1단계_완전_소외
12733,train,0,2,2단계_부분_적응
12734,train,0,2,2단계_부분_적응
12735,train,1,1,1단계_완전_소외
12736,train,1,1,1단계_완전_소외
12737,train,0,2,2단계_부분_적응
12738,train,1,1,1단계_완전_소외
12739,train,0,2,2단계_부분_적응
12740,train,2,3,3단계_자립_적응
12741,train,0,2,2단계_부분_적응
12742,train,1,1,1단계_완전_소외
12743,train,0,2,2단계_부분_적응
12744,train,2,3,3단계_자립_적응
12745,train,1,1,1단계_완전_소외
12746,train,1,1,1단계_완전_소외
12747,train,1,1,1단계_완전_소외
12748,train,1,1,1단계_완전_소외
12749,train,2,3,3단계_자립_적응
12750,train,2,3,3단계_자립_적응
12751,train,2,3,3단계_자립_적응
12752,train,2,3,3단계_자립_적응
12753,train,1,1,1단계_완전_소외
12754,train,1,1,1단계_완전_소외
12755,train,1,1,1단계_완전_소외
12756,train,2,3,3단계_자립_적응
12757,train,0,2,2단계_부분_적응
12758,train,2,3,3단계_자립_적응
12759,train,0,2,2단계_부분_적응
12760,train,2,3,3단계_자립_적응
12761,train,2,3,3단계_자립_적응
12762,train,1,1,1단계_완전_소외
12763,train,1,1,1단계_완전_소외
12764,train,1,1,1단계_완전_소외
12765,train,2,3,3단계_자립_적응
12766,train,1,1,1단계_완전_소외
12767,train,2,3,3단계_자립_적응
12768,train,0,2,2단계_부분_적응
12769,train,0,2,2단계_부분_적응
12770,train,2,3,3단계_자립_적응
12771,train,0,2,2단계_부분_적응
12772,train,0,2,2단계_부분_적응
12773,train,1,1,1단계_완전_소외
12774,train,2,3,3단계_자립_적응
12775,train,0,2,2단계_부분_적응
12776,train,2,3,3단계_자립_적응
12777,train,1,1,1단계_완전_소외
12778,train,1,1,1단계_완전_소외
12779,train,0,2,2단계_부분_적응
12780,train,0,2,2단계_부분_적응
12781,train,1,1,1단계_완전_소외
12782,train,0,2,2단계_부분_적응
12783,train,2,3,3단계_자립_적응
12784,train,2,3,3단계_자립_적응
12785,train,2,3,3단계_자립_적응
12786,train,0,2,2단계_부분_적응
12787,train,2,3,3단계_자립_적응
12788,train,2,3,3단계_자립_적응
12789,train,2,3,3단계_자립_적응
12790,train,2,3,3단계_자립_적응
12791,train,2,3,3단계_자립_적응
12792,train,0,2,2단계_부분_적응
12793,train,1,1,1단계_완전_소외
12794,train,0,2,2단계_부분_적응
12795,train,1,1,1단계_완전_소외
12796,train,0,2,2단계_부분_적응
12797,train,0,2,2단계_부분_적응
12798,train,2,3,3단계_자립_적응
12799,train,0,2,2단계_부분_적응
12800,train,0,2,2단계_부분_적응
12801,train,2,3,3단계_자립_적응
12802,train,2,3,3단계_자립_적응
12803,train,0,2,2단계_부분_적응
12804,train,1,1,1단계_완전_소외
12805,train,2,3,3단계_자립_적응
12806,train,2,3,3단계_자립_적응
12807,train,2,3,3단계_자립_적응
12808,train,0,2,2단계_부분_적응
12809,train,2,3,3단계_자립_적응
12810,train,0,2,2단계_부분_적응
12811,train,0,2,2단계_부분_적응
12812,train,0,2,2단계_부분_적응
12813,train,1,1,1단계_완전_소외
12814,train,1,1,1단계_완전_소외
12815,train,0,2,2단계_부분_적응
12816,train,0,2,2단계_부분_적응
12817,train,2,3,3단계_자립_적응
12818,train,0,2,2단계_부분_적응
12819,train,1,1,1단계_완전_소외
12820,train,2,3,3단계_자립_적응
12821,train,1,1,1단계_완전_소외
12822,train,0,2,2단계_부분_적응
12823,train,1,1,1단계_완전_소외
12824,train,2,3,3단계_자립_적응
12825,train,0,2,2단계_부분_적응
12826,train,0,2,2단계_부분_적응
12827,train,1,1,1단계_완전_소외
12828,train,0,2,2단계_부분_적응
12829,train,1,1,1단계_완전_소외
12830,train,1,1,1단계_완전_소외
12831,train,2,3,3단계_자립_적응
12832,train,1,1,1단계_완전_소외
12833,train,0,2,2단계_부분_적응
12834,train,0,2,2단계_부분_적응
12835,train,0,2,2단계_부분_적응
12836,train,0,2,2단계_부분_적응
12837,train,1,1,1단계_완전_소외
12838,train,0,2,2단계_부분_적응
12839,train,2,3,3단계_자립_적응
12840,train,2,3,3단계_자립_적응
12841,train,0,2,2단계_부분_적응
12842,train,0,2,2단계_부분_적응
12843,train,0,2,2단계_부분_적응
12844,train,1,1,1단계_완전_소외
12845,train,0,2,2단계_부분_적응
12846,train,1,1,1단계_완전_소외
12847,train,1,1,1단계_완전_소외
12848,train,2,3,3단계_자립_적응
12849,train,1,1,1단계_완전_소외
12850,train,1,1,1단계_완전_소외
12851,train,1,1,1단계_완전_소외
12852,train,1,1,1단계_완전_소외
12853,train,1,1,1단계_완전_소외
12854,train,1,1,1단계_완전_소외
12855,train,0,2,2단계_부분_적응
12856,train,0,2,2단계_부분_적응
12857,train,2,3,3단계_자립_적응
12858,train,0,2,2단계_부분_적응
12859,train,1,1,1단계_완전_소외
12860,train,1,1,1단계_완전_소외
12861,train,0,2,2단계_부분_적응
12862,train,2,3,3단계_자립_적응
12863,train,1,1,1단계_완전_소외
12864,train,2,3,3단계_자립_적응
12865,train,2,3,3단계_자립_적응
12866,train,1,1,1단계_완전_소외
12867,train,1,1,1단계_완전_소외
12868,train,2,3,3단계_자립_적응
12869,train,2,3,3단계_자립_적응
12870,train,0,2,2단계_부분_적응
12871,train,1,1,1단계_완전_소외
12872,train,2,3,3단계_자립_적응
12873,train,0,2,2단계_부분_적응
12874,train,1,1,1단계_완전_소외
12875,train,0,2,2단계_부분_적응
12876,train,2,3,3단계_자립_적응
12877,train,2,3,3단계_자립_적응
12878,train,1,1,1단계_완전_소외
12879,train,1,1,1단계_완전_소외
12880,train,0,2,2단계_부분_적응
12881,train,1,1,1단계_완전_소외
12882,train,1,1,1단계_완전_소외
12883,train,1,1,1단계_완전_소외
12884,train,1,1,1단계_완전_소외
12885,train,2,3,3단계_자립_적응
12886,train,2,3,3단계_자립_적응
12887,train,0,2,2단계_부분_적응
12888,train,0,2,2단계_부분_적응
12889,train,2,3,3단계_자립_적응
12890,train,2,3,3단계_자립_적응
12891,train,2,3,3단계_자립_적응
12892,train,0,2,2단계_부분_적응
12893,train,1,1,1단계_완전_소외
12894,train,2,3,3단계_자립_적응
12895,train,1,1,1단계_완전_소외
12896,train,1,1,1단계_완전_소외
12897,train,2,3,3단계_자립_적응
12898,train,0,2,2단계_부분_적응
12899,train,1,1,1단계_완전_소외
12900,train,0,2,2단계_부분_적응
12901,train,1,1,1단계_완전_소외
12902,train,0,2,2단계_부분_적응
12903,train,1,1,1단계_완전_소외
12904,train,1,1,1단계_완전_소외
12905,train,1,1,1단계_완전_소외
12906,train,1,1,1단계_완전_소외
12907,train,1,1,1단계_완전_소외
12908,train,2,3,3단계_자립_적응
12909,train,1,1,1단계_완전_소외
12910,train,1,1,1단계_완전_소외
12911,train,0,2,2단계_부분_적응
12912,train,1,1,1단계_완전_소외
12913,train,0,2,2단계_부분_적응
12914,train,0,2,2단계_부분_적응
12915,train,1,1,1단계_완전_소외
12916,train,1,1,1단계_완전_소외
12917,train,0,2,2단계_부분_적응
12918,train,1,1,1단계_완전_소외
12919,train,0,2,2단계_부분_적응
12920,train,1,1,1단계_완전_소외
12921,train,0,2,2단계_부분_적응
12922,train,1,1,1단계_완전_소외
12923,train,0,2,2단계_부분_적응
12924,train,0,2,2단계_부분_적응
12925,train,2,3,3단계_자립_적응
12926,train,2,3,3단계_자립_적응
12927,train,0,2,2단계_부분_적응
12928,train,2,3,3단계_자립_적응
12929,train,1,1,1단계_완전_소외
12930,train,0,2,2단계_부분_적응
12931,train,0,2,2단계_부분_적응
12932,train,2,3,3단계_자립_적응
12933,train,0,2,2단계_부분_적응
12934,train,1,1,1단계_완전_소외
12935,train,0,2,2단계_부분_적응
12936,train,1,1,1단계_완전_소외
12937,train,1,1,1단계_완전_소외
12938,train,1,1,1단계_완전_소외
12939,train,1,1,1단계_완전_소외
12940,train,1,1,1단계_완전_소외
12941,train,0,2,2단계_부분_적응
12942,train,0,2,2단계_부분_적응
12943,train,2,3,3단계_자립_적응
12944,train,0,2,2단계_부분_적응
12945,train,2,3,3단계_자립_적응
12946,train,1,1,1단계_완전_소외
12947,train,1,1,1단계_완전_소외
12948,train,0,2,2단계_부분_적응
12949,train,1,1,1단계_완전_소외
12950,train,2,3,3단계_자립_적응
12951,train,0,2,2단계_부분_적응
12952,train,0,2,2단계_부분_적응
12953,train,0,2,2단계_부분_적응
12954,train,1,1,1단계_완전_소외
12955,train,0,2,2단계_부분_적응
12956,train,2,3,3단계_자립_적응
12957,train,2,3,3단계_자립_적응
12958,train,1,1,1단계_완전_소외
12959,train,1,1,1단계_완전_소외
12960,train,1,1,1단계_완전_소외
12961,train,0,2,2단계_부분_적응
12962,train,1,1,1단계_완전_소외
12963,train,1,1,1단계_완전_소외
12964,train,0,2,2단계_부분_적응
12965,train,2,3,3단계_자립_적응
12966,train,2,3,3단계_자립_적응
12967,train,1,1,1단계_완전_소외
12968,train,2,3,3단계_자립_적응
12969,train,1,1,1단계_완전_소외
12970,train,0,2,2단계_부분_적응
12971,train,1,1,1단계_완전_소외
12972,train,0,2,2단계_부분_적응
12973,train,0,2,2단계_부분_적응
12974,train,1,1,1단계_완전_소외
12975,train,1,1,1단계_완전_소외
12976,train,2,3,3단계_자립_적응
12977,train,0,2,2단계_부분_적응
12978,train,0,2,2단계_부분_적응
12979,train,2,3,3단계_자립_적응
12980,train,0,2,2단계_부분_적응
12981,train,0,2,2단계_부분_적응
12982,train,2,3,3단계_자립_적응
12983,train,2,3,3단계_자립_적응
12984,train,2,3,3단계_자립_적응
12985,train,1,1,1단계_완전_소외
12986,train,0,2,2단계_부분_적응
12987,train,0,2,2단계_부분_적응
12988,train,2,3,3단계_자립_적응
12989,train,2,3,3단계_자립_적응
12990,train,2,3,3단계_자립_적응
12991,train,1,1,1단계_완전_소외
12992,train,1,1,1단계_완전_소외
12993,train,1,1,1단계_완전_소외
12994,train,0,2,2단계_부분_적응
12995,train,0,2,2단계_부분_적응
12996,train,1,1,1단계_완전_소외
12997,train,0,2,2단계_부분_적응
12998,train,1,1,1단계_완전_소외
12999,train,1,1,1단계_완전_소외
13000,train,2,3,3단계_자립_적응
13001,train,0,2,2단계_부분_적응
13002,train,2,3,3단계_자립_적응
13003,train,1,1,1단계_완전_소외
13004,train,0,2,2단계_부분_적응
13005,train,1,1,1단계_완전_소외
13006,train,2,3,3단계_자립_적응
13007,train,0,2,2단계_부분_적응
13008,train,0,2,2단계_부분_적응
13009,train,0,2,2단계_부분_적응
13010,train,0,2,2단계_부분_적응
13011,train,2,3,3단계_자립_적응
13012,train,1,1,1단계_완전_소외
13013,train,1,1,1단계_완전_소외
13014,train,1,1,1단계_완전_소외
13015,train,0,2,2단계_부분_적응
13016,train,2,3,3단계_자립_적응
13017,train,2,3,3단계_자립_적응
13018,train,1,1,1단계_완전_소외
13019,train,2,3,3단계_자립_적응
13020,train,0,2,2단계_부분_적응
13021,train,1,1,1단계_완전_소외
13022,train,0,2,2단계_부분_적응
13023,train,0,2,2단계_부분_적응
13024,train,0,2,2단계_부분_적응
13025,train,0,2,2단계_부분_적응
13026,train,2,3,3단계_자립_적응
13027,train,0,2,2단계_부분_적응
13028,train,1,1,1단계_완전_소외
13029,train,0,2,2단계_부분_적응
13030,train,1,1,1단계_완전_소외
13031,train,2,3,3단계_자립_적응
13032,train,0,2,2단계_부분_적응
13033,train,0,2,2단계_부분_적응
13034,train,1,1,1단계_완전_소외
13035,train,2,3,3단계_자립_적응
13036,train,0,2,2단계_부분_적응
13037,train,2,3,3단계_자립_적응
13038,train,2,3,3단계_자립_적응
13039,train,1,1,1단계_완전_소외
13040,train,0,2,2단계_부분_적응
13041,train,0,2,2단계_부분_적응
13042,train,1,1,1단계_완전_소외
13043,train,0,2,2단계_부분_적응
13044,train,0,2,2단계_부분_적응
13045,train,0,2,2단계_부분_적응
13046,train,2,3,3단계_자립_적응
13047,train,1,1,1단계_완전_소외
13048,train,0,2,2단계_부분_적응
13049,train,0,2,2단계_부분_적응
13050,train,2,3,3단계_자립_적응
13051,train,1,1,1단계_완전_소외
13052,train,2,3,3단계_자립_적응
13053,train,1,1,1단계_완전_소외
13054,train,0,2,2단계_부분_적응
13055,train,0,2,2단계_부분_적응
13056,train,0,2,2단계_부분_적응
13057,train,1,1,1단계_완전_소외
13058,train,2,3,3단계_자립_적응
13059,train,0,2,2단계_부분_적응
13060,train,0,2,2단계_부분_적응
13061,train,2,3,3단계_자립_적응
13062,train,1,1,1단계_완전_소외
13063,train,2,3,3단계_자립_적응
13064,train,1,1,1단계_완전_소외
13065,train,1,1,1단계_완전_소외
13066,train,0,2,2단계_부분_적응
13067,train,0,2,2단계_부분_적응
13068,train,1,1,1단계_완전_소외
13069,train,1,1,1단계_완전_소외
13070,train,0,2,2단계_부분_적응
13071,train,0,2,2단계_부분_적응
13072,train,0,2,2단계_부분_적응
13073,train,2,3,3단계_자립_적응
13074,train,1,1,1단계_완전_소외
13075,train,1,1,1단계_완전_소외
13076,train,1,1,1단계_완전_소외
13077,train,0,2,2단계_부분_적응
13078,train,1,1,1단계_완전_소외
13079,train,0,2,2단계_부분_적응
13080,train,0,2,2단계_부분_적응
13081,train,0,2,2단계_부분_적응
13082,train,2,3,3단계_자립_적응
13083,train,2,3,3단계_자립_적응
13084,train,2,3,3단계_자립_적응
13085,train,1,1,1단계_완전_소외
13086,train,0,2,2단계_부분_적응
13087,train,1,1,1단계_완전_소외
13088,train,1,1,1단계_완전_소외
13089,train,1,1,1단계_완전_소외
13090,train,2,3,3단계_자립_적응
13091,train,0,2,2단계_부분_적응
13092,train,2,3,3단계_자립_적응
13093,train,2,3,3단계_자립_적응
13094,train,0,2,2단계_부분_적응
13095,train,2,3,3단계_자립_적응
13096,train,1,1,1단계_완전_소외
13097,train,1,1,1단계_완전_소외
13098,train,0,2,2단계_부분_적응
13099,train,0,2,2단계_부분_적응
13100,train,2,3,3단계_자립_적응
13101,train,1,1,1단계_완전_소외
13102,train,1,1,1단계_완전_소외
13103,train,0,2,2단계_부분_적응
13104,train,1,1,1단계_완전_소외
13105,train,0,2,2단계_부분_적응
13106,train,0,2,2단계_부분_적응
13107,train,2,3,3단계_자립_적응
13108,train,0,2,2단계_부분_적응
13109,train,2,3,3단계_자립_적응
13110,train,0,2,2단계_부분_적응
13111,train,2,3,3단계_자립_적응
13112,train,0,2,2단계_부분_적응
13113,train,0,2,2단계_부분_적응
13114,train,2,3,3단계_자립_적응
13115,train,1,1,1단계_완전_소외
13116,train,1,1,1단계_완전_소외
13117,train,0,2,2단계_부분_적응
13118,train,2,3,3단계_자립_적응
13119,train,0,2,2단계_부분_적응
13120,train,1,1,1단계_완전_소외
13121,train,1,1,1단계_완전_소외
13122,train,2,3,3단계_자립_적응
13123,train,0,2,2단계_부분_적응
13124,train,1,1,1단계_완전_소외
13125,train,0,2,2단계_부분_적응
13126,train,1,1,1단계_완전_소외
13127,train,0,2,2단계_부분_적응
13128,train,1,1,1단계_완전_소외
13129,train,1,1,1단계_완전_소외
13130,train,1,1,1단계_완전_소외
13131,train,1,1,1단계_완전_소외
13132,train,2,3,3단계_자립_적응
13133,train,0,2,2단계_부분_적응
13134,train,1,1,1단계_완전_소외
13135,train,0,2,2단계_부분_적응
13136,train,2,3,3단계_자립_적응
13137,train,0,2,2단계_부분_적응
13138,train,1,1,1단계_완전_소외
13139,train,2,3,3단계_자립_적응
13140,train,0,2,2단계_부분_적응
13141,train,2,3,3단계_자립_적응
13142,train,0,2,2단계_부분_적응
13143,train,0,2,2단계_부분_적응
13144,train,1,1,1단계_완전_소외
13145,train,2,3,3단계_자립_적응
13146,train,2,3,3단계_자립_적응
13147,train,2,3,3단계_자립_적응
13148,train,0,2,2단계_부분_적응
13149,train,1,1,1단계_완전_소외
13150,train,0,2,2단계_부분_적응
13151,train,0,2,2단계_부분_적응
13152,train,1,1,1단계_완전_소외
13153,train,0,2,2단계_부분_적응
13154,train,1,1,1단계_완전_소외
13155,train,2,3,3단계_자립_적응
13156,train,0,2,2단계_부분_적응
13157,train,1,1,1단계_완전_소외
13158,train,1,1,1단계_완전_소외
13159,train,2,3,3단계_자립_적응
13160,train,2,3,3단계_자립_적응
13161,train,0,2,2단계_부분_적응
13162,train,1,1,1단계_완전_소외
13163,train,1,1,1단계_완전_소외
13164,train,2,3,3단계_자립_적응
13165,train,0,2,2단계_부분_적응
13166,train,2,3,3단계_자립_적응
13167,train,0,2,2단계_부분_적응
13168,train,0,2,2단계_부분_적응
13169,train,2,3,3단계_자립_적응
13170,train,2,3,3단계_자립_적응
13171,train,0,2,2단계_부분_적응
13172,train,1,1,1단계_완전_소외
13173,train,0,2,2단계_부분_적응
13174,train,2,3,3단계_자립_적응
13175,train,2,3,3단계_자립_적응
13176,train,0,2,2단계_부분_적응
13177,train,0,2,2단계_부분_적응
13178,train,0,2,2단계_부분_적응
13179,train,1,1,1단계_완전_소외
13180,train,2,3,3단계_자립_적응
13181,train,1,1,1단계_완전_소외
13182,train,2,3,3단계_자립_적응
13183,train,1,1,1단계_완전_소외
13184,train,2,3,3단계_자립_적응
13185,train,0,2,2단계_부분_적응
13186,train,0,2,2단계_부분_적응
13187,train,1,1,1단계_완전_소외
13188,train,1,1,1단계_완전_소외
13189,train,1,1,1단계_완전_소외
13190,train,0,2,2단계_부분_적응
13191,train,2,3,3단계_자립_적응
13192,train,1,1,1단계_완전_소외
13193,train,1,1,1단계_완전_소외
13194,train,0,2,2단계_부분_적응
13195,train,2,3,3단계_자립_적응
13196,train,1,1,1단계_완전_소외
13197,train,1,1,1단계_완전_소외
13198,train,2,3,3단계_자립_적응
13199,train,1,1,1단계_완전_소외
13200,train,0,2,2단계_부분_적응
13201,train,1,1,1단계_완전_소외
13202,train,1,1,1단계_완전_소외
13203,train,2,3,3단계_자립_적응
13204,train,0,2,2단계_부분_적응
13205,train,1,1,1단계_완전_소외
13206,train,2,3,3단계_자립_적응
13207,train,1,1,1단계_완전_소외
13208,train,2,3,3단계_자립_적응
13209,train,0,2,2단계_부분_적응
13210,train,1,1,1단계_완전_소외
13211,train,1,1,1단계_완전_소외
13212,train,2,3,3단계_자립_적응
13213,train,1,1,1단계_완전_소외
13214,train,0,2,2단계_부분_적응
13215,train,2,3,3단계_자립_적응
13216,train,2,3,3단계_자립_적응
13217,train,2,3,3단계_자립_적응
13218,train,1,1,1단계_완전_소외
13219,train,1,1,1단계_완전_소외
13220,train,1,1,1단계_완전_소외
13221,train,0,2,2단계_부분_적응
13222,train,0,2,2단계_부분_적응
13223,train,2,3,3단계_자립_적응
13224,train,1,1,1단계_완전_소외
13225,train,0,2,2단계_부분_적응
13226,train,1,1,1단계_완전_소외
13227,train,1,1,1단계_완전_소외
13228,train,0,2,2단계_부분_적응
13229,train,1,1,1단계_완전_소외
13230,train,2,3,3단계_자립_적응
13231,train,1,1,1단계_완전_소외
13232,train,2,3,3단계_자립_적응
13233,train,0,2,2단계_부분_적응
13234,train,2,3,3단계_자립_적응
13235,train,0,2,2단계_부분_적응
13236,train,1,1,1단계_완전_소외
13237,train,1,1,1단계_완전_소외
13238,train,2,3,3단계_자립_적응
13239,train,1,1,1단계_완전_소외
13240,train,0,2,2단계_부분_적응
13241,train,2,3,3단계_자립_적응
13242,train,0,2,2단계_부분_적응
13243,train,2,3,3단계_자립_적응
13244,train,0,2,2단계_부분_적응
13245,train,2,3,3단계_자립_적응
13246,train,0,2,2단계_부분_적응
13247,train,0,2,2단계_부분_적응
13248,train,1,1,1단계_완전_소외
13249,train,1,1,1단계_완전_소외
13250,train,2,3,3단계_자립_적응
13251,train,2,3,3단계_자립_적응
13252,train,2,3,3단계_자립_적응
13253,train,2,3,3단계_자립_적응
13254,train,2,3,3단계_자립_적응
13255,train,2,3,3단계_자립_적응
13256,train,1,1,1단계_완전_소외
13257,train,1,1,1단계_완전_소외
13258,train,0,2,2단계_부분_적응
13259,train,1,1,1단계_완전_소외
13260,train,2,3,3단계_자립_적응
13261,train,0,2,2단계_부분_적응
13262,train,1,1,1단계_완전_소외
13263,train,2,3,3단계_자립_적응
13264,train,1,1,1단계_완전_소외
13265,train,1,1,1단계_완전_소외
13266,train,0,2,2단계_부분_적응
13267,train,2,3,3단계_자립_적응
13268,train,0,2,2단계_부분_적응
13269,train,0,2,2단계_부분_적응
13270,train,1,1,1단계_완전_소외
13271,train,1,1,1단계_완전_소외
13272,train,2,3,3단계_자립_적응
13273,train,0,2,2단계_부분_적응
13274,train,0,2,2단계_부분_적응
13275,train,0,2,2단계_부분_적응
13276,train,0,2,2단계_부분_적응
13277,train,1,1,1단계_완전_소외
13278,train,1,1,1단계_완전_소외
13279,train,0,2,2단계_부분_적응
13280,train,1,1,1단계_완전_소외
13281,train,0,2,2단계_부분_적응
13282,train,1,1,1단계_완전_소외
13283,train,2,3,3단계_자립_적응
13284,train,2,3,3단계_자립_적응
13285,train,0,2,2단계_부분_적응
13286,train,1,1,1단계_완전_소외
13287,train,1,1,1단계_완전_소외
13288,train,0,2,2단계_부분_적응
13289,train,2,3,3단계_자립_적응
13290,train,0,2,2단계_부분_적응
13291,train,1,1,1단계_완전_소외
13292,train,1,1,1단계_완전_소외
13293,train,1,1,1단계_완전_소외
13294,train,1,1,1단계_완전_소외
13295,train,1,1,1단계_완전_소외
13296,train,1,1,1단계_완전_소외
13297,train,0,2,2단계_부분_적응
13298,train,1,1,1단계_완전_소외
13299,train,1,1,1단계_완전_소외
13300,train,1,1,1단계_완전_소외
13301,train,2,3,3단계_자립_적응
13302,train,1,1,1단계_완전_소외
13303,train,1,1,1단계_완전_소외
13304,train,0,2,2단계_부분_적응
13305,train,1,1,1단계_완전_소외
13306,train,0,2,2단계_부분_적응
13307,train,2,3,3단계_자립_적응
13308,train,1,1,1단계_완전_소외
13309,train,0,2,2단계_부분_적응
13310,train,0,2,2단계_부분_적응
13311,train,0,2,2단계_부분_적응
13312,train,0,2,2단계_부분_적응
13313,train,1,1,1단계_완전_소외
13314,train,0,2,2단계_부분_적응
13315,train,1,1,1단계_완전_소외
13316,train,0,2,2단계_부분_적응
13317,train,1,1,1단계_완전_소외
13318,train,2,3,3단계_자립_적응
13319,train,2,3,3단계_자립_적응
13320,train,1,1,1단계_완전_소외
13321,train,2,3,3단계_자립_적응
13322,train,0,2,2단계_부분_적응
13323,train,1,1,1단계_완전_소외
13324,train,2,3,3단계_자립_적응
13325,train,0,2,2단계_부분_적응
13326,train,1,1,1단계_완전_소외
13327,train,2,3,3단계_자립_적응
13328,train,0,2,2단계_부분_적응
13329,train,1,1,1단계_완전_소외
13330,train,2,3,3단계_자립_적응
13331,train,1,1,1단계_완전_소외
13332,train,1,1,1단계_완전_소외
13333,train,2,3,3단계_자립_적응
13334,train,0,2,2단계_부분_적응
13335,train,2,3,3단계_자립_적응
13336,train,0,2,2단계_부분_적응
13337,train,1,1,1단계_완전_소외
13338,train,2,3,3단계_자립_적응
13339,train,1,1,1단계_완전_소외
13340,train,0,2,2단계_부분_적응
13341,train,2,3,3단계_자립_적응
13342,train,2,3,3단계_자립_적응
13343,train,0,2,2단계_부분_적응
13344,train,1,1,1단계_완전_소외
13345,train,1,1,1단계_완전_소외
13346,train,2,3,3단계_자립_적응
13347,train,0,2,2단계_부분_적응
13348,train,2,3,3단계_자립_적응
13349,train,2,3,3단계_자립_적응
13350,train,2,3,3단계_자립_적응
13351,train,2,3,3단계_자립_적응
13352,train,1,1,1단계_완전_소외
13353,train,2,3,3단계_자립_적응
13354,train,2,3,3단계_자립_적응
13355,train,0,2,2단계_부분_적응
13356,train,2,3,3단계_자립_적응
13357,train,0,2,2단계_부분_적응
13358,train,0,2,2단계_부분_적응
13359,train,2,3,3단계_자립_적응
13360,train,2,3,3단계_자립_적응
13361,train,0,2,2단계_부분_적응
13362,train,1,1,1단계_완전_소외
13363,train,0,2,2단계_부분_적응
13364,train,1,1,1단계_완전_소외
13365,train,1,1,1단계_완전_소외
13366,train,1,1,1단계_완전_소외
13367,train,1,1,1단계_완전_소외
13368,train,0,2,2단계_부분_적응
13369,train,1,1,1단계_완전_소외
13370,train,0,2,2단계_부분_적응
13371,train,0,2,2단계_부분_적응
13372,train,2,3,3단계_자립_적응
13373,train,0,2,2단계_부분_적응
13374,train,0,2,2단계_부분_적응
13375,train,2,3,3단계_자립_적응
13376,train,1,1,1단계_완전_소외
13377,train,2,3,3단계_자립_적응
13378,train,1,1,1단계_완전_소외
13379,train,1,1,1단계_완전_소외
13380,train,1,1,1단계_완전_소외
13381,train,1,1,1단계_완전_소외
13382,train,2,3,3단계_자립_적응
13383,train,1,1,1단계_완전_소외
13384,train,0,2,2단계_부분_적응
13385,train,0,2,2단계_부분_적응
13386,train,0,2,2단계_부분_적응
13387,train,1,1,1단계_완전_소외
13388,train,1,1,1단계_완전_소외
13389,train,1,1,1단계_완전_소외
13390,train,1,1,1단계_완전_소외
13391,train,0,2,2단계_부분_적응
13392,train,0,2,2단계_부분_적응
13393,train,2,3,3단계_자립_적응
13394,train,0,2,2단계_부분_적응
13395,train,1,1,1단계_완전_소외
13396,train,2,3,3단계_자립_적응
13397,train,2,3,3단계_자립_적응
13398,train,2,3,3단계_자립_적응
13399,train,0,2,2단계_부분_적응
13400,train,2,3,3단계_자립_적응
13401,train,1,1,1단계_완전_소외
13402,train,0,2,2단계_부분_적응
13403,train,0,2,2단계_부분_적응
13404,train,2,3,3단계_자립_적응
13405,train,0,2,2단계_부분_적응
13406,train,1,1,1단계_완전_소외
13407,train,1,1,1단계_완전_소외
13408,train,1,1,1단계_완전_소외
13409,train,1,1,1단계_완전_소외
13410,train,2,3,3단계_자립_적응
13411,train,2,3,3단계_자립_적응
13412,train,0,2,2단계_부분_적응
13413,train,2,3,3단계_자립_적응
13414,train,1,1,1단계_완전_소외
13415,train,2,3,3단계_자립_적응
13416,train,1,1,1단계_완전_소외
13417,train,0,2,2단계_부분_적응
13418,train,0,2,2단계_부분_적응
13419,train,1,1,1단계_완전_소외
13420,train,1,1,1단계_완전_소외
13421,train,2,3,3단계_자립_적응
13422,train,2,3,3단계_자립_적응
13423,train,0,2,2단계_부분_적응
13424,train,2,3,3단계_자립_적응
13425,train,0,2,2단계_부분_적응
13426,train,1,1,1단계_완전_소외
13427,train,0,2,2단계_부분_적응
13428,train,0,2,2단계_부분_적응
13429,train,1,1,1단계_완전_소외
13430,train,1,1,1단계_완전_소외
13431,train,0,2,2단계_부분_적응
13432,train,0,2,2단계_부분_적응
13433,train,1,1,1단계_완전_소외
13434,train,0,2,2단계_부분_적응
13435,train,1,1,1단계_완전_소외
13436,train,0,2,2단계_부분_적응
13437,train,1,1,1단계_완전_소외
13438,train,0,2,2단계_부분_적응
13439,train,1,1,1단계_완전_소외
13440,train,1,1,1단계_완전_소외
13441,train,0,2,2단계_부분_적응
13442,train,0,2,2단계_부분_적응
13443,train,0,2,2단계_부분_적응
13444,train,1,1,1단계_완전_소외
13445,train,1,1,1단계_완전_소외
13446,train,0,2,2단계_부분_적응
13447,train,0,2,2단계_부분_적응
13448,train,0,2,2단계_부분_적응
13449,train,1,1,1단계_완전_소외
13450,train,0,2,2단계_부분_적응
13451,train,2,3,3단계_자립_적응
13452,train,0,2,2단계_부분_적응
13453,train,1,1,1단계_완전_소외
13454,train,0,2,2단계_부분_적응
13455,train,2,3,3단계_자립_적응
13456,train,1,1,1단계_완전_소외
13457,train,1,1,1단계_완전_소외
13458,train,0,2,2단계_부분_적응
13459,train,0,2,2단계_부분_적응
13460,train,0,2,2단계_부분_적응
13461,train,1,1,1단계_완전_소외
13462,train,2,3,3단계_자립_적응
13463,train,1,1,1단계_완전_소외
13464,train,0,2,2단계_부분_적응
13465,train,0,2,2단계_부분_적응
13466,train,1,1,1단계_완전_소외
13467,train,2,3,3단계_자립_적응
13468,train,1,1,1단계_완전_소외
13469,train,1,1,1단계_완전_소외
13470,train,2,3,3단계_자립_적응
13471,train,0,2,2단계_부분_적응
13472,train,0,2,2단계_부분_적응
13473,train,0,2,2단계_부분_적응
13474,train,0,2,2단계_부분_적응
13475,train,2,3,3단계_자립_적응
13476,train,1,1,1단계_완전_소외
13477,train,1,1,1단계_완전_소외
13478,train,0,2,2단계_부분_적응
13479,train,1,1,1단계_완전_소외
13480,train,0,2,2단계_부분_적응
13481,train,0,2,2단계_부분_적응
13482,train,2,3,3단계_자립_적응
13483,train,2,3,3단계_자립_적응
13484,train,0,2,2단계_부분_적응
13485,train,0,2,2단계_부분_적응
13486,train,0,2,2단계_부분_적응
13487,train,2,3,3단계_자립_적응
13488,train,1,1,1단계_완전_소외
13489,train,2,3,3단계_자립_적응
13490,train,0,2,2단계_부분_적응
13491,train,0,2,2단계_부분_적응
13492,train,1,1,1단계_완전_소외
13493,train,0,2,2단계_부분_적응
13494,train,2,3,3단계_자립_적응
13495,train,2,3,3단계_자립_적응
13496,train,1,1,1단계_완전_소외
13497,train,0,2,2단계_부분_적응
13498,train,0,2,2단계_부분_적응
13499,train,2,3,3단계_자립_적응
13500,train,1,1,1단계_완전_소외
13501,train,1,1,1단계_완전_소외
13502,train,1,1,1단계_완전_소외
13503,train,0,2,2단계_부분_적응
13504,train,1,1,1단계_완전_소외
13505,train,2,3,3단계_자립_적응
13506,train,1,1,1단계_완전_소외
13507,train,0,2,2단계_부분_적응
13508,train,0,2,2단계_부분_적응
13509,train,2,3,3단계_자립_적응
13510,train,0,2,2단계_부분_적응
13511,train,0,2,2단계_부분_적응
13512,train,1,1,1단계_완전_소외
13513,train,1,1,1단계_완전_소외
13514,train,2,3,3단계_자립_적응
13515,train,1,1,1단계_완전_소외
13516,train,2,3,3단계_자립_적응
13517,train,0,2,2단계_부분_적응
13518,train,2,3,3단계_자립_적응
13519,train,0,2,2단계_부분_적응
13520,train,1,1,1단계_완전_소외
13521,train,2,3,3단계_자립_적응
13522,train,0,2,2단계_부분_적응
13523,train,1,1,1단계_완전_소외
13524,train,0,2,2단계_부분_적응
13525,train,0,2,2단계_부분_적응
13526,train,1,1,1단계_완전_소외
13527,train,2,3,3단계_자립_적응
13528,train,1,1,1단계_완전_소외
13529,train,1,1,1단계_완전_소외
13530,train,1,1,1단계_완전_소외
13531,train,0,2,2단계_부분_적응
13532,train,2,3,3단계_자립_적응
13533,train,2,3,3단계_자립_적응
13534,train,0,2,2단계_부분_적응
13535,train,0,2,2단계_부분_적응
13536,train,2,3,3단계_자립_적응
13537,train,1,1,1단계_완전_소외
13538,train,0,2,2단계_부분_적응
13539,train,0,2,2단계_부분_적응
13540,train,1,1,1단계_완전_소외
13541,train,1,1,1단계_완전_소외
13542,train,1,1,1단계_완전_소외
13543,train,0,2,2단계_부분_적응
13544,train,2,3,3단계_자립_적응
13545,train,1,1,1단계_완전_소외
13546,train,0,2,2단계_부분_적응
13547,train,1,1,1단계_완전_소외
13548,train,1,1,1단계_완전_소외
13549,train,1,1,1단계_완전_소외
13550,train,0,2,2단계_부분_적응
13551,train,0,2,2단계_부분_적응
13552,train,0,2,2단계_부분_적응
13553,train,2,3,3단계_자립_적응
13554,train,1,1,1단계_완전_소외
13555,train,1,1,1단계_완전_소외
13556,train,0,2,2단계_부분_적응
13557,train,2,3,3단계_자립_적응
13558,train,0,2,2단계_부분_적응
13559,train,2,3,3단계_자립_적응
13560,train,0,2,2단계_부분_적응
13561,train,2,3,3단계_자립_적응
13562,train,0,2,2단계_부분_적응
13563,train,0,2,2단계_부분_적응
13564,train,1,1,1단계_완전_소외
13565,train,1,1,1단계_완전_소외
13566,train,1,1,1단계_완전_소외
13567,train,2,3,3단계_자립_적응
13568,train,0,2,2단계_부분_적응
13569,train,1,1,1단계_완전_소외
13570,train,1,1,1단계_완전_소외
13571,train,0,2,2단계_부분_적응
13572,train,0,2,2단계_부분_적응
13573,train,1,1,1단계_완전_소외
13574,train,1,1,1단계_완전_소외
13575,train,1,1,1단계_완전_소외
13576,train,1,1,1단계_완전_소외
13577,train,0,2,2단계_부분_적응
13578,train,0,2,2단계_부분_적응
13579,train,1,1,1단계_완전_소외
13580,train,2,3,3단계_자립_적응
13581,train,2,3,3단계_자립_적응
13582,train,1,1,1단계_완전_소외
13583,train,1,1,1단계_완전_소외
13584,train,0,2,2단계_부분_적응
13585,train,1,1,1단계_완전_소외
13586,train,1,1,1단계_완전_소외
13587,train,0,2,2단계_부분_적응
13588,train,0,2,2단계_부분_적응
13589,train,2,3,3단계_자립_적응
13590,train,2,3,3단계_자립_적응
13591,train,1,1,1단계_완전_소외
13592,train,0,2,2단계_부분_적응
13593,train,0,2,2단계_부분_적응
13594,train,0,2,2단계_부분_적응
13595,train,2,3,3단계_자립_적응
13596,train,2,3,3단계_자립_적응
13597,train,0,2,2단계_부분_적응
13598,train,0,2,2단계_부분_적응
13599,train,1,1,1단계_완전_소외
13600,train,2,3,3단계_자립_적응
13601,train,2,3,3단계_자립_적응
13602,train,2,3,3단계_자립_적응
13603,train,0,2,2단계_부분_적응
13604,train,1,1,1단계_완전_소외
13605,train,1,1,1단계_완전_소외
13606,train,2,3,3단계_자립_적응
13607,train,1,1,1단계_완전_소외
13608,train,0,2,2단계_부분_적응
13609,train,2,3,3단계_자립_적응
13610,train,0,2,2단계_부분_적응
13611,train,2,3,3단계_자립_적응
13612,train,1,1,1단계_완전_소외
13613,train,1,1,1단계_완전_소외
13614,train,1,1,1단계_완전_소외
13615,train,1,1,1단계_완전_소외
13616,train,0,2,2단계_부분_적응
13617,train,1,1,1단계_완전_소외
13618,train,0,2,2단계_부분_적응
13619,train,2,3,3단계_자립_적응
13620,train,0,2,2단계_부분_적응
13621,train,0,2,2단계_부분_적응
13622,train,0,2,2단계_부분_적응
13623,train,0,2,2단계_부분_적응
13624,train,2,3,3단계_자립_적응
13625,train,1,1,1단계_완전_소외
13626,train,0,2,2단계_부분_적응
13627,train,0,2,2단계_부분_적응
13628,train,1,1,1단계_완전_소외
13629,train,0,2,2단계_부분_적응
13630,train,0,2,2단계_부분_적응
13631,train,0,2,2단계_부분_적응
13632,train,0,2,2단계_부분_적응
13633,train,1,1,1단계_완전_소외
13634,train,1,1,1단계_완전_소외
13635,train,2,3,3단계_자립_적응
13636,train,2,3,3단계_자립_적응
13637,train,0,2,2단계_부분_적응
13638,train,1,1,1단계_완전_소외
13639,train,0,2,2단계_부분_적응
13640,train,1,1,1단계_완전_소외
13641,train,2,3,3단계_자립_적응
13642,train,0,2,2단계_부분_적응
13643,train,1,1,1단계_완전_소외
13644,train,1,1,1단계_완전_소외
13645,train,1,1,1단계_완전_소외
13646,train,0,2,2단계_부분_적응
13647,train,0,2,2단계_부분_적응
13648,train,1,1,1단계_완전_소외
13649,train,0,2,2단계_부분_적응
13650,train,1,1,1단계_완전_소외
13651,train,0,2,2단계_부분_적응
13652,train,1,1,1단계_완전_소외
13653,train,0,2,2단계_부분_적응
13654,train,1,1,1단계_완전_소외
13655,train,0,2,2단계_부분_적응
13656,train,1,1,1단계_완전_소외
13657,train,2,3,3단계_자립_적응
13658,train,0,2,2단계_부분_적응
13659,train,2,3,3단계_자립_적응
13660,train,1,1,1단계_완전_소외
13661,train,1,1,1단계_완전_소외
13662,train,1,1,1단계_완전_소외
13663,train,1,1,1단계_완전_소외
13664,train,1,1,1단계_완전_소외
13665,train,2,3,3단계_자립_적응
13666,train,1,1,1단계_완전_소외
13667,train,0,2,2단계_부분_적응
13668,train,0,2,2단계_부분_적응
13669,train,2,3,3단계_자립_적응
13670,train,0,2,2단계_부분_적응
13671,train,2,3,3단계_자립_적응
13672,train,2,3,3단계_자립_적응
13673,train,0,2,2단계_부분_적응
13674,train,1,1,1단계_완전_소외
13675,train,0,2,2단계_부분_적응
13676,train,0,2,2단계_부분_적응
13677,train,0,2,2단계_부분_적응
13678,train,0,2,2단계_부분_적응
13679,train,1,1,1단계_완전_소외
13680,train,0,2,2단계_부분_적응
13681,train,0,2,2단계_부분_적응
13682,train,1,1,1단계_완전_소외
13683,train,1,1,1단계_완전_소외
13684,train,2,3,3단계_자립_적응
13685,train,2,3,3단계_자립_적응
13686,train,2,3,3단계_자립_적응
13687,train,0,2,2단계_부분_적응
13688,train,0,2,2단계_부분_적응
13689,train,2,3,3단계_자립_적응
13690,train,0,2,2단계_부분_적응
13691,train,0,2,2단계_부분_적응
13692,train,1,1,1단계_완전_소외
13693,train,2,3,3단계_자립_적응
13694,train,0,2,2단계_부분_적응
13695,train,2,3,3단계_자립_적응
13696,train,0,2,2단계_부분_적응
13697,train,2,3,3단계_자립_적응
13698,train,2,3,3단계_자립_적응
13699,train,1,1,1단계_완전_소외
13700,train,1,1,1단계_완전_소외
13701,train,0,2,2단계_부분_적응
13702,train,1,1,1단계_완전_소외
13703,train,0,2,2단계_부분_적응
13704,train,1,1,1단계_완전_소외
13705,train,0,2,2단계_부분_적응
13706,train,2,3,3단계_자립_적응
13707,train,2,3,3단계_자립_적응
13708,train,2,3,3단계_자립_적응
13709,train,1,1,1단계_완전_소외
13710,train,2,3,3단계_자립_적응
13711,train,0,2,2단계_부분_적응
13712,train,2,3,3단계_자립_적응
13713,train,1,1,1단계_완전_소외
13714,train,1,1,1단계_완전_소외
13715,train,2,3,3단계_자립_적응
13716,train,2,3,3단계_자립_적응
13717,train,2,3,3단계_자립_적응
13718,train,0,2,2단계_부분_적응
13719,train,2,3,3단계_자립_적응
13720,train,1,1,1단계_완전_소외
13721,train,1,1,1단계_완전_소외
13722,train,1,1,1단계_완전_소외
13723,train,0,2,2단계_부분_적응
13724,train,2,3,3단계_자립_적응
13725,train,0,2,2단계_부분_적응
13726,train,0,2,2단계_부분_적응
13727,train,2,3,3단계_자립_적응
13728,train,0,2,2단계_부분_적응
13729,train,0,2,2단계_부분_적응
13730,train,0,2,2단계_부분_적응
13731,train,1,1,1단계_완전_소외
13732,train,0,2,2단계_부분_적응
13733,train,0,2,2단계_부분_적응
13734,train,2,3,3단계_자립_적응
13735,train,2,3,3단계_자립_적응
13736,train,2,3,3단계_자립_적응
13737,train,1,1,1단계_완전_소외
13738,train,0,2,2단계_부분_적응
13739,train,0,2,2단계_부분_적응
13740,train,1,1,1단계_완전_소외
13741,train,1,1,1단계_완전_소외
13742,train,2,3,3단계_자립_적응
13743,train,2,3,3단계_자립_적응
13744,train,2,3,3단계_자립_적응
13745,train,2,3,3단계_자립_적응
13746,train,0,2,2단계_부분_적응
13747,train,1,1,1단계_완전_소외
13748,train,2,3,3단계_자립_적응
13749,train,2,3,3단계_자립_적응
13750,train,2,3,3단계_자립_적응
13751,train,0,2,2단계_부분_적응
13752,train,0,2,2단계_부분_적응
13753,train,2,3,3단계_자립_적응
13754,train,1,1,1단계_완전_소외
13755,train,2,3,3단계_자립_적응
13756,train,1,1,1단계_완전_소외
13757,train,0,2,2단계_부분_적응
13758,train,2,3,3단계_자립_적응
13759,train,0,2,2단계_부분_적응
13760,train,2,3,3단계_자립_적응
13761,train,0,2,2단계_부분_적응
13762,train,2,3,3단계_자립_적응
13763,train,0,2,2단계_부분_적응
13764,train,2,3,3단계_자립_적응
13765,train,0,2,2단계_부분_적응
13766,train,0,2,2단계_부분_적응
13767,train,1,1,1단계_완전_소외
13768,train,1,1,1단계_완전_소외
13769,train,2,3,3단계_자립_적응
13770,train,0,2,2단계_부분_적응
13771,train,1,1,1단계_완전_소외
13772,train,0,2,2단계_부분_적응
13773,train,0,2,2단계_부분_적응
13774,train,2,3,3단계_자립_적응
13775,train,0,2,2단계_부분_적응
13776,train,0,2,2단계_부분_적응
13777,train,0,2,2단계_부분_적응
13778,train,2,3,3단계_자립_적응
13779,train,0,2,2단계_부분_적응
13780,train,2,3,3단계_자립_적응
13781,train,1,1,1단계_완전_소외
13782,train,2,3,3단계_자립_적응
13783,train,1,1,1단계_완전_소외
13784,train,2,3,3단계_자립_적응
13785,train,0,2,2단계_부분_적응
13786,train,2,3,3단계_자립_적응
13787,train,2,3,3단계_자립_적응
13788,train,1,1,1단계_완전_소외
13789,train,1,1,1단계_완전_소외
13790,train,2,3,3단계_자립_적응
13791,train,0,2,2단계_부분_적응
13792,train,1,1,1단계_완전_소외
13793,train,2,3,3단계_자립_적응
13794,train,1,1,1단계_완전_소외
13795,train,0,2,2단계_부분_적응
13796,train,2,3,3단계_자립_적응
13797,train,0,2,2단계_부분_적응
13798,train,1,1,1단계_완전_소외
13799,train,0,2,2단계_부분_적응
13800,train,2,3,3단계_자립_적응
13801,train,2,3,3단계_자립_적응
13802,train,1,1,1단계_완전_소외
13803,train,0,2,2단계_부분_적응
13804,train,1,1,1단계_완전_소외
13805,train,1,1,1단계_완전_소외
13806,train,2,3,3단계_자립_적응
13807,train,1,1,1단계_완전_소외
13808,train,0,2,2단계_부분_적응
13809,train,0,2,2단계_부분_적응
13810,train,1,1,1단계_완전_소외
13811,train,1,1,1단계_완전_소외
13812,train,0,2,2단계_부분_적응
13813,train,1,1,1단계_완전_소외
13814,train,0,2,2단계_부분_적응
13815,train,0,2,2단계_부분_적응
13816,train,2,3,3단계_자립_적응
13817,train,1,1,1단계_완전_소외
13818,train,0,2,2단계_부분_적응
13819,train,0,2,2단계_부분_적응
13820,train,0,2,2단계_부분_적응
13821,train,0,2,2단계_부분_적응
13822,train,0,2,2단계_부분_적응
13823,train,2,3,3단계_자립_적응
13824,train,1,1,1단계_완전_소외
13825,train,2,3,3단계_자립_적응
13826,train,0,2,2단계_부분_적응
13827,train,2,3,3단계_자립_적응
13828,train,2,3,3단계_자립_적응
13829,train,0,2,2단계_부분_적응
13830,train,0,2,2단계_부분_적응
13831,train,2,3,3단계_자립_적응
13832,train,2,3,3단계_자립_적응
13833,train,0,2,2단계_부분_적응
13834,train,1,1,1단계_완전_소외
13835,train,1,1,1단계_완전_소외
13836,train,0,2,2단계_부분_적응
13837,train,1,1,1단계_완전_소외
13838,train,1,1,1단계_완전_소외
13839,train,1,1,1단계_완전_소외
13840,train,1,1,1단계_완전_소외
13841,train,0,2,2단계_부분_적응
13842,train,0,2,2단계_부분_적응
13843,train,1,1,1단계_완전_소외
13844,train,1,1,1단계_완전_소외
13845,train,0,2,2단계_부분_적응
13846,train,0,2,2단계_부분_적응
13847,train,0,2,2단계_부분_적응
13848,train,1,1,1단계_완전_소외
13849,train,1,1,1단계_완전_소외
13850,train,2,3,3단계_자립_적응
13851,train,1,1,1단계_완전_소외
13852,train,0,2,2단계_부분_적응
13853,train,1,1,1단계_완전_소외
13854,train,0,2,2단계_부분_적응
13855,train,2,3,3단계_자립_적응
13856,train,1,1,1단계_완전_소외
13857,train,0,2,2단계_부분_적응
13858,train,1,1,1단계_완전_소외
13859,train,0,2,2단계_부분_적응
13860,train,2,3,3단계_자립_적응
13861,train,0,2,2단계_부분_적응
13862,train,0,2,2단계_부분_적응
13863,train,1,1,1단계_완전_소외
13864,train,1,1,1단계_완전_소외
13865,train,2,3,3단계_자립_적응
13866,train,0,2,2단계_부분_적응
13867,train,2,3,3단계_자립_적응
13868,train,0,2,2단계_부분_적응
13869,train,0,2,2단계_부분_적응
13870,train,2,3,3단계_자립_적응
13871,train,0,2,2단계_부분_적응
13872,train,2,3,3단계_자립_적응
13873,train,2,3,3단계_자립_적응
13874,train,2,3,3단계_자립_적응
13875,train,0,2,2단계_부분_적응
13876,train,0,2,2단계_부분_적응
13877,train,1,1,1단계_완전_소외
13878,train,0,2,2단계_부분_적응
13879,train,2,3,3단계_자립_적응
13880,train,1,1,1단계_완전_소외
13881,train,1,1,1단계_완전_소외
13882,train,0,2,2단계_부분_적응
13883,train,1,1,1단계_완전_소외
13884,train,0,2,2단계_부분_적응
13885,train,0,2,2단계_부분_적응
13886,train,2,3,3단계_자립_적응
13887,train,1,1,1단계_완전_소외
13888,train,1,1,1단계_완전_소외
13889,train,1,1,1단계_완전_소외
13890,train,0,2,2단계_부분_적응
13891,train,2,3,3단계_자립_적응
13892,train,0,2,2단계_부분_적응
13893,train,0,2,2단계_부분_적응
13894,train,2,3,3단계_자립_적응
13895,train,0,2,2단계_부분_적응
13896,train,2,3,3단계_자립_적응
13897,train,0,2,2단계_부분_적응
13898,train,2,3,3단계_자립_적응
13899,train,0,2,2단계_부분_적응
13900,train,2,3,3단계_자립_적응
13901,train,0,2,2단계_부분_적응
13902,train,0,2,2단계_부분_적응
13903,train,2,3,3단계_자립_적응
13904,train,1,1,1단계_완전_소외
13905,train,1,1,1단계_완전_소외
13906,train,0,2,2단계_부분_적응
13907,train,1,1,1단계_완전_소외
13908,train,2,3,3단계_자립_적응
13909,train,0,2,2단계_부분_적응
13910,train,1,1,1단계_완전_소외
13911,train,0,2,2단계_부분_적응
13912,train,2,3,3단계_자립_적응
13913,train,1,1,1단계_완전_소외
13914,train,2,3,3단계_자립_적응
13915,train,2,3,3단계_자립_적응
13916,train,1,1,1단계_완전_소외
13917,train,0,2,2단계_부분_적응
13918,train,0,2,2단계_부분_적응
13919,train,1,1,1단계_완전_소외
13920,train,1,1,1단계_완전_소외
13921,train,0,2,2단계_부분_적응
13922,train,0,2,2단계_부분_적응
13923,train,0,2,2단계_부분_적응
13924,train,1,1,1단계_완전_소외
13925,train,0,2,2단계_부분_적응
13926,train,1,1,1단계_완전_소외
13927,train,2,3,3단계_자립_적응
13928,train,0,2,2단계_부분_적응
13929,train,0,2,2단계_부분_적응
13930,train,0,2,2단계_부분_적응
13931,train,1,1,1단계_완전_소외
13932,train,1,1,1단계_완전_소외
13933,train,2,3,3단계_자립_적응
13934,train,2,3,3단계_자립_적응
13935,train,2,3,3단계_자립_적응
13936,train,1,1,1단계_완전_소외
13937,train,1,1,1단계_완전_소외
13938,train,1,1,1단계_완전_소외
13939,train,0,2,2단계_부분_적응
13940,train,0,2,2단계_부분_적응
13941,train,2,3,3단계_자립_적응
13942,train,1,1,1단계_완전_소외
13943,train,0,2,2단계_부분_적응
13944,train,2,3,3단계_자립_적응
13945,train,0,2,2단계_부분_적응
13946,train,2,3,3단계_자립_적응
13947,train,0,2,2단계_부분_적응
13948,train,1,1,1단계_완전_소외
13949,train,1,1,1단계_완전_소외
13950,train,0,2,2단계_부분_적응
13951,train,1,1,1단계_완전_소외
13952,train,0,2,2단계_부분_적응
13953,train,0,2,2단계_부분_적응
13954,train,1,1,1단계_완전_소외
13955,train,0,2,2단계_부분_적응
13956,train,0,2,2단계_부분_적응
13957,train,1,1,1단계_완전_소외
13958,train,2,3,3단계_자립_적응
13959,train,2,3,3단계_자립_적응
13960,train,0,2,2단계_부분_적응
13961,train,0,2,2단계_부분_적응
13962,train,2,3,3단계_자립_적응
13963,train,1,1,1단계_완전_소외
13964,train,1,1,1단계_완전_소외
13965,train,0,2,2단계_부분_적응
13966,train,0,2,2단계_부분_적응
13967,train,2,3,3단계_자립_적응
13968,train,1,1,1단계_완전_소외
13969,train,0,2,2단계_부분_적응
13970,train,0,2,2단계_부분_적응
13971,train,1,1,1단계_완전_소외
13972,train,1,1,1단계_완전_소외
13973,train,2,3,3단계_자립_적응
13974,train,0,2,2단계_부분_적응
13975,train,0,2,2단계_부분_적응
13976,train,2,3,3단계_자립_적응
13977,train,2,3,3단계_자립_적응
13978,train,1,1,1단계_완전_소외
13979,train,2,3,3단계_자립_적응
13980,train,0,2,2단계_부분_적응
13981,train,1,1,1단계_완전_소외
13982,train,2,3,3단계_자립_적응
13983,train,1,1,1단계_완전_소외
13984,train,0,2,2단계_부분_적응
13985,train,1,1,1단계_완전_소외
13986,train,0,2,2단계_부분_적응
13987,train,1,1,1단계_완전_소외
13988,train,0,2,2단계_부분_적응
13989,train,2,3,3단계_자립_적응
13990,train,0,2,2단계_부분_적응
13991,train,2,3,3단계_자립_적응
13992,train,0,2,2단계_부분_적응
13993,train,2,3,3단계_자립_적응
13994,train,1,1,1단계_완전_소외
13995,train,2,3,3단계_자립_적응
13996,train,2,3,3단계_자립_적응
13997,train,2,3,3단계_자립_적응
13998,train,1,1,1단계_완전_소외
13999,train,2,3,3단계_자립_적응
14000,train,0,2,2단계_부분_적응
14001,train,2,3,3단계_자립_적응
14002,train,2,3,3단계_자립_적응
14003,train,1,1,1단계_완전_소외
14004,train,1,1,1단계_완전_소외
14005,train,1,1,1단계_완전_소외
14006,train,1,1,1단계_완전_소외
14007,train,1,1,1단계_완전_소외
14008,train,0,2,2단계_부분_적응
14009,train,0,2,2단계_부분_적응
14010,train,0,2,2단계_부분_적응
14011,train,1,1,1단계_완전_소외
14012,train,1,1,1단계_완전_소외
14013,train,2,3,3단계_자립_적응
14014,train,0,2,2단계_부분_적응
14015,train,2,3,3단계_자립_적응
14016,train,2,3,3단계_자립_적응
14017,train,0,2,2단계_부분_적응
14018,train,1,1,1단계_완전_소외
14019,train,1,1,1단계_완전_소외
14020,train,1,1,1단계_완전_소외
14021,train,2,3,3단계_자립_적응
14022,train,1,1,1단계_완전_소외
14023,train,1,1,1단계_완전_소외
14024,train,1,1,1단계_완전_소외
14025,train,1,1,1단계_완전_소외
14026,train,0,2,2단계_부분_적응
14027,train,2,3,3단계_자립_적응
14028,train,1,1,1단계_완전_소외
14029,train,0,2,2단계_부분_적응
14030,train,1,1,1단계_완전_소외
14031,train,0,2,2단계_부분_적응
14032,train,0,2,2단계_부분_적응
14033,train,0,2,2단계_부분_적응
14034,train,2,3,3단계_자립_적응
14035,train,0,2,2단계_부분_적응
14036,train,2,3,3단계_자립_적응
14037,train,0,2,2단계_부분_적응
14038,train,1,1,1단계_완전_소외
14039,train,1,1,1단계_완전_소외
14040,train,0,2,2단계_부분_적응
14041,train,0,2,2단계_부분_적응
14042,train,1,1,1단계_완전_소외
14043,train,2,3,3단계_자립_적응
14044,train,2,3,3단계_자립_적응
14045,train,0,2,2단계_부분_적응
14046,train,2,3,3단계_자립_적응
14047,train,2,3,3단계_자립_적응
14048,train,0,2,2단계_부분_적응
14049,train,1,1,1단계_완전_소외
14050,train,2,3,3단계_자립_적응
14051,train,1,1,1단계_완전_소외
14052,train,1,1,1단계_완전_소외
14053,train,1,1,1단계_완전_소외
14054,train,0,2,2단계_부분_적응
14055,train,1,1,1단계_완전_소외
14056,train,2,3,3단계_자립_적응
14057,train,2,3,3단계_자립_적응
14058,train,2,3,3단계_자립_적응
14059,train,2,3,3단계_자립_적응
14060,train,0,2,2단계_부분_적응
14061,train,2,3,3단계_자립_적응
14062,train,0,2,2단계_부분_적응
14063,train,0,2,2단계_부분_적응
14064,train,2,3,3단계_자립_적응
14065,train,1,1,1단계_완전_소외
14066,train,1,1,1단계_완전_소외
14067,train,1,1,1단계_완전_소외
14068,train,1,1,1단계_완전_소외
14069,train,2,3,3단계_자립_적응
14070,train,2,3,3단계_자립_적응
14071,train,2,3,3단계_자립_적응
14072,train,0,2,2단계_부분_적응
14073,train,0,2,2단계_부분_적응
14074,train,1,1,1단계_완전_소외
14075,train,1,1,1단계_완전_소외
14076,train,2,3,3단계_자립_적응
14077,train,1,1,1단계_완전_소외
14078,train,0,2,2단계_부분_적응
14079,train,2,3,3단계_자립_적응
14080,train,2,3,3단계_자립_적응
14081,train,0,2,2단계_부분_적응
14082,train,1,1,1단계_완전_소외
14083,train,2,3,3단계_자립_적응
14084,train,0,2,2단계_부분_적응
14085,train,0,2,2단계_부분_적응
14086,train,0,2,2단계_부분_적응
14087,train,0,2,2단계_부분_적응
14088,train,2,3,3단계_자립_적응
14089,train,0,2,2단계_부분_적응
14090,train,0,2,2단계_부분_적응
14091,train,2,3,3단계_자립_적응
14092,train,2,3,3단계_자립_적응
14093,train,1,1,1단계_완전_소외
14094,train,2,3,3단계_자립_적응
14095,train,1,1,1단계_완전_소외
14096,train,0,2,2단계_부분_적응
14097,train,1,1,1단계_완전_소외
14098,train,2,3,3단계_자립_적응
14099,train,0,2,2단계_부분_적응
14100,train,0,2,2단계_부분_적응
14101,train,0,2,2단계_부분_적응
14102,train,2,3,3단계_자립_적응
14103,train,0,2,2단계_부분_적응
14104,train,0,2,2단계_부분_적응
14105,train,0,2,2단계_부분_적응
14106,train,1,1,1단계_완전_소외
14107,train,0,2,2단계_부분_적응
14108,train,0,2,2단계_부분_적응
14109,train,2,3,3단계_자립_적응
14110,train,0,2,2단계_부분_적응
14111,train,0,2,2단계_부분_적응
14112,train,1,1,1단계_완전_소외
14113,train,2,3,3단계_자립_적응
14114,train,2,3,3단계_자립_적응
14115,train,0,2,2단계_부분_적응
14116,train,1,1,1단계_완전_소외
14117,train,2,3,3단계_자립_적응
14118,train,2,3,3단계_자립_적응
14119,train,2,3,3단계_자립_적응
14120,train,0,2,2단계_부분_적응
14121,train,0,2,2단계_부분_적응
14122,train,0,2,2단계_부분_적응
14123,train,0,2,2단계_부분_적응
14124,train,0,2,2단계_부분_적응
14125,train,1,1,1단계_완전_소외
14126,train,0,2,2단계_부분_적응
14127,train,0,2,2단계_부분_적응
14128,train,1,1,1단계_완전_소외
14129,train,0,2,2단계_부분_적응
14130,train,1,1,1단계_완전_소외
14131,train,0,2,2단계_부분_적응
14132,train,2,3,3단계_자립_적응
14133,train,0,2,2단계_부분_적응
14134,train,1,1,1단계_완전_소외
14135,train,0,2,2단계_부분_적응
14136,train,0,2,2단계_부분_적응
14137,train,2,3,3단계_자립_적응
14138,train,0,2,2단계_부분_적응
14139,train,0,2,2단계_부분_적응
14140,train,2,3,3단계_자립_적응
14141,train,0,2,2단계_부분_적응
14142,train,2,3,3단계_자립_적응
14143,train,0,2,2단계_부분_적응
14144,train,1,1,1단계_완전_소외
14145,train,0,2,2단계_부분_적응
14146,train,2,3,3단계_자립_적응
14147,train,0,2,2단계_부분_적응
14148,train,1,1,1단계_완전_소외
14149,train,1,1,1단계_완전_소외
14150,train,2,3,3단계_자립_적응
14151,train,0,2,2단계_부분_적응
14152,train,0,2,2단계_부분_적응
14153,train,2,3,3단계_자립_적응
14154,train,0,2,2단계_부분_적응
14155,train,2,3,3단계_자립_적응
14156,train,1,1,1단계_완전_소외
14157,train,1,1,1단계_완전_소외
14158,train,0,2,2단계_부분_적응
14159,train,0,2,2단계_부분_적응
14160,train,2,3,3단계_자립_적응
14161,train,0,2,2단계_부분_적응
14162,train,0,2,2단계_부분_적응
14163,train,1,1,1단계_완전_소외
14164,train,2,3,3단계_자립_적응
14165,train,1,1,1단계_완전_소외
14166,train,1,1,1단계_완전_소외
14167,train,2,3,3단계_자립_적응
14168,train,1,1,1단계_완전_소외
14169,train,0,2,2단계_부분_적응
14170,train,0,2,2단계_부분_적응
14171,train,0,2,2단계_부분_적응
14172,train,1,1,1단계_완전_소외
14173,train,1,1,1단계_완전_소외
14174,train,1,1,1단계_완전_소외
14175,train,0,2,2단계_부분_적응
14176,train,0,2,2단계_부분_적응
14177,train,0,2,2단계_부분_적응
14178,train,0,2,2단계_부분_적응
14179,train,0,2,2단계_부분_적응
14180,train,1,1,1단계_완전_소외
14181,train,1,1,1단계_완전_소외
14182,train,1,1,1단계_완전_소외
14183,train,0,2,2단계_부분_적응
14184,train,2,3,3단계_자립_적응
14185,train,2,3,3단계_자립_적응
14186,train,0,2,2단계_부분_적응
14187,train,0,2,2단계_부분_적응
14188,train,0,2,2단계_부분_적응
14189,train,2,3,3단계_자립_적응
14190,train,1,1,1단계_완전_소외
14191,train,2,3,3단계_자립_적응
14192,train,1,1,1단계_완전_소외
14193,train,1,1,1단계_완전_소외
14194,train,0,2,2단계_부분_적응
14195,train,2,3,3단계_자립_적응
14196,train,0,2,2단계_부분_적응
14197,train,2,3,3단계_자립_적응
14198,train,1,1,1단계_완전_소외
14199,train,2,3,3단계_자립_적응
14200,train,1,1,1단계_완전_소외
14201,train,2,3,3단계_자립_적응
14202,train,2,3,3단계_자립_적응
14203,train,2,3,3단계_자립_적응
14204,train,2,3,3단계_자립_적응
14205,train,0,2,2단계_부분_적응
14206,train,2,3,3단계_자립_적응
14207,train,0,2,2단계_부분_적응
14208,train,0,2,2단계_부분_적응
14209,train,0,2,2단계_부분_적응
14210,train,1,1,1단계_완전_소외
14211,train,1,1,1단계_완전_소외
14212,train,2,3,3단계_자립_적응
14213,train,1,1,1단계_완전_소외
14214,train,0,2,2단계_부분_적응
14215,train,2,3,3단계_자립_적응
14216,train,0,2,2단계_부분_적응
14217,train,1,1,1단계_완전_소외
14218,train,1,1,1단계_완전_소외
14219,train,1,1,1단계_완전_소외
14220,train,1,1,1단계_완전_소외
14221,train,0,2,2단계_부분_적응
14222,train,2,3,3단계_자립_적응
14223,train,2,3,3단계_자립_적응
14224,train,2,3,3단계_자립_적응
14225,train,0,2,2단계_부분_적응
14226,train,0,2,2단계_부분_적응
14227,train,1,1,1단계_완전_소외
14228,train,2,3,3단계_자립_적응
14229,train,1,1,1단계_완전_소외
14230,train,1,1,1단계_완전_소외
14231,train,0,2,2단계_부분_적응
14232,train,0,2,2단계_부분_적응
14233,train,2,3,3단계_자립_적응
14234,train,0,2,2단계_부분_적응
14235,train,1,1,1단계_완전_소외
14236,train,2,3,3단계_자립_적응
14237,train,1,1,1단계_완전_소외
14238,train,2,3,3단계_자립_적응
14239,train,1,1,1단계_완전_소외
14240,train,0,2,2단계_부분_적응
14241,train,0,2,2단계_부분_적응
14242,train,0,2,2단계_부분_적응
14243,train,1,1,1단계_완전_소외
14244,train,1,1,1단계_완전_소외
14245,train,2,3,3단계_자립_적응
14246,train,1,1,1단계_완전_소외
14247,train,0,2,2단계_부분_적응
14248,train,2,3,3단계_자립_적응
14249,train,1,1,1단계_완전_소외
14250,train,1,1,1단계_완전_소외
14251,train,0,2,2단계_부분_적응
14252,train,1,1,1단계_완전_소외
14253,train,1,1,1단계_완전_소외
14254,train,2,3,3단계_자립_적응
14255,train,2,3,3단계_자립_적응
14256,train,0,2,2단계_부분_적응
14257,train,1,1,1단계_완전_소외
14258,train,0,2,2단계_부분_적응
14259,train,0,2,2단계_부분_적응
14260,train,2,3,3단계_자립_적응
14261,train,2,3,3단계_자립_적응
14262,train,1,1,1단계_완전_소외
14263,train,1,1,1단계_완전_소외
14264,train,0,2,2단계_부분_적응
14265,train,0,2,2단계_부분_적응
14266,train,2,3,3단계_자립_적응
14267,train,0,2,2단계_부분_적응
14268,train,2,3,3단계_자립_적응
14269,train,0,2,2단계_부분_적응
14270,train,0,2,2단계_부분_적응
14271,train,1,1,1단계_완전_소외
14272,train,0,2,2단계_부분_적응
14273,train,1,1,1단계_완전_소외
14274,train,1,1,1단계_완전_소외
14275,train,1,1,1단계_완전_소외
14276,train,2,3,3단계_자립_적응
14277,train,0,2,2단계_부분_적응
14278,train,0,2,2단계_부분_적응
14279,train,1,1,1단계_완전_소외
14280,train,1,1,1단계_완전_소외
14281,train,2,3,3단계_자립_적응
14282,train,2,3,3단계_자립_적응
14283,train,1,1,1단계_완전_소외
14284,train,0,2,2단계_부분_적응
14285,train,0,2,2단계_부분_적응
14286,train,0,2,2단계_부분_적응
14287,train,1,1,1단계_완전_소외
14288,train,1,1,1단계_완전_소외
14289,train,0,2,2단계_부분_적응
14290,train,0,2,2단계_부분_적응
14291,train,1,1,1단계_완전_소외
14292,train,1,1,1단계_완전_소외
14293,train,0,2,2단계_부분_적응
14294,train,2,3,3단계_자립_적응
14295,train,2,3,3단계_자립_적응
14296,train,0,2,2단계_부분_적응
14297,train,2,3,3단계_자립_적응
14298,train,0,2,2단계_부분_적응
14299,train,2,3,3단계_자립_적응
14300,train,1,1,1단계_완전_소외
14301,train,0,2,2단계_부분_적응
14302,train,0,2,2단계_부분_적응
14303,train,1,1,1단계_완전_소외
14304,train,0,2,2단계_부분_적응
14305,train,1,1,1단계_완전_소외
14306,train,2,3,3단계_자립_적응
14307,train,1,1,1단계_완전_소외
14308,train,1,1,1단계_완전_소외
14309,train,0,2,2단계_부분_적응
14310,train,2,3,3단계_자립_적응
14311,train,1,1,1단계_완전_소외
14312,train,1,1,1단계_완전_소외
14313,train,2,3,3단계_자립_적응
14314,train,0,2,2단계_부분_적응
14315,train,2,3,3단계_자립_적응
14316,train,0,2,2단계_부분_적응
14317,train,0,2,2단계_부분_적응
14318,train,1,1,1단계_완전_소외
14319,train,0,2,2단계_부분_적응
14320,train,1,1,1단계_완전_소외
14321,train,0,2,2단계_부분_적응
14322,train,2,3,3단계_자립_적응
14323,train,0,2,2단계_부분_적응
14324,train,1,1,1단계_완전_소외
14325,train,1,1,1단계_완전_소외
14326,train,0,2,2단계_부분_적응
14327,train,1,1,1단계_완전_소외
14328,train,0,2,2단계_부분_적응
14329,train,2,3,3단계_자립_적응
14330,train,0,2,2단계_부분_적응
14331,train,2,3,3단계_자립_적응
14332,train,1,1,1단계_완전_소외
14333,train,0,2,2단계_부분_적응
14334,train,2,3,3단계_자립_적응
14335,train,2,3,3단계_자립_적응
14336,train,0,2,2단계_부분_적응
14337,train,2,3,3단계_자립_적응
14338,train,2,3,3단계_자립_적응
14339,train,2,3,3단계_자립_적응
14340,train,0,2,2단계_부분_적응
14341,train,1,1,1단계_완전_소외
14342,train,0,2,2단계_부분_적응
14343,train,1,1,1단계_완전_소외
14344,train,2,3,3단계_자립_적응
14345,train,1,1,1단계_완전_소외
14346,train,1,1,1단계_완전_소외
14347,train,1,1,1단계_완전_소외
14348,train,1,1,1단계_완전_소외
14349,train,2,3,3단계_자립_적응
14350,train,1,1,1단계_완전_소외
14351,train,2,3,3단계_자립_적응
14352,train,2,3,3단계_자립_적응
14353,train,1,1,1단계_완전_소외
14354,train,2,3,3단계_자립_적응
14355,train,1,1,1단계_완전_소외
14356,train,0,2,2단계_부분_적응
14357,train,1,1,1단계_완전_소외
14358,train,2,3,3단계_자립_적응
14359,train,0,2,2단계_부분_적응
14360,train,2,3,3단계_자립_적응
14361,train,0,2,2단계_부분_적응
14362,train,0,2,2단계_부분_적응
14363,train,2,3,3단계_자립_적응
14364,train,1,1,1단계_완전_소외
14365,train,0,2,2단계_부분_적응
14366,train,0,2,2단계_부분_적응
14367,train,0,2,2단계_부분_적응
14368,train,1,1,1단계_완전_소외
14369,train,0,2,2단계_부분_적응
14370,train,0,2,2단계_부분_적응
14371,train,1,1,1단계_완전_소외
14372,train,0,2,2단계_부분_적응
14373,train,0,2,2단계_부분_적응
14374,train,1,1,1단계_완전_소외
14375,train,2,3,3단계_자립_적응
14376,train,2,3,3단계_자립_적응
14377,train,2,3,3단계_자립_적응
14378,train,0,2,2단계_부분_적응
14379,train,2,3,3단계_자립_적응
14380,train,0,2,2단계_부분_적응
14381,train,1,1,1단계_완전_소외
14382,train,0,2,2단계_부분_적응
14383,train,1,1,1단계_완전_소외
14384,train,1,1,1단계_완전_소외
14385,train,0,2,2단계_부분_적응
14386,train,0,2,2단계_부분_적응
14387,train,1,1,1단계_완전_소외
14388,train,0,2,2단계_부분_적응
14389,train,2,3,3단계_자립_적응
14390,train,0,2,2단계_부분_적응
14391,train,2,3,3단계_자립_적응
14392,train,0,2,2단계_부분_적응
14393,train,0,2,2단계_부분_적응
14394,train,1,1,1단계_완전_소외
14395,train,1,1,1단계_완전_소외
14396,train,0,2,2단계_부분_적응
14397,train,0,2,2단계_부분_적응
14398,train,0,2,2단계_부분_적응
14399,train,2,3,3단계_자립_적응
14400,train,0,2,2단계_부분_적응
14401,train,2,3,3단계_자립_적응
14402,train,1,1,1단계_완전_소외
14403,train,2,3,3단계_자립_적응
14404,train,2,3,3단계_자립_적응
14405,train,2,3,3단계_자립_적응
14406,train,2,3,3단계_자립_적응
14407,train,2,3,3단계_자립_적응
14408,train,2,3,3단계_자립_적응
14409,train,1,1,1단계_완전_소외
14410,train,2,3,3단계_자립_적응
14411,train,2,3,3단계_자립_적응
14412,train,2,3,3단계_자립_적응
14413,train,2,3,3단계_자립_적응
14414,train,0,2,2단계_부분_적응
14415,train,1,1,1단계_완전_소외
14416,train,2,3,3단계_자립_적응
14417,train,2,3,3단계_자립_적응
14418,train,1,1,1단계_완전_소외
14419,train,0,2,2단계_부분_적응
14420,train,0,2,2단계_부분_적응
14421,train,1,1,1단계_완전_소외
14422,train,0,2,2단계_부분_적응
14423,train,1,1,1단계_완전_소외
14424,train,0,2,2단계_부분_적응
14425,train,0,2,2단계_부분_적응
14426,train,0,2,2단계_부분_적응
14427,train,0,2,2단계_부분_적응
14428,train,1,1,1단계_완전_소외
14429,train,2,3,3단계_자립_적응
14430,train,1,1,1단계_완전_소외
14431,train,0,2,2단계_부분_적응
14432,train,1,1,1단계_완전_소외
14433,train,1,1,1단계_완전_소외
14434,train,0,2,2단계_부분_적응
14435,train,1,1,1단계_완전_소외
14436,train,2,3,3단계_자립_적응
14437,train,1,1,1단계_완전_소외
14438,train,1,1,1단계_완전_소외
14439,train,1,1,1단계_완전_소외
14440,train,1,1,1단계_완전_소외
14441,train,1,1,1단계_완전_소외
14442,train,1,1,1단계_완전_소외
14443,train,0,2,2단계_부분_적응
14444,train,1,1,1단계_완전_소외
14445,train,1,1,1단계_완전_소외
14446,train,1,1,1단계_완전_소외
14447,train,0,2,2단계_부분_적응
14448,train,0,2,2단계_부분_적응
14449,train,0,2,2단계_부분_적응
14450,train,2,3,3단계_자립_적응
14451,train,2,3,3단계_자립_적응
14452,train,1,1,1단계_완전_소외
14453,train,0,2,2단계_부분_적응
14454,train,0,2,2단계_부분_적응
14455,train,0,2,2단계_부분_적응
14456,train,0,2,2단계_부분_적응
14457,train,0,2,2단계_부분_적응
14458,train,0,2,2단계_부분_적응
14459,train,0,2,2단계_부분_적응
14460,train,1,1,1단계_완전_소외
14461,train,1,1,1단계_완전_소외
14462,train,1,1,1단계_완전_소외
14463,train,1,1,1단계_완전_소외
14464,train,0,2,2단계_부분_적응
14465,train,1,1,1단계_완전_소외
14466,train,0,2,2단계_부분_적응
14467,train,0,2,2단계_부분_적응
14468,train,0,2,2단계_부분_적응
14469,train,0,2,2단계_부분_적응
14470,train,1,1,1단계_완전_소외
14471,train,2,3,3단계_자립_적응
14472,train,0,2,2단계_부분_적응
14473,train,1,1,1단계_완전_소외
14474,train,0,2,2단계_부분_적응
14475,train,1,1,1단계_완전_소외
14476,train,0,2,2단계_부분_적응
14477,train,1,1,1단계_완전_소외
14478,train,0,2,2단계_부분_적응
14479,train,0,2,2단계_부분_적응
14480,train,1,1,1단계_완전_소외
14481,train,1,1,1단계_완전_소외
14482,train,1,1,1단계_완전_소외
14483,train,0,2,2단계_부분_적응
14484,train,1,1,1단계_완전_소외
14485,train,0,2,2단계_부분_적응
14486,train,0,2,2단계_부분_적응
14487,train,1,1,1단계_완전_소외
14488,train,0,2,2단계_부분_적응
14489,train,2,3,3단계_자립_적응
14490,train,2,3,3단계_자립_적응
14491,train,1,1,1단계_완전_소외
14492,train,0,2,2단계_부분_적응
14493,train,1,1,1단계_완전_소외
14494,train,2,3,3단계_자립_적응
14495,train,0,2,2단계_부분_적응
14496,train,2,3,3단계_자립_적응
14497,train,1,1,1단계_완전_소외
14498,train,0,2,2단계_부분_적응
14499,train,2,3,3단계_자립_적응
14500,train,1,1,1단계_완전_소외
14501,train,2,3,3단계_자립_적응
14502,train,1,1,1단계_완전_소외
14503,train,2,3,3단계_자립_적응
14504,train,2,3,3단계_자립_적응
14505,train,0,2,2단계_부분_적응
14506,train,2,3,3단계_자립_적응
14507,train,1,1,1단계_완전_소외
14508,train,0,2,2단계_부분_적응
14509,train,1,1,1단계_완전_소외
14510,train,0,2,2단계_부분_적응
14511,train,1,1,1단계_완전_소외
14512,train,1,1,1단계_완전_소외
14513,train,0,2,2단계_부분_적응
14514,train,0,2,2단계_부분_적응
14515,train,1,1,1단계_완전_소외
14516,train,1,1,1단계_완전_소외
14517,train,1,1,1단계_완전_소외
14518,train,1,1,1단계_완전_소외
14519,train,2,3,3단계_자립_적응
14520,train,1,1,1단계_완전_소외
14521,train,0,2,2단계_부분_적응
14522,train,0,2,2단계_부분_적응
14523,train,0,2,2단계_부분_적응
14524,train,1,1,1단계_완전_소외
14525,train,1,1,1단계_완전_소외
14526,train,0,2,2단계_부분_적응
14527,train,1,1,1단계_완전_소외
14528,train,0,2,2단계_부분_적응
14529,train,1,1,1단계_완전_소외
14530,train,0,2,2단계_부분_적응
14531,train,2,3,3단계_자립_적응
14532,train,1,1,1단계_완전_소외
14533,train,0,2,2단계_부분_적응
14534,train,2,3,3단계_자립_적응
14535,train,1,1,1단계_완전_소외
14536,train,2,3,3단계_자립_적응
14537,train,1,1,1단계_완전_소외
14538,train,1,1,1단계_완전_소외
14539,train,0,2,2단계_부분_적응
14540,train,2,3,3단계_자립_적응
14541,train,0,2,2단계_부분_적응
14542,train,0,2,2단계_부분_적응
14543,train,0,2,2단계_부분_적응
14544,train,1,1,1단계_완전_소외
14545,train,1,1,1단계_완전_소외
14546,train,2,3,3단계_자립_적응
14547,train,1,1,1단계_완전_소외
14548,train,1,1,1단계_완전_소외
14549,train,2,3,3단계_자립_적응
14550,train,1,1,1단계_완전_소외
14551,train,1,1,1단계_완전_소외
14552,train,0,2,2단계_부분_적응
14553,train,1,1,1단계_완전_소외
14554,train,0,2,2단계_부분_적응
14555,train,1,1,1단계_완전_소외
14556,train,1,1,1단계_완전_소외
14557,train,0,2,2단계_부분_적응
14558,train,0,2,2단계_부분_적응
14559,train,1,1,1단계_완전_소외
14560,train,1,1,1단계_완전_소외
14561,train,0,2,2단계_부분_적응
14562,train,0,2,2단계_부분_적응
14563,train,0,2,2단계_부분_적응
14564,train,0,2,2단계_부분_적응
14565,train,0,2,2단계_부분_적응
14566,train,0,2,2단계_부분_적응
14567,train,2,3,3단계_자립_적응
14568,train,2,3,3단계_자립_적응
14569,train,0,2,2단계_부분_적응
14570,train,0,2,2단계_부분_적응
14571,train,0,2,2단계_부분_적응
14572,train,1,1,1단계_완전_소외
14573,train,2,3,3단계_자립_적응
14574,train,0,2,2단계_부분_적응
14575,train,1,1,1단계_완전_소외
14576,train,0,2,2단계_부분_적응
14577,train,1,1,1단계_완전_소외
14578,train,1,1,1단계_완전_소외
14579,train,2,3,3단계_자립_적응
14580,train,0,2,2단계_부분_적응
14581,train,1,1,1단계_완전_소외
14582,train,0,2,2단계_부분_적응
14583,train,0,2,2단계_부분_적응
14584,train,0,2,2단계_부분_적응
14585,train,2,3,3단계_자립_적응
14586,train,0,2,2단계_부분_적응
14587,train,2,3,3단계_자립_적응
14588,train,1,1,1단계_완전_소외
14589,train,1,1,1단계_완전_소외
14590,train,2,3,3단계_자립_적응
14591,train,0,2,2단계_부분_적응
14592,train,0,2,2단계_부분_적응
14593,train,1,1,1단계_완전_소외
14594,train,0,2,2단계_부분_적응
14595,train,2,3,3단계_자립_적응
14596,train,1,1,1단계_완전_소외
14597,train,1,1,1단계_완전_소외
14598,train,1,1,1단계_완전_소외
14599,train,1,1,1단계_완전_소외
14600,train,0,2,2단계_부분_적응
14601,train,0,2,2단계_부분_적응
14602,train,1,1,1단계_완전_소외
14603,train,1,1,1단계_완전_소외
14604,train,2,3,3단계_자립_적응
14605,train,0,2,2단계_부분_적응
14606,train,2,3,3단계_자립_적응
14607,train,0,2,2단계_부분_적응
14608,train,1,1,1단계_완전_소외
14609,train,2,3,3단계_자립_적응
14610,train,1,1,1단계_완전_소외
14611,train,2,3,3단계_자립_적응
14612,train,1,1,1단계_완전_소외
14613,train,0,2,2단계_부분_적응
14614,train,1,1,1단계_완전_소외
14615,train,2,3,3단계_자립_적응
14616,train,2,3,3단계_자립_적응
14617,train,1,1,1단계_완전_소외
14618,train,2,3,3단계_자립_적응
14619,train,1,1,1단계_완전_소외
14620,train,2,3,3단계_자립_적응
14621,train,0,2,2단계_부분_적응
14622,train,1,1,1단계_완전_소외
14623,train,1,1,1단계_완전_소외
14624,train,1,1,1단계_완전_소외
14625,train,0,2,2단계_부분_적응
14626,train,0,2,2단계_부분_적응
14627,train,1,1,1단계_완전_소외
14628,train,2,3,3단계_자립_적응
14629,train,1,1,1단계_완전_소외
14630,train,1,1,1단계_완전_소외
14631,train,2,3,3단계_자립_적응
14632,train,2,3,3단계_자립_적응
14633,train,0,2,2단계_부분_적응
14634,train,0,2,2단계_부분_적응
14635,train,2,3,3단계_자립_적응
14636,train,0,2,2단계_부분_적응
14637,train,0,2,2단계_부분_적응
14638,train,0,2,2단계_부분_적응
14639,train,2,3,3단계_자립_적응
14640,train,0,2,2단계_부분_적응
14641,train,0,2,2단계_부분_적응
14642,train,1,1,1단계_완전_소외
14643,train,0,2,2단계_부분_적응
14644,train,1,1,1단계_완전_소외
14645,train,1,1,1단계_완전_소외
14646,train,1,1,1단계_완전_소외
14647,train,1,1,1단계_완전_소외
14648,train,2,3,3단계_자립_적응
14649,train,2,3,3단계_자립_적응
14650,train,0,2,2단계_부분_적응
14651,train,1,1,1단계_완전_소외
14652,train,0,2,2단계_부분_적응
14653,train,1,1,1단계_완전_소외
14654,train,1,1,1단계_완전_소외
14655,train,1,1,1단계_완전_소외
14656,train,2,3,3단계_자립_적응
14657,train,1,1,1단계_완전_소외
14658,train,1,1,1단계_완전_소외
14659,train,1,1,1단계_완전_소외
14660,train,1,1,1단계_완전_소외
14661,train,1,1,1단계_완전_소외
14662,train,0,2,2단계_부분_적응
14663,train,2,3,3단계_자립_적응
14664,train,0,2,2단계_부분_적응
14665,train,0,2,2단계_부분_적응
14666,train,2,3,3단계_자립_적응
14667,train,2,3,3단계_자립_적응
14668,train,0,2,2단계_부분_적응
14669,train,2,3,3단계_자립_적응
14670,train,1,1,1단계_완전_소외
14671,train,2,3,3단계_자립_적응
14672,train,2,3,3단계_자립_적응
14673,train,1,1,1단계_완전_소외
14674,train,0,2,2단계_부분_적응
14675,train,0,2,2단계_부분_적응
14676,train,2,3,3단계_자립_적응
14677,train,1,1,1단계_완전_소외
14678,train,1,1,1단계_완전_소외
14679,train,2,3,3단계_자립_적응
14680,train,1,1,1단계_완전_소외
14681,train,2,3,3단계_자립_적응
14682,train,2,3,3단계_자립_적응
14683,train,0,2,2단계_부분_적응
14684,train,1,1,1단계_완전_소외
14685,train,2,3,3단계_자립_적응
14686,train,1,1,1단계_완전_소외
14687,train,0,2,2단계_부분_적응
14688,train,0,2,2단계_부분_적응
14689,train,2,3,3단계_자립_적응
14690,train,2,3,3단계_자립_적응
14691,train,2,3,3단계_자립_적응
14692,train,0,2,2단계_부분_적응
14693,train,0,2,2단계_부분_적응
14694,train,1,1,1단계_완전_소외
14695,train,0,2,2단계_부분_적응
14696,train,1,1,1단계_완전_소외
14697,train,2,3,3단계_자립_적응
14698,train,0,2,2단계_부분_적응
14699,train,0,2,2단계_부분_적응
14700,train,0,2,2단계_부분_적응
14701,train,0,2,2단계_부분_적응
14702,train,1,1,1단계_완전_소외
14703,train,2,3,3단계_자립_적응
14704,train,1,1,1단계_완전_소외
14705,train,1,1,1단계_완전_소외
14706,train,2,3,3단계_자립_적응
14707,train,0,2,2단계_부분_적응
14708,train,0,2,2단계_부분_적응
14709,train,1,1,1단계_완전_소외
14710,train,0,2,2단계_부분_적응
14711,train,0,2,2단계_부분_적응
14712,train,0,2,2단계_부분_적응
14713,train,1,1,1단계_완전_소외
14714,train,0,2,2단계_부분_적응
14715,train,2,3,3단계_자립_적응
14716,train,1,1,1단계_완전_소외
14717,train,1,1,1단계_완전_소외
14718,train,0,2,2단계_부분_적응
14719,train,0,2,2단계_부분_적응
14720,train,1,1,1단계_완전_소외
14721,train,0,2,2단계_부분_적응
14722,train,0,2,2단계_부분_적응
14723,train,0,2,2단계_부분_적응
14724,train,0,2,2단계_부분_적응
14725,train,1,1,1단계_완전_소외
14726,train,2,3,3단계_자립_적응
14727,train,2,3,3단계_자립_적응
14728,train,2,3,3단계_자립_적응
14729,train,0,2,2단계_부분_적응
14730,train,0,2,2단계_부분_적응
14731,train,0,2,2단계_부분_적응
14732,train,0,2,2단계_부분_적응
14733,train,1,1,1단계_완전_소외
14734,train,2,3,3단계_자립_적응
14735,train,1,1,1단계_완전_소외
14736,train,2,3,3단계_자립_적응
14737,train,1,1,1단계_완전_소외
14738,train,1,1,1단계_완전_소외
14739,train,1,1,1단계_완전_소외
14740,train,2,3,3단계_자립_적응
14741,train,1,1,1단계_완전_소외
14742,train,1,1,1단계_완전_소외
14743,train,1,1,1단계_완전_소외
14744,train,0,2,2단계_부분_적응
14745,train,1,1,1단계_완전_소외
14746,train,0,2,2단계_부분_적응
14747,train,1,1,1단계_완전_소외
14748,train,2,3,3단계_자립_적응
14749,train,2,3,3단계_자립_적응
14750,train,2,3,3단계_자립_적응
14751,train,0,2,2단계_부분_적응
14752,train,2,3,3단계_자립_적응
14753,train,2,3,3단계_자립_적응
14754,train,1,1,1단계_완전_소외
14755,train,1,1,1단계_완전_소외
14756,train,2,3,3단계_자립_적응
14757,train,0,2,2단계_부분_적응
14758,train,0,2,2단계_부분_적응
14759,train,0,2,2단계_부분_적응
14760,train,1,1,1단계_완전_소외
14761,train,0,2,2단계_부분_적응
14762,train,0,2,2단계_부분_적응
14763,train,1,1,1단계_완전_소외
14764,train,2,3,3단계_자립_적응
14765,train,1,1,1단계_완전_소외
14766,train,2,3,3단계_자립_적응
14767,train,2,3,3단계_자립_적응
14768,train,0,2,2단계_부분_적응
14769,train,0,2,2단계_부분_적응
14770,train,1,1,1단계_완전_소외
14771,train,0,2,2단계_부분_적응
14772,train,0,2,2단계_부분_적응
14773,train,0,2,2단계_부분_적응
14774,train,1,1,1단계_완전_소외
14775,train,2,3,3단계_자립_적응
14776,train,1,1,1단계_완전_소외
14777,train,1,1,1단계_완전_소외
14778,train,1,1,1단계_완전_소외
14779,train,0,2,2단계_부분_적응
14780,train,1,1,1단계_완전_소외
14781,train,2,3,3단계_자립_적응
14782,train,0,2,2단계_부분_적응
14783,train,2,3,3단계_자립_적응
14784,train,0,2,2단계_부분_적응
14785,train,1,1,1단계_완전_소외
14786,train,0,2,2단계_부분_적응
14787,train,0,2,2단계_부분_적응
14788,train,2,3,3단계_자립_적응
14789,train,2,3,3단계_자립_적응
14790,train,2,3,3단계_자립_적응
14791,train,0,2,2단계_부분_적응
14792,train,1,1,1단계_완전_소외
14793,train,1,1,1단계_완전_소외
14794,train,1,1,1단계_완전_소외
14795,train,1,1,1단계_완전_소외
14796,train,0,2,2단계_부분_적응
14797,train,1,1,1단계_완전_소외
14798,train,2,3,3단계_자립_적응
14799,train,0,2,2단계_부분_적응
14800,train,1,1,1단계_완전_소외
14801,train,0,2,2단계_부분_적응
14802,train,1,1,1단계_완전_소외
14803,train,1,1,1단계_완전_소외
14804,train,2,3,3단계_자립_적응
14805,train,1,1,1단계_완전_소외
14806,train,0,2,2단계_부분_적응
14807,train,0,2,2단계_부분_적응
14808,train,2,3,3단계_자립_적응
14809,train,1,1,1단계_완전_소외
14810,train,0,2,2단계_부분_적응
14811,train,2,3,3단계_자립_적응
14812,train,1,1,1단계_완전_소외
14813,train,1,1,1단계_완전_소외
14814,train,0,2,2단계_부분_적응
14815,train,1,1,1단계_완전_소외
14816,train,2,3,3단계_자립_적응
14817,train,0,2,2단계_부분_적응
14818,train,2,3,3단계_자립_적응
14819,train,0,2,2단계_부분_적응
14820,train,2,3,3단계_자립_적응
14821,train,2,3,3단계_자립_적응
14822,train,1,1,1단계_완전_소외
14823,train,0,2,2단계_부분_적응
14824,train,0,2,2단계_부분_적응
14825,train,0,2,2단계_부분_적응
14826,train,2,3,3단계_자립_적응
14827,train,0,2,2단계_부분_적응
14828,train,0,2,2단계_부분_적응
14829,train,2,3,3단계_자립_적응
14830,train,1,1,1단계_완전_소외
14831,train,2,3,3단계_자립_적응
14832,train,2,3,3단계_자립_적응
14833,train,2,3,3단계_자립_적응
14834,train,0,2,2단계_부분_적응
14835,train,1,1,1단계_완전_소외
14836,train,0,2,2단계_부분_적응
14837,train,0,2,2단계_부분_적응
14838,train,0,2,2단계_부분_적응
14839,train,1,1,1단계_완전_소외
14840,train,1,1,1단계_완전_소외
14841,train,1,1,1단계_완전_소외
14842,train,1,1,1단계_완전_소외
14843,train,1,1,1단계_완전_소외
14844,train,0,2,2단계_부분_적응
14845,train,1,1,1단계_완전_소외
14846,train,0,2,2단계_부분_적응
14847,train,0,2,2단계_부분_적응
14848,train,2,3,3단계_자립_적응
14849,train,1,1,1단계_완전_소외
14850,train,2,3,3단계_자립_적응
14851,train,2,3,3단계_자립_적응
14852,train,1,1,1단계_완전_소외
14853,train,2,3,3단계_자립_적응
14854,train,1,1,1단계_완전_소외
14855,train,0,2,2단계_부분_적응
14856,train,1,1,1단계_완전_소외
14857,train,0,2,2단계_부분_적응
14858,train,1,1,1단계_완전_소외
14859,train,0,2,2단계_부분_적응
14860,train,1,1,1단계_완전_소외
14861,train,1,1,1단계_완전_소외
14862,train,1,1,1단계_완전_소외
14863,train,1,1,1단계_완전_소외
14864,train,1,1,1단계_완전_소외
14865,train,1,1,1단계_완전_소외
14866,train,1,1,1단계_완전_소외
14867,train,0,2,2단계_부분_적응
14868,train,2,3,3단계_자립_적응
14869,train,2,3,3단계_자립_적응
14870,train,0,2,2단계_부분_적응
14871,train,1,1,1단계_완전_소외
14872,train,0,2,2단계_부분_적응
14873,train,0,2,2단계_부분_적응
14874,train,1,1,1단계_완전_소외
14875,train,2,3,3단계_자립_적응
14876,train,0,2,2단계_부분_적응
14877,train,1,1,1단계_완전_소외
14878,train,1,1,1단계_완전_소외
14879,train,2,3,3단계_자립_적응
14880,train,0,2,2단계_부분_적응
14881,train,1,1,1단계_완전_소외
14882,train,1,1,1단계_완전_소외
14883,train,2,3,3단계_자립_적응
14884,train,2,3,3단계_자립_적응
14885,train,0,2,2단계_부분_적응
14886,train,0,2,2단계_부분_적응
14887,train,0,2,2단계_부분_적응
14888,train,2,3,3단계_자립_적응
14889,train,1,1,1단계_완전_소외
14890,train,1,1,1단계_완전_소외
14891,train,1,1,1단계_완전_소외
14892,train,0,2,2단계_부분_적응
14893,train,1,1,1단계_완전_소외
14894,train,1,1,1단계_완전_소외
14895,train,1,1,1단계_완전_소외
14896,train,1,1,1단계_완전_소외
14897,train,0,2,2단계_부분_적응
14898,train,0,2,2단계_부분_적응
14899,train,1,1,1단계_완전_소외
14900,train,2,3,3단계_자립_적응
14901,train,1,1,1단계_완전_소외
14902,train,0,2,2단계_부분_적응
14903,train,0,2,2단계_부분_적응
14904,train,0,2,2단계_부분_적응
14905,train,2,3,3단계_자립_적응
14906,train,0,2,2단계_부분_적응
14907,train,0,2,2단계_부분_적응
14908,train,1,1,1단계_완전_소외
14909,train,2,3,3단계_자립_적응
14910,train,0,2,2단계_부분_적응
14911,train,0,2,2단계_부분_적응
14912,train,1,1,1단계_완전_소외
14913,train,0,2,2단계_부분_적응
14914,train,0,2,2단계_부분_적응
14915,train,1,1,1단계_완전_소외
14916,train,1,1,1단계_완전_소외
14917,train,1,1,1단계_완전_소외
14918,train,1,1,1단계_완전_소외
14919,train,1,1,1단계_완전_소외
14920,train,1,1,1단계_완전_소외
14921,train,1,1,1단계_완전_소외
14922,train,1,1,1단계_완전_소외
14923,train,1,1,1단계_완전_소외
14924,train,2,3,3단계_자립_적응
14925,train,0,2,2단계_부분_적응
14926,train,0,2,2단계_부분_적응
14927,train,2,3,3단계_자립_적응
14928,train,1,1,1단계_완전_소외
14929,train,1,1,1단계_완전_소외
14930,train,1,1,1단계_완전_소외
14931,train,1,1,1단계_완전_소외
14932,train,0,2,2단계_부분_적응
14933,train,2,3,3단계_자립_적응
14934,train,2,3,3단계_자립_적응
14935,train,2,3,3단계_자립_적응
14936,train,0,2,2단계_부분_적응
14937,train,0,2,2단계_부분_적응
14938,train,1,1,1단계_완전_소외
14939,train,2,3,3단계_자립_적응
14940,train,2,3,3단계_자립_적응
14941,train,1,1,1단계_완전_소외
14942,train,2,3,3단계_자립_적응
14943,train,0,2,2단계_부분_적응
14944,train,1,1,1단계_완전_소외
14945,train,1,1,1단계_완전_소외
14946,train,0,2,2단계_부분_적응
14947,train,0,2,2단계_부분_적응
14948,train,0,2,2단계_부분_적응
14949,train,1,1,1단계_완전_소외
14950,train,2,3,3단계_자립_적응
14951,train,0,2,2단계_부분_적응
14952,train,1,1,1단계_완전_소외
14953,train,0,2,2단계_부분_적응
14954,train,0,2,2단계_부분_적응
14955,train,2,3,3단계_자립_적응
14956,train,0,2,2단계_부분_적응
14957,train,2,3,3단계_자립_적응
14958,train,1,1,1단계_완전_소외
14959,train,2,3,3단계_자립_적응
14960,train,0,2,2단계_부분_적응
14961,train,0,2,2단계_부분_적응
14962,train,1,1,1단계_완전_소외
14963,train,2,3,3단계_자립_적응
14964,train,0,2,2단계_부분_적응
14965,train,1,1,1단계_완전_소외
14966,train,1,1,1단계_완전_소외
14967,train,1,1,1단계_완전_소외
14968,train,2,3,3단계_자립_적응
14969,train,0,2,2단계_부분_적응
14970,train,0,2,2단계_부분_적응
14971,train,0,2,2단계_부분_적응
14972,train,1,1,1단계_완전_소외
14973,train,2,3,3단계_자립_적응
14974,train,2,3,3단계_자립_적응
14975,train,1,1,1단계_완전_소외
14976,train,0,2,2단계_부분_적응
14977,train,2,3,3단계_자립_적응
14978,train,0,2,2단계_부분_적응
14979,train,0,2,2단계_부분_적응
14980,train,0,2,2단계_부분_적응
14981,train,1,1,1단계_완전_소외
14982,train,1,1,1단계_완전_소외
14983,train,1,1,1단계_완전_소외
14984,train,1,1,1단계_완전_소외
14985,train,1,1,1단계_완전_소외
14986,train,1,1,1단계_완전_소외
14987,train,1,1,1단계_완전_소외
14988,train,0,2,2단계_부분_적응
14989,train,1,1,1단계_완전_소외
14990,train,0,2,2단계_부분_적응
14991,train,1,1,1단계_완전_소외
14992,train,0,2,2단계_부분_적응
14993,train,1,1,1단계_완전_소외
14994,train,2,3,3단계_자립_적응
14995,train,2,3,3단계_자립_적응
14996,train,1,1,1단계_완전_소외
14997,train,0,2,2단계_부분_적응
14998,train,0,2,2단계_부분_적응
14999,train,0,2,2단계_부분_적응
15000,train,2,3,3단계_자립_적응
15001,train,0,2,2단계_부분_적응
15002,train,1,1,1단계_완전_소외
15003,train,1,1,1단계_완전_소외
15004,train,1,1,1단계_완전_소외
15005,train,2,3,3단계_자립_적응
15006,train,2,3,3단계_자립_적응
15007,train,1,1,1단계_완전_소외
15008,train,0,2,2단계_부분_적응
15009,train,0,2,2단계_부분_적응
15010,train,2,3,3단계_자립_적응
15011,train,1,1,1단계_완전_소외
15012,train,2,3,3단계_자립_적응
15013,train,0,2,2단계_부분_적응
15014,train,2,3,3단계_자립_적응
15015,train,2,3,3단계_자립_적응
15016,train,1,1,1단계_완전_소외
15017,train,1,1,1단계_완전_소외
15018,train,1,1,1단계_완전_소외
15019,train,0,2,2단계_부분_적응
15020,train,0,2,2단계_부분_적응
15021,train,0,2,2단계_부분_적응
15022,train,1,1,1단계_완전_소외
15023,train,0,2,2단계_부분_적응
15024,train,1,1,1단계_완전_소외
15025,train,0,2,2단계_부분_적응
15026,train,0,2,2단계_부분_적응
15027,train,0,2,2단계_부분_적응
15028,train,0,2,2단계_부분_적응
15029,train,2,3,3단계_자립_적응
15030,train,0,2,2단계_부분_적응
15031,train,1,1,1단계_완전_소외
15032,train,1,1,1단계_완전_소외
15033,train,0,2,2단계_부분_적응
15034,train,0,2,2단계_부분_적응
15035,train,1,1,1단계_완전_소외
15036,train,2,3,3단계_자립_적응
15037,train,1,1,1단계_완전_소외
15038,train,1,1,1단계_완전_소외
15039,train,0,2,2단계_부분_적응
15040,train,1,1,1단계_완전_소외
15041,train,1,1,1단계_완전_소외
15042,train,2,3,3단계_자립_적응
15043,train,1,1,1단계_완전_소외
15044,train,0,2,2단계_부분_적응
15045,train,0,2,2단계_부분_적응
15046,train,1,1,1단계_완전_소외
15047,train,0,2,2단계_부분_적응
15048,train,1,1,1단계_완전_소외
15049,train,0,2,2단계_부분_적응
15050,train,2,3,3단계_자립_적응
15051,train,0,2,2단계_부분_적응
15052,train,1,1,1단계_완전_소외
15053,train,1,1,1단계_완전_소외
15054,train,1,1,1단계_완전_소외
15055,train,2,3,3단계_자립_적응
15056,train,0,2,2단계_부분_적응
15057,train,2,3,3단계_자립_적응
15058,train,0,2,2단계_부분_적응
15059,train,2,3,3단계_자립_적응
15060,train,1,1,1단계_완전_소외
15061,train,0,2,2단계_부분_적응
15062,train,0,2,2단계_부분_적응
15063,train,2,3,3단계_자립_적응
15064,train,0,2,2단계_부분_적응
15065,train,0,2,2단계_부분_적응
15066,train,1,1,1단계_완전_소외
15067,train,0,2,2단계_부분_적응
15068,train,0,2,2단계_부분_적응
15069,train,0,2,2단계_부분_적응
15070,train,2,3,3단계_자립_적응
15071,train,2,3,3단계_자립_적응
15072,train,0,2,2단계_부분_적응
15073,train,0,2,2단계_부분_적응
15074,train,0,2,2단계_부분_적응
15075,train,1,1,1단계_완전_소외
15076,train,0,2,2단계_부분_적응
15077,train,0,2,2단계_부분_적응
15078,train,2,3,3단계_자립_적응
15079,train,1,1,1단계_완전_소외
15080,train,1,1,1단계_완전_소외
15081,train,2,3,3단계_자립_적응
15082,train,1,1,1단계_완전_소외
15083,train,0,2,2단계_부분_적응
15084,train,1,1,1단계_완전_소외
15085,train,0,2,2단계_부분_적응
15086,train,1,1,1단계_완전_소외
15087,train,1,1,1단계_완전_소외
15088,train,0,2,2단계_부분_적응
15089,train,2,3,3단계_자립_적응
15090,train,0,2,2단계_부분_적응
15091,train,1,1,1단계_완전_소외
15092,train,1,1,1단계_완전_소외
15093,train,2,3,3단계_자립_적응
15094,train,0,2,2단계_부분_적응
15095,train,1,1,1단계_완전_소외
15096,train,1,1,1단계_완전_소외
15097,train,2,3,3단계_자립_적응
15098,train,1,1,1단계_완전_소외
15099,train,0,2,2단계_부분_적응
15100,train,2,3,3단계_자립_적응
15101,train,2,3,3단계_자립_적응
15102,train,1,1,1단계_완전_소외
15103,train,2,3,3단계_자립_적응
15104,train,1,1,1단계_완전_소외
15105,train,0,2,2단계_부분_적응
15106,train,2,3,3단계_자립_적응
15107,train,1,1,1단계_완전_소외
15108,train,0,2,2단계_부분_적응
15109,train,1,1,1단계_완전_소외
15110,train,1,1,1단계_완전_소외
15111,train,0,2,2단계_부분_적응
15112,train,1,1,1단계_완전_소외
15113,train,1,1,1단계_완전_소외
15114,train,2,3,3단계_자립_적응
15115,train,2,3,3단계_자립_적응
15116,train,2,3,3단계_자립_적응
15117,train,2,3,3단계_자립_적응
15118,train,0,2,2단계_부분_적응
15119,train,2,3,3단계_자립_적응
15120,train,1,1,1단계_완전_소외
15121,train,2,3,3단계_자립_적응
15122,train,0,2,2단계_부분_적응
15123,train,0,2,2단계_부분_적응
15124,train,1,1,1단계_완전_소외
15125,train,0,2,2단계_부분_적응
15126,train,0,2,2단계_부분_적응
15127,train,1,1,1단계_완전_소외
15128,train,0,2,2단계_부분_적응
15129,train,2,3,3단계_자립_적응
15130,train,0,2,2단계_부분_적응
15131,train,2,3,3단계_자립_적응
15132,train,0,2,2단계_부분_적응
15133,train,1,1,1단계_완전_소외
15134,train,2,3,3단계_자립_적응
15135,train,1,1,1단계_완전_소외
15136,train,2,3,3단계_자립_적응
15137,train,1,1,1단계_완전_소외
15138,train,2,3,3단계_자립_적응
15139,train,1,1,1단계_완전_소외
15140,train,1,1,1단계_완전_소외
15141,train,1,1,1단계_완전_소외
15142,train,0,2,2단계_부분_적응
15143,train,1,1,1단계_완전_소외
15144,train,0,2,2단계_부분_적응
15145,train,2,3,3단계_자립_적응
15146,train,1,1,1단계_완전_소외
15147,train,1,1,1단계_완전_소외
15148,train,1,1,1단계_완전_소외
15149,train,2,3,3단계_자립_적응
15150,train,0,2,2단계_부분_적응
15151,train,0,2,2단계_부분_적응
15152,train,0,2,2단계_부분_적응
15153,train,2,3,3단계_자립_적응
15154,train,0,2,2단계_부분_적응
15155,train,1,1,1단계_완전_소외
15156,train,0,2,2단계_부분_적응
15157,train,1,1,1단계_완전_소외
15158,train,1,1,1단계_완전_소외
15159,train,2,3,3단계_자립_적응
15160,train,1,1,1단계_완전_소외
15161,train,1,1,1단계_완전_소외
15162,train,2,3,3단계_자립_적응
15163,train,1,1,1단계_완전_소외
15164,train,0,2,2단계_부분_적응
15165,train,0,2,2단계_부분_적응
15166,train,1,1,1단계_완전_소외
15167,train,2,3,3단계_자립_적응
15168,train,1,1,1단계_완전_소외
15169,train,1,1,1단계_완전_소외
15170,train,0,2,2단계_부분_적응
15171,train,0,2,2단계_부분_적응
15172,train,1,1,1단계_완전_소외
15173,train,0,2,2단계_부분_적응
15174,train,0,2,2단계_부분_적응
15175,train,0,2,2단계_부분_적응
15176,train,1,1,1단계_완전_소외
15177,train,0,2,2단계_부분_적응
15178,train,2,3,3단계_자립_적응
15179,train,1,1,1단계_완전_소외
15180,train,1,1,1단계_완전_소외
15181,train,0,2,2단계_부분_적응
15182,train,0,2,2단계_부분_적응
15183,train,1,1,1단계_완전_소외
15184,train,1,1,1단계_완전_소외
15185,train,0,2,2단계_부분_적응
15186,train,1,1,1단계_완전_소외
15187,train,0,2,2단계_부분_적응
15188,train,0,2,2단계_부분_적응
15189,train,1,1,1단계_완전_소외
15190,train,0,2,2단계_부분_적응
15191,train,1,1,1단계_완전_소외
15192,train,2,3,3단계_자립_적응
15193,train,0,2,2단계_부분_적응
15194,train,1,1,1단계_완전_소외
15195,train,2,3,3단계_자립_적응
15196,train,2,3,3단계_자립_적응
15197,train,0,2,2단계_부분_적응
15198,train,1,1,1단계_완전_소외
15199,train,1,1,1단계_완전_소외
15200,train,1,1,1단계_완전_소외
15201,train,2,3,3단계_자립_적응
15202,train,1,1,1단계_완전_소외
15203,train,1,1,1단계_완전_소외
15204,train,1,1,1단계_완전_소외
15205,train,1,1,1단계_완전_소외
15206,train,1,1,1단계_완전_소외
15207,train,1,1,1단계_완전_소외
15208,train,2,3,3단계_자립_적응
15209,train,1,1,1단계_완전_소외
15210,train,1,1,1단계_완전_소외
15211,train,1,1,1단계_완전_소외
15212,train,2,3,3단계_자립_적응
15213,train,0,2,2단계_부분_적응
15214,train,1,1,1단계_완전_소외
15215,train,0,2,2단계_부분_적응
15216,train,0,2,2단계_부분_적응
15217,train,0,2,2단계_부분_적응
15218,train,0,2,2단계_부분_적응
15219,train,0,2,2단계_부분_적응
15220,train,1,1,1단계_완전_소외
15221,train,0,2,2단계_부분_적응
15222,train,1,1,1단계_완전_소외
15223,train,2,3,3단계_자립_적응
15224,train,1,1,1단계_완전_소외
15225,train,0,2,2단계_부분_적응
15226,train,2,3,3단계_자립_적응
15227,train,0,2,2단계_부분_적응
15228,train,0,2,2단계_부분_적응
15229,train,2,3,3단계_자립_적응
15230,train,0,2,2단계_부분_적응
15231,train,0,2,2단계_부분_적응
15232,train,0,2,2단계_부분_적응
15233,train,0,2,2단계_부분_적응
15234,train,1,1,1단계_완전_소외
15235,train,1,1,1단계_완전_소외
15236,train,0,2,2단계_부분_적응
15237,train,1,1,1단계_완전_소외
15238,train,0,2,2단계_부분_적응
15239,train,0,2,2단계_부분_적응
15240,train,1,1,1단계_완전_소외
15241,train,2,3,3단계_자립_적응
15242,train,2,3,3단계_자립_적응
15243,train,0,2,2단계_부분_적응
15244,train,1,1,1단계_완전_소외
15245,train,2,3,3단계_자립_적응
15246,train,2,3,3단계_자립_적응
15247,train,1,1,1단계_완전_소외
15248,train,2,3,3단계_자립_적응
15249,train,1,1,1단계_완전_소외
15250,train,2,3,3단계_자립_적응
15251,train,1,1,1단계_완전_소외
15252,train,1,1,1단계_완전_소외
15253,train,0,2,2단계_부분_적응
15254,train,1,1,1단계_완전_소외
15255,train,1,1,1단계_완전_소외
15256,train,0,2,2단계_부분_적응
15257,train,0,2,2단계_부분_적응
15258,train,0,2,2단계_부분_적응
15259,train,2,3,3단계_자립_적응
15260,train,1,1,1단계_완전_소외
15261,train,1,1,1단계_완전_소외
15262,train,1,1,1단계_완전_소외
15263,train,1,1,1단계_완전_소외
15264,train,2,3,3단계_자립_적응
15265,train,2,3,3단계_자립_적응
15266,train,2,3,3단계_자립_적응
15267,train,1,1,1단계_완전_소외
15268,train,2,3,3단계_자립_적응
15269,train,0,2,2단계_부분_적응
15270,train,2,3,3단계_자립_적응
15271,train,0,2,2단계_부분_적응
15272,train,0,2,2단계_부분_적응
15273,train,1,1,1단계_완전_소외
15274,train,0,2,2단계_부분_적응
15275,train,2,3,3단계_자립_적응
15276,train,0,2,2단계_부분_적응
15277,train,1,1,1단계_완전_소외
15278,train,2,3,3단계_자립_적응
15279,train,0,2,2단계_부분_적응
15280,train,0,2,2단계_부분_적응
15281,train,1,1,1단계_완전_소외
15282,train,1,1,1단계_완전_소외
15283,train,2,3,3단계_자립_적응
15284,train,0,2,2단계_부분_적응
15285,train,0,2,2단계_부분_적응
15286,train,1,1,1단계_완전_소외
15287,train,2,3,3단계_자립_적응
15288,train,1,1,1단계_완전_소외
15289,train,2,3,3단계_자립_적응
15290,train,2,3,3단계_자립_적응
15291,train,1,1,1단계_완전_소외
15292,train,1,1,1단계_완전_소외
15293,train,2,3,3단계_자립_적응
15294,train,1,1,1단계_완전_소외
15295,train,0,2,2단계_부분_적응
15296,train,0,2,2단계_부분_적응
15297,train,0,2,2단계_부분_적응
15298,train,1,1,1단계_완전_소외
15299,train,2,3,3단계_자립_적응
15300,train,1,1,1단계_완전_소외
15301,train,2,3,3단계_자립_적응
15302,train,1,1,1단계_완전_소외
15303,train,0,2,2단계_부분_적응
15304,train,1,1,1단계_완전_소외
15305,train,0,2,2단계_부분_적응
15306,train,1,1,1단계_완전_소외
15307,train,0,2,2단계_부분_적응
15308,train,1,1,1단계_완전_소외
15309,train,2,3,3단계_자립_적응
15310,train,1,1,1단계_완전_소외
15311,train,0,2,2단계_부분_적응
15312,train,0,2,2단계_부분_적응
15313,train,2,3,3단계_자립_적응
15314,train,0,2,2단계_부분_적응
15315,train,0,2,2단계_부분_적응
15316,train,2,3,3단계_자립_적응
15317,train,2,3,3단계_자립_적응
15318,train,0,2,2단계_부분_적응
15319,train,0,2,2단계_부분_적응
15320,train,1,1,1단계_완전_소외
15321,train,0,2,2단계_부분_적응
15322,train,0,2,2단계_부분_적응
15323,train,1,1,1단계_완전_소외
15324,train,0,2,2단계_부분_적응
15325,train,0,2,2단계_부분_적응
15326,train,0,2,2단계_부분_적응
15327,train,0,2,2단계_부분_적응
15328,train,1,1,1단계_완전_소외
15329,train,0,2,2단계_부분_적응
15330,train,1,1,1단계_완전_소외
15331,train,0,2,2단계_부분_적응
15332,train,2,3,3단계_자립_적응
15333,train,2,3,3단계_자립_적응
15334,train,0,2,2단계_부분_적응
15335,train,1,1,1단계_완전_소외
15336,train,0,2,2단계_부분_적응
15337,train,1,1,1단계_완전_소외
15338,train,0,2,2단계_부분_적응
15339,train,0,2,2단계_부분_적응
15340,train,0,2,2단계_부분_적응
15341,train,2,3,3단계_자립_적응
15342,train,1,1,1단계_완전_소외
15343,train,2,3,3단계_자립_적응
15344,train,1,1,1단계_완전_소외
15345,train,0,2,2단계_부분_적응
15346,train,0,2,2단계_부분_적응
15347,train,1,1,1단계_완전_소외
15348,train,1,1,1단계_완전_소외
15349,train,1,1,1단계_완전_소외
15350,train,0,2,2단계_부분_적응
15351,train,1,1,1단계_완전_소외
15352,train,0,2,2단계_부분_적응
15353,train,1,1,1단계_완전_소외
15354,train,1,1,1단계_완전_소외
15355,train,1,1,1단계_완전_소외
15356,train,1,1,1단계_완전_소외
15357,train,0,2,2단계_부분_적응
15358,train,1,1,1단계_완전_소외
15359,train,0,2,2단계_부분_적응
15360,train,1,1,1단계_완전_소외
15361,train,1,1,1단계_완전_소외
15362,train,0,2,2단계_부분_적응
15363,train,0,2,2단계_부분_적응
15364,train,2,3,3단계_자립_적응
15365,train,0,2,2단계_부분_적응
15366,train,1,1,1단계_완전_소외
15367,train,1,1,1단계_완전_소외
15368,train,1,1,1단계_완전_소외
15369,train,2,3,3단계_자립_적응
15370,train,0,2,2단계_부분_적응
15371,train,0,2,2단계_부분_적응
15372,train,1,1,1단계_완전_소외
15373,train,2,3,3단계_자립_적응
15374,train,0,2,2단계_부분_적응
15375,train,0,2,2단계_부분_적응
15376,train,2,3,3단계_자립_적응
15377,train,1,1,1단계_완전_소외
15378,train,0,2,2단계_부분_적응
15379,train,1,1,1단계_완전_소외
15380,train,1,1,1단계_완전_소외
15381,train,1,1,1단계_완전_소외
15382,train,2,3,3단계_자립_적응
15383,train,0,2,2단계_부분_적응
15384,train,2,3,3단계_자립_적응
15385,train,2,3,3단계_자립_적응
15386,train,0,2,2단계_부분_적응
15387,train,1,1,1단계_완전_소외
15388,train,0,2,2단계_부분_적응
15389,train,0,2,2단계_부분_적응
15390,train,0,2,2단계_부분_적응
15391,train,2,3,3단계_자립_적응
15392,train,0,2,2단계_부분_적응
15393,train,0,2,2단계_부분_적응
15394,train,2,3,3단계_자립_적응
15395,train,0,2,2단계_부분_적응
15396,train,0,2,2단계_부분_적응
15397,train,2,3,3단계_자립_적응
15398,train,1,1,1단계_완전_소외
15399,train,2,3,3단계_자립_적응
15400,train,1,1,1단계_완전_소외
15401,train,1,1,1단계_완전_소외
15402,train,0,2,2단계_부분_적응
15403,train,2,3,3단계_자립_적응
15404,train,2,3,3단계_자립_적응
15405,train,2,3,3단계_자립_적응
15406,train,1,1,1단계_완전_소외
15407,train,2,3,3단계_자립_적응
15408,train,1,1,1단계_완전_소외
15409,train,1,1,1단계_완전_소외
15410,train,0,2,2단계_부분_적응
15411,train,2,3,3단계_자립_적응
15412,train,0,2,2단계_부분_적응
15413,train,1,1,1단계_완전_소외
15414,train,0,2,2단계_부분_적응
15415,train,1,1,1단계_완전_소외
15416,train,2,3,3단계_자립_적응
15417,train,2,3,3단계_자립_적응
15418,train,1,1,1단계_완전_소외
15419,train,1,1,1단계_완전_소외
15420,train,1,1,1단계_완전_소외
15421,train,1,1,1단계_완전_소외
15422,train,0,2,2단계_부분_적응
15423,train,2,3,3단계_자립_적응
15424,train,0,2,2단계_부분_적응
15425,train,0,2,2단계_부분_적응
15426,train,0,2,2단계_부분_적응
15427,train,0,2,2단계_부분_적응
15428,train,0,2,2단계_부분_적응
15429,train,0,2,2단계_부분_적응
15430,train,1,1,1단계_완전_소외
15431,train,2,3,3단계_자립_적응
15432,train,2,3,3단계_자립_적응
15433,train,0,2,2단계_부분_적응
15434,train,0,2,2단계_부분_적응
15435,train,1,1,1단계_완전_소외
15436,train,2,3,3단계_자립_적응
15437,train,1,1,1단계_완전_소외
15438,train,1,1,1단계_완전_소외
15439,train,1,1,1단계_완전_소외
15440,train,2,3,3단계_자립_적응
15441,train,0,2,2단계_부분_적응
15442,train,1,1,1단계_완전_소외
15443,train,0,2,2단계_부분_적응
15444,train,1,1,1단계_완전_소외
15445,train,1,1,1단계_완전_소외
15446,train,1,1,1단계_완전_소외
15447,train,2,3,3단계_자립_적응
15448,train,1,1,1단계_완전_소외
15449,train,0,2,2단계_부분_적응
15450,train,0,2,2단계_부분_적응
15451,train,1,1,1단계_완전_소외
15452,train,1,1,1단계_완전_소외
15453,train,0,2,2단계_부분_적응
15454,train,0,2,2단계_부분_적응
15455,train,0,2,2단계_부분_적응
15456,train,0,2,2단계_부분_적응
15457,train,1,1,1단계_완전_소외
15458,train,1,1,1단계_완전_소외
15459,train,0,2,2단계_부분_적응
15460,train,2,3,3단계_자립_적응
15461,train,0,2,2단계_부분_적응
15462,train,0,2,2단계_부분_적응
15463,train,2,3,3단계_자립_적응
15464,train,1,1,1단계_완전_소외
15465,train,2,3,3단계_자립_적응
15466,train,1,1,1단계_완전_소외
15467,train,1,1,1단계_완전_소외
15468,train,0,2,2단계_부분_적응
15469,train,0,2,2단계_부분_적응
15470,train,0,2,2단계_부분_적응
15471,train,0,2,2단계_부분_적응
15472,train,1,1,1단계_완전_소외
15473,train,2,3,3단계_자립_적응
15474,train,2,3,3단계_자립_적응
15475,train,0,2,2단계_부분_적응
15476,train,1,1,1단계_완전_소외
15477,train,1,1,1단계_완전_소외
15478,train,0,2,2단계_부분_적응
15479,train,1,1,1단계_완전_소외
15480,train,1,1,1단계_완전_소외
15481,train,1,1,1단계_완전_소외
15482,train,0,2,2단계_부분_적응
15483,train,0,2,2단계_부분_적응
15484,train,1,1,1단계_완전_소외
15485,train,1,1,1단계_완전_소외
15486,train,0,2,2단계_부분_적응
15487,train,0,2,2단계_부분_적응
15488,train,1,1,1단계_완전_소외
15489,train,2,3,3단계_자립_적응
15490,train,1,1,1단계_완전_소외
15491,train,1,1,1단계_완전_소외
15492,train,2,3,3단계_자립_적응
15493,train,0,2,2단계_부분_적응
15494,train,2,3,3단계_자립_적응
15495,train,1,1,1단계_완전_소외
15496,train,0,2,2단계_부분_적응
15497,train,1,1,1단계_완전_소외
15498,train,2,3,3단계_자립_적응
15499,train,1,1,1단계_완전_소외
15500,train,0,2,2단계_부분_적응
15501,train,1,1,1단계_완전_소외
15502,train,2,3,3단계_자립_적응
15503,train,2,3,3단계_자립_적응
15504,train,0,2,2단계_부분_적응
15505,train,1,1,1단계_완전_소외
15506,train,1,1,1단계_완전_소외
15507,train,2,3,3단계_자립_적응
15508,train,2,3,3단계_자립_적응
15509,train,0,2,2단계_부분_적응
15510,train,1,1,1단계_완전_소외
15511,train,1,1,1단계_완전_소외
15512,train,0,2,2단계_부분_적응
15513,train,2,3,3단계_자립_적응
15514,train,0,2,2단계_부분_적응
15515,train,2,3,3단계_자립_적응
15516,train,0,2,2단계_부분_적응
15517,train,1,1,1단계_완전_소외
15518,train,1,1,1단계_완전_소외
15519,train,1,1,1단계_완전_소외
15520,train,0,2,2단계_부분_적응
15521,train,0,2,2단계_부분_적응
15522,train,1,1,1단계_완전_소외
15523,train,1,1,1단계_완전_소외
15524,train,1,1,1단계_완전_소외
15525,train,2,3,3단계_자립_적응
15526,train,2,3,3단계_자립_적응
15527,train,2,3,3단계_자립_적응
15528,train,1,1,1단계_완전_소외
15529,train,2,3,3단계_자립_적응
15530,train,1,1,1단계_완전_소외
15531,train,0,2,2단계_부분_적응
15532,train,1,1,1단계_완전_소외
15533,train,2,3,3단계_자립_적응
15534,train,1,1,1단계_완전_소외
15535,train,2,3,3단계_자립_적응
15536,train,1,1,1단계_완전_소외
15537,train,1,1,1단계_완전_소외
15538,train,1,1,1단계_완전_소외
15539,train,1,1,1단계_완전_소외
15540,train,0,2,2단계_부분_적응
15541,train,1,1,1단계_완전_소외
15542,train,2,3,3단계_자립_적응
15543,train,1,1,1단계_완전_소외
15544,train,1,1,1단계_완전_소외
15545,train,2,3,3단계_자립_적응
15546,train,0,2,2단계_부분_적응
15547,train,0,2,2단계_부분_적응
15548,train,2,3,3단계_자립_적응
15549,train,2,3,3단계_자립_적응
15550,train,0,2,2단계_부분_적응
15551,train,0,2,2단계_부분_적응
15552,train,0,2,2단계_부분_적응
15553,train,2,3,3단계_자립_적응
15554,train,0,2,2단계_부분_적응
15555,train,1,1,1단계_완전_소외
15556,train,1,1,1단계_완전_소외
15557,train,1,1,1단계_완전_소외
15558,train,2,3,3단계_자립_적응
15559,train,0,2,2단계_부분_적응
15560,train,2,3,3단계_자립_적응
15561,train,0,2,2단계_부분_적응
15562,train,1,1,1단계_완전_소외
15563,train,0,2,2단계_부분_적응
15564,train,2,3,3단계_자립_적응
15565,train,1,1,1단계_완전_소외
15566,train,0,2,2단계_부분_적응
15567,train,0,2,2단계_부분_적응
15568,train,0,2,2단계_부분_적응
15569,train,2,3,3단계_자립_적응
15570,train,2,3,3단계_자립_적응
15571,train,2,3,3단계_자립_적응
15572,train,2,3,3단계_자립_적응
15573,train,2,3,3단계_자립_적응
15574,train,0,2,2단계_부분_적응
15575,train,0,2,2단계_부분_적응
15576,train,0,2,2단계_부분_적응
15577,train,1,1,1단계_완전_소외
15578,train,2,3,3단계_자립_적응
15579,train,2,3,3단계_자립_적응
15580,train,1,1,1단계_완전_소외
15581,train,0,2,2단계_부분_적응
15582,train,0,2,2단계_부분_적응
15583,train,0,2,2단계_부분_적응
15584,train,0,2,2단계_부분_적응
15585,train,2,3,3단계_자립_적응
15586,train,2,3,3단계_자립_적응
15587,train,0,2,2단계_부분_적응
15588,train,0,2,2단계_부분_적응
15589,train,0,2,2단계_부분_적응
15590,train,2,3,3단계_자립_적응
15591,train,2,3,3단계_자립_적응
15592,train,2,3,3단계_자립_적응
15593,train,2,3,3단계_자립_적응
15594,train,0,2,2단계_부분_적응
15595,train,2,3,3단계_자립_적응
15596,train,1,1,1단계_완전_소외
15597,train,1,1,1단계_완전_소외
15598,train,2,3,3단계_자립_적응
15599,train,0,2,2단계_부분_적응
15600,train,2,3,3단계_자립_적응
15601,train,2,3,3단계_자립_적응
15602,train,1,1,1단계_완전_소외
15603,train,2,3,3단계_자립_적응
15604,train,0,2,2단계_부분_적응
15605,train,0,2,2단계_부분_적응
15606,train,2,3,3단계_자립_적응
15607,train,2,3,3단계_자립_적응
15608,train,1,1,1단계_완전_소외
15609,train,1,1,1단계_완전_소외
15610,train,0,2,2단계_부분_적응
15611,train,2,3,3단계_자립_적응
15612,train,0,2,2단계_부분_적응
15613,train,0,2,2단계_부분_적응
15614,train,0,2,2단계_부분_적응
15615,train,1,1,1단계_완전_소외
15616,train,0,2,2단계_부분_적응
15617,train,0,2,2단계_부분_적응
15618,train,2,3,3단계_자립_적응
15619,train,0,2,2단계_부분_적응
15620,train,1,1,1단계_완전_소외
15621,train,0,2,2단계_부분_적응
15622,train,0,2,2단계_부분_적응
15623,train,0,2,2단계_부분_적응
15624,train,1,1,1단계_완전_소외
15625,train,2,3,3단계_자립_적응
15626,train,0,2,2단계_부분_적응
15627,train,0,2,2단계_부분_적응
15628,train,2,3,3단계_자립_적응
15629,train,1,1,1단계_완전_소외
15630,train,2,3,3단계_자립_적응
15631,train,1,1,1단계_완전_소외
15632,train,1,1,1단계_완전_소외
15633,train,0,2,2단계_부분_적응
15634,train,1,1,1단계_완전_소외
15635,train,0,2,2단계_부분_적응
15636,train,1,1,1단계_완전_소외
15637,train,0,2,2단계_부분_적응
15638,train,2,3,3단계_자립_적응
15639,train,2,3,3단계_자립_적응
15640,train,2,3,3단계_자립_적응
15641,train,0,2,2단계_부분_적응
15642,train,0,2,2단계_부분_적응
15643,train,0,2,2단계_부분_적응
15644,train,1,1,1단계_완전_소외
15645,train,0,2,2단계_부분_적응
15646,train,0,2,2단계_부분_적응
15647,train,1,1,1단계_완전_소외
15648,train,0,2,2단계_부분_적응
15649,train,2,3,3단계_자립_적응
15650,train,0,2,2단계_부분_적응
15651,train,2,3,3단계_자립_적응
15652,train,0,2,2단계_부분_적응
15653,train,1,1,1단계_완전_소외
15654,train,0,2,2단계_부분_적응
15655,train,1,1,1단계_완전_소외
15656,train,2,3,3단계_자립_적응
15657,train,0,2,2단계_부분_적응
15658,train,0,2,2단계_부분_적응
15659,train,1,1,1단계_완전_소외
15660,train,1,1,1단계_완전_소외
15661,train,1,1,1단계_완전_소외
15662,train,2,3,3단계_자립_적응
15663,train,1,1,1단계_완전_소외
15664,train,1,1,1단계_완전_소외
15665,train,2,3,3단계_자립_적응
15666,train,1,1,1단계_완전_소외
15667,train,0,2,2단계_부분_적응
15668,train,0,2,2단계_부분_적응
15669,train,0,2,2단계_부분_적응
15670,train,2,3,3단계_자립_적응
15671,train,1,1,1단계_완전_소외
15672,train,1,1,1단계_완전_소외
15673,train,0,2,2단계_부분_적응
15674,train,1,1,1단계_완전_소외
15675,train,0,2,2단계_부분_적응
15676,train,1,1,1단계_완전_소외
15677,train,0,2,2단계_부분_적응
15678,train,0,2,2단계_부분_적응
15679,train,2,3,3단계_자립_적응
15680,train,1,1,1단계_완전_소외
15681,train,0,2,2단계_부분_적응
15682,train,0,2,2단계_부분_적응
15683,train,0,2,2단계_부분_적응
15684,train,0,2,2단계_부분_적응
15685,train,1,1,1단계_완전_소외
15686,train,0,2,2단계_부분_적응
15687,train,1,1,1단계_완전_소외
15688,train,2,3,3단계_자립_적응
15689,train,2,3,3단계_자립_적응
15690,train,1,1,1단계_완전_소외
15691,train,0,2,2단계_부분_적응
15692,train,1,1,1단계_완전_소외
15693,train,2,3,3단계_자립_적응
15694,train,2,3,3단계_자립_적응
15695,train,2,3,3단계_자립_적응
15696,train,1,1,1단계_완전_소외
15697,train,1,1,1단계_완전_소외
15698,train,0,2,2단계_부분_적응
15699,train,1,1,1단계_완전_소외
15700,train,0,2,2단계_부분_적응
15701,train,2,3,3단계_자립_적응
15702,train,0,2,2단계_부분_적응
15703,train,1,1,1단계_완전_소외
15704,train,0,2,2단계_부분_적응
15705,train,2,3,3단계_자립_적응
15706,train,0,2,2단계_부분_적응
15707,train,1,1,1단계_완전_소외
15708,train,1,1,1단계_완전_소외
15709,train,0,2,2단계_부분_적응
15710,train,2,3,3단계_자립_적응
15711,train,1,1,1단계_완전_소외
15712,train,1,1,1단계_완전_소외
15713,train,2,3,3단계_자립_적응
15714,train,1,1,1단계_완전_소외
15715,train,0,2,2단계_부분_적응
15716,train,1,1,1단계_완전_소외
15717,train,0,2,2단계_부분_적응
15718,train,1,1,1단계_완전_소외
15719,train,1,1,1단계_완전_소외
15720,train,0,2,2단계_부분_적응
15721,train,1,1,1단계_완전_소외
15722,train,2,3,3단계_자립_적응
15723,train,0,2,2단계_부분_적응
15724,train,0,2,2단계_부분_적응
15725,train,1,1,1단계_완전_소외
15726,train,2,3,3단계_자립_적응
15727,train,2,3,3단계_자립_적응
15728,train,1,1,1단계_완전_소외
15729,train,2,3,3단계_자립_적응
15730,train,1,1,1단계_완전_소외
15731,train,2,3,3단계_자립_적응
15732,train,0,2,2단계_부분_적응
15733,train,2,3,3단계_자립_적응
15734,train,0,2,2단계_부분_적응
15735,train,0,2,2단계_부분_적응
15736,train,1,1,1단계_완전_소외
15737,train,2,3,3단계_자립_적응
15738,train,1,1,1단계_완전_소외
15739,train,0,2,2단계_부분_적응
15740,train,1,1,1단계_완전_소외
15741,train,1,1,1단계_완전_소외
15742,train,0,2,2단계_부분_적응
15743,train,1,1,1단계_완전_소외
15744,train,0,2,2단계_부분_적응
15745,train,0,2,2단계_부분_적응
15746,train,0,2,2단계_부분_적응
15747,train,0,2,2단계_부분_적응
15748,train,0,2,2단계_부분_적응
15749,train,1,1,1단계_완전_소외
15750,train,2,3,3단계_자립_적응
15751,train,0,2,2단계_부분_적응
15752,train,0,2,2단계_부분_적응
15753,train,1,1,1단계_완전_소외
15754,train,0,2,2단계_부분_적응
15755,train,1,1,1단계_완전_소외
15756,train,0,2,2단계_부분_적응
15757,train,0,2,2단계_부분_적응
15758,train,0,2,2단계_부분_적응
15759,train,0,2,2단계_부분_적응
15760,train,0,2,2단계_부분_적응
15761,train,1,1,1단계_완전_소외
15762,train,1,1,1단계_완전_소외
15763,train,2,3,3단계_자립_적응
15764,train,1,1,1단계_완전_소외
15765,train,0,2,2단계_부분_적응
15766,train,1,1,1단계_완전_소외
15767,train,0,2,2단계_부분_적응
15768,train,1,1,1단계_완전_소외
15769,train,0,2,2단계_부분_적응
15770,train,0,2,2단계_부분_적응
15771,train,2,3,3단계_자립_적응
15772,train,0,2,2단계_부분_적응
15773,train,2,3,3단계_자립_적응
15774,train,0,2,2단계_부분_적응
15775,train,0,2,2단계_부분_적응
15776,train,2,3,3단계_자립_적응
15777,train,0,2,2단계_부분_적응
15778,train,1,1,1단계_완전_소외
15779,train,0,2,2단계_부분_적응
15780,train,2,3,3단계_자립_적응
15781,train,2,3,3단계_자립_적응
15782,train,1,1,1단계_완전_소외
15783,train,1,1,1단계_완전_소외
15784,train,0,2,2단계_부분_적응
15785,train,2,3,3단계_자립_적응
15786,train,0,2,2단계_부분_적응
15787,train,1,1,1단계_완전_소외
15788,train,1,1,1단계_완전_소외
15789,train,1,1,1단계_완전_소외
15790,train,2,3,3단계_자립_적응
15791,train,1,1,1단계_완전_소외
15792,train,0,2,2단계_부분_적응
15793,train,0,2,2단계_부분_적응
15794,train,0,2,2단계_부분_적응
15795,train,1,1,1단계_완전_소외
15796,train,2,3,3단계_자립_적응
15797,train,1,1,1단계_완전_소외
15798,train,0,2,2단계_부분_적응
15799,train,0,2,2단계_부분_적응
15800,train,2,3,3단계_자립_적응
15801,train,0,2,2단계_부분_적응
15802,train,0,2,2단계_부분_적응
15803,train,1,1,1단계_완전_소외
15804,train,1,1,1단계_완전_소외
15805,train,0,2,2단계_부분_적응
15806,train,1,1,1단계_완전_소외
15807,train,0,2,2단계_부분_적응
15808,train,0,2,2단계_부분_적응
15809,train,1,1,1단계_완전_소외
15810,train,0,2,2단계_부분_적응
15811,train,2,3,3단계_자립_적응
15812,train,0,2,2단계_부분_적응
15813,train,2,3,3단계_자립_적응
15814,train,2,3,3단계_자립_적응
15815,train,0,2,2단계_부분_적응
15816,train,1,1,1단계_완전_소외
15817,train,0,2,2단계_부분_적응
15818,train,1,1,1단계_완전_소외
15819,train,0,2,2단계_부분_적응
15820,train,0,2,2단계_부분_적응
15821,train,2,3,3단계_자립_적응
15822,train,2,3,3단계_자립_적응
15823,train,1,1,1단계_완전_소외
15824,train,1,1,1단계_완전_소외
15825,train,1,1,1단계_완전_소외
15826,train,1,1,1단계_완전_소외
15827,train,1,1,1단계_완전_소외
15828,train,0,2,2단계_부분_적응
15829,train,0,2,2단계_부분_적응
15830,train,2,3,3단계_자립_적응
15831,train,1,1,1단계_완전_소외
15832,train,0,2,2단계_부분_적응
15833,train,1,1,1단계_완전_소외
15834,train,1,1,1단계_완전_소외
15835,train,1,1,1단계_완전_소외
15836,train,0,2,2단계_부분_적응
15837,train,0,2,2단계_부분_적응
15838,train,0,2,2단계_부분_적응
15839,train,1,1,1단계_완전_소외
15840,train,0,2,2단계_부분_적응
15841,train,1,1,1단계_완전_소외
15842,train,0,2,2단계_부분_적응
15843,train,0,2,2단계_부분_적응
15844,train,2,3,3단계_자립_적응
15845,train,0,2,2단계_부분_적응
15846,train,0,2,2단계_부분_적응
15847,train,0,2,2단계_부분_적응
15848,train,2,3,3단계_자립_적응
15849,train,0,2,2단계_부분_적응
15850,train,0,2,2단계_부분_적응
15851,train,2,3,3단계_자립_적응
15852,train,0,2,2단계_부분_적응
15853,train,0,2,2단계_부분_적응
15854,train,2,3,3단계_자립_적응
15855,train,1,1,1단계_완전_소외
15856,train,0,2,2단계_부분_적응
15857,train,0,2,2단계_부분_적응
15858,train,0,2,2단계_부분_적응
15859,train,1,1,1단계_완전_소외
15860,train,1,1,1단계_완전_소외
15861,train,1,1,1단계_완전_소외
15862,train,2,3,3단계_자립_적응
15863,train,2,3,3단계_자립_적응
15864,train,0,2,2단계_부분_적응
15865,train,0,2,2단계_부분_적응
15866,train,1,1,1단계_완전_소외
15867,train,2,3,3단계_자립_적응
15868,train,0,2,2단계_부분_적응
15869,train,2,3,3단계_자립_적응
15870,train,2,3,3단계_자립_적응
15871,train,2,3,3단계_자립_적응
15872,train,0,2,2단계_부분_적응
15873,train,0,2,2단계_부분_적응
15874,train,0,2,2단계_부분_적응
15875,train,0,2,2단계_부분_적응
15876,train,0,2,2단계_부분_적응
15877,train,2,3,3단계_자립_적응
15878,train,0,2,2단계_부분_적응
15879,train,1,1,1단계_완전_소외
15880,train,1,1,1단계_완전_소외
15881,train,2,3,3단계_자립_적응
15882,train,2,3,3단계_자립_적응
15883,train,1,1,1단계_완전_소외
15884,train,2,3,3단계_자립_적응
15885,train,1,1,1단계_완전_소외
15886,train,1,1,1단계_완전_소외
15887,train,0,2,2단계_부분_적응
15888,train,2,3,3단계_자립_적응
15889,train,1,1,1단계_완전_소외
15890,train,0,2,2단계_부분_적응
15891,train,1,1,1단계_완전_소외
15892,train,0,2,2단계_부분_적응
15893,train,1,1,1단계_완전_소외
15894,train,2,3,3단계_자립_적응
15895,train,0,2,2단계_부분_적응
15896,train,2,3,3단계_자립_적응
15897,train,1,1,1단계_완전_소외
15898,train,1,1,1단계_완전_소외
15899,train,2,3,3단계_자립_적응
15900,train,0,2,2단계_부분_적응
15901,train,2,3,3단계_자립_적응
15902,train,0,2,2단계_부분_적응
15903,train,2,3,3단계_자립_적응
15904,train,0,2,2단계_부분_적응
15905,train,1,1,1단계_완전_소외
15906,train,2,3,3단계_자립_적응
15907,train,2,3,3단계_자립_적응
15908,train,2,3,3단계_자립_적응
15909,train,2,3,3단계_자립_적응
15910,train,0,2,2단계_부분_적응
15911,train,2,3,3단계_자립_적응
15912,train,0,2,2단계_부분_적응
15913,train,0,2,2단계_부분_적응
15914,train,0,2,2단계_부분_적응
15915,train,2,3,3단계_자립_적응
15916,train,0,2,2단계_부분_적응
15917,train,1,1,1단계_완전_소외
15918,train,0,2,2단계_부분_적응
15919,train,1,1,1단계_완전_소외
15920,train,1,1,1단계_완전_소외
15921,train,0,2,2단계_부분_적응
15922,train,0,2,2단계_부분_적응
15923,train,0,2,2단계_부분_적응
15924,train,2,3,3단계_자립_적응
15925,train,1,1,1단계_완전_소외
15926,train,0,2,2단계_부분_적응
15927,train,0,2,2단계_부분_적응
15928,train,2,3,3단계_자립_적응
15929,train,1,1,1단계_완전_소외
15930,train,1,1,1단계_완전_소외
15931,train,2,3,3단계_자립_적응
15932,train,1,1,1단계_완전_소외
15933,train,2,3,3단계_자립_적응
15934,train,0,2,2단계_부분_적응
15935,train,1,1,1단계_완전_소외
15936,train,1,1,1단계_완전_소외
15937,train,0,2,2단계_부분_적응
15938,train,0,2,2단계_부분_적응
15939,train,0,2,2단계_부분_적응
15940,train,2,3,3단계_자립_적응
15941,train,0,2,2단계_부분_적응
15942,train,1,1,1단계_완전_소외
15943,train,1,1,1단계_완전_소외
15944,train,2,3,3단계_자립_적응
15945,train,1,1,1단계_완전_소외
15946,train,0,2,2단계_부분_적응
15947,train,0,2,2단계_부분_적응
15948,train,0,2,2단계_부분_적응
15949,train,0,2,2단계_부분_적응
15950,train,1,1,1단계_완전_소외
15951,train,0,2,2단계_부분_적응
15952,train,1,1,1단계_완전_소외
15953,train,2,3,3단계_자립_적응
15954,train,1,1,1단계_완전_소외
15955,train,0,2,2단계_부분_적응
15956,train,1,1,1단계_완전_소외
15957,train,1,1,1단계_완전_소외
15958,train,1,1,1단계_완전_소외
15959,train,1,1,1단계_완전_소외
15960,train,1,1,1단계_완전_소외
15961,train,2,3,3단계_자립_적응
15962,train,1,1,1단계_완전_소외
15963,train,0,2,2단계_부분_적응
15964,train,0,2,2단계_부분_적응
15965,train,1,1,1단계_완전_소외
15966,train,1,1,1단계_완전_소외
15967,train,1,1,1단계_완전_소외
15968,train,0,2,2단계_부분_적응
15969,train,2,3,3단계_자립_적응
15970,train,0,2,2단계_부분_적응
15971,train,0,2,2단계_부분_적응
15972,train,0,2,2단계_부분_적응
15973,train,1,1,1단계_완전_소외
15974,train,1,1,1단계_완전_소외
15975,train,0,2,2단계_부분_적응
15976,train,1,1,1단계_완전_소외
15977,train,0,2,2단계_부분_적응
15978,train,0,2,2단계_부분_적응
15979,train,1,1,1단계_완전_소외
15980,train,2,3,3단계_자립_적응
15981,train,1,1,1단계_완전_소외
15982,train,2,3,3단계_자립_적응
15983,train,0,2,2단계_부분_적응
15984,train,2,3,3단계_자립_적응
15985,train,2,3,3단계_자립_적응
15986,train,0,2,2단계_부분_적응
15987,train,2,3,3단계_자립_적응
15988,train,1,1,1단계_완전_소외
15989,train,1,1,1단계_완전_소외
15990,train,1,1,1단계_완전_소외
15991,train,2,3,3단계_자립_적응
15992,train,0,2,2단계_부분_적응
15993,train,2,3,3단계_자립_적응
15994,train,2,3,3단계_자립_적응
15995,train,1,1,1단계_완전_소외
15996,train,1,1,1단계_완전_소외
15997,train,0,2,2단계_부분_적응
15998,train,2,3,3단계_자립_적응
15999,train,1,1,1단계_완전_소외
16000,train,1,1,1단계_완전_소외
16001,train,0,2,2단계_부분_적응
16002,train,1,1,1단계_완전_소외
16003,train,2,3,3단계_자립_적응
16004,train,1,1,1단계_완전_소외
16005,train,1,1,1단계_완전_소외
16006,train,2,3,3단계_자립_적응
16007,train,0,2,2단계_부분_적응
16008,train,1,1,1단계_완전_소외
16009,train,0,2,2단계_부분_적응
16010,train,1,1,1단계_완전_소외
16011,train,1,1,1단계_완전_소외
16012,train,1,1,1단계_완전_소외
16013,train,1,1,1단계_완전_소외
16014,train,0,2,2단계_부분_적응
16015,train,1,1,1단계_완전_소외
16016,train,0,2,2단계_부분_적응
16017,train,1,1,1단계_완전_소외
16018,train,2,3,3단계_자립_적응
16019,train,1,1,1단계_완전_소외
16020,train,1,1,1단계_완전_소외
16021,train,0,2,2단계_부분_적응
16022,train,1,1,1단계_완전_소외
16023,train,2,3,3단계_자립_적응
16024,train,0,2,2단계_부분_적응
16025,train,0,2,2단계_부분_적응
16026,train,1,1,1단계_완전_소외
16027,train,0,2,2단계_부분_적응
16028,train,0,2,2단계_부분_적응
16029,train,1,1,1단계_완전_소외
16030,train,2,3,3단계_자립_적응
16031,train,0,2,2단계_부분_적응
16032,train,0,2,2단계_부분_적응
16033,train,1,1,1단계_완전_소외
16034,train,0,2,2단계_부분_적응
16035,train,0,2,2단계_부분_적응
16036,train,2,3,3단계_자립_적응
16037,train,1,1,1단계_완전_소외
16038,train,1,1,1단계_완전_소외
16039,train,0,2,2단계_부분_적응
16040,train,0,2,2단계_부분_적응
16041,train,2,3,3단계_자립_적응
16042,train,1,1,1단계_완전_소외
16043,train,2,3,3단계_자립_적응
16044,train,2,3,3단계_자립_적응
16045,train,2,3,3단계_자립_적응
16046,train,2,3,3단계_자립_적응
16047,train,2,3,3단계_자립_적응
16048,train,0,2,2단계_부분_적응
16049,train,1,1,1단계_완전_소외
16050,train,0,2,2단계_부분_적응
16051,train,1,1,1단계_완전_소외
16052,train,1,1,1단계_완전_소외
16053,train,1,1,1단계_완전_소외
16054,train,1,1,1단계_완전_소외
16055,train,2,3,3단계_자립_적응
16056,train,1,1,1단계_완전_소외
16057,train,1,1,1단계_완전_소외
16058,train,1,1,1단계_완전_소외
16059,train,0,2,2단계_부분_적응
16060,train,1,1,1단계_완전_소외
16061,train,0,2,2단계_부분_적응
16062,train,1,1,1단계_완전_소외
16063,train,2,3,3단계_자립_적응
16064,train,1,1,1단계_완전_소외
16065,train,1,1,1단계_완전_소외
16066,train,1,1,1단계_완전_소외
16067,train,1,1,1단계_완전_소외
16068,train,1,1,1단계_완전_소외
16069,train,2,3,3단계_자립_적응
16070,train,0,2,2단계_부분_적응
16071,train,2,3,3단계_자립_적응
16072,train,0,2,2단계_부분_적응
16073,train,2,3,3단계_자립_적응
16074,train,0,2,2단계_부분_적응
16075,train,0,2,2단계_부분_적응
16076,train,2,3,3단계_자립_적응
16077,train,0,2,2단계_부분_적응
16078,train,2,3,3단계_자립_적응
16079,train,1,1,1단계_완전_소외
16080,train,1,1,1단계_완전_소외
16081,train,0,2,2단계_부분_적응
16082,train,1,1,1단계_완전_소외
16083,train,0,2,2단계_부분_적응
16084,train,1,1,1단계_완전_소외
16085,train,1,1,1단계_완전_소외
16086,train,0,2,2단계_부분_적응
16087,train,1,1,1단계_완전_소외
16088,train,2,3,3단계_자립_적응
16089,train,2,3,3단계_자립_적응
16090,train,0,2,2단계_부분_적응
16091,train,1,1,1단계_완전_소외
16092,train,0,2,2단계_부분_적응
16093,train,1,1,1단계_완전_소외
16094,train,2,3,3단계_자립_적응
16095,train,1,1,1단계_완전_소외
16096,train,0,2,2단계_부분_적응
16097,train,0,2,2단계_부분_적응
16098,train,2,3,3단계_자립_적응
16099,train,0,2,2단계_부분_적응
16100,train,1,1,1단계_완전_소외
16101,train,0,2,2단계_부분_적응
16102,train,0,2,2단계_부분_적응
16103,train,1,1,1단계_완전_소외
16104,train,2,3,3단계_자립_적응
16105,train,2,3,3단계_자립_적응
16106,train,1,1,1단계_완전_소외
16107,train,0,2,2단계_부분_적응
16108,train,2,3,3단계_자립_적응
16109,train,0,2,2단계_부분_적응
16110,train,1,1,1단계_완전_소외
16111,train,0,2,2단계_부분_적응
16112,train,1,1,1단계_완전_소외
16113,train,0,2,2단계_부분_적응
16114,train,0,2,2단계_부분_적응
16115,train,0,2,2단계_부분_적응
16116,train,0,2,2단계_부분_적응
16117,train,1,1,1단계_완전_소외
16118,train,2,3,3단계_자립_적응
16119,train,0,2,2단계_부분_적응
16120,train,0,2,2단계_부분_적응
16121,train,0,2,2단계_부분_적응
16122,train,0,2,2단계_부분_적응
16123,train,0,2,2단계_부분_적응
16124,train,1,1,1단계_완전_소외
16125,train,1,1,1단계_완전_소외
16126,train,2,3,3단계_자립_적응
16127,train,0,2,2단계_부분_적응
16128,train,0,2,2단계_부분_적응
16129,train,1,1,1단계_완전_소외
16130,train,0,2,2단계_부분_적응
16131,train,1,1,1단계_완전_소외
16132,train,1,1,1단계_완전_소외
16133,train,0,2,2단계_부분_적응
16134,train,1,1,1단계_완전_소외
16135,train,2,3,3단계_자립_적응
16136,train,0,2,2단계_부분_적응
16137,train,1,1,1단계_완전_소외
16138,train,2,3,3단계_자립_적응
16139,train,1,1,1단계_완전_소외
16140,train,1,1,1단계_완전_소외
16141,train,2,3,3단계_자립_적응
16142,train,0,2,2단계_부분_적응
16143,train,1,1,1단계_완전_소외
16144,train,2,3,3단계_자립_적응
16145,train,1,1,1단계_완전_소외
16146,train,0,2,2단계_부분_적응
16147,train,0,2,2단계_부분_적응
16148,train,2,3,3단계_자립_적응
16149,train,0,2,2단계_부분_적응
16150,train,0,2,2단계_부분_적응
16151,train,2,3,3단계_자립_적응
16152,train,1,1,1단계_완전_소외
16153,train,2,3,3단계_자립_적응
16154,train,0,2,2단계_부분_적응
16155,train,1,1,1단계_완전_소외
16156,train,0,2,2단계_부분_적응
16157,train,1,1,1단계_완전_소외
16158,train,0,2,2단계_부분_적응
16159,train,0,2,2단계_부분_적응
16160,train,0,2,2단계_부분_적응
16161,train,2,3,3단계_자립_적응
16162,train,1,1,1단계_완전_소외
16163,train,0,2,2단계_부분_적응
16164,train,2,3,3단계_자립_적응
16165,train,2,3,3단계_자립_적응
16166,train,0,2,2단계_부분_적응
16167,train,2,3,3단계_자립_적응
16168,train,2,3,3단계_자립_적응
16169,train,1,1,1단계_완전_소외
16170,train,2,3,3단계_자립_적응
16171,train,0,2,2단계_부분_적응
16172,train,0,2,2단계_부분_적응
16173,train,1,1,1단계_완전_소외
16174,train,1,1,1단계_완전_소외
16175,train,0,2,2단계_부분_적응
16176,train,1,1,1단계_완전_소외
16177,train,1,1,1단계_완전_소외
16178,train,0,2,2단계_부분_적응
16179,train,2,3,3단계_자립_적응
16180,train,2,3,3단계_자립_적응
16181,train,1,1,1단계_완전_소외
16182,train,2,3,3단계_자립_적응
16183,train,0,2,2단계_부분_적응
16184,train,2,3,3단계_자립_적응
16185,train,1,1,1단계_완전_소외
16186,train,2,3,3단계_자립_적응
16187,train,0,2,2단계_부분_적응
16188,train,0,2,2단계_부분_적응
16189,train,1,1,1단계_완전_소외
16190,train,1,1,1단계_완전_소외
16191,train,1,1,1단계_완전_소외
16192,train,0,2,2단계_부분_적응
16193,train,0,2,2단계_부분_적응
16194,train,1,1,1단계_완전_소외
16195,train,1,1,1단계_완전_소외
16196,train,1,1,1단계_완전_소외
16197,train,1,1,1단계_완전_소외
16198,train,2,3,3단계_자립_적응
16199,train,0,2,2단계_부분_적응
16200,train,2,3,3단계_자립_적응
16201,train,2,3,3단계_자립_적응
16202,train,0,2,2단계_부분_적응
16203,train,2,3,3단계_자립_적응
16204,train,0,2,2단계_부분_적응
16205,train,1,1,1단계_완전_소외
16206,train,0,2,2단계_부분_적응
16207,train,0,2,2단계_부분_적응
16208,train,1,1,1단계_완전_소외
16209,train,0,2,2단계_부분_적응
16210,train,0,2,2단계_부분_적응
16211,train,1,1,1단계_완전_소외
16212,train,0,2,2단계_부분_적응
16213,train,0,2,2단계_부분_적응
16214,train,2,3,3단계_자립_적응
16215,train,0,2,2단계_부분_적응
16216,train,0,2,2단계_부분_적응
16217,train,1,1,1단계_완전_소외
16218,train,0,2,2단계_부분_적응
16219,train,2,3,3단계_자립_적응
16220,train,2,3,3단계_자립_적응
16221,train,0,2,2단계_부분_적응
16222,train,1,1,1단계_완전_소외
16223,train,0,2,2단계_부분_적응
16224,train,1,1,1단계_완전_소외
16225,train,2,3,3단계_자립_적응
16226,train,1,1,1단계_완전_소외
16227,train,0,2,2단계_부분_적응
16228,train,0,2,2단계_부분_적응
16229,train,0,2,2단계_부분_적응
16230,train,2,3,3단계_자립_적응
16231,train,0,2,2단계_부분_적응
16232,train,0,2,2단계_부분_적응
16233,train,1,1,1단계_완전_소외
16234,train,2,3,3단계_자립_적응
16235,train,1,1,1단계_완전_소외
16236,train,0,2,2단계_부분_적응
16237,train,1,1,1단계_완전_소외
16238,train,1,1,1단계_완전_소외
16239,train,2,3,3단계_자립_적응
16240,train,2,3,3단계_자립_적응
16241,train,0,2,2단계_부분_적응
16242,train,0,2,2단계_부분_적응
16243,train,2,3,3단계_자립_적응
16244,train,2,3,3단계_자립_적응
16245,train,2,3,3단계_자립_적응
16246,train,0,2,2단계_부분_적응
16247,train,0,2,2단계_부분_적응
16248,train,0,2,2단계_부분_적응
16249,train,1,1,1단계_완전_소외
16250,train,1,1,1단계_완전_소외
16251,train,1,1,1단계_완전_소외
16252,train,1,1,1단계_완전_소외
16253,train,2,3,3단계_자립_적응
16254,train,2,3,3단계_자립_적응
16255,train,2,3,3단계_자립_적응
16256,train,2,3,3단계_자립_적응
16257,train,1,1,1단계_완전_소외
16258,train,1,1,1단계_완전_소외
16259,train,2,3,3단계_자립_적응
16260,train,2,3,3단계_자립_적응
16261,train,2,3,3단계_자립_적응
16262,train,1,1,1단계_완전_소외
16263,train,0,2,2단계_부분_적응
16264,train,1,1,1단계_완전_소외
16265,train,1,1,1단계_완전_소외
16266,train,0,2,2단계_부분_적응
16267,train,1,1,1단계_완전_소외
16268,train,1,1,1단계_완전_소외
16269,train,1,1,1단계_완전_소외
16270,train,0,2,2단계_부분_적응
16271,train,1,1,1단계_완전_소외
16272,train,1,1,1단계_완전_소외
16273,train,0,2,2단계_부분_적응
16274,train,2,3,3단계_자립_적응
16275,train,1,1,1단계_완전_소외
16276,train,0,2,2단계_부분_적응
16277,train,0,2,2단계_부분_적응
16278,train,2,3,3단계_자립_적응
16279,train,2,3,3단계_자립_적응
16280,train,0,2,2단계_부분_적응
16281,train,1,1,1단계_완전_소외
16282,train,0,2,2단계_부분_적응
16283,train,1,1,1단계_완전_소외
16284,train,2,3,3단계_자립_적응
16285,train,2,3,3단계_자립_적응
16286,train,1,1,1단계_완전_소외
16287,train,0,2,2단계_부분_적응
16288,train,1,1,1단계_완전_소외
16289,train,2,3,3단계_자립_적응
16290,train,0,2,2단계_부분_적응
16291,train,1,1,1단계_완전_소외
16292,train,1,1,1단계_완전_소외
16293,train,1,1,1단계_완전_소외
16294,train,0,2,2단계_부분_적응
16295,train,1,1,1단계_완전_소외
16296,train,2,3,3단계_자립_적응
16297,train,2,3,3단계_자립_적응
16298,train,2,3,3단계_자립_적응
16299,train,1,1,1단계_완전_소외
16300,train,0,2,2단계_부분_적응
16301,train,1,1,1단계_완전_소외
16302,train,0,2,2단계_부분_적응
16303,train,0,2,2단계_부분_적응
16304,train,1,1,1단계_완전_소외
16305,train,2,3,3단계_자립_적응
16306,train,1,1,1단계_완전_소외
16307,train,0,2,2단계_부분_적응
16308,train,1,1,1단계_완전_소외
16309,train,1,1,1단계_완전_소외
16310,train,0,2,2단계_부분_적응
16311,train,1,1,1단계_완전_소외
16312,train,1,1,1단계_완전_소외
16313,train,0,2,2단계_부분_적응
16314,train,1,1,1단계_완전_소외
16315,train,1,1,1단계_완전_소외
16316,train,1,1,1단계_완전_소외
16317,train,0,2,2단계_부분_적응
16318,train,1,1,1단계_완전_소외
16319,train,0,2,2단계_부분_적응
16320,train,1,1,1단계_완전_소외
16321,train,1,1,1단계_완전_소외
16322,train,1,1,1단계_완전_소외
16323,train,0,2,2단계_부분_적응
16324,train,1,1,1단계_완전_소외
16325,train,1,1,1단계_완전_소외
16326,train,1,1,1단계_완전_소외
16327,train,0,2,2단계_부분_적응
16328,train,1,1,1단계_완전_소외
16329,train,2,3,3단계_자립_적응
16330,train,0,2,2단계_부분_적응
16331,train,1,1,1단계_완전_소외
16332,train,0,2,2단계_부분_적응
16333,train,1,1,1단계_완전_소외
16334,train,0,2,2단계_부분_적응
16335,train,0,2,2단계_부분_적응
16336,train,2,3,3단계_자립_적응
16337,train,2,3,3단계_자립_적응
16338,train,2,3,3단계_자립_적응
16339,train,2,3,3단계_자립_적응
16340,train,0,2,2단계_부분_적응
16341,train,0,2,2단계_부분_적응
16342,train,2,3,3단계_자립_적응
16343,train,0,2,2단계_부분_적응
16344,train,2,3,3단계_자립_적응
16345,train,0,2,2단계_부분_적응
16346,train,1,1,1단계_완전_소외
16347,train,0,2,2단계_부분_적응
16348,train,0,2,2단계_부분_적응
16349,train,0,2,2단계_부분_적응
16350,train,1,1,1단계_완전_소외
16351,train,0,2,2단계_부분_적응
16352,train,1,1,1단계_완전_소외
16353,train,2,3,3단계_자립_적응
16354,train,0,2,2단계_부분_적응
16355,train,1,1,1단계_완전_소외
16356,train,2,3,3단계_자립_적응
16357,train,1,1,1단계_완전_소외
16358,train,0,2,2단계_부분_적응
16359,train,0,2,2단계_부분_적응
16360,train,1,1,1단계_완전_소외
16361,train,0,2,2단계_부분_적응
16362,train,0,2,2단계_부분_적응
16363,train,0,2,2단계_부분_적응
16364,train,0,2,2단계_부분_적응
16365,train,2,3,3단계_자립_적응
16366,train,0,2,2단계_부분_적응
16367,train,1,1,1단계_완전_소외
16368,train,0,2,2단계_부분_적응
16369,train,1,1,1단계_완전_소외
16370,train,1,1,1단계_완전_소외
16371,train,1,1,1단계_완전_소외
16372,train,1,1,1단계_완전_소외
16373,train,1,1,1단계_완전_소외
16374,train,2,3,3단계_자립_적응
16375,train,0,2,2단계_부분_적응
16376,train,0,2,2단계_부분_적응
16377,train,1,1,1단계_완전_소외
16378,train,0,2,2단계_부분_적응
16379,train,0,2,2단계_부분_적응
16380,train,1,1,1단계_완전_소외
16381,train,0,2,2단계_부분_적응
16382,train,0,2,2단계_부분_적응
16383,train,1,1,1단계_완전_소외
16384,train,1,1,1단계_완전_소외
16385,train,2,3,3단계_자립_적응
16386,train,2,3,3단계_자립_적응
16387,train,2,3,3단계_자립_적응
16388,train,1,1,1단계_완전_소외
16389,train,2,3,3단계_자립_적응
16390,train,2,3,3단계_자립_적응
16391,train,0,2,2단계_부분_적응
16392,train,1,1,1단계_완전_소외
16393,train,0,2,2단계_부분_적응
16394,train,0,2,2단계_부분_적응
16395,train,1,1,1단계_완전_소외
16396,train,1,1,1단계_완전_소외
16397,train,0,2,2단계_부분_적응
16398,train,1,1,1단계_완전_소외
16399,train,1,1,1단계_완전_소외
16400,train,2,3,3단계_자립_적응
16401,train,1,1,1단계_완전_소외
16402,train,0,2,2단계_부분_적응
16403,train,0,2,2단계_부분_적응
16404,train,0,2,2단계_부분_적응
16405,train,1,1,1단계_완전_소외
16406,train,2,3,3단계_자립_적응
16407,train,0,2,2단계_부분_적응
16408,train,0,2,2단계_부분_적응
16409,train,1,1,1단계_완전_소외
16410,train,2,3,3단계_자립_적응
16411,train,1,1,1단계_완전_소외
16412,train,2,3,3단계_자립_적응
16413,train,2,3,3단계_자립_적응
16414,train,0,2,2단계_부분_적응
16415,train,0,2,2단계_부분_적응
16416,train,1,1,1단계_완전_소외
16417,train,2,3,3단계_자립_적응
16418,train,2,3,3단계_자립_적응
16419,train,1,1,1단계_완전_소외
16420,train,2,3,3단계_자립_적응
16421,train,1,1,1단계_완전_소외
16422,train,2,3,3단계_자립_적응
16423,train,1,1,1단계_완전_소외
16424,train,0,2,2단계_부분_적응
16425,train,1,1,1단계_완전_소외
16426,train,2,3,3단계_자립_적응
16427,train,0,2,2단계_부분_적응
16428,train,0,2,2단계_부분_적응
16429,train,0,2,2단계_부분_적응
16430,train,0,2,2단계_부분_적응
16431,train,2,3,3단계_자립_적응
16432,train,0,2,2단계_부분_적응
16433,train,0,2,2단계_부분_적응
16434,train,1,1,1단계_완전_소외
16435,train,0,2,2단계_부분_적응
16436,train,1,1,1단계_완전_소외
16437,train,1,1,1단계_완전_소외
16438,train,1,1,1단계_완전_소외
16439,train,2,3,3단계_자립_적응
16440,train,0,2,2단계_부분_적응
16441,train,0,2,2단계_부분_적응
16442,train,1,1,1단계_완전_소외
16443,train,2,3,3단계_자립_적응
16444,train,1,1,1단계_완전_소외
16445,train,1,1,1단계_완전_소외
16446,train,1,1,1단계_완전_소외
16447,train,1,1,1단계_완전_소외
16448,train,1,1,1단계_완전_소외
16449,train,2,3,3단계_자립_적응
16450,train,2,3,3단계_자립_적응
16451,train,0,2,2단계_부분_적응
16452,train,2,3,3단계_자립_적응
16453,train,1,1,1단계_완전_소외
16454,train,0,2,2단계_부분_적응
16455,train,0,2,2단계_부분_적응
16456,train,0,2,2단계_부분_적응
16457,train,2,3,3단계_자립_적응
16458,train,0,2,2단계_부분_적응
16459,train,2,3,3단계_자립_적응
16460,train,1,1,1단계_완전_소외
16461,train,1,1,1단계_완전_소외
16462,train,2,3,3단계_자립_적응
16463,train,1,1,1단계_완전_소외
16464,train,1,1,1단계_완전_소외
16465,train,2,3,3단계_자립_적응
16466,train,0,2,2단계_부분_적응
16467,train,0,2,2단계_부분_적응
16468,train,1,1,1단계_완전_소외
16469,train,2,3,3단계_자립_적응
16470,train,0,2,2단계_부분_적응
16471,train,0,2,2단계_부분_적응
16472,train,1,1,1단계_완전_소외
16473,train,0,2,2단계_부분_적응
16474,train,0,2,2단계_부분_적응
16475,train,1,1,1단계_완전_소외
16476,train,1,1,1단계_완전_소외
16477,train,2,3,3단계_자립_적응
16478,train,1,1,1단계_완전_소외
16479,train,0,2,2단계_부분_적응
16480,train,0,2,2단계_부분_적응
16481,train,1,1,1단계_완전_소외
16482,train,1,1,1단계_완전_소외
16483,train,0,2,2단계_부분_적응
16484,train,0,2,2단계_부분_적응
16485,train,2,3,3단계_자립_적응
16486,train,0,2,2단계_부분_적응
16487,train,2,3,3단계_자립_적응
16488,train,0,2,2단계_부분_적응
16489,train,1,1,1단계_완전_소외
16490,train,1,1,1단계_완전_소외
16491,train,0,2,2단계_부분_적응
16492,train,1,1,1단계_완전_소외
16493,train,0,2,2단계_부분_적응
16494,train,1,1,1단계_완전_소외
16495,train,2,3,3단계_자립_적응
16496,train,1,1,1단계_완전_소외
16497,train,1,1,1단계_완전_소외
16498,train,2,3,3단계_자립_적응
16499,train,2,3,3단계_자립_적응
16500,train,1,1,1단계_완전_소외
16501,train,1,1,1단계_완전_소외
16502,train,0,2,2단계_부분_적응
16503,train,0,2,2단계_부분_적응
16504,train,0,2,2단계_부분_적응
16505,train,0,2,2단계_부분_적응
16506,train,1,1,1단계_완전_소외
16507,train,2,3,3단계_자립_적응
16508,train,0,2,2단계_부분_적응
16509,train,0,2,2단계_부분_적응
16510,train,0,2,2단계_부분_적응
16511,train,1,1,1단계_완전_소외
16512,train,0,2,2단계_부분_적응
16513,train,0,2,2단계_부분_적응
16514,train,0,2,2단계_부분_적응
16515,train,1,1,1단계_완전_소외
16516,train,2,3,3단계_자립_적응
16517,train,1,1,1단계_완전_소외
16518,train,2,3,3단계_자립_적응
16519,train,1,1,1단계_완전_소외
16520,train,1,1,1단계_완전_소외
16521,train,0,2,2단계_부분_적응
16522,train,0,2,2단계_부분_적응
16523,train,2,3,3단계_자립_적응
16524,train,1,1,1단계_완전_소외
16525,train,0,2,2단계_부분_적응
16526,train,2,3,3단계_자립_적응
16527,train,0,2,2단계_부분_적응
16528,train,2,3,3단계_자립_적응
16529,train,0,2,2단계_부분_적응
16530,train,0,2,2단계_부분_적응
16531,train,2,3,3단계_자립_적응
16532,train,0,2,2단계_부분_적응
16533,train,2,3,3단계_자립_적응
16534,train,0,2,2단계_부분_적응
16535,train,0,2,2단계_부분_적응
16536,train,1,1,1단계_완전_소외
16537,train,0,2,2단계_부분_적응
16538,train,0,2,2단계_부분_적응
16539,train,2,3,3단계_자립_적응
16540,train,0,2,2단계_부분_적응
16541,train,0,2,2단계_부분_적응
16542,train,0,2,2단계_부분_적응
16543,train,0,2,2단계_부분_적응
16544,train,1,1,1단계_완전_소외
16545,train,2,3,3단계_자립_적응
16546,train,0,2,2단계_부분_적응
16547,train,1,1,1단계_완전_소외
16548,train,0,2,2단계_부분_적응
16549,train,0,2,2단계_부분_적응
16550,train,2,3,3단계_자립_적응
16551,train,1,1,1단계_완전_소외
16552,train,1,1,1단계_완전_소외
16553,train,1,1,1단계_완전_소외
16554,train,0,2,2단계_부분_적응
16555,train,0,2,2단계_부분_적응
16556,train,2,3,3단계_자립_적응
16557,train,2,3,3단계_자립_적응
16558,train,2,3,3단계_자립_적응
16559,train,1,1,1단계_완전_소외
16560,train,0,2,2단계_부분_적응
16561,train,0,2,2단계_부분_적응
16562,train,2,3,3단계_자립_적응
16563,train,2,3,3단계_자립_적응
16564,train,0,2,2단계_부분_적응
16565,train,0,2,2단계_부분_적응
16566,train,2,3,3단계_자립_적응
16567,train,0,2,2단계_부분_적응
16568,train,0,2,2단계_부분_적응
16569,train,0,2,2단계_부분_적응
16570,train,2,3,3단계_자립_적응
16571,train,2,3,3단계_자립_적응
16572,train,1,1,1단계_완전_소외
16573,train,2,3,3단계_자립_적응
16574,train,1,1,1단계_완전_소외
16575,train,0,2,2단계_부분_적응
16576,train,0,2,2단계_부분_적응
16577,train,0,2,2단계_부분_적응
16578,train,0,2,2단계_부분_적응
16579,train,0,2,2단계_부분_적응
16580,train,0,2,2단계_부분_적응
16581,train,0,2,2단계_부분_적응
16582,train,0,2,2단계_부분_적응
16583,train,2,3,3단계_자립_적응
16584,train,0,2,2단계_부분_적응
16585,train,0,2,2단계_부분_적응
16586,train,0,2,2단계_부분_적응
16587,train,0,2,2단계_부분_적응
16588,train,2,3,3단계_자립_적응
16589,train,1,1,1단계_완전_소외
16590,train,1,1,1단계_완전_소외
16591,train,0,2,2단계_부분_적응
16592,train,1,1,1단계_완전_소외
16593,train,1,1,1단계_완전_소외
16594,train,2,3,3단계_자립_적응
16595,train,1,1,1단계_완전_소외
16596,train,0,2,2단계_부분_적응
16597,train,1,1,1단계_완전_소외
16598,train,0,2,2단계_부분_적응
16599,train,0,2,2단계_부분_적응
16600,train,0,2,2단계_부분_적응
16601,train,1,1,1단계_완전_소외
16602,train,2,3,3단계_자립_적응
16603,train,1,1,1단계_완전_소외
16604,train,1,1,1단계_완전_소외
16605,train,0,2,2단계_부분_적응
16606,train,2,3,3단계_자립_적응
16607,train,2,3,3단계_자립_적응
16608,train,1,1,1단계_완전_소외
16609,train,2,3,3단계_자립_적응
16610,train,2,3,3단계_자립_적응
16611,train,1,1,1단계_완전_소외
16612,train,0,2,2단계_부분_적응
16613,train,1,1,1단계_완전_소외
16614,train,2,3,3단계_자립_적응
16615,train,0,2,2단계_부분_적응
16616,train,1,1,1단계_완전_소외
16617,train,0,2,2단계_부분_적응
16618,train,2,3,3단계_자립_적응
16619,train,0,2,2단계_부분_적응
16620,train,0,2,2단계_부분_적응
16621,train,0,2,2단계_부분_적응
16622,train,0,2,2단계_부분_적응
16623,train,2,3,3단계_자립_적응
16624,train,1,1,1단계_완전_소외
16625,train,0,2,2단계_부분_적응
16626,train,1,1,1단계_완전_소외
16627,train,0,2,2단계_부분_적응
16628,train,1,1,1단계_완전_소외
16629,train,0,2,2단계_부분_적응
16630,train,0,2,2단계_부분_적응
16631,train,0,2,2단계_부분_적응
16632,train,2,3,3단계_자립_적응
16633,train,0,2,2단계_부분_적응
16634,train,1,1,1단계_완전_소외
16635,train,1,1,1단계_완전_소외
16636,train,0,2,2단계_부분_적응
16637,train,1,1,1단계_완전_소외
16638,train,0,2,2단계_부분_적응
16639,train,0,2,2단계_부분_적응
16640,train,0,2,2단계_부분_적응
16641,train,0,2,2단계_부분_적응
16642,train,0,2,2단계_부분_적응
16643,train,2,3,3단계_자립_적응
16644,train,1,1,1단계_완전_소외
16645,train,1,1,1단계_완전_소외
16646,train,1,1,1단계_완전_소외
16647,train,0,2,2단계_부분_적응
16648,train,0,2,2단계_부분_적응
16649,train,0,2,2단계_부분_적응
16650,train,0,2,2단계_부분_적응
16651,train,2,3,3단계_자립_적응
16652,train,1,1,1단계_완전_소외
16653,train,1,1,1단계_완전_소외
16654,train,0,2,2단계_부분_적응
16655,train,0,2,2단계_부분_적응
16656,train,0,2,2단계_부분_적응
16657,train,0,2,2단계_부분_적응
16658,train,0,2,2단계_부분_적응
16659,train,2,3,3단계_자립_적응
16660,train,0,2,2단계_부분_적응
16661,train,0,2,2단계_부분_적응
16662,train,0,2,2단계_부분_적응
16663,train,0,2,2단계_부분_적응
16664,train,0,2,2단계_부분_적응
16665,train,2,3,3단계_자립_적응
16666,train,1,1,1단계_완전_소외
16667,train,0,2,2단계_부분_적응
16668,train,2,3,3단계_자립_적응
16669,train,0,2,2단계_부분_적응
16670,train,2,3,3단계_자립_적응
16671,train,2,3,3단계_자립_적응
16672,train,2,3,3단계_자립_적응
16673,train,2,3,3단계_자립_적응
16674,train,2,3,3단계_자립_적응
16675,train,0,2,2단계_부분_적응
16676,train,0,2,2단계_부분_적응
16677,train,0,2,2단계_부분_적응
16678,train,2,3,3단계_자립_적응
16679,train,2,3,3단계_자립_적응
16680,train,2,3,3단계_자립_적응
16681,train,0,2,2단계_부분_적응
16682,train,2,3,3단계_자립_적응
16683,train,2,3,3단계_자립_적응
16684,train,1,1,1단계_완전_소외
16685,train,2,3,3단계_자립_적응
16686,train,2,3,3단계_자립_적응
16687,train,1,1,1단계_완전_소외
16688,train,0,2,2단계_부분_적응
16689,train,0,2,2단계_부분_적응
16690,train,1,1,1단계_완전_소외
16691,train,1,1,1단계_완전_소외
16692,train,0,2,2단계_부분_적응
16693,train,0,2,2단계_부분_적응
16694,train,0,2,2단계_부분_적응
16695,train,0,2,2단계_부분_적응
16696,train,2,3,3단계_자립_적응
16697,train,2,3,3단계_자립_적응
16698,train,0,2,2단계_부분_적응
16699,train,0,2,2단계_부분_적응
16700,train,0,2,2단계_부분_적응
16701,train,1,1,1단계_완전_소외
16702,train,0,2,2단계_부분_적응
16703,train,0,2,2단계_부분_적응
16704,train,1,1,1단계_완전_소외
16705,train,2,3,3단계_자립_적응
16706,train,0,2,2단계_부분_적응
16707,train,0,2,2단계_부분_적응
16708,train,1,1,1단계_완전_소외
16709,train,0,2,2단계_부분_적응
16710,train,2,3,3단계_자립_적응
16711,train,2,3,3단계_자립_적응
16712,train,0,2,2단계_부분_적응
16713,train,1,1,1단계_완전_소외
16714,train,0,2,2단계_부분_적응
16715,train,1,1,1단계_완전_소외
16716,train,2,3,3단계_자립_적응
16717,train,2,3,3단계_자립_적응
16718,train,2,3,3단계_자립_적응
16719,train,0,2,2단계_부분_적응
16720,train,0,2,2단계_부분_적응
16721,train,0,2,2단계_부분_적응
16722,train,1,1,1단계_완전_소외
16723,train,0,2,2단계_부분_적응
16724,train,0,2,2단계_부분_적응
16725,train,0,2,2단계_부분_적응
16726,train,0,2,2단계_부분_적응
16727,train,1,1,1단계_완전_소외
16728,train,0,2,2단계_부분_적응
16729,train,0,2,2단계_부분_적응
16730,train,2,3,3단계_자립_적응
16731,train,2,3,3단계_자립_적응
16732,train,2,3,3단계_자립_적응
16733,train,1,1,1단계_완전_소외
16734,train,2,3,3단계_자립_적응
16735,train,1,1,1단계_완전_소외
16736,train,0,2,2단계_부분_적응
16737,train,1,1,1단계_완전_소외
16738,train,1,1,1단계_완전_소외
16739,train,0,2,2단계_부분_적응
16740,train,1,1,1단계_완전_소외
16741,train,2,3,3단계_자립_적응
16742,train,0,2,2단계_부분_적응
16743,train,0,2,2단계_부분_적응
16744,train,2,3,3단계_자립_적응
16745,train,0,2,2단계_부분_적응
16746,train,1,1,1단계_완전_소외
16747,train,0,2,2단계_부분_적응
16748,train,1,1,1단계_완전_소외
16749,train,1,1,1단계_완전_소외
16750,train,1,1,1단계_완전_소외
16751,train,2,3,3단계_자립_적응
16752,train,1,1,1단계_완전_소외
16753,train,2,3,3단계_자립_적응
16754,train,1,1,1단계_완전_소외
16755,train,0,2,2단계_부분_적응
16756,train,1,1,1단계_완전_소외
16757,train,0,2,2단계_부분_적응
16758,train,1,1,1단계_완전_소외
16759,train,0,2,2단계_부분_적응
16760,train,0,2,2단계_부분_적응
16761,train,0,2,2단계_부분_적응
16762,train,1,1,1단계_완전_소외
16763,train,2,3,3단계_자립_적응
16764,train,1,1,1단계_완전_소외
16765,train,1,1,1단계_완전_소외
16766,train,0,2,2단계_부분_적응
16767,train,2,3,3단계_자립_적응
16768,train,1,1,1단계_완전_소외
16769,train,2,3,3단계_자립_적응
16770,train,1,1,1단계_완전_소외
16771,train,0,2,2단계_부분_적응
16772,train,0,2,2단계_부분_적응
16773,train,2,3,3단계_자립_적응
16774,train,0,2,2단계_부분_적응
16775,train,1,1,1단계_완전_소외
16776,train,1,1,1단계_완전_소외
16777,train,1,1,1단계_완전_소외
16778,train,2,3,3단계_자립_적응
16779,train,0,2,2단계_부분_적응
16780,train,0,2,2단계_부분_적응
16781,train,0,2,2단계_부분_적응
16782,train,1,1,1단계_완전_소외
16783,train,0,2,2단계_부분_적응
16784,train,0,2,2단계_부분_적응
16785,train,1,1,1단계_완전_소외
16786,train,1,1,1단계_완전_소외
16787,train,0,2,2단계_부분_적응
16788,train,1,1,1단계_완전_소외
16789,train,0,2,2단계_부분_적응
16790,train,0,2,2단계_부분_적응
16791,train,2,3,3단계_자립_적응
16792,train,1,1,1단계_완전_소외
16793,train,2,3,3단계_자립_적응
16794,train,1,1,1단계_완전_소외
16795,train,0,2,2단계_부분_적응
16796,train,0,2,2단계_부분_적응
16797,train,0,2,2단계_부분_적응
16798,train,0,2,2단계_부분_적응
16799,train,0,2,2단계_부분_적응
16800,train,1,1,1단계_완전_소외
16801,train,2,3,3단계_자립_적응
16802,train,1,1,1단계_완전_소외
16803,train,0,2,2단계_부분_적응
16804,train,0,2,2단계_부분_적응
16805,train,2,3,3단계_자립_적응
16806,train,2,3,3단계_자립_적응
16807,train,2,3,3단계_자립_적응
16808,train,0,2,2단계_부분_적응
16809,train,1,1,1단계_완전_소외
16810,train,1,1,1단계_완전_소외
16811,train,1,1,1단계_완전_소외
16812,train,1,1,1단계_완전_소외
16813,train,1,1,1단계_완전_소외
16814,train,1,1,1단계_완전_소외
16815,train,0,2,2단계_부분_적응
16816,train,0,2,2단계_부분_적응
16817,train,0,2,2단계_부분_적응
16818,train,0,2,2단계_부분_적응
16819,train,0,2,2단계_부분_적응
16820,train,2,3,3단계_자립_적응
16821,train,0,2,2단계_부분_적응
16822,train,2,3,3단계_자립_적응
16823,train,0,2,2단계_부분_적응
16824,train,2,3,3단계_자립_적응
16825,train,0,2,2단계_부분_적응
16826,train,1,1,1단계_완전_소외
16827,train,0,2,2단계_부분_적응
16828,train,1,1,1단계_완전_소외
16829,train,1,1,1단계_완전_소외
16830,train,2,3,3단계_자립_적응
16831,train,0,2,2단계_부분_적응
16832,train,1,1,1단계_완전_소외
16833,train,0,2,2단계_부분_적응
16834,train,0,2,2단계_부분_적응
16835,train,2,3,3단계_자립_적응
16836,train,2,3,3단계_자립_적응
16837,train,0,2,2단계_부분_적응
16838,train,2,3,3단계_자립_적응
16839,train,2,3,3단계_자립_적응
16840,train,1,1,1단계_완전_소외
16841,train,1,1,1단계_완전_소외
16842,train,2,3,3단계_자립_적응
16843,train,2,3,3단계_자립_적응
16844,train,2,3,3단계_자립_적응
16845,train,2,3,3단계_자립_적응
16846,train,0,2,2단계_부분_적응
16847,train,2,3,3단계_자립_적응
16848,train,0,2,2단계_부분_적응
16849,train,2,3,3단계_자립_적응
16850,train,1,1,1단계_완전_소외
16851,train,1,1,1단계_완전_소외
16852,train,1,1,1단계_완전_소외
16853,train,0,2,2단계_부분_적응
16854,train,0,2,2단계_부분_적응
16855,train,1,1,1단계_완전_소외
16856,train,0,2,2단계_부분_적응
16857,train,0,2,2단계_부분_적응
16858,train,2,3,3단계_자립_적응
16859,train,2,3,3단계_자립_적응
16860,train,0,2,2단계_부분_적응
16861,train,1,1,1단계_완전_소외
16862,train,0,2,2단계_부분_적응
16863,train,2,3,3단계_자립_적응
16864,train,0,2,2단계_부분_적응
16865,train,2,3,3단계_자립_적응
16866,train,1,1,1단계_완전_소외
16867,train,1,1,1단계_완전_소외
16868,train,2,3,3단계_자립_적응
16869,train,0,2,2단계_부분_적응
16870,train,1,1,1단계_완전_소외
16871,train,1,1,1단계_완전_소외
16872,train,1,1,1단계_완전_소외
16873,train,2,3,3단계_자립_적응
16874,train,1,1,1단계_완전_소외
16875,train,1,1,1단계_완전_소외
16876,train,1,1,1단계_완전_소외
16877,train,0,2,2단계_부분_적응
16878,train,0,2,2단계_부분_적응
16879,train,1,1,1단계_완전_소외
16880,train,2,3,3단계_자립_적응
16881,train,1,1,1단계_완전_소외
16882,train,0,2,2단계_부분_적응
16883,train,2,3,3단계_자립_적응
16884,train,1,1,1단계_완전_소외
16885,train,1,1,1단계_완전_소외
16886,train,2,3,3단계_자립_적응
16887,train,0,2,2단계_부분_적응
16888,train,1,1,1단계_완전_소외
16889,train,2,3,3단계_자립_적응
16890,train,2,3,3단계_자립_적응
16891,train,1,1,1단계_완전_소외
16892,train,0,2,2단계_부분_적응
16893,train,1,1,1단계_완전_소외
16894,train,1,1,1단계_완전_소외
16895,train,0,2,2단계_부분_적응
16896,train,0,2,2단계_부분_적응
16897,train,2,3,3단계_자립_적응
16898,train,1,1,1단계_완전_소외
16899,train,1,1,1단계_완전_소외
16900,train,0,2,2단계_부분_적응
16901,train,1,1,1단계_완전_소외
16902,train,0,2,2단계_부분_적응
16903,train,0,2,2단계_부분_적응
16904,train,2,3,3단계_자립_적응
16905,train,2,3,3단계_자립_적응
16906,train,0,2,2단계_부분_적응
16907,train,2,3,3단계_자립_적응
16908,train,1,1,1단계_완전_소외
16909,train,2,3,3단계_자립_적응
16910,train,0,2,2단계_부분_적응
16911,train,1,1,1단계_완전_소외
16912,train,1,1,1단계_완전_소외
16913,train,0,2,2단계_부분_적응
16914,train,2,3,3단계_자립_적응
16915,train,1,1,1단계_완전_소외
16916,train,2,3,3단계_자립_적응
16917,train,0,2,2단계_부분_적응
16918,train,1,1,1단계_완전_소외
16919,train,1,1,1단계_완전_소외
16920,train,0,2,2단계_부분_적응
16921,train,0,2,2단계_부분_적응
16922,train,0,2,2단계_부분_적응
16923,train,1,1,1단계_완전_소외
16924,train,0,2,2단계_부분_적응
16925,train,0,2,2단계_부분_적응
16926,train,1,1,1단계_완전_소외
16927,train,1,1,1단계_완전_소외
16928,train,1,1,1단계_완전_소외
16929,train,1,1,1단계_완전_소외
16930,train,1,1,1단계_완전_소외
16931,train,2,3,3단계_자립_적응
16932,train,2,3,3단계_자립_적응
16933,train,1,1,1단계_완전_소외
16934,train,2,3,3단계_자립_적응
16935,train,1,1,1단계_완전_소외
16936,train,0,2,2단계_부분_적응
16937,train,1,1,1단계_완전_소외
16938,train,2,3,3단계_자립_적응
16939,train,0,2,2단계_부분_적응
16940,train,0,2,2단계_부분_적응
16941,train,1,1,1단계_완전_소외
16942,train,0,2,2단계_부분_적응
16943,train,0,2,2단계_부분_적응
16944,train,0,2,2단계_부분_적응
16945,train,1,1,1단계_완전_소외
16946,train,2,3,3단계_자립_적응
16947,train,0,2,2단계_부분_적응
16948,train,1,1,1단계_완전_소외
16949,train,2,3,3단계_자립_적응
16950,train,1,1,1단계_완전_소외
16951,train,2,3,3단계_자립_적응
16952,train,2,3,3단계_자립_적응
16953,train,0,2,2단계_부분_적응
16954,train,0,2,2단계_부분_적응
16955,train,2,3,3단계_자립_적응
16956,train,1,1,1단계_완전_소외
16957,train,1,1,1단계_완전_소외
16958,train,0,2,2단계_부분_적응
16959,train,2,3,3단계_자립_적응
16960,train,1,1,1단계_완전_소외
16961,train,0,2,2단계_부분_적응
16962,train,2,3,3단계_자립_적응
16963,train,2,3,3단계_자립_적응
16964,train,2,3,3단계_자립_적응
16965,train,0,2,2단계_부분_적응
16966,train,1,1,1단계_완전_소외
16967,train,2,3,3단계_자립_적응
16968,train,0,2,2단계_부분_적응
16969,train,0,2,2단계_부분_적응
16970,train,2,3,3단계_자립_적응
16971,train,2,3,3단계_자립_적응
16972,train,0,2,2단계_부분_적응
16973,train,1,1,1단계_완전_소외
16974,train,1,1,1단계_완전_소외
16975,train,0,2,2단계_부분_적응
16976,train,0,2,2단계_부분_적응
16977,train,0,2,2단계_부분_적응
16978,train,1,1,1단계_완전_소외
16979,train,1,1,1단계_완전_소외
16980,train,0,2,2단계_부분_적응
16981,train,2,3,3단계_자립_적응
16982,train,0,2,2단계_부분_적응
16983,train,1,1,1단계_완전_소외
16984,train,0,2,2단계_부분_적응
16985,train,2,3,3단계_자립_적응
16986,train,2,3,3단계_자립_적응
16987,train,1,1,1단계_완전_소외
16988,train,1,1,1단계_완전_소외
16989,train,1,1,1단계_완전_소외
16990,train,1,1,1단계_완전_소외
16991,train,0,2,2단계_부분_적응
16992,train,2,3,3단계_자립_적응
16993,train,2,3,3단계_자립_적응
16994,train,1,1,1단계_완전_소외
16995,train,0,2,2단계_부분_적응
16996,train,2,3,3단계_자립_적응
16997,train,2,3,3단계_자립_적응
16998,train,2,3,3단계_자립_적응
16999,train,0,2,2단계_부분_적응
17000,train,0,2,2단계_부분_적응
17001,train,1,1,1단계_완전_소외
17002,train,1,1,1단계_완전_소외
17003,train,1,1,1단계_완전_소외
17004,train,0,2,2단계_부분_적응
17005,train,0,2,2단계_부분_적응
17006,train,0,2,2단계_부분_적응
17007,train,0,2,2단계_부분_적응
17008,train,2,3,3단계_자립_적응
17009,train,2,3,3단계_자립_적응
17010,train,2,3,3단계_자립_적응
17011,train,0,2,2단계_부분_적응
17012,train,2,3,3단계_자립_적응
17013,train,1,1,1단계_완전_소외
17014,train,2,3,3단계_자립_적응
17015,train,2,3,3단계_자립_적응
17016,train,0,2,2단계_부분_적응
17017,train,2,3,3단계_자립_적응
17018,train,2,3,3단계_자립_적응
17019,train,1,1,1단계_완전_소외
17020,train,1,1,1단계_완전_소외
17021,train,0,2,2단계_부분_적응
17022,train,2,3,3단계_자립_적응
17023,train,0,2,2단계_부분_적응
17024,train,0,2,2단계_부분_적응
17025,train,2,3,3단계_자립_적응
17026,train,2,3,3단계_자립_적응
17027,train,0,2,2단계_부분_적응
17028,train,0,2,2단계_부분_적응
17029,train,0,2,2단계_부분_적응
17030,train,0,2,2단계_부분_적응
17031,train,2,3,3단계_자립_적응
17032,train,2,3,3단계_자립_적응
17033,train,0,2,2단계_부분_적응
17034,train,2,3,3단계_자립_적응
17035,train,1,1,1단계_완전_소외
17036,train,0,2,2단계_부분_적응
17037,train,0,2,2단계_부분_적응
17038,train,2,3,3단계_자립_적응
17039,train,1,1,1단계_완전_소외
17040,train,1,1,1단계_완전_소외
17041,train,1,1,1단계_완전_소외
17042,train,0,2,2단계_부분_적응
17043,train,0,2,2단계_부분_적응
17044,train,2,3,3단계_자립_적응
17045,train,0,2,2단계_부분_적응
17046,train,1,1,1단계_완전_소외
17047,train,0,2,2단계_부분_적응
17048,train,1,1,1단계_완전_소외
17049,train,0,2,2단계_부분_적응
17050,train,0,2,2단계_부분_적응
17051,train,1,1,1단계_완전_소외
17052,train,0,2,2단계_부분_적응
17053,train,0,2,2단계_부분_적응
17054,train,0,2,2단계_부분_적응
17055,train,1,1,1단계_완전_소외
17056,train,0,2,2단계_부분_적응
17057,train,0,2,2단계_부분_적응
17058,train,1,1,1단계_완전_소외
17059,train,1,1,1단계_완전_소외
17060,train,1,1,1단계_완전_소외
17061,train,1,1,1단계_완전_소외
17062,train,2,3,3단계_자립_적응
17063,train,0,2,2단계_부분_적응
17064,train,1,1,1단계_완전_소외
17065,train,2,3,3단계_자립_적응
17066,train,0,2,2단계_부분_적응
17067,train,1,1,1단계_완전_소외
17068,train,2,3,3단계_자립_적응
17069,train,2,3,3단계_자립_적응
17070,train,0,2,2단계_부분_적응
17071,train,1,1,1단계_완전_소외
17072,train,2,3,3단계_자립_적응
17073,train,0,2,2단계_부분_적응
17074,train,1,1,1단계_완전_소외
17075,train,1,1,1단계_완전_소외
17076,train,2,3,3단계_자립_적응
17077,train,0,2,2단계_부분_적응
17078,train,2,3,3단계_자립_적응
17079,train,2,3,3단계_자립_적응
17080,train,1,1,1단계_완전_소외
17081,train,1,1,1단계_완전_소외
17082,train,0,2,2단계_부분_적응
17083,train,1,1,1단계_완전_소외
17084,train,1,1,1단계_완전_소외
17085,train,1,1,1단계_완전_소외
17086,train,0,2,2단계_부분_적응
17087,train,0,2,2단계_부분_적응
17088,train,1,1,1단계_완전_소외
17089,train,1,1,1단계_완전_소외
17090,train,1,1,1단계_완전_소외
17091,train,2,3,3단계_자립_적응
17092,train,2,3,3단계_자립_적응
17093,train,0,2,2단계_부분_적응
17094,train,0,2,2단계_부분_적응
17095,train,1,1,1단계_완전_소외
17096,train,0,2,2단계_부분_적응
17097,train,1,1,1단계_완전_소외
17098,train,0,2,2단계_부분_적응
17099,train,1,1,1단계_완전_소외
17100,train,0,2,2단계_부분_적응
17101,train,1,1,1단계_완전_소외
17102,train,1,1,1단계_완전_소외
17103,train,2,3,3단계_자립_적응
17104,train,1,1,1단계_완전_소외
17105,train,2,3,3단계_자립_적응
17106,train,2,3,3단계_자립_적응
17107,train,2,3,3단계_자립_적응
17108,train,1,1,1단계_완전_소외
17109,train,1,1,1단계_완전_소외
17110,train,2,3,3단계_자립_적응
17111,train,2,3,3단계_자립_적응
17112,train,1,1,1단계_완전_소외
17113,train,0,2,2단계_부분_적응
17114,train,1,1,1단계_완전_소외
17115,train,0,2,2단계_부분_적응
17116,train,1,1,1단계_완전_소외
17117,train,2,3,3단계_자립_적응
17118,train,0,2,2단계_부분_적응
17119,train,1,1,1단계_완전_소외
17120,train,0,2,2단계_부분_적응
17121,train,1,1,1단계_완전_소외
17122,train,1,1,1단계_완전_소외
17123,train,0,2,2단계_부분_적응
17124,train,1,1,1단계_완전_소외
17125,train,1,1,1단계_완전_소외
17126,train,1,1,1단계_완전_소외
17127,train,0,2,2단계_부분_적응
17128,train,0,2,2단계_부분_적응
17129,train,0,2,2단계_부분_적응
17130,train,0,2,2단계_부분_적응
17131,train,1,1,1단계_완전_소외
17132,train,2,3,3단계_자립_적응
17133,train,1,1,1단계_완전_소외
17134,train,1,1,1단계_완전_소외
17135,train,0,2,2단계_부분_적응
17136,train,2,3,3단계_자립_적응
17137,train,2,3,3단계_자립_적응
17138,train,1,1,1단계_완전_소외
17139,train,1,1,1단계_완전_소외
17140,train,1,1,1단계_완전_소외
17141,train,2,3,3단계_자립_적응
17142,train,0,2,2단계_부분_적응
17143,train,2,3,3단계_자립_적응
17144,train,0,2,2단계_부분_적응
17145,train,0,2,2단계_부분_적응
17146,train,1,1,1단계_완전_소외
17147,train,1,1,1단계_완전_소외
17148,train,0,2,2단계_부분_적응
17149,train,2,3,3단계_자립_적응
17150,train,0,2,2단계_부분_적응
17151,train,0,2,2단계_부분_적응
17152,train,2,3,3단계_자립_적응
17153,train,2,3,3단계_자립_적응
17154,train,0,2,2단계_부분_적응
17155,train,0,2,2단계_부분_적응
17156,train,1,1,1단계_완전_소외
17157,train,2,3,3단계_자립_적응
17158,train,2,3,3단계_자립_적응
17159,train,1,1,1단계_완전_소외
17160,train,0,2,2단계_부분_적응
17161,train,2,3,3단계_자립_적응
17162,train,2,3,3단계_자립_적응
17163,train,1,1,1단계_완전_소외
17164,train,2,3,3단계_자립_적응
17165,train,0,2,2단계_부분_적응
17166,train,2,3,3단계_자립_적응
17167,train,2,3,3단계_자립_적응
17168,train,1,1,1단계_완전_소외
17169,train,1,1,1단계_완전_소외
17170,train,2,3,3단계_자립_적응
17171,train,1,1,1단계_완전_소외
17172,train,2,3,3단계_자립_적응
17173,train,1,1,1단계_완전_소외
17174,train,1,1,1단계_완전_소외
17175,train,1,1,1단계_완전_소외
17176,train,1,1,1단계_완전_소외
17177,train,1,1,1단계_완전_소외
17178,train,1,1,1단계_완전_소외
17179,train,1,1,1단계_완전_소외
17180,train,1,1,1단계_완전_소외
17181,train,1,1,1단계_완전_소외
17182,train,1,1,1단계_완전_소외
17183,train,1,1,1단계_완전_소외
17184,train,1,1,1단계_완전_소외
17185,train,1,1,1단계_완전_소외
17186,train,0,2,2단계_부분_적응
17187,train,1,1,1단계_완전_소외
17188,train,0,2,2단계_부분_적응
17189,train,1,1,1단계_완전_소외
17190,train,2,3,3단계_자립_적응
17191,train,1,1,1단계_완전_소외
17192,train,2,3,3단계_자립_적응
17193,train,2,3,3단계_자립_적응
17194,train,2,3,3단계_자립_적응
17195,train,0,2,2단계_부분_적응
17196,train,2,3,3단계_자립_적응
17197,train,2,3,3단계_자립_적응
17198,train,0,2,2단계_부분_적응
17199,train,2,3,3단계_자립_적응
17200,train,1,1,1단계_완전_소외
17201,train,1,1,1단계_완전_소외
17202,train,1,1,1단계_완전_소외
17203,train,2,3,3단계_자립_적응
17204,train,0,2,2단계_부분_적응
17205,train,0,2,2단계_부분_적응
17206,train,2,3,3단계_자립_적응
17207,train,0,2,2단계_부분_적응
17208,train,0,2,2단계_부분_적응
17209,train,0,2,2단계_부분_적응
17210,train,1,1,1단계_완전_소외
17211,train,1,1,1단계_완전_소외
17212,train,1,1,1단계_완전_소외
17213,train,0,2,2단계_부분_적응
17214,train,2,3,3단계_자립_적응
17215,train,2,3,3단계_자립_적응
17216,train,2,3,3단계_자립_적응
17217,train,1,1,1단계_완전_소외
17218,train,1,1,1단계_완전_소외
17219,train,2,3,3단계_자립_적응
17220,train,0,2,2단계_부분_적응
17221,train,2,3,3단계_자립_적응
17222,train,0,2,2단계_부분_적응
17223,train,1,1,1단계_완전_소외
17224,train,1,1,1단계_완전_소외
17225,train,1,1,1단계_완전_소외
17226,train,1,1,1단계_완전_소외
17227,train,0,2,2단계_부분_적응
17228,train,2,3,3단계_자립_적응
17229,train,2,3,3단계_자립_적응
17230,train,0,2,2단계_부분_적응
17231,train,1,1,1단계_완전_소외
17232,train,0,2,2단계_부분_적응
17233,train,1,1,1단계_완전_소외
17234,train,2,3,3단계_자립_적응
17235,train,2,3,3단계_자립_적응
17236,train,0,2,2단계_부분_적응
17237,train,1,1,1단계_완전_소외
17238,train,1,1,1단계_완전_소외
17239,train,1,1,1단계_완전_소외
17240,train,2,3,3단계_자립_적응
17241,train,0,2,2단계_부분_적응
17242,train,2,3,3단계_자립_적응
17243,train,1,1,1단계_완전_소외
17244,train,0,2,2단계_부분_적응
17245,train,1,1,1단계_완전_소외
17246,train,1,1,1단계_완전_소외
17247,train,1,1,1단계_완전_소외
17248,train,0,2,2단계_부분_적응
17249,train,0,2,2단계_부분_적응
17250,train,0,2,2단계_부분_적응
17251,train,0,2,2단계_부분_적응
17252,train,1,1,1단계_완전_소외
17253,train,0,2,2단계_부분_적응
17254,train,1,1,1단계_완전_소외
17255,train,2,3,3단계_자립_적응
17256,train,0,2,2단계_부분_적응
17257,train,2,3,3단계_자립_적응
17258,train,0,2,2단계_부분_적응
17259,train,0,2,2단계_부분_적응
17260,train,0,2,2단계_부분_적응
17261,train,1,1,1단계_완전_소외
17262,train,1,1,1단계_완전_소외
17263,train,2,3,3단계_자립_적응
17264,train,0,2,2단계_부분_적응
17265,train,1,1,1단계_완전_소외
17266,train,1,1,1단계_완전_소외
17267,train,1,1,1단계_완전_소외
17268,train,0,2,2단계_부분_적응
17269,train,2,3,3단계_자립_적응
17270,train,1,1,1단계_완전_소외
17271,train,2,3,3단계_자립_적응
17272,train,2,3,3단계_자립_적응
17273,train,0,2,2단계_부분_적응
17274,train,1,1,1단계_완전_소외
17275,train,0,2,2단계_부분_적응
17276,train,2,3,3단계_자립_적응
17277,train,2,3,3단계_자립_적응
17278,train,1,1,1단계_완전_소외
17279,train,1,1,1단계_완전_소외
17280,train,0,2,2단계_부분_적응
17281,train,0,2,2단계_부분_적응
17282,train,2,3,3단계_자립_적응
17283,train,2,3,3단계_자립_적응
17284,train,2,3,3단계_자립_적응
17285,train,0,2,2단계_부분_적응
17286,train,0,2,2단계_부분_적응
17287,train,0,2,2단계_부분_적응
17288,train,1,1,1단계_완전_소외
17289,train,1,1,1단계_완전_소외
17290,train,1,1,1단계_완전_소외
17291,train,1,1,1단계_완전_소외
17292,train,2,3,3단계_자립_적응
17293,train,2,3,3단계_자립_적응
17294,train,0,2,2단계_부분_적응
17295,train,0,2,2단계_부분_적응
17296,train,1,1,1단계_완전_소외
17297,train,0,2,2단계_부분_적응
17298,train,0,2,2단계_부분_적응
17299,train,1,1,1단계_완전_소외
17300,train,1,1,1단계_완전_소외
17301,train,0,2,2단계_부분_적응
17302,train,0,2,2단계_부분_적응
17303,train,0,2,2단계_부분_적응
17304,train,2,3,3단계_자립_적응
17305,train,1,1,1단계_완전_소외
17306,train,1,1,1단계_완전_소외
17307,train,0,2,2단계_부분_적응
17308,train,2,3,3단계_자립_적응
17309,train,2,3,3단계_자립_적응
17310,train,0,2,2단계_부분_적응
17311,train,1,1,1단계_완전_소외
17312,train,2,3,3단계_자립_적응
17313,train,0,2,2단계_부분_적응
17314,train,1,1,1단계_완전_소외
17315,train,1,1,1단계_완전_소외
17316,train,0,2,2단계_부분_적응
17317,train,2,3,3단계_자립_적응
17318,train,1,1,1단계_완전_소외
17319,train,2,3,3단계_자립_적응
17320,train,0,2,2단계_부분_적응
17321,train,2,3,3단계_자립_적응
17322,train,1,1,1단계_완전_소외
17323,train,2,3,3단계_자립_적응
17324,train,2,3,3단계_자립_적응
17325,train,2,3,3단계_자립_적응
17326,train,0,2,2단계_부분_적응
17327,train,1,1,1단계_완전_소외
17328,train,1,1,1단계_완전_소외
17329,train,0,2,2단계_부분_적응
17330,train,0,2,2단계_부분_적응
17331,train,2,3,3단계_자립_적응
17332,train,2,3,3단계_자립_적응
17333,train,1,1,1단계_완전_소외
17334,train,0,2,2단계_부분_적응
17335,train,0,2,2단계_부분_적응
17336,train,0,2,2단계_부분_적응
17337,train,2,3,3단계_자립_적응
17338,train,0,2,2단계_부분_적응
17339,train,0,2,2단계_부분_적응
17340,train,0,2,2단계_부분_적응
17341,train,0,2,2단계_부분_적응
17342,train,0,2,2단계_부분_적응
17343,train,1,1,1단계_완전_소외
17344,train,1,1,1단계_완전_소외
17345,train,1,1,1단계_완전_소외
17346,train,0,2,2단계_부분_적응
17347,train,1,1,1단계_완전_소외
17348,train,0,2,2단계_부분_적응
17349,train,1,1,1단계_완전_소외
17350,train,1,1,1단계_완전_소외
17351,train,0,2,2단계_부분_적응
17352,train,0,2,2단계_부분_적응
17353,train,2,3,3단계_자립_적응
17354,train,1,1,1단계_완전_소외
17355,train,1,1,1단계_완전_소외
17356,train,2,3,3단계_자립_적응
17357,train,0,2,2단계_부분_적응
17358,train,1,1,1단계_완전_소외
17359,train,0,2,2단계_부분_적응
17360,train,0,2,2단계_부분_적응
17361,train,0,2,2단계_부분_적응
17362,train,2,3,3단계_자립_적응
17363,train,2,3,3단계_자립_적응
17364,train,2,3,3단계_자립_적응
17365,train,1,1,1단계_완전_소외
17366,train,0,2,2단계_부분_적응
17367,train,0,2,2단계_부분_적응
17368,train,1,1,1단계_완전_소외
17369,train,0,2,2단계_부분_적응
17370,train,1,1,1단계_완전_소외
17371,train,2,3,3단계_자립_적응
17372,train,0,2,2단계_부분_적응
17373,train,0,2,2단계_부분_적응
17374,train,0,2,2단계_부분_적응
17375,train,1,1,1단계_완전_소외
17376,train,1,1,1단계_완전_소외
17377,train,1,1,1단계_완전_소외
17378,train,0,2,2단계_부분_적응
17379,train,2,3,3단계_자립_적응
17380,train,0,2,2단계_부분_적응
17381,train,2,3,3단계_자립_적응
17382,train,1,1,1단계_완전_소외
17383,train,2,3,3단계_자립_적응
17384,train,1,1,1단계_완전_소외
17385,train,0,2,2단계_부분_적응
17386,train,0,2,2단계_부분_적응
17387,train,1,1,1단계_완전_소외
17388,train,0,2,2단계_부분_적응
17389,train,1,1,1단계_완전_소외
17390,train,1,1,1단계_완전_소외
17391,train,1,1,1단계_완전_소외
17392,train,0,2,2단계_부분_적응
17393,train,0,2,2단계_부분_적응
17394,train,1,1,1단계_완전_소외
17395,train,1,1,1단계_완전_소외
17396,train,1,1,1단계_완전_소외
17397,train,2,3,3단계_자립_적응
17398,train,2,3,3단계_자립_적응
17399,train,1,1,1단계_완전_소외
17400,train,0,2,2단계_부분_적응
17401,train,2,3,3단계_자립_적응
17402,train,2,3,3단계_자립_적응
17403,train,1,1,1단계_완전_소외
17404,train,2,3,3단계_자립_적응
17405,train,2,3,3단계_자립_적응
17406,train,1,1,1단계_완전_소외
17407,train,1,1,1단계_완전_소외
17408,train,0,2,2단계_부분_적응
17409,train,1,1,1단계_완전_소외
17410,train,2,3,3단계_자립_적응
17411,train,2,3,3단계_자립_적응
17412,train,2,3,3단계_자립_적응
17413,train,1,1,1단계_완전_소외
17414,train,2,3,3단계_자립_적응
17415,train,1,1,1단계_완전_소외
17416,train,2,3,3단계_자립_적응
17417,train,1,1,1단계_완전_소외
17418,train,0,2,2단계_부분_적응
17419,train,2,3,3단계_자립_적응
17420,train,0,2,2단계_부분_적응
17421,train,0,2,2단계_부분_적응
17422,train,0,2,2단계_부분_적응
17423,train,0,2,2단계_부분_적응
17424,train,1,1,1단계_완전_소외
17425,train,1,1,1단계_완전_소외
17426,train,2,3,3단계_자립_적응
17427,train,0,2,2단계_부분_적응
17428,train,2,3,3단계_자립_적응
17429,train,0,2,2단계_부분_적응
17430,train,0,2,2단계_부분_적응
17431,train,1,1,1단계_완전_소외
17432,train,0,2,2단계_부분_적응
17433,train,2,3,3단계_자립_적응
17434,train,0,2,2단계_부분_적응
17435,train,1,1,1단계_완전_소외
17436,train,0,2,2단계_부분_적응
17437,train,1,1,1단계_완전_소외
17438,train,1,1,1단계_완전_소외
17439,train,2,3,3단계_자립_적응
17440,train,1,1,1단계_완전_소외
17441,train,1,1,1단계_완전_소외
17442,train,0,2,2단계_부분_적응
17443,train,0,2,2단계_부분_적응
17444,train,1,1,1단계_완전_소외
17445,train,0,2,2단계_부분_적응
17446,train,0,2,2단계_부분_적응
17447,train,0,2,2단계_부분_적응
17448,train,1,1,1단계_완전_소외
17449,train,0,2,2단계_부분_적응
17450,train,1,1,1단계_완전_소외
17451,train,1,1,1단계_완전_소외
17452,train,0,2,2단계_부분_적응
17453,train,0,2,2단계_부분_적응
17454,train,1,1,1단계_완전_소외
17455,train,2,3,3단계_자립_적응
17456,train,0,2,2단계_부분_적응
17457,train,0,2,2단계_부분_적응
17458,train,2,3,3단계_자립_적응
17459,train,1,1,1단계_완전_소외
17460,train,0,2,2단계_부분_적응
17461,train,0,2,2단계_부분_적응
17462,train,2,3,3단계_자립_적응
17463,train,0,2,2단계_부분_적응
17464,train,0,2,2단계_부분_적응
17465,train,2,3,3단계_자립_적응
17466,train,0,2,2단계_부분_적응
17467,train,0,2,2단계_부분_적응
17468,train,1,1,1단계_완전_소외
17469,train,2,3,3단계_자립_적응
17470,train,2,3,3단계_자립_적응
17471,train,2,3,3단계_자립_적응
17472,train,0,2,2단계_부분_적응
17473,train,1,1,1단계_완전_소외
17474,train,1,1,1단계_완전_소외
17475,train,1,1,1단계_완전_소외
17476,train,1,1,1단계_완전_소외
17477,train,0,2,2단계_부분_적응
17478,train,2,3,3단계_자립_적응
17479,train,0,2,2단계_부분_적응
17480,train,0,2,2단계_부분_적응
17481,train,2,3,3단계_자립_적응
17482,train,2,3,3단계_자립_적응
17483,train,0,2,2단계_부분_적응
17484,train,2,3,3단계_자립_적응
17485,train,2,3,3단계_자립_적응
17486,train,0,2,2단계_부분_적응
17487,train,2,3,3단계_자립_적응
17488,train,2,3,3단계_자립_적응
17489,train,1,1,1단계_완전_소외
17490,train,2,3,3단계_자립_적응
17491,train,2,3,3단계_자립_적응
17492,train,1,1,1단계_완전_소외
17493,train,1,1,1단계_완전_소외
17494,train,2,3,3단계_자립_적응
17495,train,2,3,3단계_자립_적응
17496,train,0,2,2단계_부분_적응
17497,train,1,1,1단계_완전_소외
17498,train,1,1,1단계_완전_소외
17499,train,0,2,2단계_부분_적응
17500,train,2,3,3단계_자립_적응
17501,train,1,1,1단계_완전_소외
17502,train,2,3,3단계_자립_적응
17503,train,0,2,2단계_부분_적응
17504,train,2,3,3단계_자립_적응
17505,train,0,2,2단계_부분_적응
17506,train,0,2,2단계_부분_적응
17507,train,1,1,1단계_완전_소외
17508,train,1,1,1단계_완전_소외
17509,train,2,3,3단계_자립_적응
17510,train,1,1,1단계_완전_소외
17511,train,0,2,2단계_부분_적응
17512,train,0,2,2단계_부분_적응
17513,train,2,3,3단계_자립_적응
17514,train,2,3,3단계_자립_적응
17515,train,1,1,1단계_완전_소외
17516,train,1,1,1단계_완전_소외
17517,train,0,2,2단계_부분_적응
17518,train,0,2,2단계_부분_적응
17519,train,0,2,2단계_부분_적응
17520,train,0,2,2단계_부분_적응
17521,train,1,1,1단계_완전_소외
17522,train,0,2,2단계_부분_적응
17523,train,2,3,3단계_자립_적응
17524,train,0,2,2단계_부분_적응
17525,train,0,2,2단계_부분_적응
17526,train,1,1,1단계_완전_소외
17527,train,1,1,1단계_완전_소외
17528,train,1,1,1단계_완전_소외
17529,train,2,3,3단계_자립_적응
17530,train,0,2,2단계_부분_적응
17531,train,1,1,1단계_완전_소외
17532,train,0,2,2단계_부분_적응
17533,train,0,2,2단계_부분_적응
17534,train,1,1,1단계_완전_소외
17535,train,0,2,2단계_부분_적응
17536,train,0,2,2단계_부분_적응
17537,train,0,2,2단계_부분_적응
17538,train,1,1,1단계_완전_소외
17539,train,0,2,2단계_부분_적응
17540,train,1,1,1단계_완전_소외
17541,train,1,1,1단계_완전_소외
17542,train,1,1,1단계_완전_소외
17543,train,2,3,3단계_자립_적응
17544,train,0,2,2단계_부분_적응
17545,train,1,1,1단계_완전_소외
17546,train,2,3,3단계_자립_적응
17547,train,1,1,1단계_완전_소외
17548,train,1,1,1단계_완전_소외
17549,train,0,2,2단계_부분_적응
17550,train,0,2,2단계_부분_적응
17551,train,0,2,2단계_부분_적응
17552,train,1,1,1단계_완전_소외
17553,train,2,3,3단계_자립_적응
17554,train,2,3,3단계_자립_적응
17555,train,0,2,2단계_부분_적응
17556,train,0,2,2단계_부분_적응
17557,train,0,2,2단계_부분_적응
17558,train,1,1,1단계_완전_소외
17559,train,0,2,2단계_부분_적응
17560,train,1,1,1단계_완전_소외
17561,train,1,1,1단계_완전_소외
17562,train,2,3,3단계_자립_적응
17563,train,0,2,2단계_부분_적응
17564,train,2,3,3단계_자립_적응
17565,train,1,1,1단계_완전_소외
17566,train,2,3,3단계_자립_적응
17567,train,1,1,1단계_완전_소외
17568,train,0,2,2단계_부분_적응
17569,train,0,2,2단계_부분_적응
17570,train,2,3,3단계_자립_적응
17571,train,0,2,2단계_부분_적응
17572,train,1,1,1단계_완전_소외
17573,train,2,3,3단계_자립_적응
17574,train,0,2,2단계_부분_적응
17575,train,2,3,3단계_자립_적응
17576,train,1,1,1단계_완전_소외
17577,train,0,2,2단계_부분_적응
17578,train,1,1,1단계_완전_소외
17579,train,1,1,1단계_완전_소외
17580,train,0,2,2단계_부분_적응
17581,train,1,1,1단계_완전_소외
17582,train,1,1,1단계_완전_소외
17583,train,0,2,2단계_부분_적응
17584,train,1,1,1단계_완전_소외
17585,train,2,3,3단계_자립_적응
17586,train,0,2,2단계_부분_적응
17587,train,0,2,2단계_부분_적응
17588,train,2,3,3단계_자립_적응
17589,train,1,1,1단계_완전_소외
17590,train,1,1,1단계_완전_소외
17591,train,0,2,2단계_부분_적응
17592,train,0,2,2단계_부분_적응
17593,train,1,1,1단계_완전_소외
17594,train,2,3,3단계_자립_적응
17595,train,2,3,3단계_자립_적응
17596,train,2,3,3단계_자립_적응
17597,train,1,1,1단계_완전_소외
17598,train,2,3,3단계_자립_적응
17599,train,0,2,2단계_부분_적응
17600,train,1,1,1단계_완전_소외
17601,train,2,3,3단계_자립_적응
17602,train,0,2,2단계_부분_적응
17603,train,0,2,2단계_부분_적응
17604,train,0,2,2단계_부분_적응
17605,train,0,2,2단계_부분_적응
17606,train,2,3,3단계_자립_적응
17607,train,0,2,2단계_부분_적응
17608,train,1,1,1단계_완전_소외
17609,train,0,2,2단계_부분_적응
17610,train,2,3,3단계_자립_적응
17611,train,1,1,1단계_완전_소외
17612,train,2,3,3단계_자립_적응
17613,train,2,3,3단계_자립_적응
17614,train,1,1,1단계_완전_소외
17615,train,2,3,3단계_자립_적응
17616,train,1,1,1단계_완전_소외
17617,train,1,1,1단계_완전_소외
17618,train,1,1,1단계_완전_소외
17619,train,2,3,3단계_자립_적응
17620,train,2,3,3단계_자립_적응
17621,train,2,3,3단계_자립_적응
17622,train,2,3,3단계_자립_적응
17623,train,1,1,1단계_완전_소외
17624,train,0,2,2단계_부분_적응
17625,train,0,2,2단계_부분_적응
17626,train,2,3,3단계_자립_적응
17627,train,1,1,1단계_완전_소외
17628,train,0,2,2단계_부분_적응
17629,train,1,1,1단계_완전_소외
17630,train,1,1,1단계_완전_소외
17631,train,2,3,3단계_자립_적응
17632,train,2,3,3단계_자립_적응
17633,train,2,3,3단계_자립_적응
17634,train,0,2,2단계_부분_적응
17635,train,1,1,1단계_완전_소외
17636,train,2,3,3단계_자립_적응
17637,train,0,2,2단계_부분_적응
17638,train,0,2,2단계_부분_적응
17639,train,0,2,2단계_부분_적응
17640,train,1,1,1단계_완전_소외
17641,train,0,2,2단계_부분_적응
17642,train,0,2,2단계_부분_적응
17643,train,2,3,3단계_자립_적응
17644,train,1,1,1단계_완전_소외
17645,train,0,2,2단계_부분_적응
17646,train,1,1,1단계_완전_소외
17647,train,0,2,2단계_부분_적응
17648,train,1,1,1단계_완전_소외
17649,train,1,1,1단계_완전_소외
17650,train,0,2,2단계_부분_적응
17651,train,2,3,3단계_자립_적응
17652,train,2,3,3단계_자립_적응
17653,train,0,2,2단계_부분_적응
17654,train,1,1,1단계_완전_소외
17655,train,2,3,3단계_자립_적응
17656,train,1,1,1단계_완전_소외
17657,train,1,1,1단계_완전_소외
17658,train,2,3,3단계_자립_적응
17659,train,0,2,2단계_부분_적응
17660,train,0,2,2단계_부분_적응
17661,train,1,1,1단계_완전_소외
17662,train,0,2,2단계_부분_적응
17663,train,0,2,2단계_부분_적응
17664,train,1,1,1단계_완전_소외
17665,train,2,3,3단계_자립_적응
17666,train,1,1,1단계_완전_소외
17667,train,2,3,3단계_자립_적응
17668,train,0,2,2단계_부분_적응
17669,train,2,3,3단계_자립_적응
17670,train,1,1,1단계_완전_소외
17671,train,0,2,2단계_부분_적응
17672,train,0,2,2단계_부분_적응
17673,train,0,2,2단계_부분_적응
17674,train,2,3,3단계_자립_적응
17675,train,0,2,2단계_부분_적응
17676,train,0,2,2단계_부분_적응
17677,train,0,2,2단계_부분_적응
17678,train,0,2,2단계_부분_적응
17679,train,1,1,1단계_완전_소외
17680,train,2,3,3단계_자립_적응
17681,train,2,3,3단계_자립_적응
17682,train,0,2,2단계_부분_적응
17683,train,2,3,3단계_자립_적응
17684,train,1,1,1단계_완전_소외
17685,train,2,3,3단계_자립_적응
17686,train,0,2,2단계_부분_적응
17687,train,0,2,2단계_부분_적응
17688,train,1,1,1단계_완전_소외
17689,train,1,1,1단계_완전_소외
17690,train,0,2,2단계_부분_적응
17691,train,2,3,3단계_자립_적응
17692,train,1,1,1단계_완전_소외
17693,train,0,2,2단계_부분_적응
17694,train,2,3,3단계_자립_적응
17695,train,0,2,2단계_부분_적응
17696,train,1,1,1단계_완전_소외
17697,train,0,2,2단계_부분_적응
17698,train,2,3,3단계_자립_적응
17699,train,1,1,1단계_완전_소외
17700,train,2,3,3단계_자립_적응
17701,train,2,3,3단계_자립_적응
17702,train,0,2,2단계_부분_적응
17703,train,0,2,2단계_부분_적응
17704,train,2,3,3단계_자립_적응
17705,train,1,1,1단계_완전_소외
17706,train,0,2,2단계_부분_적응
17707,train,1,1,1단계_완전_소외
17708,train,0,2,2단계_부분_적응
17709,train,1,1,1단계_완전_소외
17710,train,1,1,1단계_완전_소외
17711,train,0,2,2단계_부분_적응
17712,train,2,3,3단계_자립_적응
17713,train,0,2,2단계_부분_적응
17714,train,0,2,2단계_부분_적응
17715,train,1,1,1단계_완전_소외
17716,train,0,2,2단계_부분_적응
17717,train,1,1,1단계_완전_소외
17718,train,0,2,2단계_부분_적응
17719,train,1,1,1단계_완전_소외
17720,train,1,1,1단계_완전_소외
17721,train,0,2,2단계_부분_적응
17722,train,1,1,1단계_완전_소외
17723,train,2,3,3단계_자립_적응
17724,train,0,2,2단계_부분_적응
17725,train,2,3,3단계_자립_적응
17726,train,1,1,1단계_완전_소외
17727,train,1,1,1단계_완전_소외
17728,train,2,3,3단계_자립_적응
17729,train,1,1,1단계_완전_소외
17730,train,0,2,2단계_부분_적응
17731,train,1,1,1단계_완전_소외
17732,train,1,1,1단계_완전_소외
17733,train,1,1,1단계_완전_소외
17734,train,1,1,1단계_완전_소외
17735,train,0,2,2단계_부분_적응
17736,train,2,3,3단계_자립_적응
17737,train,1,1,1단계_완전_소외
17738,train,1,1,1단계_완전_소외
17739,train,1,1,1단계_완전_소외
17740,train,1,1,1단계_완전_소외
17741,train,2,3,3단계_자립_적응
17742,train,2,3,3단계_자립_적응
17743,train,0,2,2단계_부분_적응
17744,train,1,1,1단계_완전_소외
17745,train,0,2,2단계_부분_적응
17746,train,0,2,2단계_부분_적응
17747,train,0,2,2단계_부분_적응
17748,train,0,2,2단계_부분_적응
17749,train,1,1,1단계_완전_소외
17750,train,2,3,3단계_자립_적응
17751,train,0,2,2단계_부분_적응
17752,train,0,2,2단계_부분_적응
17753,train,1,1,1단계_완전_소외
17754,train,2,3,3단계_자립_적응
17755,train,2,3,3단계_자립_적응
17756,train,0,2,2단계_부분_적응
17757,train,2,3,3단계_자립_적응
17758,train,1,1,1단계_완전_소외
17759,train,0,2,2단계_부분_적응
17760,train,2,3,3단계_자립_적응
17761,train,0,2,2단계_부분_적응
17762,train,0,2,2단계_부분_적응
17763,train,2,3,3단계_자립_적응
17764,train,0,2,2단계_부분_적응
17765,train,2,3,3단계_자립_적응
17766,train,1,1,1단계_완전_소외
17767,train,1,1,1단계_완전_소외
17768,train,1,1,1단계_완전_소외
17769,train,1,1,1단계_완전_소외
17770,train,1,1,1단계_완전_소외
17771,train,1,1,1단계_완전_소외
17772,train,0,2,2단계_부분_적응
17773,train,0,2,2단계_부분_적응
17774,train,0,2,2단계_부분_적응
17775,train,0,2,2단계_부분_적응
17776,train,1,1,1단계_완전_소외
17777,train,0,2,2단계_부분_적응
17778,train,2,3,3단계_자립_적응
17779,train,0,2,2단계_부분_적응
17780,train,0,2,2단계_부분_적응
17781,train,1,1,1단계_완전_소외
17782,train,1,1,1단계_완전_소외
17783,train,2,3,3단계_자립_적응
17784,train,2,3,3단계_자립_적응
17785,train,2,3,3단계_자립_적응
17786,train,1,1,1단계_완전_소외
17787,train,2,3,3단계_자립_적응
17788,train,2,3,3단계_자립_적응
17789,train,0,2,2단계_부분_적응
17790,train,0,2,2단계_부분_적응
17791,train,1,1,1단계_완전_소외
17792,train,0,2,2단계_부분_적응
17793,train,2,3,3단계_자립_적응
17794,train,0,2,2단계_부분_적응
17795,train,1,1,1단계_완전_소외
17796,train,0,2,2단계_부분_적응
17797,train,0,2,2단계_부분_적응
17798,train,2,3,3단계_자립_적응
17799,train,2,3,3단계_자립_적응
17800,train,1,1,1단계_완전_소외
17801,train,1,1,1단계_완전_소외
17802,train,2,3,3단계_자립_적응
17803,train,2,3,3단계_자립_적응
17804,train,1,1,1단계_완전_소외
17805,train,0,2,2단계_부분_적응
17806,train,0,2,2단계_부분_적응
17807,train,1,1,1단계_완전_소외
17808,train,2,3,3단계_자립_적응
17809,train,1,1,1단계_완전_소외
17810,train,1,1,1단계_완전_소외
17811,train,0,2,2단계_부분_적응
17812,train,1,1,1단계_완전_소외
17813,train,2,3,3단계_자립_적응
17814,train,2,3,3단계_자립_적응
17815,train,2,3,3단계_자립_적응
17816,train,1,1,1단계_완전_소외
17817,train,0,2,2단계_부분_적응
17818,train,1,1,1단계_완전_소외
17819,train,0,2,2단계_부분_적응
17820,train,1,1,1단계_완전_소외
17821,train,0,2,2단계_부분_적응
17822,train,2,3,3단계_자립_적응
17823,train,2,3,3단계_자립_적응
17824,train,2,3,3단계_자립_적응
17825,train,2,3,3단계_자립_적응
17826,train,1,1,1단계_완전_소외
17827,train,0,2,2단계_부분_적응
17828,train,0,2,2단계_부분_적응
17829,train,0,2,2단계_부분_적응
17830,train,2,3,3단계_자립_적응
17831,train,1,1,1단계_완전_소외
17832,train,0,2,2단계_부분_적응
17833,train,0,2,2단계_부분_적응
17834,train,1,1,1단계_완전_소외
17835,train,2,3,3단계_자립_적응
17836,train,0,2,2단계_부분_적응
17837,train,1,1,1단계_완전_소외
17838,train,2,3,3단계_자립_적응
17839,train,1,1,1단계_완전_소외
17840,train,1,1,1단계_완전_소외
17841,train,2,3,3단계_자립_적응
17842,train,2,3,3단계_자립_적응
17843,train,2,3,3단계_자립_적응
17844,train,1,1,1단계_완전_소외
17845,train,1,1,1단계_완전_소외
17846,train,1,1,1단계_완전_소외
17847,train,1,1,1단계_완전_소외
17848,train,1,1,1단계_완전_소외
17849,train,2,3,3단계_자립_적응
17850,train,1,1,1단계_완전_소외
17851,train,0,2,2단계_부분_적응
17852,train,0,2,2단계_부분_적응
17853,train,2,3,3단계_자립_적응
17854,train,1,1,1단계_완전_소외
17855,train,1,1,1단계_완전_소외
17856,train,0,2,2단계_부분_적응
17857,train,1,1,1단계_완전_소외
17858,train,0,2,2단계_부분_적응
17859,train,1,1,1단계_완전_소외
17860,train,0,2,2단계_부분_적응
17861,train,0,2,2단계_부분_적응
17862,train,0,2,2단계_부분_적응
17863,train,0,2,2단계_부분_적응
17864,train,0,2,2단계_부분_적응
17865,train,1,1,1단계_완전_소외
17866,train,1,1,1단계_완전_소외
17867,train,2,3,3단계_자립_적응
17868,train,2,3,3단계_자립_적응
17869,train,0,2,2단계_부분_적응
17870,train,2,3,3단계_자립_적응
17871,train,2,3,3단계_자립_적응
17872,train,1,1,1단계_완전_소외
17873,train,2,3,3단계_자립_적응
17874,train,2,3,3단계_자립_적응
17875,train,2,3,3단계_자립_적응
17876,train,1,1,1단계_완전_소외
17877,train,0,2,2단계_부분_적응
17878,train,2,3,3단계_자립_적응
17879,train,1,1,1단계_완전_소외
17880,train,1,1,1단계_완전_소외
17881,train,2,3,3단계_자립_적응
17882,train,0,2,2단계_부분_적응
17883,train,1,1,1단계_완전_소외
17884,train,2,3,3단계_자립_적응
17885,train,1,1,1단계_완전_소외
17886,train,2,3,3단계_자립_적응
17887,train,1,1,1단계_완전_소외
17888,train,0,2,2단계_부분_적응
17889,train,2,3,3단계_자립_적응
17890,train,1,1,1단계_완전_소외
17891,train,0,2,2단계_부분_적응
17892,train,2,3,3단계_자립_적응
17893,train,1,1,1단계_완전_소외
17894,train,0,2,2단계_부분_적응
17895,train,0,2,2단계_부분_적응
17896,train,0,2,2단계_부분_적응
17897,train,0,2,2단계_부분_적응
17898,train,0,2,2단계_부분_적응
17899,train,1,1,1단계_완전_소외
17900,train,1,1,1단계_완전_소외
17901,train,2,3,3단계_자립_적응
17902,train,1,1,1단계_완전_소외
17903,train,0,2,2단계_부분_적응
17904,train,1,1,1단계_완전_소외
17905,train,1,1,1단계_완전_소외
17906,train,2,3,3단계_자립_적응
17907,train,1,1,1단계_완전_소외
17908,train,1,1,1단계_완전_소외
17909,train,0,2,2단계_부분_적응
17910,train,1,1,1단계_완전_소외
17911,train,0,2,2단계_부분_적응
17912,train,1,1,1단계_완전_소외
17913,train,2,3,3단계_자립_적응
17914,train,0,2,2단계_부분_적응
17915,train,1,1,1단계_완전_소외
17916,train,1,1,1단계_완전_소외
17917,train,1,1,1단계_완전_소외
17918,train,2,3,3단계_자립_적응
17919,train,1,1,1단계_완전_소외
17920,train,0,2,2단계_부분_적응
17921,train,0,2,2단계_부분_적응
17922,train,1,1,1단계_완전_소외
17923,train,0,2,2단계_부분_적응
17924,train,1,1,1단계_완전_소외
17925,train,1,1,1단계_완전_소외
17926,train,0,2,2단계_부분_적응
17927,train,2,3,3단계_자립_적응
17928,train,0,2,2단계_부분_적응
17929,train,1,1,1단계_완전_소외
17930,train,2,3,3단계_자립_적응
17931,train,0,2,2단계_부분_적응
17932,train,0,2,2단계_부분_적응
17933,train,0,2,2단계_부분_적응
17934,train,0,2,2단계_부분_적응
17935,train,0,2,2단계_부분_적응
17936,train,1,1,1단계_완전_소외
17937,train,2,3,3단계_자립_적응
17938,train,1,1,1단계_완전_소외
17939,train,1,1,1단계_완전_소외
17940,train,0,2,2단계_부분_적응
17941,train,2,3,3단계_자립_적응
17942,train,2,3,3단계_자립_적응
17943,train,2,3,3단계_자립_적응
17944,train,2,3,3단계_자립_적응
17945,train,2,3,3단계_자립_적응
17946,train,0,2,2단계_부분_적응
17947,train,0,2,2단계_부분_적응
17948,train,0,2,2단계_부분_적응
17949,train,1,1,1단계_완전_소외
17950,train,1,1,1단계_완전_소외
17951,train,0,2,2단계_부분_적응
17952,train,0,2,2단계_부분_적응
17953,train,1,1,1단계_완전_소외
17954,train,2,3,3단계_자립_적응
17955,train,1,1,1단계_완전_소외
17956,train,1,1,1단계_완전_소외
17957,train,1,1,1단계_완전_소외
17958,train,1,1,1단계_완전_소외
17959,train,1,1,1단계_완전_소외
17960,train,2,3,3단계_자립_적응
17961,train,0,2,2단계_부분_적응
17962,train,2,3,3단계_자립_적응
17963,train,1,1,1단계_완전_소외
17964,train,2,3,3단계_자립_적응
17965,train,2,3,3단계_자립_적응
17966,train,1,1,1단계_완전_소외
17967,train,1,1,1단계_완전_소외
17968,train,2,3,3단계_자립_적응
17969,train,0,2,2단계_부분_적응
17970,train,0,2,2단계_부분_적응
17971,train,0,2,2단계_부분_적응
17972,train,1,1,1단계_완전_소외
17973,train,0,2,2단계_부분_적응
17974,train,2,3,3단계_자립_적응
17975,train,0,2,2단계_부분_적응
17976,train,1,1,1단계_완전_소외
17977,train,0,2,2단계_부분_적응
17978,train,0,2,2단계_부분_적응
17979,train,2,3,3단계_자립_적응
17980,train,1,1,1단계_완전_소외
17981,train,2,3,3단계_자립_적응
17982,train,2,3,3단계_자립_적응
17983,train,0,2,2단계_부분_적응
17984,train,2,3,3단계_자립_적응
17985,train,1,1,1단계_완전_소외
17986,train,1,1,1단계_완전_소외
17987,train,1,1,1단계_완전_소외
17988,train,2,3,3단계_자립_적응
17989,train,2,3,3단계_자립_적응
17990,train,2,3,3단계_자립_적응
17991,train,0,2,2단계_부분_적응
17992,train,1,1,1단계_완전_소외
17993,train,1,1,1단계_완전_소외
17994,train,0,2,2단계_부분_적응
17995,train,2,3,3단계_자립_적응
17996,train,2,3,3단계_자립_적응
17997,train,1,1,1단계_완전_소외
17998,train,2,3,3단계_자립_적응
17999,train,1,1,1단계_완전_소외
18000,train,0,2,2단계_부분_적응
18001,train,0,2,2단계_부분_적응
18002,train,0,2,2단계_부분_적응
18003,train,0,2,2단계_부분_적응
18004,train,0,2,2단계_부분_적응
18005,train,2,3,3단계_자립_적응
18006,train,1,1,1단계_완전_소외
18007,train,0,2,2단계_부분_적응
18008,train,1,1,1단계_완전_소외
18009,train,0,2,2단계_부분_적응
18010,train,1,1,1단계_완전_소외
18011,train,0,2,2단계_부분_적응
18012,train,2,3,3단계_자립_적응
18013,train,1,1,1단계_완전_소외
18014,train,1,1,1단계_완전_소외
18015,train,2,3,3단계_자립_적응
18016,train,2,3,3단계_자립_적응
18017,train,0,2,2단계_부분_적응
18018,train,2,3,3단계_자립_적응
18019,train,0,2,2단계_부분_적응
18020,train,0,2,2단계_부분_적응
18021,train,1,1,1단계_완전_소외
18022,train,0,2,2단계_부분_적응
18023,train,2,3,3단계_자립_적응
18024,train,1,1,1단계_완전_소외
18025,train,1,1,1단계_완전_소외
18026,train,1,1,1단계_완전_소외
18027,train,1,1,1단계_완전_소외
18028,train,1,1,1단계_완전_소외
18029,train,1,1,1단계_완전_소외
18030,train,1,1,1단계_완전_소외
18031,train,2,3,3단계_자립_적응
18032,train,2,3,3단계_자립_적응
18033,train,0,2,2단계_부분_적응
18034,train,0,2,2단계_부분_적응
18035,train,1,1,1단계_완전_소외
18036,train,0,2,2단계_부분_적응
18037,train,0,2,2단계_부분_적응
18038,train,1,1,1단계_완전_소외
18039,train,1,1,1단계_완전_소외
18040,train,0,2,2단계_부분_적응
18041,train,1,1,1단계_완전_소외
18042,train,2,3,3단계_자립_적응
18043,train,0,2,2단계_부분_적응
18044,train,0,2,2단계_부분_적응
18045,train,2,3,3단계_자립_적응
18046,train,0,2,2단계_부분_적응
18047,train,1,1,1단계_완전_소외
18048,train,1,1,1단계_완전_소외
18049,train,0,2,2단계_부분_적응
18050,train,2,3,3단계_자립_적응
18051,train,1,1,1단계_완전_소외
18052,train,0,2,2단계_부분_적응
18053,train,0,2,2단계_부분_적응
18054,train,1,1,1단계_완전_소외
18055,train,2,3,3단계_자립_적응
18056,train,2,3,3단계_자립_적응
18057,train,1,1,1단계_완전_소외
18058,train,1,1,1단계_완전_소외
18059,train,1,1,1단계_완전_소외
18060,train,2,3,3단계_자립_적응
18061,train,2,3,3단계_자립_적응
18062,train,0,2,2단계_부분_적응
18063,train,1,1,1단계_완전_소외
18064,train,2,3,3단계_자립_적응
18065,train,1,1,1단계_완전_소외
18066,train,1,1,1단계_완전_소외
18067,train,1,1,1단계_완전_소외
18068,train,2,3,3단계_자립_적응
18069,train,1,1,1단계_완전_소외
18070,train,1,1,1단계_완전_소외
18071,train,1,1,1단계_완전_소외
18072,train,0,2,2단계_부분_적응
18073,train,1,1,1단계_완전_소외
18074,train,1,1,1단계_완전_소외
18075,train,0,2,2단계_부분_적응
18076,train,1,1,1단계_완전_소외
18077,train,2,3,3단계_자립_적응
18078,train,2,3,3단계_자립_적응
18079,train,0,2,2단계_부분_적응
18080,train,1,1,1단계_완전_소외
18081,train,0,2,2단계_부분_적응
18082,train,2,3,3단계_자립_적응
18083,train,1,1,1단계_완전_소외
18084,train,1,1,1단계_완전_소외
18085,train,2,3,3단계_자립_적응
18086,train,1,1,1단계_완전_소외
18087,train,2,3,3단계_자립_적응
18088,train,1,1,1단계_완전_소외
18089,train,0,2,2단계_부분_적응
18090,train,1,1,1단계_완전_소외
18091,train,2,3,3단계_자립_적응
18092,train,2,3,3단계_자립_적응
18093,train,1,1,1단계_완전_소외
18094,train,2,3,3단계_자립_적응
18095,train,1,1,1단계_완전_소외
18096,train,0,2,2단계_부분_적응
18097,train,1,1,1단계_완전_소외
18098,train,2,3,3단계_자립_적응
18099,train,0,2,2단계_부분_적응
18100,train,0,2,2단계_부분_적응
18101,train,0,2,2단계_부분_적응
18102,train,1,1,1단계_완전_소외
18103,train,2,3,3단계_자립_적응
18104,train,2,3,3단계_자립_적응
18105,train,2,3,3단계_자립_적응
18106,train,2,3,3단계_자립_적응
18107,train,2,3,3단계_자립_적응
18108,train,2,3,3단계_자립_적응
18109,train,1,1,1단계_완전_소외
18110,train,0,2,2단계_부분_적응
18111,train,2,3,3단계_자립_적응
18112,train,0,2,2단계_부분_적응
18113,train,0,2,2단계_부분_적응
18114,train,0,2,2단계_부분_적응
18115,train,0,2,2단계_부분_적응
18116,train,1,1,1단계_완전_소외
18117,train,2,3,3단계_자립_적응
18118,train,1,1,1단계_완전_소외
18119,train,1,1,1단계_완전_소외
18120,train,0,2,2단계_부분_적응
18121,train,1,1,1단계_완전_소외
18122,train,0,2,2단계_부분_적응
18123,train,2,3,3단계_자립_적응
18124,train,1,1,1단계_완전_소외
18125,train,1,1,1단계_완전_소외
18126,train,1,1,1단계_완전_소외
18127,train,2,3,3단계_자립_적응
18128,train,0,2,2단계_부분_적응
18129,train,0,2,2단계_부분_적응
18130,train,1,1,1단계_완전_소외
18131,train,2,3,3단계_자립_적응
18132,train,1,1,1단계_완전_소외
18133,train,0,2,2단계_부분_적응
18134,train,1,1,1단계_완전_소외
18135,train,1,1,1단계_완전_소외
18136,train,0,2,2단계_부분_적응
18137,train,0,2,2단계_부분_적응
18138,train,0,2,2단계_부분_적응
18139,train,2,3,3단계_자립_적응
18140,train,1,1,1단계_완전_소외
18141,train,2,3,3단계_자립_적응
18142,train,0,2,2단계_부분_적응
18143,train,1,1,1단계_완전_소외
18144,train,2,3,3단계_자립_적응
18145,train,1,1,1단계_완전_소외
18146,train,1,1,1단계_완전_소외
18147,train,1,1,1단계_완전_소외
18148,train,1,1,1단계_완전_소외
18149,train,1,1,1단계_완전_소외
18150,train,1,1,1단계_완전_소외
18151,train,0,2,2단계_부분_적응
18152,train,0,2,2단계_부분_적응
18153,train,0,2,2단계_부분_적응
18154,train,2,3,3단계_자립_적응
18155,train,2,3,3단계_자립_적응
18156,train,1,1,1단계_완전_소외
18157,train,0,2,2단계_부분_적응
18158,train,0,2,2단계_부분_적응
18159,train,1,1,1단계_완전_소외
18160,train,0,2,2단계_부분_적응
18161,train,0,2,2단계_부분_적응
18162,train,0,2,2단계_부분_적응
18163,train,0,2,2단계_부분_적응
18164,train,0,2,2단계_부분_적응
18165,train,0,2,2단계_부분_적응
18166,train,0,2,2단계_부분_적응
18167,train,1,1,1단계_완전_소외
18168,train,0,2,2단계_부분_적응
18169,train,0,2,2단계_부분_적응
18170,train,2,3,3단계_자립_적응
18171,train,0,2,2단계_부분_적응
18172,train,0,2,2단계_부분_적응
18173,train,2,3,3단계_자립_적응
18174,train,0,2,2단계_부분_적응
18175,train,0,2,2단계_부분_적응
18176,train,0,2,2단계_부분_적응
18177,train,2,3,3단계_자립_적응
18178,train,1,1,1단계_완전_소외
18179,train,2,3,3단계_자립_적응
18180,train,1,1,1단계_완전_소외
18181,train,1,1,1단계_완전_소외
18182,train,1,1,1단계_완전_소외
18183,train,0,2,2단계_부분_적응
18184,train,2,3,3단계_자립_적응
18185,train,0,2,2단계_부분_적응
18186,train,0,2,2단계_부분_적응
18187,train,1,1,1단계_완전_소외
18188,train,0,2,2단계_부분_적응
18189,train,2,3,3단계_자립_적응
18190,train,0,2,2단계_부분_적응
18191,train,1,1,1단계_완전_소외
18192,train,1,1,1단계_완전_소외
18193,train,1,1,1단계_완전_소외
18194,train,1,1,1단계_완전_소외
18195,train,1,1,1단계_완전_소외
18196,train,1,1,1단계_완전_소외
18197,train,2,3,3단계_자립_적응
18198,train,2,3,3단계_자립_적응
18199,train,2,3,3단계_자립_적응
18200,train,2,3,3단계_자립_적응
18201,train,1,1,1단계_완전_소외
18202,train,0,2,2단계_부분_적응
18203,train,0,2,2단계_부분_적응
18204,train,1,1,1단계_완전_소외
18205,train,0,2,2단계_부분_적응
18206,train,1,1,1단계_완전_소외
18207,train,0,2,2단계_부분_적응
18208,train,1,1,1단계_완전_소외
18209,train,2,3,3단계_자립_적응
18210,train,2,3,3단계_자립_적응
18211,train,0,2,2단계_부분_적응
18212,train,0,2,2단계_부분_적응
18213,train,2,3,3단계_자립_적응
18214,train,0,2,2단계_부분_적응
18215,train,1,1,1단계_완전_소외
18216,train,0,2,2단계_부분_적응
18217,train,1,1,1단계_완전_소외
18218,train,1,1,1단계_완전_소외
18219,train,1,1,1단계_완전_소외
18220,train,0,2,2단계_부분_적응
18221,train,0,2,2단계_부분_적응
18222,train,2,3,3단계_자립_적응
18223,train,2,3,3단계_자립_적응
18224,train,2,3,3단계_자립_적응
18225,train,2,3,3단계_자립_적응
18226,train,2,3,3단계_자립_적응
18227,train,1,1,1단계_완전_소외
18228,train,0,2,2단계_부분_적응
18229,train,0,2,2단계_부분_적응
18230,train,0,2,2단계_부분_적응
18231,train,2,3,3단계_자립_적응
18232,train,0,2,2단계_부분_적응
18233,train,1,1,1단계_완전_소외
18234,train,2,3,3단계_자립_적응
18235,train,0,2,2단계_부분_적응
18236,train,1,1,1단계_완전_소외
18237,train,1,1,1단계_완전_소외
18238,train,0,2,2단계_부분_적응
18239,train,2,3,3단계_자립_적응
18240,train,1,1,1단계_완전_소외
18241,train,0,2,2단계_부분_적응
18242,train,0,2,2단계_부분_적응
18243,train,2,3,3단계_자립_적응
18244,train,1,1,1단계_완전_소외
18245,train,1,1,1단계_완전_소외
18246,train,0,2,2단계_부분_적응
18247,train,1,1,1단계_완전_소외
18248,train,1,1,1단계_완전_소외
18249,train,1,1,1단계_완전_소외
18250,train,1,1,1단계_완전_소외
18251,train,1,1,1단계_완전_소외
18252,train,2,3,3단계_자립_적응
18253,train,1,1,1단계_완전_소외
18254,train,1,1,1단계_완전_소외
18255,train,0,2,2단계_부분_적응
18256,train,2,3,3단계_자립_적응
18257,train,0,2,2단계_부분_적응
18258,train,1,1,1단계_완전_소외
18259,train,0,2,2단계_부분_적응
18260,train,1,1,1단계_완전_소외
18261,train,2,3,3단계_자립_적응
18262,train,2,3,3단계_자립_적응
18263,train,0,2,2단계_부분_적응
18264,train,1,1,1단계_완전_소외
18265,train,2,3,3단계_자립_적응
18266,train,1,1,1단계_완전_소외
18267,train,2,3,3단계_자립_적응
18268,train,1,1,1단계_완전_소외
18269,train,0,2,2단계_부분_적응
18270,train,0,2,2단계_부분_적응
18271,train,1,1,1단계_완전_소외
18272,train,2,3,3단계_자립_적응
18273,train,2,3,3단계_자립_적응
18274,train,2,3,3단계_자립_적응
18275,train,0,2,2단계_부분_적응
18276,train,2,3,3단계_자립_적응
18277,train,1,1,1단계_완전_소외
18278,train,2,3,3단계_자립_적응
18279,train,1,1,1단계_완전_소외
18280,train,2,3,3단계_자립_적응
18281,train,2,3,3단계_자립_적응
18282,train,1,1,1단계_완전_소외
18283,train,2,3,3단계_자립_적응
18284,train,0,2,2단계_부분_적응
18285,train,0,2,2단계_부분_적응
18286,train,1,1,1단계_완전_소외
18287,train,2,3,3단계_자립_적응
18288,train,1,1,1단계_완전_소외
18289,train,1,1,1단계_완전_소외
18290,train,0,2,2단계_부분_적응
18291,train,1,1,1단계_완전_소외
18292,train,0,2,2단계_부분_적응
18293,train,0,2,2단계_부분_적응
18294,train,0,2,2단계_부분_적응
18295,train,1,1,1단계_완전_소외
18296,train,1,1,1단계_완전_소외
18297,train,1,1,1단계_완전_소외
18298,train,0,2,2단계_부분_적응
18299,train,0,2,2단계_부분_적응
18300,train,1,1,1단계_완전_소외
18301,train,1,1,1단계_완전_소외
18302,train,1,1,1단계_완전_소외
18303,train,1,1,1단계_완전_소외
18304,train,0,2,2단계_부분_적응
18305,train,0,2,2단계_부분_적응
18306,train,1,1,1단계_완전_소외
18307,train,0,2,2단계_부분_적응
18308,train,1,1,1단계_완전_소외
18309,train,2,3,3단계_자립_적응
18310,train,1,1,1단계_완전_소외
18311,train,0,2,2단계_부분_적응
18312,train,0,2,2단계_부분_적응
18313,train,1,1,1단계_완전_소외
18314,train,2,3,3단계_자립_적응
18315,train,2,3,3단계_자립_적응
18316,train,0,2,2단계_부분_적응
18317,train,1,1,1단계_완전_소외
18318,train,0,2,2단계_부분_적응
18319,train,2,3,3단계_자립_적응
18320,train,1,1,1단계_완전_소외
18321,train,0,2,2단계_부분_적응
18322,train,1,1,1단계_완전_소외
18323,train,2,3,3단계_자립_적응
18324,train,2,3,3단계_자립_적응
18325,train,2,3,3단계_자립_적응
18326,train,1,1,1단계_완전_소외
18327,train,2,3,3단계_자립_적응
18328,train,0,2,2단계_부분_적응
18329,train,2,3,3단계_자립_적응
18330,train,1,1,1단계_완전_소외
18331,train,0,2,2단계_부분_적응
18332,train,0,2,2단계_부분_적응
18333,train,1,1,1단계_완전_소외
18334,train,1,1,1단계_완전_소외
18335,train,2,3,3단계_자립_적응
18336,train,2,3,3단계_자립_적응
18337,train,1,1,1단계_완전_소외
18338,train,0,2,2단계_부분_적응
18339,train,0,2,2단계_부분_적응
18340,train,2,3,3단계_자립_적응
18341,train,0,2,2단계_부분_적응
18342,train,1,1,1단계_완전_소외
18343,train,0,2,2단계_부분_적응
18344,train,1,1,1단계_완전_소외
18345,train,0,2,2단계_부분_적응
18346,train,0,2,2단계_부분_적응
18347,train,0,2,2단계_부분_적응
18348,train,2,3,3단계_자립_적응
18349,train,0,2,2단계_부분_적응
18350,train,0,2,2단계_부분_적응
18351,train,2,3,3단계_자립_적응
18352,train,2,3,3단계_자립_적응
18353,train,1,1,1단계_완전_소외
18354,train,1,1,1단계_완전_소외
18355,train,1,1,1단계_완전_소외
18356,train,0,2,2단계_부분_적응
18357,train,2,3,3단계_자립_적응
18358,train,1,1,1단계_완전_소외
18359,train,2,3,3단계_자립_적응
18360,train,0,2,2단계_부분_적응
18361,train,0,2,2단계_부분_적응
18362,train,2,3,3단계_자립_적응
18363,train,0,2,2단계_부분_적응
18364,train,0,2,2단계_부분_적응
18365,train,0,2,2단계_부분_적응
18366,train,2,3,3단계_자립_적응
18367,train,1,1,1단계_완전_소외
18368,train,1,1,1단계_완전_소외
18369,train,2,3,3단계_자립_적응
18370,train,1,1,1단계_완전_소외
18371,train,0,2,2단계_부분_적응
18372,train,1,1,1단계_완전_소외
18373,train,0,2,2단계_부분_적응
18374,train,0,2,2단계_부분_적응
18375,train,2,3,3단계_자립_적응
18376,train,1,1,1단계_완전_소외
18377,train,0,2,2단계_부분_적응
18378,train,2,3,3단계_자립_적응
18379,train,0,2,2단계_부분_적응
18380,train,0,2,2단계_부분_적응
18381,train,1,1,1단계_완전_소외
18382,train,2,3,3단계_자립_적응
18383,train,2,3,3단계_자립_적응
18384,train,2,3,3단계_자립_적응
18385,train,2,3,3단계_자립_적응
18386,train,0,2,2단계_부분_적응
18387,train,1,1,1단계_완전_소외
18388,train,0,2,2단계_부분_적응
18389,train,2,3,3단계_자립_적응
18390,train,1,1,1단계_완전_소외
18391,train,1,1,1단계_완전_소외
18392,train,2,3,3단계_자립_적응
18393,train,1,1,1단계_완전_소외
18394,train,0,2,2단계_부분_적응
18395,train,1,1,1단계_완전_소외
18396,train,0,2,2단계_부분_적응
18397,train,2,3,3단계_자립_적응
18398,train,2,3,3단계_자립_적응
18399,train,0,2,2단계_부분_적응
18400,train,2,3,3단계_자립_적응
18401,train,0,2,2단계_부분_적응
18402,train,0,2,2단계_부분_적응
18403,train,0,2,2단계_부분_적응
18404,train,2,3,3단계_자립_적응
18405,train,1,1,1단계_완전_소외
18406,train,0,2,2단계_부분_적응
18407,train,0,2,2단계_부분_적응
18408,train,1,1,1단계_완전_소외
18409,train,1,1,1단계_완전_소외
18410,train,2,3,3단계_자립_적응
18411,train,0,2,2단계_부분_적응
18412,train,0,2,2단계_부분_적응
18413,train,0,2,2단계_부분_적응
18414,train,1,1,1단계_완전_소외
18415,train,2,3,3단계_자립_적응
18416,train,0,2,2단계_부분_적응
18417,train,1,1,1단계_완전_소외
18418,train,0,2,2단계_부분_적응
18419,train,0,2,2단계_부분_적응
18420,train,0,2,2단계_부분_적응
18421,train,2,3,3단계_자립_적응
18422,train,1,1,1단계_완전_소외
18423,train,0,2,2단계_부분_적응
18424,train,0,2,2단계_부분_적응
18425,train,1,1,1단계_완전_소외
18426,train,0,2,2단계_부분_적응
18427,train,2,3,3단계_자립_적응
18428,train,0,2,2단계_부분_적응
18429,train,0,2,2단계_부분_적응
18430,train,2,3,3단계_자립_적응
18431,train,1,1,1단계_완전_소외
18432,train,1,1,1단계_완전_소외
18433,train,2,3,3단계_자립_적응
18434,train,0,2,2단계_부분_적응
18435,train,0,2,2단계_부분_적응
18436,train,0,2,2단계_부분_적응
18437,train,0,2,2단계_부분_적응
18438,train,1,1,1단계_완전_소외
18439,train,0,2,2단계_부분_적응
18440,train,1,1,1단계_완전_소외
18441,train,2,3,3단계_자립_적응
18442,train,2,3,3단계_자립_적응
18443,train,1,1,1단계_완전_소외
18444,train,2,3,3단계_자립_적응
18445,train,2,3,3단계_자립_적응
18446,train,2,3,3단계_자립_적응
18447,train,1,1,1단계_완전_소외
18448,train,0,2,2단계_부분_적응
18449,train,0,2,2단계_부분_적응
18450,train,1,1,1단계_완전_소외
18451,train,2,3,3단계_자립_적응
18452,train,0,2,2단계_부분_적응
18453,train,2,3,3단계_자립_적응
18454,train,0,2,2단계_부분_적응
18455,train,2,3,3단계_자립_적응
18456,train,0,2,2단계_부분_적응
18457,train,1,1,1단계_완전_소외
18458,train,0,2,2단계_부분_적응
18459,train,2,3,3단계_자립_적응
18460,train,2,3,3단계_자립_적응
18461,train,2,3,3단계_자립_적응
18462,train,0,2,2단계_부분_적응
18463,train,2,3,3단계_자립_적응
18464,train,1,1,1단계_완전_소외
18465,train,1,1,1단계_완전_소외
18466,train,1,1,1단계_완전_소외
18467,train,1,1,1단계_완전_소외
18468,train,0,2,2단계_부분_적응
18469,train,1,1,1단계_완전_소외
18470,train,1,1,1단계_완전_소외
18471,train,2,3,3단계_자립_적응
18472,train,0,2,2단계_부분_적응
18473,train,2,3,3단계_자립_적응
18474,train,2,3,3단계_자립_적응
18475,train,1,1,1단계_완전_소외
18476,train,0,2,2단계_부분_적응
18477,train,2,3,3단계_자립_적응
18478,train,0,2,2단계_부분_적응
18479,train,1,1,1단계_완전_소외
18480,train,1,1,1단계_완전_소외
18481,train,1,1,1단계_완전_소외
18482,train,0,2,2단계_부분_적응
18483,train,2,3,3단계_자립_적응
18484,train,2,3,3단계_자립_적응
18485,train,1,1,1단계_완전_소외
18486,train,2,3,3단계_자립_적응
18487,train,1,1,1단계_완전_소외
18488,train,1,1,1단계_완전_소외
18489,train,0,2,2단계_부분_적응
18490,train,1,1,1단계_완전_소외
18491,train,0,2,2단계_부분_적응
18492,train,1,1,1단계_완전_소외
18493,train,0,2,2단계_부분_적응
18494,train,2,3,3단계_자립_적응
18495,train,0,2,2단계_부분_적응
18496,train,0,2,2단계_부분_적응
18497,train,2,3,3단계_자립_적응
18498,train,1,1,1단계_완전_소외
18499,train,0,2,2단계_부분_적응
18500,train,1,1,1단계_완전_소외
18501,train,1,1,1단계_완전_소외
18502,train,1,1,1단계_완전_소외
18503,train,1,1,1단계_완전_소외
18504,train,1,1,1단계_완전_소외
18505,train,2,3,3단계_자립_적응
18506,train,2,3,3단계_자립_적응
18507,train,2,3,3단계_자립_적응
18508,train,0,2,2단계_부분_적응
18509,train,2,3,3단계_자립_적응
18510,train,0,2,2단계_부분_적응
18511,train,2,3,3단계_자립_적응
18512,train,2,3,3단계_자립_적응
18513,train,0,2,2단계_부분_적응
18514,train,0,2,2단계_부분_적응
18515,train,1,1,1단계_완전_소외
18516,train,2,3,3단계_자립_적응
18517,train,1,1,1단계_완전_소외
18518,train,1,1,1단계_완전_소외
18519,train,0,2,2단계_부분_적응
18520,train,2,3,3단계_자립_적응
18521,train,1,1,1단계_완전_소외
18522,train,2,3,3단계_자립_적응
18523,train,1,1,1단계_완전_소외
18524,train,0,2,2단계_부분_적응
18525,train,1,1,1단계_완전_소외
18526,train,0,2,2단계_부분_적응
18527,train,0,2,2단계_부분_적응
18528,train,2,3,3단계_자립_적응
18529,train,1,1,1단계_완전_소외
18530,train,0,2,2단계_부분_적응
18531,train,0,2,2단계_부분_적응
18532,train,0,2,2단계_부분_적응
18533,train,2,3,3단계_자립_적응
18534,train,1,1,1단계_완전_소외
18535,train,1,1,1단계_완전_소외
18536,train,2,3,3단계_자립_적응
18537,train,0,2,2단계_부분_적응
18538,train,2,3,3단계_자립_적응
18539,train,1,1,1단계_완전_소외
18540,train,0,2,2단계_부분_적응
18541,train,2,3,3단계_자립_적응
18542,train,0,2,2단계_부분_적응
18543,train,1,1,1단계_완전_소외
18544,train,1,1,1단계_완전_소외
18545,train,0,2,2단계_부분_적응
18546,train,0,2,2단계_부분_적응
18547,train,2,3,3단계_자립_적응
18548,train,0,2,2단계_부분_적응
18549,train,2,3,3단계_자립_적응
18550,train,0,2,2단계_부분_적응
18551,train,0,2,2단계_부분_적응
18552,train,2,3,3단계_자립_적응
18553,train,2,3,3단계_자립_적응
18554,train,0,2,2단계_부분_적응
18555,train,0,2,2단계_부분_적응
18556,train,0,2,2단계_부분_적응
18557,train,2,3,3단계_자립_적응
18558,train,0,2,2단계_부분_적응
18559,train,0,2,2단계_부분_적응
18560,train,2,3,3단계_자립_적응
18561,train,1,1,1단계_완전_소외
18562,train,1,1,1단계_완전_소외
18563,train,1,1,1단계_완전_소외
18564,train,0,2,2단계_부분_적응
18565,train,2,3,3단계_자립_적응
18566,train,2,3,3단계_자립_적응
18567,train,1,1,1단계_완전_소외
18568,train,0,2,2단계_부분_적응
18569,train,2,3,3단계_자립_적응
18570,train,0,2,2단계_부분_적응
18571,train,2,3,3단계_자립_적응
18572,train,0,2,2단계_부분_적응
18573,train,0,2,2단계_부분_적응
18574,train,0,2,2단계_부분_적응
18575,train,1,1,1단계_완전_소외
18576,train,1,1,1단계_완전_소외
18577,train,1,1,1단계_완전_소외
18578,train,1,1,1단계_완전_소외
18579,train,2,3,3단계_자립_적응
18580,train,1,1,1단계_완전_소외
18581,train,2,3,3단계_자립_적응
18582,train,2,3,3단계_자립_적응
18583,train,0,2,2단계_부분_적응
18584,train,0,2,2단계_부분_적응
18585,train,1,1,1단계_완전_소외
18586,train,0,2,2단계_부분_적응
18587,train,0,2,2단계_부분_적응
18588,train,1,1,1단계_완전_소외
18589,train,2,3,3단계_자립_적응
18590,train,1,1,1단계_완전_소외
18591,train,2,3,3단계_자립_적응
18592,train,1,1,1단계_완전_소외
18593,train,0,2,2단계_부분_적응
18594,train,0,2,2단계_부분_적응
18595,train,0,2,2단계_부분_적응
18596,train,2,3,3단계_자립_적응
18597,train,1,1,1단계_완전_소외
18598,train,2,3,3단계_자립_적응
18599,train,2,3,3단계_자립_적응
18600,train,0,2,2단계_부분_적응
18601,train,1,1,1단계_완전_소외
18602,train,1,1,1단계_완전_소외
18603,train,2,3,3단계_자립_적응
18604,train,1,1,1단계_완전_소외
18605,train,1,1,1단계_완전_소외
18606,train,1,1,1단계_완전_소외
18607,train,2,3,3단계_자립_적응
18608,train,0,2,2단계_부분_적응
18609,train,2,3,3단계_자립_적응
18610,train,1,1,1단계_완전_소외
18611,train,2,3,3단계_자립_적응
18612,train,0,2,2단계_부분_적응
18613,train,1,1,1단계_완전_소외
18614,train,2,3,3단계_자립_적응
18615,train,2,3,3단계_자립_적응
18616,train,1,1,1단계_완전_소외
18617,train,2,3,3단계_자립_적응
18618,train,2,3,3단계_자립_적응
18619,train,0,2,2단계_부분_적응
18620,train,2,3,3단계_자립_적응
18621,train,1,1,1단계_완전_소외
18622,train,0,2,2단계_부분_적응
18623,train,0,2,2단계_부분_적응
18624,train,0,2,2단계_부분_적응
18625,train,1,1,1단계_완전_소외
18626,train,1,1,1단계_완전_소외
18627,train,1,1,1단계_완전_소외
18628,train,0,2,2단계_부분_적응
18629,train,0,2,2단계_부분_적응
18630,train,1,1,1단계_완전_소외
18631,train,2,3,3단계_자립_적응
18632,train,2,3,3단계_자립_적응
18633,train,2,3,3단계_자립_적응
18634,train,1,1,1단계_완전_소외
18635,train,0,2,2단계_부분_적응
18636,train,1,1,1단계_완전_소외
18637,train,1,1,1단계_완전_소외
18638,train,1,1,1단계_완전_소외
18639,train,0,2,2단계_부분_적응
18640,train,2,3,3단계_자립_적응
18641,train,2,3,3단계_자립_적응
18642,train,1,1,1단계_완전_소외
18643,train,0,2,2단계_부분_적응
18644,train,1,1,1단계_완전_소외
18645,train,1,1,1단계_완전_소외
18646,train,0,2,2단계_부분_적응
18647,train,0,2,2단계_부분_적응
18648,train,1,1,1단계_완전_소외
18649,train,0,2,2단계_부분_적응
18650,train,1,1,1단계_완전_소외
18651,train,0,2,2단계_부분_적응
18652,train,1,1,1단계_완전_소외
18653,train,1,1,1단계_완전_소외
18654,train,2,3,3단계_자립_적응
18655,train,2,3,3단계_자립_적응
18656,train,1,1,1단계_완전_소외
18657,train,2,3,3단계_자립_적응
18658,train,2,3,3단계_자립_적응
18659,train,2,3,3단계_자립_적응
18660,train,1,1,1단계_완전_소외
18661,train,2,3,3단계_자립_적응
18662,train,2,3,3단계_자립_적응
18663,train,0,2,2단계_부분_적응
18664,train,1,1,1단계_완전_소외
18665,train,2,3,3단계_자립_적응
18666,train,2,3,3단계_자립_적응
18667,train,0,2,2단계_부분_적응
18668,train,0,2,2단계_부분_적응
18669,train,2,3,3단계_자립_적응
18670,train,2,3,3단계_자립_적응
18671,train,1,1,1단계_완전_소외
18672,train,2,3,3단계_자립_적응
18673,train,1,1,1단계_완전_소외
18674,train,0,2,2단계_부분_적응
18675,train,1,1,1단계_완전_소외
18676,train,1,1,1단계_완전_소외
18677,train,1,1,1단계_완전_소외
18678,train,1,1,1단계_완전_소외
18679,train,0,2,2단계_부분_적응
18680,train,1,1,1단계_완전_소외
18681,train,1,1,1단계_완전_소외
18682,train,1,1,1단계_완전_소외
18683,train,2,3,3단계_자립_적응
18684,train,0,2,2단계_부분_적응
18685,train,1,1,1단계_완전_소외
18686,train,0,2,2단계_부분_적응
18687,train,1,1,1단계_완전_소외
18688,train,1,1,1단계_완전_소외
18689,train,0,2,2단계_부분_적응
18690,train,2,3,3단계_자립_적응
18691,train,1,1,1단계_완전_소외
18692,train,0,2,2단계_부분_적응
18693,train,0,2,2단계_부분_적응
18694,train,2,3,3단계_자립_적응
18695,train,1,1,1단계_완전_소외
18696,train,2,3,3단계_자립_적응
18697,train,2,3,3단계_자립_적응
18698,train,2,3,3단계_자립_적응
18699,train,1,1,1단계_완전_소외
18700,train,0,2,2단계_부분_적응
18701,train,0,2,2단계_부분_적응
18702,train,1,1,1단계_완전_소외
18703,train,1,1,1단계_완전_소외
18704,train,0,2,2단계_부분_적응
18705,train,1,1,1단계_완전_소외
18706,train,0,2,2단계_부분_적응
18707,train,0,2,2단계_부분_적응
18708,train,0,2,2단계_부분_적응
18709,train,2,3,3단계_자립_적응
18710,train,2,3,3단계_자립_적응
18711,train,0,2,2단계_부분_적응
18712,train,0,2,2단계_부분_적응
18713,train,2,3,3단계_자립_적응
18714,train,1,1,1단계_완전_소외
18715,train,0,2,2단계_부분_적응
18716,train,2,3,3단계_자립_적응
18717,train,0,2,2단계_부분_적응
18718,train,2,3,3단계_자립_적응
18719,train,0,2,2단계_부분_적응
18720,train,1,1,1단계_완전_소외
18721,train,0,2,2단계_부분_적응
18722,train,0,2,2단계_부분_적응
18723,train,0,2,2단계_부분_적응
18724,train,1,1,1단계_완전_소외
18725,train,2,3,3단계_자립_적응
18726,train,1,1,1단계_완전_소외
18727,train,2,3,3단계_자립_적응
18728,train,2,3,3단계_자립_적응
18729,train,0,2,2단계_부분_적응
18730,train,1,1,1단계_완전_소외
18731,train,0,2,2단계_부분_적응
18732,train,1,1,1단계_완전_소외
18733,train,1,1,1단계_완전_소외
18734,train,1,1,1단계_완전_소외
18735,train,1,1,1단계_완전_소외
18736,train,2,3,3단계_자립_적응
18737,train,0,2,2단계_부분_적응
18738,train,1,1,1단계_완전_소외
18739,train,0,2,2단계_부분_적응
18740,train,1,1,1단계_완전_소외
18741,train,0,2,2단계_부분_적응
18742,train,0,2,2단계_부분_적응
18743,train,2,3,3단계_자립_적응
18744,train,1,1,1단계_완전_소외
18745,train,0,2,2단계_부분_적응
18746,train,0,2,2단계_부분_적응
18747,train,1,1,1단계_완전_소외
18748,train,2,3,3단계_자립_적응
18749,train,2,3,3단계_자립_적응
18750,train,0,2,2단계_부분_적응
18751,train,2,3,3단계_자립_적응
18752,train,0,2,2단계_부분_적응
18753,train,0,2,2단계_부분_적응
18754,train,0,2,2단계_부분_적응
18755,train,2,3,3단계_자립_적응
18756,train,1,1,1단계_완전_소외
18757,train,2,3,3단계_자립_적응
18758,train,1,1,1단계_완전_소외
18759,train,1,1,1단계_완전_소외
18760,train,0,2,2단계_부분_적응
18761,train,1,1,1단계_완전_소외
18762,train,2,3,3단계_자립_적응
18763,train,1,1,1단계_완전_소외
18764,train,2,3,3단계_자립_적응
18765,train,2,3,3단계_자립_적응
18766,train,2,3,3단계_자립_적응
18767,train,1,1,1단계_완전_소외
18768,train,0,2,2단계_부분_적응
18769,train,2,3,3단계_자립_적응
18770,train,1,1,1단계_완전_소외
18771,train,2,3,3단계_자립_적응
18772,train,1,1,1단계_완전_소외
18773,train,1,1,1단계_완전_소외
18774,train,1,1,1단계_완전_소외
18775,train,1,1,1단계_완전_소외
18776,train,0,2,2단계_부분_적응
18777,train,0,2,2단계_부분_적응
18778,train,0,2,2단계_부분_적응
18779,train,0,2,2단계_부분_적응
18780,train,0,2,2단계_부분_적응
18781,train,0,2,2단계_부분_적응
18782,train,1,1,1단계_완전_소외
18783,train,0,2,2단계_부분_적응
18784,train,0,2,2단계_부분_적응
18785,train,1,1,1단계_완전_소외
18786,train,1,1,1단계_완전_소외
18787,train,1,1,1단계_완전_소외
18788,train,1,1,1단계_완전_소외
18789,train,0,2,2단계_부분_적응
18790,train,2,3,3단계_자립_적응
18791,train,1,1,1단계_완전_소외
18792,train,1,1,1단계_완전_소외
18793,train,0,2,2단계_부분_적응
18794,train,0,2,2단계_부분_적응
18795,train,2,3,3단계_자립_적응
18796,train,2,3,3단계_자립_적응
18797,train,2,3,3단계_자립_적응
18798,train,2,3,3단계_자립_적응
18799,val,1,1,1단계_완전_소외
18800,val,2,3,3단계_자립_적응
18801,val,0,2,2단계_부분_적응
18802,val,1,1,1단계_완전_소외
18803,val,0,2,2단계_부분_적응
18804,val,0,2,2단계_부분_적응
18805,val,1,1,1단계_완전_소외
18806,val,1,1,1단계_완전_소외
18807,val,1,1,1단계_완전_소외
18808,val,1,1,1단계_완전_소외
18809,val,2,3,3단계_자립_적응
18810,val,1,1,1단계_완전_소외
18811,val,2,3,3단계_자립_적응
18812,val,2,3,3단계_자립_적응
18813,val,0,2,2단계_부분_적응
18814,val,1,1,1단계_완전_소외
18815,val,1,1,1단계_완전_소외
18816,val,1,1,1단계_완전_소외
18817,val,0,2,2단계_부분_적응
18818,val,1,1,1단계_완전_소외
18819,val,1,1,1단계_완전_소외
18820,val,2,3,3단계_자립_적응
18821,val,1,1,1단계_완전_소외
18822,val,1,1,1단계_완전_소외
18823,val,2,3,3단계_자립_적응
18824,val,2,3,3단계_자립_적응
18825,val,2,3,3단계_자립_적응
18826,val,0,2,2단계_부분_적응
18827,val,1,1,1단계_완전_소외
18828,val,1,1,1단계_완전_소외
18829,val,0,2,2단계_부분_적응
18830,val,0,2,2단계_부분_적응
18831,val,2,3,3단계_자립_적응
18832,val,2,3,3단계_자립_적응
18833,val,1,1,1단계_완전_소외
18834,val,0,2,2단계_부분_적응
18835,val,0,2,2단계_부분_적응
18836,val,0,2,2단계_부분_적응
18837,val,0,2,2단계_부분_적응
18838,val,1,1,1단계_완전_소외
18839,val,1,1,1단계_완전_소외
18840,val,0,2,2단계_부분_적응
18841,val,0,2,2단계_부분_적응
18842,val,2,3,3단계_자립_적응
18843,val,1,1,1단계_완전_소외
18844,val,0,2,2단계_부분_적응
18845,val,1,1,1단계_완전_소외
18846,val,0,2,2단계_부분_적응
18847,val,0,2,2단계_부분_적응
18848,val,1,1,1단계_완전_소외
18849,val,0,2,2단계_부분_적응
18850,val,2,3,3단계_자립_적응
18851,val,0,2,2단계_부분_적응
18852,val,1,1,1단계_완전_소외
18853,val,2,3,3단계_자립_적응
18854,val,1,1,1단계_완전_소외
18855,val,0,2,2단계_부분_적응
18856,val,1,1,1단계_완전_소외
18857,val,2,3,3단계_자립_적응
18858,val,1,1,1단계_완전_소외
18859,val,0,2,2단계_부분_적응
18860,val,0,2,2단계_부분_적응
18861,val,2,3,3단계_자립_적응
18862,val,1,1,1단계_완전_소외
18863,val,0,2,2단계_부분_적응
18864,val,2,3,3단계_자립_적응
18865,val,2,3,3단계_자립_적응
18866,val,0,2,2단계_부분_적응
18867,val,2,3,3단계_자립_적응
18868,val,0,2,2단계_부분_적응
18869,val,1,1,1단계_완전_소외
18870,val,1,1,1단계_완전_소외
18871,val,1,1,1단계_완전_소외
18872,val,1,1,1단계_완전_소외
18873,val,0,2,2단계_부분_적응
18874,val,0,2,2단계_부분_적응
18875,val,0,2,2단계_부분_적응
18876,val,1,1,1단계_완전_소외
18877,val,0,2,2단계_부분_적응
18878,val,1,1,1단계_완전_소외
18879,val,1,1,1단계_완전_소외
18880,val,1,1,1단계_완전_소외
18881,val,2,3,3단계_자립_적응
18882,val,2,3,3단계_자립_적응
18883,val,1,1,1단계_완전_소외
18884,val,2,3,3단계_자립_적응
18885,val,0,2,2단계_부분_적응
18886,val,1,1,1단계_완전_소외
18887,val,1,1,1단계_완전_소외
18888,val,0,2,2단계_부분_적응
18889,val,0,2,2단계_부분_적응
18890,val,2,3,3단계_자립_적응
18891,val,1,1,1단계_완전_소외
18892,val,1,1,1단계_완전_소외
18893,val,0,2,2단계_부분_적응
18894,val,2,3,3단계_자립_적응
18895,val,0,2,2단계_부분_적응
18896,val,0,2,2단계_부분_적응
18897,val,1,1,1단계_완전_소외
18898,val,1,1,1단계_완전_소외
18899,val,1,1,1단계_완전_소외
18900,val,2,3,3단계_자립_적응
18901,val,0,2,2단계_부분_적응
18902,val,2,3,3단계_자립_적응
18903,val,0,2,2단계_부분_적응
18904,val,1,1,1단계_완전_소외
18905,val,1,1,1단계_완전_소외
18906,val,1,1,1단계_완전_소외
18907,val,1,1,1단계_완전_소외
18908,val,1,1,1단계_완전_소외
18909,val,2,3,3단계_자립_적응
18910,val,0,2,2단계_부분_적응
18911,val,1,1,1단계_완전_소외
18912,val,0,2,2단계_부분_적응
18913,val,1,1,1단계_완전_소외
18914,val,0,2,2단계_부분_적응
18915,val,1,1,1단계_완전_소외
18916,val,2,3,3단계_자립_적응
18917,val,2,3,3단계_자립_적응
18918,val,2,3,3단계_자립_적응
18919,val,1,1,1단계_완전_소외
18920,val,0,2,2단계_부분_적응
18921,val,0,2,2단계_부분_적응
18922,val,2,3,3단계_자립_적응
18923,val,0,2,2단계_부분_적응
18924,val,0,2,2단계_부분_적응
18925,val,1,1,1단계_완전_소외
18926,val,0,2,2단계_부분_적응
18927,val,1,1,1단계_완전_소외
18928,val,1,1,1단계_완전_소외
18929,val,2,3,3단계_자립_적응
18930,val,2,3,3단계_자립_적응
18931,val,1,1,1단계_완전_소외
18932,val,1,1,1단계_완전_소외
18933,val,1,1,1단계_완전_소외
18934,val,1,1,1단계_완전_소외
18935,val,2,3,3단계_자립_적응
18936,val,1,1,1단계_완전_소외
18937,val,1,1,1단계_완전_소외
18938,val,2,3,3단계_자립_적응
18939,val,1,1,1단계_완전_소외
18940,val,0,2,2단계_부분_적응
18941,val,0,2,2단계_부분_적응
18942,val,1,1,1단계_완전_소외
18943,val,0,2,2단계_부분_적응
18944,val,0,2,2단계_부분_적응
18945,val,0,2,2단계_부분_적응
18946,val,1,1,1단계_완전_소외
18947,val,1,1,1단계_완전_소외
18948,val,0,2,2단계_부분_적응
18949,val,0,2,2단계_부분_적응
18950,val,0,2,2단계_부분_적응
18951,val,1,1,1단계_완전_소외
18952,val,0,2,2단계_부분_적응
18953,val,1,1,1단계_완전_소외
18954,val,1,1,1단계_완전_소외
18955,val,0,2,2단계_부분_적응
18956,val,1,1,1단계_완전_소외
18957,val,1,1,1단계_완전_소외
18958,val,1,1,1단계_완전_소외
18959,val,1,1,1단계_완전_소외
18960,val,1,1,1단계_완전_소외
18961,val,2,3,3단계_자립_적응
18962,val,0,2,2단계_부분_적응
18963,val,1,1,1단계_완전_소외
18964,val,0,2,2단계_부분_적응
18965,val,1,1,1단계_완전_소외
18966,val,0,2,2단계_부분_적응
18967,val,0,2,2단계_부분_적응
18968,val,1,1,1단계_완전_소외
18969,val,0,2,2단계_부분_적응
18970,val,1,1,1단계_완전_소외
18971,val,1,1,1단계_완전_소외
18972,val,1,1,1단계_완전_소외
18973,val,2,3,3단계_자립_적응
18974,val,1,1,1단계_완전_소외
18975,val,0,2,2단계_부분_적응
18976,val,2,3,3단계_자립_적응
18977,val,1,1,1단계_완전_소외
18978,val,2,3,3단계_자립_적응
18979,val,1,1,1단계_완전_소외
18980,val,2,3,3단계_자립_적응
18981,val,1,1,1단계_완전_소외
18982,val,2,3,3단계_자립_적응
18983,val,0,2,2단계_부분_적응
18984,val,0,2,2단계_부분_적응
18985,val,0,2,2단계_부분_적응
18986,val,0,2,2단계_부분_적응
18987,val,1,1,1단계_완전_소외
18988,val,1,1,1단계_완전_소외
18989,val,1,1,1단계_완전_소외
18990,val,1,1,1단계_완전_소외
18991,val,0,2,2단계_부분_적응
18992,val,0,2,2단계_부분_적응
18993,val,1,1,1단계_완전_소외
18994,val,0,2,2단계_부분_적응
18995,val,2,3,3단계_자립_적응
18996,val,1,1,1단계_완전_소외
18997,val,1,1,1단계_완전_소외
18998,val,0,2,2단계_부분_적응
18999,val,1,1,1단계_완전_소외
19000,val,1,1,1단계_완전_소외
19001,val,0,2,2단계_부분_적응
19002,val,0,2,2단계_부분_적응
19003,val,1,1,1단계_완전_소외
19004,val,2,3,3단계_자립_적응
19005,val,2,3,3단계_자립_적응
19006,val,1,1,1단계_완전_소외
19007,val,1,1,1단계_완전_소외
19008,val,0,2,2단계_부분_적응
19009,val,2,3,3단계_자립_적응
19010,val,2,3,3단계_자립_적응
19011,val,2,3,3단계_자립_적응
19012,val,1,1,1단계_완전_소외
19013,val,0,2,2단계_부분_적응
19014,val,2,3,3단계_자립_적응
19015,val,0,2,2단계_부분_적응
19016,val,2,3,3단계_자립_적응
19017,val,2,3,3단계_자립_적응
19018,val,1,1,1단계_완전_소외
19019,val,1,1,1단계_완전_소외
19020,val,2,3,3단계_자립_적응
19021,val,0,2,2단계_부분_적응
19022,val,0,2,2단계_부분_적응
19023,val,1,1,1단계_완전_소외
19024,val,2,3,3단계_자립_적응
19025,val,1,1,1단계_완전_소외
19026,val,2,3,3단계_자립_적응
19027,val,2,3,3단계_자립_적응
19028,val,0,2,2단계_부분_적응
19029,val,2,3,3단계_자립_적응
19030,val,2,3,3단계_자립_적응
19031,val,1,1,1단계_완전_소외
19032,val,2,3,3단계_자립_적응
19033,val,0,2,2단계_부분_적응
19034,val,0,2,2단계_부분_적응
19035,val,2,3,3단계_자립_적응
19036,val,0,2,2단계_부분_적응
19037,val,2,3,3단계_자립_적응
19038,val,0,2,2단계_부분_적응
19039,val,0,2,2단계_부분_적응
19040,val,0,2,2단계_부분_적응
19041,val,0,2,2단계_부분_적응
19042,val,0,2,2단계_부분_적응
19043,val,1,1,1단계_완전_소외
19044,val,2,3,3단계_자립_적응
19045,val,0,2,2단계_부분_적응
19046,val,0,2,2단계_부분_적응
19047,val,1,1,1단계_완전_소외
19048,val,0,2,2단계_부분_적응
19049,val,1,1,1단계_완전_소외
19050,val,1,1,1단계_완전_소외
19051,val,0,2,2단계_부분_적응
19052,val,1,1,1단계_완전_소외
19053,val,0,2,2단계_부분_적응
19054,val,1,1,1단계_완전_소외
19055,val,1,1,1단계_완전_소외
19056,val,2,3,3단계_자립_적응
19057,val,0,2,2단계_부분_적응
19058,val,2,3,3단계_자립_적응
19059,val,1,1,1단계_완전_소외
19060,val,0,2,2단계_부분_적응
19061,val,2,3,3단계_자립_적응
19062,val,1,1,1단계_완전_소외
19063,val,1,1,1단계_완전_소외
19064,val,2,3,3단계_자립_적응
19065,val,0,2,2단계_부분_적응
19066,val,1,1,1단계_완전_소외
19067,val,1,1,1단계_완전_소외
19068,val,1,1,1단계_완전_소외
19069,val,1,1,1단계_완전_소외
19070,val,1,1,1단계_완전_소외
19071,val,2,3,3단계_자립_적응
19072,val,2,3,3단계_자립_적응
19073,val,0,2,2단계_부분_적응
19074,val,1,1,1단계_완전_소외
19075,val,2,3,3단계_자립_적응
19076,val,1,1,1단계_완전_소외
19077,val,0,2,2단계_부분_적응
19078,val,0,2,2단계_부분_적응
19079,val,1,1,1단계_완전_소외
19080,val,1,1,1단계_완전_소외
19081,val,2,3,3단계_자립_적응
19082,val,0,2,2단계_부분_적응
19083,val,2,3,3단계_자립_적응
19084,val,1,1,1단계_완전_소외
19085,val,1,1,1단계_완전_소외
19086,val,0,2,2단계_부분_적응
19087,val,2,3,3단계_자립_적응
19088,val,0,2,2단계_부분_적응
19089,val,1,1,1단계_완전_소외
19090,val,2,3,3단계_자립_적응
19091,val,0,2,2단계_부분_적응
19092,val,0,2,2단계_부분_적응
19093,val,0,2,2단계_부분_적응
19094,val,1,1,1단계_완전_소외
19095,val,0,2,2단계_부분_적응
19096,val,1,1,1단계_완전_소외
19097,val,2,3,3단계_자립_적응
19098,val,2,3,3단계_자립_적응
19099,val,1,1,1단계_완전_소외
19100,val,2,3,3단계_자립_적응
19101,val,0,2,2단계_부분_적응
19102,val,1,1,1단계_완전_소외
19103,val,2,3,3단계_자립_적응
19104,val,0,2,2단계_부분_적응
19105,val,1,1,1단계_완전_소외
19106,val,2,3,3단계_자립_적응
19107,val,2,3,3단계_자립_적응
19108,val,1,1,1단계_완전_소외
19109,val,0,2,2단계_부분_적응
19110,val,1,1,1단계_완전_소외
19111,val,0,2,2단계_부분_적응
19112,val,0,2,2단계_부분_적응
19113,val,2,3,3단계_자립_적응
19114,val,2,3,3단계_자립_적응
19115,val,0,2,2단계_부분_적응
19116,val,0,2,2단계_부분_적응
19117,val,0,2,2단계_부분_적응
19118,val,2,3,3단계_자립_적응
19119,val,1,1,1단계_완전_소외
19120,val,0,2,2단계_부분_적응
19121,val,2,3,3단계_자립_적응
19122,val,1,1,1단계_완전_소외
19123,val,2,3,3단계_자립_적응
19124,val,2,3,3단계_자립_적응
19125,val,1,1,1단계_완전_소외
19126,val,0,2,2단계_부분_적응
19127,val,2,3,3단계_자립_적응
19128,val,1,1,1단계_완전_소외
19129,val,1,1,1단계_완전_소외
19130,val,0,2,2단계_부분_적응
19131,val,1,1,1단계_완전_소외
19132,val,2,3,3단계_자립_적응
19133,val,1,1,1단계_완전_소외
19134,val,2,3,3단계_자립_적응
19135,val,0,2,2단계_부분_적응
19136,val,0,2,2단계_부분_적응
19137,val,0,2,2단계_부분_적응
19138,val,1,1,1단계_완전_소외
19139,val,0,2,2단계_부분_적응
19140,val,0,2,2단계_부분_적응
19141,val,0,2,2단계_부분_적응
19142,val,1,1,1단계_완전_소외
19143,val,0,2,2단계_부분_적응
19144,val,2,3,3단계_자립_적응
19145,val,2,3,3단계_자립_적응
19146,val,1,1,1단계_완전_소외
19147,val,2,3,3단계_자립_적응
19148,val,2,3,3단계_자립_적응
19149,val,1,1,1단계_완전_소외
19150,val,0,2,2단계_부분_적응
19151,val,2,3,3단계_자립_적응
19152,val,1,1,1단계_완전_소외
19153,val,1,1,1단계_완전_소외
19154,val,2,3,3단계_자립_적응
19155,val,0,2,2단계_부분_적응
19156,val,1,1,1단계_완전_소외
19157,val,1,1,1단계_완전_소외
19158,val,2,3,3단계_자립_적응
19159,val,0,2,2단계_부분_적응
19160,val,1,1,1단계_완전_소외
19161,val,1,1,1단계_완전_소외
19162,val,2,3,3단계_자립_적응
19163,val,0,2,2단계_부분_적응
19164,val,2,3,3단계_자립_적응
19165,val,2,3,3단계_자립_적응
19166,val,0,2,2단계_부분_적응
19167,val,2,3,3단계_자립_적응
19168,val,0,2,2단계_부분_적응
19169,val,1,1,1단계_완전_소외
19170,val,2,3,3단계_자립_적응
19171,val,1,1,1단계_완전_소외
19172,val,0,2,2단계_부분_적응
19173,val,1,1,1단계_완전_소외
19174,val,0,2,2단계_부분_적응
19175,val,0,2,2단계_부분_적응
19176,val,2,3,3단계_자립_적응
19177,val,1,1,1단계_완전_소외
19178,val,0,2,2단계_부분_적응
19179,val,2,3,3단계_자립_적응
19180,val,2,3,3단계_자립_적응
19181,val,2,3,3단계_자립_적응
19182,val,0,2,2단계_부분_적응
19183,val,1,1,1단계_완전_소외
19184,val,1,1,1단계_완전_소외
19185,val,0,2,2단계_부분_적응
19186,val,0,2,2단계_부분_적응
19187,val,1,1,1단계_완전_소외
19188,val,0,2,2단계_부분_적응
19189,val,2,3,3단계_자립_적응
19190,val,0,2,2단계_부분_적응
19191,val,1,1,1단계_완전_소외
19192,val,2,3,3단계_자립_적응
19193,val,1,1,1단계_완전_소외
19194,val,1,1,1단계_완전_소외
19195,val,1,1,1단계_완전_소외
19196,val,1,1,1단계_완전_소외
19197,val,1,1,1단계_완전_소외
19198,val,2,3,3단계_자립_적응
19199,val,1,1,1단계_완전_소외
19200,val,2,3,3단계_자립_적응
19201,val,1,1,1단계_완전_소외
19202,val,0,2,2단계_부분_적응
19203,val,2,3,3단계_자립_적응
19204,val,1,1,1단계_완전_소외
19205,val,1,1,1단계_완전_소외
19206,val,1,1,1단계_완전_소외
19207,val,0,2,2단계_부분_적응
19208,val,0,2,2단계_부분_적응
19209,val,1,1,1단계_완전_소외
19210,val,2,3,3단계_자립_적응
19211,val,1,1,1단계_완전_소외
19212,val,2,3,3단계_자립_적응
19213,val,0,2,2단계_부분_적응
19214,val,0,2,2단계_부분_적응
19215,val,2,3,3단계_자립_적응
19216,val,0,2,2단계_부분_적응
19217,val,1,1,1단계_완전_소외
19218,val,2,3,3단계_자립_적응
19219,val,1,1,1단계_완전_소외
19220,val,0,2,2단계_부분_적응
19221,val,1,1,1단계_완전_소외
19222,val,0,2,2단계_부분_적응
19223,val,2,3,3단계_자립_적응
19224,val,1,1,1단계_완전_소외
19225,val,1,1,1단계_완전_소외
19226,val,0,2,2단계_부분_적응
19227,val,0,2,2단계_부분_적응
19228,val,0,2,2단계_부분_적응
19229,val,2,3,3단계_자립_적응
19230,val,2,3,3단계_자립_적응
19231,val,0,2,2단계_부분_적응
19232,val,0,2,2단계_부분_적응
19233,val,1,1,1단계_완전_소외
19234,val,0,2,2단계_부분_적응
19235,val,0,2,2단계_부분_적응
19236,val,0,2,2단계_부분_적응
19237,val,1,1,1단계_완전_소외
19238,val,1,1,1단계_완전_소외
19239,val,0,2,2단계_부분_적응
19240,val,0,2,2단계_부분_적응
19241,val,0,2,2단계_부분_적응
19242,val,2,3,3단계_자립_적응
19243,val,0,2,2단계_부분_적응
19244,val,1,1,1단계_완전_소외
19245,val,2,3,3단계_자립_적응
19246,val,2,3,3단계_자립_적응
19247,val,1,1,1단계_완전_소외
19248,val,1,1,1단계_완전_소외
19249,val,2,3,3단계_자립_적응
19250,val,1,1,1단계_완전_소외
19251,val,0,2,2단계_부분_적응
19252,val,0,2,2단계_부분_적응
19253,val,0,2,2단계_부분_적응
19254,val,2,3,3단계_자립_적응
19255,val,0,2,2단계_부분_적응
19256,val,1,1,1단계_완전_소외
19257,val,2,3,3단계_자립_적응
19258,val,0,2,2단계_부분_적응
19259,val,1,1,1단계_완전_소외
19260,val,1,1,1단계_완전_소외
19261,val,1,1,1단계_완전_소외
19262,val,1,1,1단계_완전_소외
19263,val,2,3,3단계_자립_적응
19264,val,2,3,3단계_자립_적응
19265,val,0,2,2단계_부분_적응
19266,val,1,1,1단계_완전_소외
19267,val,1,1,1단계_완전_소외
19268,val,0,2,2단계_부분_적응
19269,val,1,1,1단계_완전_소외
19270,val,1,1,1단계_완전_소외
19271,val,2,3,3단계_자립_적응
19272,val,0,2,2단계_부분_적응
19273,val,0,2,2단계_부분_적응
19274,val,0,2,2단계_부분_적응
19275,val,0,2,2단계_부분_적응
19276,val,0,2,2단계_부분_적응
19277,val,0,2,2단계_부분_적응
19278,val,2,3,3단계_자립_적응
19279,val,2,3,3단계_자립_적응
19280,val,1,1,1단계_완전_소외
19281,val,1,1,1단계_완전_소외
19282,val,0,2,2단계_부분_적응
19283,val,0,2,2단계_부분_적응
19284,val,0,2,2단계_부분_적응
19285,val,1,1,1단계_완전_소외
19286,val,2,3,3단계_자립_적응
19287,val,0,2,2단계_부분_적응
19288,val,2,3,3단계_자립_적응
19289,val,1,1,1단계_완전_소외
19290,val,0,2,2단계_부분_적응
19291,val,0,2,2단계_부분_적응
19292,val,1,1,1단계_완전_소외
19293,val,2,3,3단계_자립_적응
19294,val,2,3,3단계_자립_적응
19295,val,0,2,2단계_부분_적응
19296,val,1,1,1단계_완전_소외
19297,val,1,1,1단계_완전_소외
19298,val,0,2,2단계_부분_적응
19299,val,0,2,2단계_부분_적응
19300,val,1,1,1단계_완전_소외
19301,val,1,1,1단계_완전_소외
19302,val,2,3,3단계_자립_적응
19303,val,2,3,3단계_자립_적응
19304,val,1,1,1단계_완전_소외
19305,val,2,3,3단계_자립_적응
19306,val,0,2,2단계_부분_적응
19307,val,0,2,2단계_부분_적응
19308,val,0,2,2단계_부분_적응
19309,val,1,1,1단계_완전_소외
19310,val,1,1,1단계_완전_소외
19311,val,0,2,2단계_부분_적응
19312,val,1,1,1단계_완전_소외
19313,val,1,1,1단계_완전_소외
19314,val,0,2,2단계_부분_적응
19315,val,1,1,1단계_완전_소외
19316,val,0,2,2단계_부분_적응
19317,val,1,1,1단계_완전_소외
19318,val,1,1,1단계_완전_소외
19319,val,1,1,1단계_완전_소외
19320,val,2,3,3단계_자립_적응
19321,val,2,3,3단계_자립_적응
19322,val,2,3,3단계_자립_적응
19323,val,0,2,2단계_부분_적응
19324,val,1,1,1단계_완전_소외
19325,val,0,2,2단계_부분_적응
19326,val,1,1,1단계_완전_소외
19327,val,0,2,2단계_부분_적응
19328,val,2,3,3단계_자립_적응
19329,val,0,2,2단계_부분_적응
19330,val,1,1,1단계_완전_소외
19331,val,0,2,2단계_부분_적응
19332,val,1,1,1단계_완전_소외
19333,val,1,1,1단계_완전_소외
19334,val,1,1,1단계_완전_소외
19335,val,2,3,3단계_자립_적응
19336,val,2,3,3단계_자립_적응
19337,val,0,2,2단계_부분_적응
19338,val,1,1,1단계_완전_소외
19339,val,0,2,2단계_부분_적응
19340,val,2,3,3단계_자립_적응
19341,val,2,3,3단계_자립_적응
19342,val,0,2,2단계_부분_적응
19343,val,0,2,2단계_부분_적응
19344,val,0,2,2단계_부분_적응
19345,val,1,1,1단계_완전_소외
19346,val,2,3,3단계_자립_적응
19347,val,0,2,2단계_부분_적응
19348,val,2,3,3단계_자립_적응
19349,val,0,2,2단계_부분_적응
19350,val,2,3,3단계_자립_적응
19351,val,0,2,2단계_부분_적응
19352,val,2,3,3단계_자립_적응
19353,val,2,3,3단계_자립_적응
19354,val,1,1,1단계_완전_소외
19355,val,2,3,3단계_자립_적응
19356,val,0,2,2단계_부분_적응
19357,val,2,3,3단계_자립_적응
19358,val,0,2,2단계_부분_적응
19359,val,0,2,2단계_부분_적응
19360,val,2,3,3단계_자립_적응
19361,val,0,2,2단계_부분_적응
19362,val,1,1,1단계_완전_소외
19363,val,0,2,2단계_부분_적응
19364,val,1,1,1단계_완전_소외
19365,val,0,2,2단계_부분_적응
19366,val,1,1,1단계_완전_소외
19367,val,2,3,3단계_자립_적응
19368,val,1,1,1단계_완전_소외
19369,val,0,2,2단계_부분_적응
19370,val,1,1,1단계_완전_소외
19371,val,1,1,1단계_완전_소외
19372,val,0,2,2단계_부분_적응
19373,val,1,1,1단계_완전_소외
19374,val,0,2,2단계_부분_적응
19375,val,2,3,3단계_자립_적응
19376,val,1,1,1단계_완전_소외
19377,val,0,2,2단계_부분_적응
19378,val,1,1,1단계_완전_소외
19379,val,0,2,2단계_부분_적응
19380,val,0,2,2단계_부분_적응
19381,val,2,3,3단계_자립_적응
19382,val,1,1,1단계_완전_소외
19383,val,2,3,3단계_자립_적응
19384,val,1,1,1단계_완전_소외
19385,val,2,3,3단계_자립_적응
19386,val,1,1,1단계_완전_소외
19387,val,1,1,1단계_완전_소외
19388,val,0,2,2단계_부분_적응
19389,val,1,1,1단계_완전_소외
19390,val,1,1,1단계_완전_소외
19391,val,1,1,1단계_완전_소외
19392,val,0,2,2단계_부분_적응
19393,val,1,1,1단계_완전_소외
19394,val,1,1,1단계_완전_소외
19395,val,2,3,3단계_자립_적응
19396,val,2,3,3단계_자립_적응
19397,val,2,3,3단계_자립_적응
19398,val,0,2,2단계_부분_적응
19399,val,0,2,2단계_부분_적응
19400,val,0,2,2단계_부분_적응
19401,val,1,1,1단계_완전_소외
19402,val,0,2,2단계_부분_적응
19403,val,0,2,2단계_부분_적응
19404,val,2,3,3단계_자립_적응
19405,val,1,1,1단계_완전_소외
19406,val,0,2,2단계_부분_적응
19407,val,1,1,1단계_완전_소외
19408,val,2,3,3단계_자립_적응
19409,val,0,2,2단계_부분_적응
19410,val,0,2,2단계_부분_적응
19411,val,0,2,2단계_부분_적응
19412,val,0,2,2단계_부분_적응
19413,val,0,2,2단계_부분_적응
19414,val,2,3,3단계_자립_적응
19415,val,2,3,3단계_자립_적응
19416,val,1,1,1단계_완전_소외
19417,val,0,2,2단계_부분_적응
19418,val,2,3,3단계_자립_적응
19419,val,1,1,1단계_완전_소외
19420,val,1,1,1단계_완전_소외
19421,val,1,1,1단계_완전_소외
19422,val,0,2,2단계_부분_적응
19423,val,0,2,2단계_부분_적응
19424,val,0,2,2단계_부분_적응
19425,val,1,1,1단계_완전_소외
19426,val,0,2,2단계_부분_적응
19427,val,0,2,2단계_부분_적응
19428,val,2,3,3단계_자립_적응
19429,val,0,2,2단계_부분_적응
19430,val,0,2,2단계_부분_적응
19431,val,2,3,3단계_자립_적응
19432,val,0,2,2단계_부분_적응
19433,val,1,1,1단계_완전_소외
19434,val,2,3,3단계_자립_적응
19435,val,1,1,1단계_완전_소외
19436,val,0,2,2단계_부분_적응
19437,val,1,1,1단계_완전_소외
19438,val,0,2,2단계_부분_적응
19439,val,0,2,2단계_부분_적응
19440,val,1,1,1단계_완전_소외
19441,val,1,1,1단계_완전_소외
19442,val,0,2,2단계_부분_적응
19443,val,0,2,2단계_부분_적응
19444,val,2,3,3단계_자립_적응
19445,val,0,2,2단계_부분_적응
19446,val,2,3,3단계_자립_적응
19447,val,1,1,1단계_완전_소외
19448,val,2,3,3단계_자립_적응
19449,val,2,3,3단계_자립_적응
19450,val,0,2,2단계_부분_적응
19451,val,1,1,1단계_완전_소외
19452,val,1,1,1단계_완전_소외
19453,val,2,3,3단계_자립_적응
19454,val,1,1,1단계_완전_소외
19455,val,2,3,3단계_자립_적응
19456,val,1,1,1단계_완전_소외
19457,val,1,1,1단계_완전_소외
19458,val,1,1,1단계_완전_소외
19459,val,0,2,2단계_부분_적응
19460,val,0,2,2단계_부분_적응
19461,val,2,3,3단계_자립_적응
19462,val,1,1,1단계_완전_소외
19463,val,2,3,3단계_자립_적응
19464,val,1,1,1단계_완전_소외
19465,val,0,2,2단계_부분_적응
19466,val,1,1,1단계_완전_소외
19467,val,1,1,1단계_완전_소외
19468,val,1,1,1단계_완전_소외
19469,val,1,1,1단계_완전_소외
19470,val,1,1,1단계_완전_소외
19471,val,0,2,2단계_부분_적응
19472,val,2,3,3단계_자립_적응
19473,val,2,3,3단계_자립_적응
19474,val,2,3,3단계_자립_적응
19475,val,0,2,2단계_부분_적응
19476,val,1,1,1단계_완전_소외
19477,val,2,3,3단계_자립_적응
19478,val,2,3,3단계_자립_적응
19479,val,2,3,3단계_자립_적응
19480,val,0,2,2단계_부분_적응
19481,val,2,3,3단계_자립_적응
19482,val,1,1,1단계_완전_소외
19483,val,0,2,2단계_부분_적응
19484,val,1,1,1단계_완전_소외
19485,val,0,2,2단계_부분_적응
19486,val,0,2,2단계_부분_적응
19487,val,2,3,3단계_자립_적응
19488,val,1,1,1단계_완전_소외
19489,val,2,3,3단계_자립_적응
19490,val,0,2,2단계_부분_적응
19491,val,2,3,3단계_자립_적응
19492,val,0,2,2단계_부분_적응
19493,val,0,2,2단계_부분_적응
19494,val,1,1,1단계_완전_소외
19495,val,1,1,1단계_완전_소외
19496,val,2,3,3단계_자립_적응
19497,val,1,1,1단계_완전_소외
19498,val,1,1,1단계_완전_소외
19499,val,0,2,2단계_부분_적응
19500,val,2,3,3단계_자립_적응
19501,val,2,3,3단계_자립_적응
19502,val,0,2,2단계_부분_적응
19503,val,2,3,3단계_자립_적응
19504,val,2,3,3단계_자립_적응
19505,val,1,1,1단계_완전_소외
19506,val,0,2,2단계_부분_적응
19507,val,0,2,2단계_부분_적응
19508,val,1,1,1단계_완전_소외
19509,val,1,1,1단계_완전_소외
19510,val,1,1,1단계_완전_소외
19511,val,2,3,3단계_자립_적응
19512,val,0,2,2단계_부분_적응
19513,val,0,2,2단계_부분_적응
19514,val,2,3,3단계_자립_적응
19515,val,0,2,2단계_부분_적응
19516,val,1,1,1단계_완전_소외
19517,val,2,3,3단계_자립_적응
19518,val,2,3,3단계_자립_적응
19519,val,0,2,2단계_부분_적응
19520,val,0,2,2단계_부분_적응
19521,val,2,3,3단계_자립_적응
19522,val,1,1,1단계_완전_소외
19523,val,0,2,2단계_부분_적응
19524,val,1,1,1단계_완전_소외
19525,val,2,3,3단계_자립_적응
19526,val,1,1,1단계_완전_소외
19527,val,0,2,2단계_부분_적응
19528,val,1,1,1단계_완전_소외
19529,val,2,3,3단계_자립_적응
19530,val,0,2,2단계_부분_적응
19531,val,0,2,2단계_부분_적응
19532,val,1,1,1단계_완전_소외
19533,val,0,2,2단계_부분_적응
19534,val,0,2,2단계_부분_적응
19535,val,0,2,2단계_부분_적응
19536,val,0,2,2단계_부분_적응
19537,val,2,3,3단계_자립_적응
19538,val,2,3,3단계_자립_적응
19539,val,1,1,1단계_완전_소외
19540,val,0,2,2단계_부분_적응
19541,val,0,2,2단계_부분_적응
19542,val,0,2,2단계_부분_적응
19543,val,1,1,1단계_완전_소외
19544,val,2,3,3단계_자립_적응
19545,val,2,3,3단계_자립_적응
19546,val,1,1,1단계_완전_소외
19547,val,0,2,2단계_부분_적응
19548,val,0,2,2단계_부분_적응
19549,val,1,1,1단계_완전_소외
19550,val,1,1,1단계_완전_소외
19551,val,1,1,1단계_완전_소외
19552,val,0,2,2단계_부분_적응
19553,val,1,1,1단계_완전_소외
19554,val,0,2,2단계_부분_적응
19555,val,0,2,2단계_부분_적응
19556,val,1,1,1단계_완전_소외
19557,val,2,3,3단계_자립_적응
19558,val,1,1,1단계_완전_소외
19559,val,2,3,3단계_자립_적응
19560,val,0,2,2단계_부분_적응
19561,val,1,1,1단계_완전_소외
19562,val,2,3,3단계_자립_적응
19563,val,1,1,1단계_완전_소외
19564,val,0,2,2단계_부분_적응
19565,val,1,1,1단계_완전_소외
19566,val,0,2,2단계_부분_적응
19567,val,0,2,2단계_부분_적응
19568,val,2,3,3단계_자립_적응
19569,val,1,1,1단계_완전_소외
19570,val,1,1,1단계_완전_소외
19571,val,1,1,1단계_완전_소외
19572,val,0,2,2단계_부분_적응
19573,val,2,3,3단계_자립_적응
19574,val,0,2,2단계_부분_적응
19575,val,1,1,1단계_완전_소외
19576,val,2,3,3단계_자립_적응
19577,val,1,1,1단계_완전_소외
19578,val,2,3,3단계_자립_적응
19579,val,2,3,3단계_자립_적응
19580,val,0,2,2단계_부분_적응
19581,val,2,3,3단계_자립_적응
19582,val,1,1,1단계_완전_소외
19583,val,2,3,3단계_자립_적응
19584,val,1,1,1단계_완전_소외
19585,val,0,2,2단계_부분_적응
19586,val,2,3,3단계_자립_적응
19587,val,0,2,2단계_부분_적응
19588,val,1,1,1단계_완전_소외
19589,val,1,1,1단계_완전_소외
19590,val,1,1,1단계_완전_소외
19591,val,0,2,2단계_부분_적응
19592,val,0,2,2단계_부분_적응
19593,val,1,1,1단계_완전_소외
19594,val,1,1,1단계_완전_소외
19595,val,2,3,3단계_자립_적응
19596,val,2,3,3단계_자립_적응
19597,val,1,1,1단계_완전_소외
19598,val,0,2,2단계_부분_적응
19599,val,1,1,1단계_완전_소외
19600,val,2,3,3단계_자립_적응
19601,val,1,1,1단계_완전_소외
19602,val,0,2,2단계_부분_적응
19603,val,0,2,2단계_부분_적응
19604,val,2,3,3단계_자립_적응
19605,val,2,3,3단계_자립_적응
19606,val,2,3,3단계_자립_적응
19607,val,0,2,2단계_부분_적응
19608,val,2,3,3단계_자립_적응
19609,val,2,3,3단계_자립_적응
19610,val,0,2,2단계_부분_적응
19611,val,1,1,1단계_완전_소외
19612,val,2,3,3단계_자립_적응
19613,val,1,1,1단계_완전_소외
19614,val,1,1,1단계_완전_소외
19615,val,0,2,2단계_부분_적응
19616,val,1,1,1단계_완전_소외
19617,val,2,3,3단계_자립_적응
19618,val,1,1,1단계_완전_소외
19619,val,1,1,1단계_완전_소외
19620,val,1,1,1단계_완전_소외
19621,val,2,3,3단계_자립_적응
19622,val,0,2,2단계_부분_적응
19623,val,1,1,1단계_완전_소외
19624,val,1,1,1단계_완전_소외
19625,val,2,3,3단계_자립_적응
19626,val,2,3,3단계_자립_적응
19627,val,2,3,3단계_자립_적응
19628,val,1,1,1단계_완전_소외
19629,val,2,3,3단계_자립_적응
19630,val,1,1,1단계_완전_소외
19631,val,1,1,1단계_완전_소외
19632,val,0,2,2단계_부분_적응
19633,val,2,3,3단계_자립_적응
19634,val,2,3,3단계_자립_적응
19635,val,1,1,1단계_완전_소외
19636,val,1,1,1단계_완전_소외
19637,val,2,3,3단계_자립_적응
19638,val,0,2,2단계_부분_적응
19639,val,2,3,3단계_자립_적응
19640,val,2,3,3단계_자립_적응
19641,val,1,1,1단계_완전_소외
19642,val,0,2,2단계_부분_적응
19643,val,0,2,2단계_부분_적응
19644,val,2,3,3단계_자립_적응
19645,val,2,3,3단계_자립_적응
19646,val,2,3,3단계_자립_적응
19647,val,0,2,2단계_부분_적응
19648,val,1,1,1단계_완전_소외
19649,val,0,2,2단계_부분_적응
19650,val,2,3,3단계_자립_적응
19651,val,1,1,1단계_완전_소외
19652,val,1,1,1단계_완전_소외
19653,val,0,2,2단계_부분_적응
19654,val,0,2,2단계_부분_적응
19655,val,0,2,2단계_부분_적응
19656,val,1,1,1단계_완전_소외
19657,val,1,1,1단계_완전_소외
19658,val,0,2,2단계_부분_적응
19659,val,2,3,3단계_자립_적응
19660,val,0,2,2단계_부분_적응
19661,val,1,1,1단계_완전_소외
19662,val,2,3,3단계_자립_적응
19663,val,2,3,3단계_자립_적응
19664,val,1,1,1단계_완전_소외
19665,val,0,2,2단계_부분_적응
19666,val,0,2,2단계_부분_적응
19667,val,1,1,1단계_완전_소외
19668,val,1,1,1단계_완전_소외
19669,val,1,1,1단계_완전_소외
19670,val,1,1,1단계_완전_소외
19671,val,0,2,2단계_부분_적응
19672,val,1,1,1단계_완전_소외
19673,val,1,1,1단계_완전_소외
19674,val,1,1,1단계_완전_소외
19675,val,1,1,1단계_완전_소외
19676,val,0,2,2단계_부분_적응
19677,val,0,2,2단계_부분_적응
19678,val,0,2,2단계_부분_적응
19679,val,1,1,1단계_완전_소외
19680,val,1,1,1단계_완전_소외
19681,val,2,3,3단계_자립_적응
19682,val,0,2,2단계_부분_적응
19683,val,0,2,2단계_부분_적응
19684,val,2,3,3단계_자립_적응
19685,val,2,3,3단계_자립_적응
19686,val,1,1,1단계_완전_소외
19687,val,2,3,3단계_자립_적응
19688,val,0,2,2단계_부분_적응
19689,val,1,1,1단계_완전_소외
19690,val,1,1,1단계_완전_소외
19691,val,1,1,1단계_완전_소외
19692,val,2,3,3단계_자립_적응
19693,val,2,3,3단계_자립_적응
19694,val,1,1,1단계_완전_소외
19695,val,0,2,2단계_부분_적응
19696,val,0,2,2단계_부분_적응
19697,val,1,1,1단계_완전_소외
19698,val,1,1,1단계_완전_소외
19699,val,1,1,1단계_완전_소외
19700,val,0,2,2단계_부분_적응
19701,val,1,1,1단계_완전_소외
19702,val,2,3,3단계_자립_적응
19703,val,2,3,3단계_자립_적응
19704,val,1,1,1단계_완전_소외
19705,val,1,1,1단계_완전_소외
19706,val,0,2,2단계_부분_적응
19707,val,2,3,3단계_자립_적응
19708,val,1,1,1단계_완전_소외
19709,val,2,3,3단계_자립_적응
19710,val,2,3,3단계_자립_적응
19711,val,0,2,2단계_부분_적응
19712,val,0,2,2단계_부분_적응
19713,val,1,1,1단계_완전_소외
19714,val,1,1,1단계_완전_소외
19715,val,1,1,1단계_완전_소외
19716,val,0,2,2단계_부분_적응
19717,val,0,2,2단계_부분_적응
19718,val,2,3,3단계_자립_적응
19719,val,2,3,3단계_자립_적응
19720,val,0,2,2단계_부분_적응
19721,val,1,1,1단계_완전_소외
19722,val,1,1,1단계_완전_소외
19723,val,2,3,3단계_자립_적응
19724,val,2,3,3단계_자립_적응
19725,val,0,2,2단계_부분_적응
19726,val,1,1,1단계_완전_소외
19727,val,1,1,1단계_완전_소외
19728,val,0,2,2단계_부분_적응
19729,val,2,3,3단계_자립_적응
19730,val,1,1,1단계_완전_소외
19731,val,2,3,3단계_자립_적응
19732,val,0,2,2단계_부분_적응
19733,val,1,1,1단계_완전_소외
19734,val,0,2,2단계_부분_적응
19735,val,0,2,2단계_부분_적응
19736,val,2,3,3단계_자립_적응
19737,val,2,3,3단계_자립_적응
19738,val,2,3,3단계_자립_적응
19739,val,2,3,3단계_자립_적응
19740,val,0,2,2단계_부분_적응
19741,val,1,1,1단계_완전_소외
19742,val,1,1,1단계_완전_소외
19743,val,2,3,3단계_자립_적응
19744,val,1,1,1단계_완전_소외
19745,val,0,2,2단계_부분_적응
19746,val,1,1,1단계_완전_소외
19747,val,2,3,3단계_자립_적응
19748,val,2,3,3단계_자립_적응
19749,val,1,1,1단계_완전_소외
19750,val,1,1,1단계_완전_소외
19751,val,0,2,2단계_부분_적응
19752,val,0,2,2단계_부분_적응
19753,val,0,2,2단계_부분_적응
19754,val,0,2,2단계_부분_적응
19755,val,2,3,3단계_자립_적응
19756,val,1,1,1단계_완전_소외
19757,val,2,3,3단계_자립_적응
19758,val,1,1,1단계_완전_소외
19759,val,1,1,1단계_완전_소외
19760,val,0,2,2단계_부분_적응
19761,val,0,2,2단계_부분_적응
19762,val,0,2,2단계_부분_적응
19763,val,0,2,2단계_부분_적응
19764,val,2,3,3단계_자립_적응
19765,val,2,3,3단계_자립_적응
19766,val,0,2,2단계_부분_적응
19767,val,2,3,3단계_자립_적응
19768,val,1,1,1단계_완전_소외
19769,val,0,2,2단계_부분_적응
19770,val,0,2,2단계_부분_적응
19771,val,1,1,1단계_완전_소외
19772,val,1,1,1단계_완전_소외
19773,val,0,2,2단계_부분_적응
19774,val,0,2,2단계_부분_적응
19775,val,0,2,2단계_부분_적응
19776,val,1,1,1단계_완전_소외
19777,val,0,2,2단계_부분_적응
19778,val,1,1,1단계_완전_소외
19779,val,1,1,1단계_완전_소외
19780,val,1,1,1단계_완전_소외
19781,val,1,1,1단계_완전_소외
19782,val,0,2,2단계_부분_적응
19783,val,1,1,1단계_완전_소외
19784,val,1,1,1단계_완전_소외
19785,val,0,2,2단계_부분_적응
19786,val,2,3,3단계_자립_적응
19787,val,2,3,3단계_자립_적응
19788,val,1,1,1단계_완전_소외
19789,val,1,1,1단계_완전_소외
19790,val,1,1,1단계_완전_소외
19791,val,2,3,3단계_자립_적응
19792,val,1,1,1단계_완전_소외
19793,val,1,1,1단계_완전_소외
19794,val,2,3,3단계_자립_적응
19795,val,1,1,1단계_완전_소외
19796,val,1,1,1단계_완전_소외
19797,val,0,2,2단계_부분_적응
19798,val,2,3,3단계_자립_적응
19799,val,0,2,2단계_부분_적응
19800,val,0,2,2단계_부분_적응
19801,val,1,1,1단계_완전_소외
19802,val,0,2,2단계_부분_적응
19803,val,2,3,3단계_자립_적응
19804,val,2,3,3단계_자립_적응
19805,val,1,1,1단계_완전_소외
19806,val,1,1,1단계_완전_소외
19807,val,1,1,1단계_완전_소외
19808,val,2,3,3단계_자립_적응
19809,val,0,2,2단계_부분_적응
19810,val,1,1,1단계_완전_소외
19811,val,2,3,3단계_자립_적응
19812,val,1,1,1단계_완전_소외
19813,val,0,2,2단계_부분_적응
19814,val,1,1,1단계_완전_소외
19815,val,2,3,3단계_자립_적응
19816,val,2,3,3단계_자립_적응
19817,val,0,2,2단계_부분_적응
19818,val,1,1,1단계_완전_소외
19819,val,0,2,2단계_부분_적응
19820,val,2,3,3단계_자립_적응
19821,val,1,1,1단계_완전_소외
19822,val,2,3,3단계_자립_적응
19823,val,0,2,2단계_부분_적응
19824,val,2,3,3단계_자립_적응
19825,val,2,3,3단계_자립_적응
19826,val,1,1,1단계_완전_소외
19827,val,2,3,3단계_자립_적응
19828,val,1,1,1단계_완전_소외
19829,val,0,2,2단계_부분_적응
19830,val,0,2,2단계_부분_적응
19831,val,2,3,3단계_자립_적응
19832,val,2,3,3단계_자립_적응
19833,val,0,2,2단계_부분_적응
19834,val,2,3,3단계_자립_적응
19835,val,0,2,2단계_부분_적응
19836,val,2,3,3단계_자립_적응
19837,val,1,1,1단계_완전_소외
19838,val,1,1,1단계_완전_소외
19839,val,2,3,3단계_자립_적응
19840,val,0,2,2단계_부분_적응
19841,val,0,2,2단계_부분_적응
19842,val,1,1,1단계_완전_소외
19843,val,2,3,3단계_자립_적응
19844,val,0,2,2단계_부분_적응
19845,val,1,1,1단계_완전_소외
19846,val,0,2,2단계_부분_적응
19847,val,2,3,3단계_자립_적응
19848,val,0,2,2단계_부분_적응
19849,val,2,3,3단계_자립_적응
19850,val,2,3,3단계_자립_적응
19851,val,1,1,1단계_완전_소외
19852,val,0,2,2단계_부분_적응
19853,val,2,3,3단계_자립_적응
19854,val,1,1,1단계_완전_소외
19855,val,2,3,3단계_자립_적응
19856,val,1,1,1단계_완전_소외
19857,val,1,1,1단계_완전_소외
19858,val,0,2,2단계_부분_적응
19859,val,1,1,1단계_완전_소외
19860,val,1,1,1단계_완전_소외
19861,val,1,1,1단계_완전_소외
19862,val,0,2,2단계_부분_적응
19863,val,1,1,1단계_완전_소외
19864,val,1,1,1단계_완전_소외
19865,val,2,3,3단계_자립_적응
19866,val,0,2,2단계_부분_적응
19867,val,2,3,3단계_자립_적응
19868,val,1,1,1단계_완전_소외
19869,val,1,1,1단계_완전_소외
19870,val,0,2,2단계_부분_적응
19871,val,0,2,2단계_부분_적응
19872,val,0,2,2단계_부분_적응
19873,val,1,1,1단계_완전_소외
19874,val,2,3,3단계_자립_적응
19875,val,1,1,1단계_완전_소외
19876,val,1,1,1단계_완전_소외
19877,val,1,1,1단계_완전_소외
19878,val,1,1,1단계_완전_소외
19879,val,2,3,3단계_자립_적응
19880,val,0,2,2단계_부분_적응
19881,val,2,3,3단계_자립_적응
19882,val,1,1,1단계_완전_소외
19883,val,1,1,1단계_완전_소외
19884,val,0,2,2단계_부분_적응
19885,val,1,1,1단계_완전_소외
19886,val,1,1,1단계_완전_소외
19887,val,1,1,1단계_완전_소외
19888,val,1,1,1단계_완전_소외
19889,val,0,2,2단계_부분_적응
19890,val,0,2,2단계_부분_적응
19891,val,2,3,3단계_자립_적응
19892,val,1,1,1단계_완전_소외
19893,val,1,1,1단계_완전_소외
19894,val,2,3,3단계_자립_적응
19895,val,1,1,1단계_완전_소외
19896,val,2,3,3단계_자립_적응
19897,val,2,3,3단계_자립_적응
19898,val,0,2,2단계_부분_적응
19899,val,0,2,2단계_부분_적응
19900,val,1,1,1단계_완전_소외
19901,val,0,2,2단계_부분_적응
19902,val,1,1,1단계_완전_소외
19903,val,2,3,3단계_자립_적응
19904,val,1,1,1단계_완전_소외
19905,val,2,3,3단계_자립_적응
19906,val,0,2,2단계_부분_적응
19907,val,1,1,1단계_완전_소외
19908,val,0,2,2단계_부분_적응
19909,val,2,3,3단계_자립_적응
19910,val,2,3,3단계_자립_적응
19911,val,0,2,2단계_부분_적응
19912,val,0,2,2단계_부분_적응
19913,val,0,2,2단계_부분_적응
19914,val,1,1,1단계_완전_소외
19915,val,2,3,3단계_자립_적응
19916,val,2,3,3단계_자립_적응
19917,val,0,2,2단계_부분_적응
19918,val,1,1,1단계_완전_소외
19919,val,2,3,3단계_자립_적응
19920,val,0,2,2단계_부분_적응
19921,val,1,1,1단계_완전_소외
19922,val,1,1,1단계_완전_소외
19923,val,0,2,2단계_부분_적응
19924,val,0,2,2단계_부분_적응
19925,val,0,2,2단계_부분_적응
19926,val,1,1,1단계_완전_소외
19927,val,2,3,3단계_자립_적응
19928,val,1,1,1단계_완전_소외
19929,val,1,1,1단계_완전_소외
19930,val,0,2,2단계_부분_적응
19931,val,2,3,3단계_자립_적응
19932,val,1,1,1단계_완전_소외
19933,val,0,2,2단계_부분_적응
19934,val,2,3,3단계_자립_적응
19935,val,1,1,1단계_완전_소외
19936,val,1,1,1단계_완전_소외
19937,val,0,2,2단계_부분_적응
19938,val,0,2,2단계_부분_적응
19939,val,0,2,2단계_부분_적응
19940,val,2,3,3단계_자립_적응
19941,val,2,3,3단계_자립_적응
19942,val,0,2,2단계_부분_적응
19943,val,0,2,2단계_부분_적응
19944,val,2,3,3단계_자립_적응
19945,val,0,2,2단계_부분_적응
19946,val,0,2,2단계_부분_적응
19947,val,0,2,2단계_부분_적응
19948,val,1,1,1단계_완전_소외
19949,val,1,1,1단계_완전_소외
19950,val,0,2,2단계_부분_적응
19951,val,0,2,2단계_부분_적응
19952,val,0,2,2단계_부분_적응
19953,val,2,3,3단계_자립_적응
19954,val,1,1,1단계_완전_소외
19955,val,0,2,2단계_부분_적응
19956,val,0,2,2단계_부분_적응
19957,val,1,1,1단계_완전_소외
19958,val,1,1,1단계_완전_소외
19959,val,1,1,1단계_완전_소외
19960,val,2,3,3단계_자립_적응
19961,val,0,2,2단계_부분_적응
19962,val,0,2,2단계_부분_적응
19963,val,0,2,2단계_부분_적응
19964,val,2,3,3단계_자립_적응
19965,val,0,2,2단계_부분_적응
19966,val,1,1,1단계_완전_소외
19967,val,2,3,3단계_자립_적응
19968,val,0,2,2단계_부분_적응
19969,val,0,2,2단계_부분_적응
19970,val,2,3,3단계_자립_적응
19971,val,2,3,3단계_자립_적응
19972,val,2,3,3단계_자립_적응
19973,val,1,1,1단계_완전_소외
19974,val,2,3,3단계_자립_적응
19975,val,1,1,1단계_완전_소외
19976,val,0,2,2단계_부분_적응
19977,val,0,2,2단계_부분_적응
19978,val,1,1,1단계_완전_소외
19979,val,0,2,2단계_부분_적응
19980,val,0,2,2단계_부분_적응
19981,val,1,1,1단계_완전_소외
19982,val,1,1,1단계_완전_소외
19983,val,1,1,1단계_완전_소외
19984,val,0,2,2단계_부분_적응
19985,val,1,1,1단계_완전_소외
19986,val,0,2,2단계_부분_적응
19987,val,1,1,1단계_완전_소외
19988,val,0,2,2단계_부분_적응
19989,val,0,2,2단계_부분_적응
19990,val,0,2,2단계_부분_적응
19991,val,1,1,1단계_완전_소외
19992,val,2,3,3단계_자립_적응
19993,val,0,2,2단계_부분_적응
19994,val,1,1,1단계_완전_소외
19995,val,0,2,2단계_부분_적응
19996,val,0,2,2단계_부분_적응
19997,val,0,2,2단계_부분_적응
19998,val,2,3,3단계_자립_적응
19999,val,1,1,1단계_완전_소외
20000,val,0,2,2단계_부분_적응
20001,val,0,2,2단계_부분_적응
20002,val,2,3,3단계_자립_적응
20003,val,0,2,2단계_부분_적응
20004,val,1,1,1단계_완전_소외
20005,val,1,1,1단계_완전_소외
20006,val,1,1,1단계_완전_소외
20007,val,1,1,1단계_완전_소외
20008,val,1,1,1단계_완전_소외
20009,val,2,3,3단계_자립_적응
20010,val,1,1,1단계_완전_소외
20011,val,1,1,1단계_완전_소외
20012,val,0,2,2단계_부분_적응
20013,val,0,2,2단계_부분_적응
20014,val,1,1,1단계_완전_소외
20015,val,0,2,2단계_부분_적응
20016,val,2,3,3단계_자립_적응
20017,val,1,1,1단계_완전_소외
20018,val,1,1,1단계_완전_소외
20019,val,0,2,2단계_부분_적응
20020,val,2,3,3단계_자립_적응
20021,val,1,1,1단계_완전_소외
20022,val,2,3,3단계_자립_적응
20023,val,0,2,2단계_부분_적응
20024,val,1,1,1단계_완전_소외
20025,val,2,3,3단계_자립_적응
20026,val,1,1,1단계_완전_소외
20027,val,0,2,2단계_부분_적응
20028,val,0,2,2단계_부분_적응
20029,val,1,1,1단계_완전_소외
20030,val,2,3,3단계_자립_적응
20031,val,1,1,1단계_완전_소외
20032,val,0,2,2단계_부분_적응
20033,val,0,2,2단계_부분_적응
20034,val,0,2,2단계_부분_적응
20035,val,1,1,1단계_완전_소외
20036,val,0,2,2단계_부분_적응
20037,val,1,1,1단계_완전_소외
20038,val,0,2,2단계_부분_적응
20039,val,0,2,2단계_부분_적응
20040,val,2,3,3단계_자립_적응
20041,val,2,3,3단계_자립_적응
20042,val,2,3,3단계_자립_적응
20043,val,0,2,2단계_부분_적응
20044,val,1,1,1단계_완전_소외
20045,val,1,1,1단계_완전_소외
20046,val,0,2,2단계_부분_적응
20047,val,1,1,1단계_완전_소외
20048,val,0,2,2단계_부분_적응
20049,val,1,1,1단계_완전_소외
20050,val,1,1,1단계_완전_소외
20051,val,1,1,1단계_완전_소외
20052,val,2,3,3단계_자립_적응
20053,val,0,2,2단계_부분_적응
20054,val,2,3,3단계_자립_적응
20055,val,2,3,3단계_자립_적응
20056,val,1,1,1단계_완전_소외
20057,val,1,1,1단계_완전_소외
20058,val,0,2,2단계_부분_적응
20059,val,2,3,3단계_자립_적응
20060,val,1,1,1단계_완전_소외
20061,val,2,3,3단계_자립_적응
20062,val,1,1,1단계_완전_소외
20063,val,2,3,3단계_자립_적응
20064,val,0,2,2단계_부분_적응
20065,val,1,1,1단계_완전_소외
20066,val,0,2,2단계_부분_적응
20067,val,1,1,1단계_완전_소외
20068,val,0,2,2단계_부분_적응
20069,val,1,1,1단계_완전_소외
20070,val,0,2,2단계_부분_적응
20071,val,1,1,1단계_완전_소외
20072,val,2,3,3단계_자립_적응
20073,val,0,2,2단계_부분_적응
20074,val,1,1,1단계_완전_소외
20075,val,0,2,2단계_부분_적응
20076,val,0,2,2단계_부분_적응
20077,val,0,2,2단계_부분_적응
20078,val,0,2,2단계_부분_적응
20079,val,2,3,3단계_자립_적응
20080,val,2,3,3단계_자립_적응
20081,val,1,1,1단계_완전_소외
20082,val,1,1,1단계_완전_소외
20083,val,2,3,3단계_자립_적응
20084,val,2,3,3단계_자립_적응
20085,val,1,1,1단계_완전_소외
20086,val,2,3,3단계_자립_적응
20087,val,0,2,2단계_부분_적응
20088,val,1,1,1단계_완전_소외
20089,val,1,1,1단계_완전_소외
20090,val,0,2,2단계_부분_적응
20091,val,2,3,3단계_자립_적응
20092,val,1,1,1단계_완전_소외
20093,val,1,1,1단계_완전_소외
20094,val,1,1,1단계_완전_소외
20095,val,2,3,3단계_자립_적응
20096,val,1,1,1단계_완전_소외
20097,val,1,1,1단계_완전_소외
20098,val,2,3,3단계_자립_적응
20099,val,2,3,3단계_자립_적응
20100,val,2,3,3단계_자립_적응
20101,val,2,3,3단계_자립_적응
20102,val,1,1,1단계_완전_소외
20103,val,0,2,2단계_부분_적응
20104,val,2,3,3단계_자립_적응
20105,val,0,2,2단계_부분_적응
20106,val,2,3,3단계_자립_적응
20107,val,2,3,3단계_자립_적응
20108,val,0,2,2단계_부분_적응
20109,val,1,1,1단계_완전_소외
20110,val,0,2,2단계_부분_적응
20111,val,0,2,2단계_부분_적응
20112,val,0,2,2단계_부분_적응
20113,val,1,1,1단계_완전_소외
20114,val,0,2,2단계_부분_적응
20115,val,2,3,3단계_자립_적응
20116,val,1,1,1단계_완전_소외
20117,val,2,3,3단계_자립_적응
20118,val,1,1,1단계_완전_소외
20119,val,1,1,1단계_완전_소외
20120,val,2,3,3단계_자립_적응
20121,val,2,3,3단계_자립_적응
20122,val,2,3,3단계_자립_적응
20123,val,1,1,1단계_완전_소외
20124,val,0,2,2단계_부분_적응
20125,val,2,3,3단계_자립_적응
20126,val,0,2,2단계_부분_적응
20127,val,1,1,1단계_완전_소외
20128,val,0,2,2단계_부분_적응
20129,val,2,3,3단계_자립_적응
20130,val,1,1,1단계_완전_소외
20131,val,1,1,1단계_완전_소외
20132,val,2,3,3단계_자립_적응
20133,val,2,3,3단계_자립_적응
20134,val,0,2,2단계_부분_적응
20135,val,1,1,1단계_완전_소외
20136,val,0,2,2단계_부분_적응
20137,val,0,2,2단계_부분_적응
20138,val,2,3,3단계_자립_적응
20139,val,2,3,3단계_자립_적응
20140,val,1,1,1단계_완전_소외
20141,val,1,1,1단계_완전_소외
20142,val,1,1,1단계_완전_소외
20143,val,0,2,2단계_부분_적응
20144,val,2,3,3단계_자립_적응
20145,val,2,3,3단계_자립_적응
20146,val,2,3,3단계_자립_적응
20147,val,1,1,1단계_완전_소외
20148,val,2,3,3단계_자립_적응
20149,val,1,1,1단계_완전_소외
20150,val,0,2,2단계_부분_적응
20151,val,2,3,3단계_자립_적응
20152,val,1,1,1단계_완전_소외
20153,val,1,1,1단계_완전_소외
20154,val,1,1,1단계_완전_소외
20155,val,1,1,1단계_완전_소외
20156,val,0,2,2단계_부분_적응
20157,val,1,1,1단계_완전_소외
20158,val,2,3,3단계_자립_적응
20159,val,1,1,1단계_완전_소외
20160,val,1,1,1단계_완전_소외
20161,val,1,1,1단계_완전_소외
20162,val,0,2,2단계_부분_적응
20163,val,0,2,2단계_부분_적응
20164,val,1,1,1단계_완전_소외
20165,val,1,1,1단계_완전_소외
20166,val,1,1,1단계_완전_소외
20167,val,0,2,2단계_부분_적응
20168,val,1,1,1단계_완전_소외
20169,val,1,1,1단계_완전_소외
20170,val,0,2,2단계_부분_적응
20171,val,1,1,1단계_완전_소외
20172,val,0,2,2단계_부분_적응
20173,val,1,1,1단계_완전_소외
20174,val,0,2,2단계_부분_적응
20175,val,2,3,3단계_자립_적응
20176,val,2,3,3단계_자립_적응
20177,val,0,2,2단계_부분_적응
20178,val,0,2,2단계_부분_적응
20179,val,1,1,1단계_완전_소외
20180,val,0,2,2단계_부분_적응
20181,val,1,1,1단계_완전_소외
20182,val,1,1,1단계_완전_소외
20183,val,0,2,2단계_부분_적응
20184,val,0,2,2단계_부분_적응
20185,val,1,1,1단계_완전_소외
20186,val,2,3,3단계_자립_적응
20187,val,0,2,2단계_부분_적응
20188,val,1,1,1단계_완전_소외
20189,val,0,2,2단계_부분_적응
20190,val,0,2,2단계_부분_적응
20191,val,0,2,2단계_부분_적응
20192,val,1,1,1단계_완전_소외
20193,val,2,3,3단계_자립_적응
20194,val,0,2,2단계_부분_적응
20195,val,0,2,2단계_부분_적응
20196,val,1,1,1단계_완전_소외
20197,val,2,3,3단계_자립_적응
20198,val,0,2,2단계_부분_적응
20199,val,2,3,3단계_자립_적응
20200,val,2,3,3단계_자립_적응
20201,val,0,2,2단계_부분_적응
20202,val,1,1,1단계_완전_소외
20203,val,1,1,1단계_완전_소외
20204,val,0,2,2단계_부분_적응
20205,val,0,2,2단계_부분_적응
20206,val,2,3,3단계_자립_적응
20207,val,0,2,2단계_부분_적응
20208,val,0,2,2단계_부분_적응
20209,val,0,2,2단계_부분_적응
20210,val,0,2,2단계_부분_적응
20211,val,1,1,1단계_완전_소외
20212,val,1,1,1단계_완전_소외
20213,val,0,2,2단계_부분_적응
20214,val,1,1,1단계_완전_소외
20215,val,1,1,1단계_완전_소외
20216,val,0,2,2단계_부분_적응
20217,val,0,2,2단계_부분_적응
20218,val,1,1,1단계_완전_소외
20219,val,1,1,1단계_완전_소외
20220,val,2,3,3단계_자립_적응
20221,val,1,1,1단계_완전_소외
20222,val,2,3,3단계_자립_적응
20223,val,2,3,3단계_자립_적응
20224,val,0,2,2단계_부분_적응
20225,val,0,2,2단계_부분_적응
20226,val,0,2,2단계_부분_적응
20227,val,1,1,1단계_완전_소외
20228,val,1,1,1단계_완전_소외
20229,val,1,1,1단계_완전_소외
20230,val,2,3,3단계_자립_적응
20231,val,1,1,1단계_완전_소외
20232,val,1,1,1단계_완전_소외
20233,val,2,3,3단계_자립_적응
20234,val,0,2,2단계_부분_적응
20235,val,0,2,2단계_부분_적응
20236,val,0,2,2단계_부분_적응
20237,val,1,1,1단계_완전_소외
20238,val,2,3,3단계_자립_적응
20239,val,1,1,1단계_완전_소외
20240,val,0,2,2단계_부분_적응
20241,val,0,2,2단계_부분_적응
20242,val,2,3,3단계_자립_적응
20243,val,1,1,1단계_완전_소외
20244,val,1,1,1단계_완전_소외
20245,val,0,2,2단계_부분_적응
20246,val,1,1,1단계_완전_소외
20247,val,2,3,3단계_자립_적응
20248,val,2,3,3단계_자립_적응
20249,val,0,2,2단계_부분_적응
20250,val,0,2,2단계_부분_적응
20251,val,0,2,2단계_부분_적응
20252,val,1,1,1단계_완전_소외
20253,val,2,3,3단계_자립_적응
20254,val,0,2,2단계_부분_적응
20255,val,0,2,2단계_부분_적응
20256,val,2,3,3단계_자립_적응
20257,val,2,3,3단계_자립_적응
20258,val,2,3,3단계_자립_적응
20259,val,0,2,2단계_부분_적응
20260,val,1,1,1단계_완전_소외
20261,val,1,1,1단계_완전_소외
20262,val,2,3,3단계_자립_적응
20263,val,1,1,1단계_완전_소외
20264,val,0,2,2단계_부분_적응
20265,val,1,1,1단계_완전_소외
20266,val,2,3,3단계_자립_적응
20267,val,1,1,1단계_완전_소외
20268,val,2,3,3단계_자립_적응
20269,val,1,1,1단계_완전_소외
20270,val,0,2,2단계_부분_적응
20271,val,0,2,2단계_부분_적응
20272,val,2,3,3단계_자립_적응
20273,val,0,2,2단계_부분_적응
20274,val,0,2,2단계_부분_적응
20275,val,2,3,3단계_자립_적응
20276,val,0,2,2단계_부분_적응
20277,val,0,2,2단계_부분_적응
20278,val,0,2,2단계_부분_적응
20279,val,1,1,1단계_완전_소외
20280,val,2,3,3단계_자립_적응
20281,val,0,2,2단계_부분_적응
20282,val,1,1,1단계_완전_소외
20283,val,2,3,3단계_자립_적응
20284,val,1,1,1단계_완전_소외
20285,val,2,3,3단계_자립_적응
20286,val,0,2,2단계_부분_적응
20287,val,0,2,2단계_부분_적응
20288,val,1,1,1단계_완전_소외
20289,val,0,2,2단계_부분_적응
20290,val,1,1,1단계_완전_소외
20291,val,1,1,1단계_완전_소외
20292,val,0,2,2단계_부분_적응
20293,val,2,3,3단계_자립_적응
20294,val,2,3,3단계_자립_적응
20295,val,2,3,3단계_자립_적응
20296,val,0,2,2단계_부분_적응
20297,val,2,3,3단계_자립_적응
20298,val,0,2,2단계_부분_적응
20299,val,0,2,2단계_부분_적응
20300,val,1,1,1단계_완전_소외
20301,val,0,2,2단계_부분_적응
20302,val,0,2,2단계_부분_적응
20303,val,1,1,1단계_완전_소외
20304,val,0,2,2단계_부분_적응
20305,val,2,3,3단계_자립_적응
20306,val,1,1,1단계_완전_소외
20307,val,0,2,2단계_부분_적응
20308,val,0,2,2단계_부분_적응
20309,val,1,1,1단계_완전_소외
20310,val,2,3,3단계_자립_적응
20311,val,0,2,2단계_부분_적응
20312,val,1,1,1단계_완전_소외
20313,val,2,3,3단계_자립_적응
20314,val,2,3,3단계_자립_적응
20315,val,1,1,1단계_완전_소외
20316,val,0,2,2단계_부분_적응
20317,val,0,2,2단계_부분_적응
20318,val,0,2,2단계_부분_적응
20319,val,0,2,2단계_부분_적응
20320,val,1,1,1단계_완전_소외
20321,val,1,1,1단계_완전_소외
20322,val,0,2,2단계_부분_적응
20323,val,1,1,1단계_완전_소외
20324,val,0,2,2단계_부분_적응
20325,val,2,3,3단계_자립_적응
20326,val,0,2,2단계_부분_적응
20327,val,2,3,3단계_자립_적응
20328,val,1,1,1단계_완전_소외
20329,val,2,3,3단계_자립_적응
20330,val,1,1,1단계_완전_소외
20331,val,0,2,2단계_부분_적응
20332,val,1,1,1단계_완전_소외
20333,val,1,1,1단계_완전_소외
20334,val,2,3,3단계_자립_적응
20335,val,1,1,1단계_완전_소외
20336,val,0,2,2단계_부분_적응
20337,val,2,3,3단계_자립_적응
20338,val,0,2,2단계_부분_적응
20339,val,0,2,2단계_부분_적응
20340,val,2,3,3단계_자립_적응
20341,val,1,1,1단계_완전_소외
20342,val,1,1,1단계_완전_소외
20343,val,1,1,1단계_완전_소외
20344,val,1,1,1단계_완전_소외
20345,val,1,1,1단계_완전_소외
20346,val,1,1,1단계_완전_소외
20347,val,1,1,1단계_완전_소외
20348,val,0,2,2단계_부분_적응
20349,val,0,2,2단계_부분_적응
20350,val,2,3,3단계_자립_적응
20351,val,1,1,1단계_완전_소외
20352,val,2,3,3단계_자립_적응
20353,val,2,3,3단계_자립_적응
20354,val,1,1,1단계_완전_소외
20355,val,1,1,1단계_완전_소외
20356,val,0,2,2단계_부분_적응
20357,val,0,2,2단계_부분_적응
20358,val,1,1,1단계_완전_소외
20359,val,2,3,3단계_자립_적응
20360,val,1,1,1단계_완전_소외
20361,val,2,3,3단계_자립_적응
20362,val,1,1,1단계_완전_소외
20363,val,0,2,2단계_부분_적응
20364,val,0,2,2단계_부분_적응
20365,val,1,1,1단계_완전_소외
20366,val,0,2,2단계_부분_적응
20367,val,0,2,2단계_부분_적응
20368,val,1,1,1단계_완전_소외
20369,val,2,3,3단계_자립_적응
20370,val,1,1,1단계_완전_소외
20371,val,0,2,2단계_부분_적응
20372,val,1,1,1단계_완전_소외
20373,val,0,2,2단계_부분_적응
20374,val,2,3,3단계_자립_적응
20375,val,2,3,3단계_자립_적응
20376,val,2,3,3단계_자립_적응
20377,val,1,1,1단계_완전_소외
20378,val,2,3,3단계_자립_적응
20379,val,0,2,2단계_부분_적응
20380,val,0,2,2단계_부분_적응
20381,val,0,2,2단계_부분_적응
20382,val,0,2,2단계_부분_적응
20383,val,1,1,1단계_완전_소외
20384,val,0,2,2단계_부분_적응
20385,val,2,3,3단계_자립_적응
20386,val,2,3,3단계_자립_적응
20387,val,0,2,2단계_부분_적응
20388,val,1,1,1단계_완전_소외
20389,val,2,3,3단계_자립_적응
20390,val,1,1,1단계_완전_소외
20391,val,2,3,3단계_자립_적응
20392,val,0,2,2단계_부분_적응
20393,val,0,2,2단계_부분_적응
20394,val,2,3,3단계_자립_적응
20395,val,1,1,1단계_완전_소외
20396,val,1,1,1단계_완전_소외
20397,val,0,2,2단계_부분_적응
20398,val,0,2,2단계_부분_적응
20399,val,0,2,2단계_부분_적응
20400,val,0,2,2단계_부분_적응
20401,val,2,3,3단계_자립_적응
20402,val,2,3,3단계_자립_적응
20403,val,2,3,3단계_자립_적응
20404,val,1,1,1단계_완전_소외
20405,val,1,1,1단계_완전_소외
20406,val,0,2,2단계_부분_적응
20407,val,0,2,2단계_부분_적응
20408,val,1,1,1단계_완전_소외
20409,val,1,1,1단계_완전_소외
20410,val,0,2,2단계_부분_적응
20411,val,1,1,1단계_완전_소외
20412,val,0,2,2단계_부분_적응
20413,val,2,3,3단계_자립_적응
20414,val,0,2,2단계_부분_적응
20415,val,1,1,1단계_완전_소외
20416,val,1,1,1단계_완전_소외
20417,val,2,3,3단계_자립_적응
20418,val,0,2,2단계_부분_적응
20419,val,0,2,2단계_부분_적응
20420,val,0,2,2단계_부분_적응
20421,val,0,2,2단계_부분_적응
20422,val,0,2,2단계_부분_적응
20423,val,2,3,3단계_자립_적응
20424,val,1,1,1단계_완전_소외
20425,val,0,2,2단계_부분_적응
20426,val,0,2,2단계_부분_적응
20427,val,1,1,1단계_완전_소외
20428,val,1,1,1단계_완전_소외
20429,val,0,2,2단계_부분_적응
20430,val,1,1,1단계_완전_소외
20431,val,0,2,2단계_부분_적응
20432,val,2,3,3단계_자립_적응
20433,val,1,1,1단계_완전_소외
20434,val,1,1,1단계_완전_소외
20435,val,1,1,1단계_완전_소외
20436,val,0,2,2단계_부분_적응
20437,val,0,2,2단계_부분_적응
20438,val,0,2,2단계_부분_적응
20439,val,1,1,1단계_완전_소외
20440,val,1,1,1단계_완전_소외
20441,val,1,1,1단계_완전_소외
20442,val,0,2,2단계_부분_적응
20443,val,2,3,3단계_자립_적응
20444,val,1,1,1단계_완전_소외
20445,val,1,1,1단계_완전_소외
20446,val,1,1,1단계_완전_소외
20447,val,0,2,2단계_부분_적응
20448,val,2,3,3단계_자립_적응
20449,val,2,3,3단계_자립_적응
20450,val,0,2,2단계_부분_적응
20451,val,0,2,2단계_부분_적응
20452,val,2,3,3단계_자립_적응
20453,val,0,2,2단계_부분_적응
20454,val,1,1,1단계_완전_소외
20455,val,1,1,1단계_완전_소외
20456,val,1,1,1단계_완전_소외
20457,val,0,2,2단계_부분_적응
20458,val,2,3,3단계_자립_적응
20459,val,1,1,1단계_완전_소외
20460,val,0,2,2단계_부분_적응
20461,val,2,3,3단계_자립_적응
20462,val,1,1,1단계_완전_소외
20463,val,1,1,1단계_완전_소외
20464,val,0,2,2단계_부분_적응
20465,val,1,1,1단계_완전_소외
20466,val,2,3,3단계_자립_적응
20467,val,0,2,2단계_부분_적응
20468,val,2,3,3단계_자립_적응
20469,val,0,2,2단계_부분_적응
20470,val,0,2,2단계_부분_적응
20471,val,1,1,1단계_완전_소외
20472,val,2,3,3단계_자립_적응
20473,val,0,2,2단계_부분_적응
20474,val,1,1,1단계_완전_소외
20475,val,0,2,2단계_부분_적응
20476,val,2,3,3단계_자립_적응
20477,val,2,3,3단계_자립_적응
20478,val,0,2,2단계_부분_적응
20479,val,2,3,3단계_자립_적응
20480,val,2,3,3단계_자립_적응
20481,val,1,1,1단계_완전_소외
20482,val,0,2,2단계_부분_적응
20483,val,2,3,3단계_자립_적응
20484,val,0,2,2단계_부분_적응
20485,val,2,3,3단계_자립_적응
20486,val,1,1,1단계_완전_소외
20487,val,2,3,3단계_자립_적응
20488,val,2,3,3단계_자립_적응
20489,val,1,1,1단계_완전_소외
20490,val,1,1,1단계_완전_소외
20491,val,0,2,2단계_부분_적응
20492,val,2,3,3단계_자립_적응
20493,val,1,1,1단계_완전_소외
20494,val,1,1,1단계_완전_소외
20495,val,0,2,2단계_부분_적응
20496,val,0,2,2단계_부분_적응
20497,val,2,3,3단계_자립_적응
20498,val,1,1,1단계_완전_소외
20499,val,0,2,2단계_부분_적응
20500,val,1,1,1단계_완전_소외
20501,val,1,1,1단계_완전_소외
20502,val,0,2,2단계_부분_적응
20503,val,0,2,2단계_부분_적응
20504,val,1,1,1단계_완전_소외
20505,val,0,2,2단계_부분_적응
20506,val,0,2,2단계_부분_적응
20507,val,1,1,1단계_완전_소외
20508,val,0,2,2단계_부분_적응
20509,val,1,1,1단계_완전_소외
20510,val,1,1,1단계_완전_소외
20511,val,0,2,2단계_부분_적응
20512,val,1,1,1단계_완전_소외
20513,val,0,2,2단계_부분_적응
20514,val,2,3,3단계_자립_적응
20515,val,0,2,2단계_부분_적응
20516,val,1,1,1단계_완전_소외
20517,val,1,1,1단계_완전_소외
20518,val,1,1,1단계_완전_소외
20519,val,2,3,3단계_자립_적응
20520,val,0,2,2단계_부분_적응
20521,val,1,1,1단계_완전_소외
20522,val,1,1,1단계_완전_소외
20523,val,0,2,2단계_부분_적응
20524,val,0,2,2단계_부분_적응
20525,val,0,2,2단계_부분_적응
20526,val,1,1,1단계_완전_소외
20527,val,2,3,3단계_자립_적응
20528,val,0,2,2단계_부분_적응
20529,val,1,1,1단계_완전_소외
20530,val,0,2,2단계_부분_적응
20531,val,1,1,1단계_완전_소외
20532,val,0,2,2단계_부분_적응
20533,val,1,1,1단계_완전_소외
20534,val,2,3,3단계_자립_적응
20535,val,0,2,2단계_부분_적응
20536,val,1,1,1단계_완전_소외
20537,val,1,1,1단계_완전_소외
20538,val,0,2,2단계_부분_적응
20539,val,1,1,1단계_완전_소외
20540,val,1,1,1단계_완전_소외
20541,val,0,2,2단계_부분_적응
20542,val,0,2,2단계_부분_적응
20543,val,1,1,1단계_완전_소외
20544,val,0,2,2단계_부분_적응
20545,val,0,2,2단계_부분_적응
20546,val,2,3,3단계_자립_적응
20547,val,0,2,2단계_부분_적응
20548,val,2,3,3단계_자립_적응
20549,val,2,3,3단계_자립_적응
20550,val,2,3,3단계_자립_적응
20551,val,0,2,2단계_부분_적응
20552,val,0,2,2단계_부분_적응
20553,val,0,2,2단계_부분_적응
20554,val,1,1,1단계_완전_소외
20555,val,0,2,2단계_부분_적응
20556,val,2,3,3단계_자립_적응
20557,val,1,1,1단계_완전_소외
20558,val,0,2,2단계_부분_적응
20559,val,1,1,1단계_완전_소외
20560,val,1,1,1단계_완전_소외
20561,val,0,2,2단계_부분_적응
20562,val,0,2,2단계_부분_적응
20563,val,1,1,1단계_완전_소외
20564,val,1,1,1단계_완전_소외
20565,val,1,1,1단계_완전_소외
20566,val,0,2,2단계_부분_적응
20567,val,0,2,2단계_부분_적응
20568,val,2,3,3단계_자립_적응
20569,val,0,2,2단계_부분_적응
20570,val,1,1,1단계_완전_소외
20571,val,0,2,2단계_부분_적응
20572,val,0,2,2단계_부분_적응
20573,val,0,2,2단계_부분_적응
20574,val,1,1,1단계_완전_소외
20575,val,0,2,2단계_부분_적응
20576,val,1,1,1단계_완전_소외
20577,val,1,1,1단계_완전_소외
20578,val,1,1,1단계_완전_소외
20579,val,1,1,1단계_완전_소외
20580,val,1,1,1단계_완전_소외
20581,val,2,3,3단계_자립_적응
20582,val,2,3,3단계_자립_적응
20583,val,0,2,2단계_부분_적응
20584,val,2,3,3단계_자립_적응
20585,val,1,1,1단계_완전_소외
20586,val,2,3,3단계_자립_적응
20587,val,2,3,3단계_자립_적응
20588,val,2,3,3단계_자립_적응
20589,val,0,2,2단계_부분_적응
20590,val,0,2,2단계_부분_적응
20591,val,0,2,2단계_부분_적응
20592,val,0,2,2단계_부분_적응
20593,val,0,2,2단계_부분_적응
20594,val,0,2,2단계_부분_적응
20595,val,0,2,2단계_부분_적응
20596,val,1,1,1단계_완전_소외
20597,val,1,1,1단계_완전_소외
20598,val,1,1,1단계_완전_소외
20599,val,2,3,3단계_자립_적응
20600,val,1,1,1단계_완전_소외
20601,val,2,3,3단계_자립_적응
20602,val,1,1,1단계_완전_소외
20603,val,2,3,3단계_자립_적응
20604,val,2,3,3단계_자립_적응
20605,val,2,3,3단계_자립_적응
20606,val,1,1,1단계_완전_소외
20607,val,1,1,1단계_완전_소외
20608,val,1,1,1단계_완전_소외
20609,val,0,2,2단계_부분_적응
20610,val,1,1,1단계_완전_소외
20611,val,1,1,1단계_완전_소외
20612,val,0,2,2단계_부분_적응
20613,val,2,3,3단계_자립_적응
20614,val,1,1,1단계_완전_소외
20615,val,0,2,2단계_부분_적응
20616,val,1,1,1단계_완전_소외
20617,val,2,3,3단계_자립_적응
20618,val,0,2,2단계_부분_적응
20619,val,0,2,2단계_부분_적응
20620,val,0,2,2단계_부분_적응
20621,val,2,3,3단계_자립_적응
20622,val,2,3,3단계_자립_적응
20623,val,0,2,2단계_부분_적응
20624,val,2,3,3단계_자립_적응
20625,val,1,1,1단계_완전_소외
20626,val,0,2,2단계_부분_적응
20627,val,2,3,3단계_자립_적응
20628,val,2,3,3단계_자립_적응
20629,val,1,1,1단계_완전_소외
20630,val,0,2,2단계_부분_적응
20631,val,2,3,3단계_자립_적응
20632,val,1,1,1단계_완전_소외
20633,val,1,1,1단계_완전_소외
20634,val,2,3,3단계_자립_적응
20635,val,0,2,2단계_부분_적응
20636,val,0,2,2단계_부분_적응
20637,val,1,1,1단계_완전_소외
20638,val,0,2,2단계_부분_적응
20639,val,1,1,1단계_완전_소외
20640,val,0,2,2단계_부분_적응
20641,val,1,1,1단계_완전_소외
20642,val,0,2,2단계_부분_적응
20643,val,0,2,2단계_부분_적응
20644,val,0,2,2단계_부분_적응
20645,val,0,2,2단계_부분_적응
20646,val,1,1,1단계_완전_소외
20647,val,0,2,2단계_부분_적응
20648,val,1,1,1단계_완전_소외
20649,val,0,2,2단계_부분_적응
20650,val,1,1,1단계_완전_소외
20651,val,0,2,2단계_부분_적응
20652,val,1,1,1단계_완전_소외
20653,val,1,1,1단계_완전_소외
20654,val,1,1,1단계_완전_소외
20655,val,2,3,3단계_자립_적응
20656,val,0,2,2단계_부분_적응
20657,val,2,3,3단계_자립_적응
20658,val,0,2,2단계_부분_적응
20659,val,1,1,1단계_완전_소외
20660,val,0,2,2단계_부분_적응
20661,val,0,2,2단계_부분_적응
20662,val,0,2,2단계_부분_적응
20663,val,0,2,2단계_부분_적응
20664,val,2,3,3단계_자립_적응
20665,val,2,3,3단계_자립_적응
20666,val,0,2,2단계_부분_적응
20667,val,0,2,2단계_부분_적응
20668,val,1,1,1단계_완전_소외
20669,val,1,1,1단계_완전_소외
20670,val,0,2,2단계_부분_적응
20671,val,1,1,1단계_완전_소외
20672,val,2,3,3단계_자립_적응
20673,val,2,3,3단계_자립_적응
20674,val,0,2,2단계_부분_적응
20675,val,2,3,3단계_자립_적응
20676,val,2,3,3단계_자립_적응
20677,val,2,3,3단계_자립_적응
20678,val,0,2,2단계_부분_적응
20679,val,1,1,1단계_완전_소외
20680,val,0,2,2단계_부분_적응
20681,val,1,1,1단계_완전_소외
20682,val,1,1,1단계_완전_소외
20683,val,1,1,1단계_완전_소외
20684,val,2,3,3단계_자립_적응
20685,val,1,1,1단계_완전_소외
20686,val,2,3,3단계_자립_적응
20687,val,1,1,1단계_완전_소외
20688,val,1,1,1단계_완전_소외
20689,val,1,1,1단계_완전_소외
20690,val,1,1,1단계_완전_소외
20691,val,2,3,3단계_자립_적응
20692,val,2,3,3단계_자립_적응
20693,val,2,3,3단계_자립_적응
20694,val,0,2,2단계_부분_적응
20695,val,1,1,1단계_완전_소외
20696,val,2,3,3단계_자립_적응
20697,val,2,3,3단계_자립_적응
20698,val,1,1,1단계_완전_소외
20699,val,1,1,1단계_완전_소외
20700,val,0,2,2단계_부분_적응
20701,val,2,3,3단계_자립_적응
20702,val,1,1,1단계_완전_소외
20703,val,0,2,2단계_부분_적응
20704,val,1,1,1단계_완전_소외
20705,val,2,3,3단계_자립_적응
20706,val,0,2,2단계_부분_적응
20707,val,2,3,3단계_자립_적응
20708,val,0,2,2단계_부분_적응
20709,val,2,3,3단계_자립_적응
20710,val,2,3,3단계_자립_적응
20711,val,1,1,1단계_완전_소외
20712,val,2,3,3단계_자립_적응
20713,val,0,2,2단계_부분_적응
20714,val,0,2,2단계_부분_적응
20715,val,2,3,3단계_자립_적응
20716,val,0,2,2단계_부분_적응
20717,val,1,1,1단계_완전_소외
20718,val,1,1,1단계_완전_소외
20719,val,1,1,1단계_완전_소외
20720,val,1,1,1단계_완전_소외
20721,val,2,3,3단계_자립_적응
20722,val,0,2,2단계_부분_적응
20723,val,1,1,1단계_완전_소외
20724,val,2,3,3단계_자립_적응
20725,val,1,1,1단계_완전_소외
20726,val,1,1,1단계_완전_소외
20727,val,1,1,1단계_완전_소외
20728,val,1,1,1단계_완전_소외
20729,val,1,1,1단계_완전_소외
20730,val,1,1,1단계_완전_소외
20731,val,1,1,1단계_완전_소외
20732,val,0,2,2단계_부분_적응
20733,val,0,2,2단계_부분_적응
20734,val,1,1,1단계_완전_소외
20735,val,2,3,3단계_자립_적응
20736,val,0,2,2단계_부분_적응
20737,val,1,1,1단계_완전_소외
20738,val,2,3,3단계_자립_적응
20739,val,0,2,2단계_부분_적응
20740,val,2,3,3단계_자립_적응
20741,val,2,3,3단계_자립_적응
20742,val,1,1,1단계_완전_소외
20743,val,0,2,2단계_부분_적응
20744,val,1,1,1단계_완전_소외
20745,val,1,1,1단계_완전_소외
20746,val,2,3,3단계_자립_적응
20747,val,0,2,2단계_부분_적응
20748,val,2,3,3단계_자립_적응
20749,val,0,2,2단계_부분_적응
20750,val,1,1,1단계_완전_소외
20751,val,2,3,3단계_자립_적응
20752,val,0,2,2단계_부분_적응
20753,val,2,3,3단계_자립_적응
20754,val,1,1,1단계_완전_소외
20755,val,1,1,1단계_완전_소외
20756,val,1,1,1단계_완전_소외
20757,val,2,3,3단계_자립_적응
20758,val,2,3,3단계_자립_적응
20759,val,1,1,1단계_완전_소외
20760,val,0,2,2단계_부분_적응
20761,val,2,3,3단계_자립_적응
20762,val,0,2,2단계_부분_적응
20763,val,2,3,3단계_자립_적응
20764,val,1,1,1단계_완전_소외
20765,val,2,3,3단계_자립_적응
20766,val,1,1,1단계_완전_소외
20767,val,2,3,3단계_자립_적응
20768,val,0,2,2단계_부분_적응
20769,val,2,3,3단계_자립_적응
20770,val,0,2,2단계_부분_적응
20771,val,1,1,1단계_완전_소외
20772,val,0,2,2단계_부분_적응
20773,val,2,3,3단계_자립_적응
20774,val,1,1,1단계_완전_소외
20775,val,1,1,1단계_완전_소외
20776,val,0,2,2단계_부분_적응
20777,val,1,1,1단계_완전_소외
20778,val,2,3,3단계_자립_적응
20779,val,2,3,3단계_자립_적응
20780,val,0,2,2단계_부분_적응
20781,val,0,2,2단계_부분_적응
20782,val,2,3,3단계_자립_적응
20783,val,1,1,1단계_완전_소외
20784,val,0,2,2단계_부분_적응
20785,val,1,1,1단계_완전_소외
20786,val,2,3,3단계_자립_적응
20787,val,1,1,1단계_완전_소외
20788,val,1,1,1단계_완전_소외
20789,val,2,3,3단계_자립_적응
20790,val,0,2,2단계_부분_적응
20791,val,2,3,3단계_자립_적응
20792,val,1,1,1단계_완전_소외
20793,val,0,2,2단계_부분_적응
20794,val,1,1,1단계_완전_소외
20795,val,1,1,1단계_완전_소외
20796,val,2,3,3단계_자립_적응
20797,val,2,3,3단계_자립_적응
20798,val,0,2,2단계_부분_적응
20799,val,2,3,3단계_자립_적응
20800,val,2,3,3단계_자립_적응
20801,val,2,3,3단계_자립_적응
20802,val,0,2,2단계_부분_적응
20803,val,2,3,3단계_자립_적응
20804,val,2,3,3단계_자립_적응
20805,val,2,3,3단계_자립_적응
20806,val,2,3,3단계_자립_적응
20807,val,2,3,3단계_자립_적응
20808,val,1,1,1단계_완전_소외
20809,val,0,2,2단계_부분_적응
20810,val,1,1,1단계_완전_소외
20811,val,0,2,2단계_부분_적응
20812,val,1,1,1단계_완전_소외
20813,val,0,2,2단계_부분_적응
20814,val,1,1,1단계_완전_소외
20815,val,1,1,1단계_완전_소외
20816,val,1,1,1단계_완전_소외
20817,val,1,1,1단계_완전_소외
20818,val,0,2,2단계_부분_적응
20819,val,0,2,2단계_부분_적응
20820,val,1,1,1단계_완전_소외
20821,val,0,2,2단계_부분_적응
20822,val,0,2,2단계_부분_적응
20823,val,2,3,3단계_자립_적응
20824,val,2,3,3단계_자립_적응
20825,val,2,3,3단계_자립_적응
20826,val,0,2,2단계_부분_적응
20827,val,0,2,2단계_부분_적응
20828,val,1,1,1단계_완전_소외
20829,val,1,1,1단계_완전_소외
20830,val,1,1,1단계_완전_소외
20831,val,0,2,2단계_부분_적응
20832,val,2,3,3단계_자립_적응
20833,val,2,3,3단계_자립_적응
20834,val,0,2,2단계_부분_적응
20835,val,1,1,1단계_완전_소외
20836,val,0,2,2단계_부분_적응
20837,val,2,3,3단계_자립_적응
20838,val,1,1,1단계_완전_소외
20839,val,0,2,2단계_부분_적응
20840,val,0,2,2단계_부분_적응
20841,val,2,3,3단계_자립_적응
20842,val,0,2,2단계_부분_적응
20843,val,0,2,2단계_부분_적응
20844,val,0,2,2단계_부분_적응
20845,val,0,2,2단계_부분_적응
20846,val,1,1,1단계_완전_소외
20847,val,2,3,3단계_자립_적응
20848,val,1,1,1단계_완전_소외
20849,val,0,2,2단계_부분_적응
20850,val,1,1,1단계_완전_소외
20851,val,0,2,2단계_부분_적응
20852,val,1,1,1단계_완전_소외
20853,val,2,3,3단계_자립_적응
20854,val,1,1,1단계_완전_소외
20855,val,1,1,1단계_완전_소외
20856,val,0,2,2단계_부분_적응
20857,val,1,1,1단계_완전_소외
20858,val,2,3,3단계_자립_적응
20859,val,2,3,3단계_자립_적응
20860,val,2,3,3단계_자립_적응
20861,val,0,2,2단계_부분_적응
20862,val,2,3,3단계_자립_적응
20863,val,0,2,2단계_부분_적응
20864,val,0,2,2단계_부분_적응
20865,val,0,2,2단계_부분_적응
20866,val,1,1,1단계_완전_소외
20867,val,0,2,2단계_부분_적응
20868,val,1,1,1단계_완전_소외
20869,val,1,1,1단계_완전_소외
20870,val,2,3,3단계_자립_적응
20871,val,1,1,1단계_완전_소외
20872,val,1,1,1단계_완전_소외
20873,val,0,2,2단계_부분_적응
20874,val,2,3,3단계_자립_적응
20875,val,2,3,3단계_자립_적응
20876,val,0,2,2단계_부분_적응
20877,val,2,3,3단계_자립_적응
20878,val,1,1,1단계_완전_소외
20879,val,0,2,2단계_부분_적응
20880,val,2,3,3단계_자립_적응
20881,val,1,1,1단계_완전_소외
20882,val,1,1,1단계_완전_소외
20883,val,0,2,2단계_부분_적응
20884,val,1,1,1단계_완전_소외
20885,val,2,3,3단계_자립_적응
20886,val,1,1,1단계_완전_소외
20887,val,2,3,3단계_자립_적응
20888,val,0,2,2단계_부분_적응
20889,val,0,2,2단계_부분_적응
20890,val,2,3,3단계_자립_적응
20891,val,2,3,3단계_자립_적응
20892,val,0,2,2단계_부분_적응
20893,val,0,2,2단계_부분_적응
20894,val,2,3,3단계_자립_적응
20895,val,1,1,1단계_완전_소외
20896,val,1,1,1단계_완전_소외
20897,val,0,2,2단계_부분_적응
20898,val,0,2,2단계_부분_적응
20899,val,1,1,1단계_완전_소외
20900,val,1,1,1단계_완전_소외
20901,val,0,2,2단계_부분_적응
20902,val,0,2,2단계_부분_적응
20903,val,1,1,1단계_완전_소외
20904,val,2,3,3단계_자립_적응
20905,val,2,3,3단계_자립_적응
20906,val,1,1,1단계_완전_소외
20907,val,0,2,2단계_부분_적응
20908,val,1,1,1단계_완전_소외
20909,val,0,2,2단계_부분_적응
20910,val,2,3,3단계_자립_적응
20911,val,2,3,3단계_자립_적응
20912,val,2,3,3단계_자립_적응
20913,val,2,3,3단계_자립_적응
20914,val,0,2,2단계_부분_적응
20915,val,0,2,2단계_부분_적응
20916,val,0,2,2단계_부분_적응
20917,val,0,2,2단계_부분_적응
20918,val,2,3,3단계_자립_적응
20919,val,0,2,2단계_부분_적응
20920,val,0,2,2단계_부분_적응
20921,val,2,3,3단계_자립_적응
20922,val,0,2,2단계_부분_적응
20923,val,0,2,2단계_부분_적응
20924,val,2,3,3단계_자립_적응
20925,val,0,2,2단계_부분_적응
20926,val,0,2,2단계_부분_적응
20927,val,1,1,1단계_완전_소외
20928,val,1,1,1단계_완전_소외
20929,val,0,2,2단계_부분_적응
20930,val,2,3,3단계_자립_적응
20931,val,0,2,2단계_부분_적응
20932,val,0,2,2단계_부분_적응
20933,val,0,2,2단계_부분_적응
20934,val,0,2,2단계_부분_적응
20935,val,0,2,2단계_부분_적응
20936,val,2,3,3단계_자립_적응
20937,val,2,3,3단계_자립_적응
20938,val,1,1,1단계_완전_소외
20939,val,2,3,3단계_자립_적응
20940,val,0,2,2단계_부분_적응
20941,val,1,1,1단계_완전_소외
20942,val,2,3,3단계_자립_적응
20943,val,1,1,1단계_완전_소외
20944,val,0,2,2단계_부분_적응
20945,val,0,2,2단계_부분_적응
20946,val,1,1,1단계_완전_소외
20947,val,2,3,3단계_자립_적응
20948,val,1,1,1단계_완전_소외
20949,val,2,3,3단계_자립_적응
20950,val,1,1,1단계_완전_소외
20951,val,2,3,3단계_자립_적응
20952,val,2,3,3단계_자립_적응
20953,val,1,1,1단계_완전_소외
20954,val,2,3,3단계_자립_적응
20955,val,1,1,1단계_완전_소외
20956,val,1,1,1단계_완전_소외
20957,val,2,3,3단계_자립_적응
20958,val,1,1,1단계_완전_소외
20959,val,1,1,1단계_완전_소외
20960,val,2,3,3단계_자립_적응
20961,val,2,3,3단계_자립_적응
20962,val,1,1,1단계_완전_소외
20963,val,2,3,3단계_자립_적응
20964,val,2,3,3단계_자립_적응
20965,val,0,2,2단계_부분_적응
20966,val,0,2,2단계_부분_적응
20967,val,1,1,1단계_완전_소외
20968,val,0,2,2단계_부분_적응
20969,val,1,1,1단계_완전_소외
20970,val,2,3,3단계_자립_적응
20971,val,2,3,3단계_자립_적응
20972,val,0,2,2단계_부분_적응
20973,val,0,2,2단계_부분_적응
20974,val,0,2,2단계_부분_적응
20975,val,0,2,2단계_부분_적응
20976,val,1,1,1단계_완전_소외
20977,val,1,1,1단계_완전_소외
20978,val,2,3,3단계_자립_적응
20979,val,0,2,2단계_부분_적응
20980,val,2,3,3단계_자립_적응
20981,val,0,2,2단계_부분_적응
20982,val,0,2,2단계_부분_적응
20983,val,0,2,2단계_부분_적응
20984,val,0,2,2단계_부분_적응
20985,val,1,1,1단계_완전_소외
20986,val,0,2,2단계_부분_적응
20987,val,0,2,2단계_부분_적응
20988,val,0,2,2단계_부분_적응
20989,val,0,2,2단계_부분_적응
20990,val,0,2,2단계_부분_적응
20991,val,1,1,1단계_완전_소외
20992,val,2,3,3단계_자립_적응
20993,val,0,2,2단계_부분_적응
20994,val,1,1,1단계_완전_소외
20995,val,0,2,2단계_부분_적응
20996,val,2,3,3단계_자립_적응
20997,val,1,1,1단계_완전_소외
20998,val,0,2,2단계_부분_적응
20999,val,0,2,2단계_부분_적응
21000,val,1,1,1단계_완전_소외
21001,val,1,1,1단계_완전_소외
21002,val,1,1,1단계_완전_소외
21003,val,1,1,1단계_완전_소외
21004,val,1,1,1단계_완전_소외
21005,val,1,1,1단계_완전_소외
21006,val,0,2,2단계_부분_적응
21007,val,2,3,3단계_자립_적응
21008,val,2,3,3단계_자립_적응
21009,val,0,2,2단계_부분_적응
21010,val,1,1,1단계_완전_소외
21011,val,0,2,2단계_부분_적응
21012,val,1,1,1단계_완전_소외
21013,val,0,2,2단계_부분_적응
21014,val,2,3,3단계_자립_적응
21015,val,1,1,1단계_완전_소외
21016,val,0,2,2단계_부분_적응
21017,val,2,3,3단계_자립_적응
21018,val,0,2,2단계_부분_적응
21019,val,0,2,2단계_부분_적응
21020,val,2,3,3단계_자립_적응
21021,val,1,1,1단계_완전_소외
21022,val,0,2,2단계_부분_적응
21023,val,2,3,3단계_자립_적응
21024,val,2,3,3단계_자립_적응
21025,val,1,1,1단계_완전_소외
21026,val,1,1,1단계_완전_소외
21027,val,2,3,3단계_자립_적응
21028,val,1,1,1단계_완전_소외
21029,val,0,2,2단계_부분_적응
21030,val,0,2,2단계_부분_적응
21031,val,0,2,2단계_부분_적응
21032,val,1,1,1단계_완전_소외
21033,val,1,1,1단계_완전_소외
21034,val,0,2,2단계_부분_적응
21035,val,2,3,3단계_자립_적응
21036,val,2,3,3단계_자립_적응
21037,val,2,3,3단계_자립_적응
21038,val,2,3,3단계_자립_적응
21039,val,0,2,2단계_부분_적응
21040,val,2,3,3단계_자립_적응
21041,val,0,2,2단계_부분_적응
21042,val,0,2,2단계_부분_적응
21043,val,1,1,1단계_완전_소외
21044,val,1,1,1단계_완전_소외
21045,val,0,2,2단계_부분_적응
21046,val,1,1,1단계_완전_소외
21047,val,0,2,2단계_부분_적응
21048,val,2,3,3단계_자립_적응
21049,val,1,1,1단계_완전_소외
21050,val,1,1,1단계_완전_소외
21051,val,2,3,3단계_자립_적응
21052,val,2,3,3단계_자립_적응
21053,val,2,3,3단계_자립_적응
21054,val,0,2,2단계_부분_적응
21055,val,2,3,3단계_자립_적응
21056,val,0,2,2단계_부분_적응
21057,val,1,1,1단계_완전_소외
21058,val,2,3,3단계_자립_적응
21059,val,1,1,1단계_완전_소외
21060,val,0,2,2단계_부분_적응
21061,val,0,2,2단계_부분_적응
21062,val,0,2,2단계_부분_적응
21063,val,0,2,2단계_부분_적응
21064,val,1,1,1단계_완전_소외
21065,val,1,1,1단계_완전_소외
21066,val,1,1,1단계_완전_소외
21067,val,1,1,1단계_완전_소외
21068,val,0,2,2단계_부분_적응
21069,val,2,3,3단계_자립_적응
21070,val,2,3,3단계_자립_적응
21071,val,2,3,3단계_자립_적응
21072,val,0,2,2단계_부분_적응
21073,val,2,3,3단계_자립_적응
21074,val,2,3,3단계_자립_적응
21075,val,1,1,1단계_완전_소외
21076,val,1,1,1단계_완전_소외
21077,val,1,1,1단계_완전_소외
21078,val,1,1,1단계_완전_소외
21079,val,2,3,3단계_자립_적응
21080,val,2,3,3단계_자립_적응
21081,val,2,3,3단계_자립_적응
21082,val,0,2,2단계_부분_적응
21083,val,1,1,1단계_완전_소외
21084,val,1,1,1단계_완전_소외
21085,val,1,1,1단계_완전_소외
21086,val,0,2,2단계_부분_적응
21087,val,2,3,3단계_자립_적응
21088,val,0,2,2단계_부분_적응
21089,val,1,1,1단계_완전_소외
21090,val,1,1,1단계_완전_소외
21091,val,2,3,3단계_자립_적응
21092,val,0,2,2단계_부분_적응
21093,val,2,3,3단계_자립_적응
21094,val,2,3,3단계_자립_적응
21095,val,0,2,2단계_부분_적응
21096,val,1,1,1단계_완전_소외
21097,val,2,3,3단계_자립_적응
21098,val,0,2,2단계_부분_적응
21099,val,2,3,3단계_자립_적응
21100,val,0,2,2단계_부분_적응
21101,val,0,2,2단계_부분_적응
21102,val,1,1,1단계_완전_소외
21103,val,0,2,2단계_부분_적응
21104,val,0,2,2단계_부분_적응
21105,val,2,3,3단계_자립_적응
21106,val,1,1,1단계_완전_소외
21107,val,0,2,2단계_부분_적응
21108,val,0,2,2단계_부분_적응
21109,val,0,2,2단계_부분_적응
21110,val,1,1,1단계_완전_소외
21111,val,2,3,3단계_자립_적응
21112,val,2,3,3단계_자립_적응
21113,val,2,3,3단계_자립_적응
21114,val,0,2,2단계_부분_적응
21115,val,1,1,1단계_완전_소외
21116,val,1,1,1단계_완전_소외
21117,val,1,1,1단계_완전_소외
21118,val,0,2,2단계_부분_적응
21119,val,1,1,1단계_완전_소외
21120,val,1,1,1단계_완전_소외
21121,val,1,1,1단계_완전_소외
21122,val,2,3,3단계_자립_적응
21123,val,0,2,2단계_부분_적응
21124,val,0,2,2단계_부분_적응
21125,val,1,1,1단계_완전_소외
21126,val,2,3,3단계_자립_적응
21127,val,1,1,1단계_완전_소외
21128,val,1,1,1단계_완전_소외
21129,val,1,1,1단계_완전_소외
21130,val,0,2,2단계_부분_적응
21131,val,1,1,1단계_완전_소외
21132,val,2,3,3단계_자립_적응
21133,val,2,3,3단계_자립_적응
21134,val,1,1,1단계_완전_소외
21135,val,1,1,1단계_완전_소외
21136,val,0,2,2단계_부분_적응
21137,val,2,3,3단계_자립_적응
21138,val,0,2,2단계_부분_적응
21139,val,1,1,1단계_완전_소외
21140,val,0,2,2단계_부분_적응
21141,val,1,1,1단계_완전_소외
21142,val,1,1,1단계_완전_소외
21143,val,0,2,2단계_부분_적응
21144,val,1,1,1단계_완전_소외
21145,val,1,1,1단계_완전_소외
21146,val,0,2,2단계_부분_적응
21147,val,2,3,3단계_자립_적응
21148,val,1,1,1단계_완전_소외
21149,val,1,1,1단계_완전_소외
21150,val,0,2,2단계_부분_적응
21151,val,1,1,1단계_완전_소외
21152,val,0,2,2단계_부분_적응
21153,val,1,1,1단계_완전_소외
21154,val,0,2,2단계_부분_적응
21155,val,1,1,1단계_완전_소외
21156,val,1,1,1단계_완전_소외
21157,val,1,1,1단계_완전_소외
21158,val,1,1,1단계_완전_소외
21159,val,0,2,2단계_부분_적응
21160,val,1,1,1단계_완전_소외
21161,val,1,1,1단계_완전_소외
21162,val,1,1,1단계_완전_소외
21163,val,0,2,2단계_부분_적응
21164,val,2,3,3단계_자립_적응
21165,val,2,3,3단계_자립_적응
21166,val,1,1,1단계_완전_소외
21167,val,2,3,3단계_자립_적응
21168,val,0,2,2단계_부분_적응
21169,val,1,1,1단계_완전_소외
21170,val,1,1,1단계_완전_소외
21171,val,1,1,1단계_완전_소외
21172,val,0,2,2단계_부분_적응
21173,val,0,2,2단계_부분_적응
21174,val,1,1,1단계_완전_소외
21175,val,1,1,1단계_완전_소외
21176,val,1,1,1단계_완전_소외
21177,val,1,1,1단계_완전_소외
21178,val,0,2,2단계_부분_적응
21179,val,2,3,3단계_자립_적응
21180,val,0,2,2단계_부분_적응
21181,val,0,2,2단계_부분_적응
21182,val,0,2,2단계_부분_적응
21183,val,0,2,2단계_부분_적응
21184,val,2,3,3단계_자립_적응
21185,val,1,1,1단계_완전_소외
21186,val,0,2,2단계_부분_적응
21187,val,0,2,2단계_부분_적응
21188,val,2,3,3단계_자립_적응
21189,val,1,1,1단계_완전_소외
21190,val,1,1,1단계_완전_소외
21191,val,0,2,2단계_부분_적응
21192,val,0,2,2단계_부분_적응
21193,val,1,1,1단계_완전_소외
21194,val,1,1,1단계_완전_소외
21195,val,0,2,2단계_부분_적응
21196,val,0,2,2단계_부분_적응
21197,val,0,2,2단계_부분_적응
21198,val,1,1,1단계_완전_소외
21199,val,2,3,3단계_자립_적응
21200,val,1,1,1단계_완전_소외
21201,val,0,2,2단계_부분_적응
21202,val,1,1,1단계_완전_소외
21203,val,2,3,3단계_자립_적응
21204,val,1,1,1단계_완전_소외
21205,val,1,1,1단계_완전_소외
21206,val,1,1,1단계_완전_소외
21207,val,1,1,1단계_완전_소외
21208,val,2,3,3단계_자립_적응
21209,val,1,1,1단계_완전_소외
21210,val,1,1,1단계_완전_소외
21211,val,0,2,2단계_부분_적응
21212,val,0,2,2단계_부분_적응
21213,val,1,1,1단계_완전_소외
21214,val,1,1,1단계_완전_소외
21215,val,0,2,2단계_부분_적응
21216,val,1,1,1단계_완전_소외
21217,val,2,3,3단계_자립_적응
21218,val,1,1,1단계_완전_소외
21219,val,0,2,2단계_부분_적응
21220,val,2,3,3단계_자립_적응
21221,val,2,3,3단계_자립_적응
21222,val,2,3,3단계_자립_적응
21223,val,1,1,1단계_완전_소외
21224,val,2,3,3단계_자립_적응
21225,val,0,2,2단계_부분_적응
21226,val,1,1,1단계_완전_소외
21227,val,2,3,3단계_자립_적응
21228,val,2,3,3단계_자립_적응
21229,val,0,2,2단계_부분_적응
21230,val,1,1,1단계_완전_소외
21231,val,0,2,2단계_부분_적응
21232,val,2,3,3단계_자립_적응
21233,val,2,3,3단계_자립_적응
21234,val,2,3,3단계_자립_적응
21235,val,0,2,2단계_부분_적응
21236,val,2,3,3단계_자립_적응
21237,val,0,2,2단계_부분_적응
21238,val,1,1,1단계_완전_소외
21239,val,1,1,1단계_완전_소외
21240,val,2,3,3단계_자립_적응
21241,val,0,2,2단계_부분_적응
21242,val,0,2,2단계_부분_적응
21243,val,1,1,1단계_완전_소외
21244,val,2,3,3단계_자립_적응
21245,val,0,2,2단계_부분_적응
21246,val,0,2,2단계_부분_적응
21247,val,0,2,2단계_부분_적응
21248,val,0,2,2단계_부분_적응
21249,val,1,1,1단계_완전_소외
21250,val,0,2,2단계_부분_적응
21251,val,1,1,1단계_완전_소외
21252,val,2,3,3단계_자립_적응
21253,val,1,1,1단계_완전_소외
21254,val,0,2,2단계_부분_적응
21255,val,2,3,3단계_자립_적응
21256,val,2,3,3단계_자립_적응
21257,val,0,2,2단계_부분_적응
21258,val,0,2,2단계_부분_적응
21259,val,0,2,2단계_부분_적응
21260,val,0,2,2단계_부분_적응
21261,val,2,3,3단계_자립_적응
21262,val,0,2,2단계_부분_적응
21263,val,1,1,1단계_완전_소외
21264,val,1,1,1단계_완전_소외
21265,val,1,1,1단계_완전_소외
21266,val,0,2,2단계_부분_적응
21267,val,0,2,2단계_부분_적응
21268,val,0,2,2단계_부분_적응
21269,val,0,2,2단계_부분_적응
21270,val,2,3,3단계_자립_적응
21271,val,1,1,1단계_완전_소외
21272,val,0,2,2단계_부분_적응
21273,val,1,1,1단계_완전_소외
21274,val,2,3,3단계_자립_적응
21275,val,2,3,3단계_자립_적응
21276,val,2,3,3단계_자립_적응
21277,val,2,3,3단계_자립_적응
21278,val,1,1,1단계_완전_소외
21279,val,1,1,1단계_완전_소외
21280,val,0,2,2단계_부분_적응
21281,val,2,3,3단계_자립_적응
21282,val,1,1,1단계_완전_소외
21283,val,0,2,2단계_부분_적응
21284,val,1,1,1단계_완전_소외
21285,val,2,3,3단계_자립_적응
21286,val,0,2,2단계_부분_적응
21287,val,2,3,3단계_자립_적응
21288,val,1,1,1단계_완전_소외
21289,val,0,2,2단계_부분_적응
21290,val,1,1,1단계_완전_소외
21291,val,1,1,1단계_완전_소외
21292,val,2,3,3단계_자립_적응
21293,val,1,1,1단계_완전_소외
21294,val,2,3,3단계_자립_적응
21295,val,0,2,2단계_부분_적응
21296,val,0,2,2단계_부분_적응
21297,val,2,3,3단계_자립_적응
21298,val,1,1,1단계_완전_소외
21299,val,1,1,1단계_완전_소외
21300,val,2,3,3단계_자립_적응
21301,val,2,3,3단계_자립_적응
21302,val,0,2,2단계_부분_적응
21303,val,0,2,2단계_부분_적응
21304,val,1,1,1단계_완전_소외
21305,val,1,1,1단계_완전_소외
21306,val,2,3,3단계_자립_적응
21307,val,0,2,2단계_부분_적응
21308,val,1,1,1단계_완전_소외
21309,val,0,2,2단계_부분_적응
21310,val,1,1,1단계_완전_소외
21311,val,0,2,2단계_부분_적응
21312,val,2,3,3단계_자립_적응
21313,val,1,1,1단계_완전_소외
21314,val,0,2,2단계_부분_적응
21315,val,0,2,2단계_부분_적응
21316,val,0,2,2단계_부분_적응
21317,val,0,2,2단계_부분_적응
21318,val,1,1,1단계_완전_소외
21319,val,2,3,3단계_자립_적응
21320,val,0,2,2단계_부분_적응
21321,val,1,1,1단계_완전_소외
21322,val,2,3,3단계_자립_적응
21323,val,0,2,2단계_부분_적응
21324,val,0,2,2단계_부분_적응
21325,val,1,1,1단계_완전_소외
21326,val,1,1,1단계_완전_소외
21327,val,0,2,2단계_부분_적응
21328,val,2,3,3단계_자립_적응
21329,val,2,3,3단계_자립_적응
21330,val,1,1,1단계_완전_소외
21331,val,0,2,2단계_부분_적응
21332,val,1,1,1단계_완전_소외
21333,val,2,3,3단계_자립_적응
21334,val,2,3,3단계_자립_적응
21335,val,1,1,1단계_완전_소외
21336,val,2,3,3단계_자립_적응
21337,val,2,3,3단계_자립_적응
21338,val,2,3,3단계_자립_적응
21339,val,2,3,3단계_자립_적응
21340,val,2,3,3단계_자립_적응
21341,val,0,2,2단계_부분_적응
21342,val,1,1,1단계_완전_소외
21343,val,1,1,1단계_완전_소외
21344,val,0,2,2단계_부분_적응
21345,val,2,3,3단계_자립_적응
21346,val,2,3,3단계_자립_적응
21347,val,2,3,3단계_자립_적응
21348,val,1,1,1단계_완전_소외
21349,val,2,3,3단계_자립_적응
21350,val,1,1,1단계_완전_소외
21351,val,1,1,1단계_완전_소외
21352,val,2,3,3단계_자립_적응
21353,val,0,2,2단계_부분_적응
21354,val,1,1,1단계_완전_소외
21355,val,1,1,1단계_완전_소외
21356,val,2,3,3단계_자립_적응
21357,val,0,2,2단계_부분_적응
21358,val,0,2,2단계_부분_적응
21359,val,1,1,1단계_완전_소외
21360,val,1,1,1단계_완전_소외
21361,val,0,2,2단계_부분_적응
21362,val,0,2,2단계_부분_적응
21363,val,2,3,3단계_자립_적응
21364,val,2,3,3단계_자립_적응
21365,val,0,2,2단계_부분_적응
21366,val,2,3,3단계_자립_적응
21367,val,0,2,2단계_부분_적응
21368,val,0,2,2단계_부분_적응
21369,val,0,2,2단계_부분_적응
21370,val,1,1,1단계_완전_소외
21371,val,1,1,1단계_완전_소외
21372,val,1,1,1단계_완전_소외
21373,val,0,2,2단계_부분_적응
21374,val,1,1,1단계_완전_소외
21375,val,2,3,3단계_자립_적응
21376,val,1,1,1단계_완전_소외
21377,val,0,2,2단계_부분_적응
21378,val,0,2,2단계_부분_적응
21379,val,1,1,1단계_완전_소외
21380,val,2,3,3단계_자립_적응
21381,val,0,2,2단계_부분_적응
21382,val,1,1,1단계_완전_소외
21383,val,0,2,2단계_부분_적응
21384,val,1,1,1단계_완전_소외
21385,val,1,1,1단계_완전_소외
21386,val,0,2,2단계_부분_적응
21387,val,2,3,3단계_자립_적응
21388,val,2,3,3단계_자립_적응
21389,val,0,2,2단계_부분_적응
21390,val,2,3,3단계_자립_적응
21391,val,2,3,3단계_자립_적응
21392,val,1,1,1단계_완전_소외
21393,val,2,3,3단계_자립_적응
21394,val,2,3,3단계_자립_적응
21395,val,0,2,2단계_부분_적응
21396,val,1,1,1단계_완전_소외
21397,val,1,1,1단계_완전_소외
21398,val,0,2,2단계_부분_적응
21399,val,1,1,1단계_완전_소외
21400,val,1,1,1단계_완전_소외
21401,val,2,3,3단계_자립_적응
21402,val,1,1,1단계_완전_소외
21403,val,1,1,1단계_완전_소외
21404,val,1,1,1단계_완전_소외
21405,val,0,2,2단계_부분_적응
21406,val,0,2,2단계_부분_적응
21407,val,1,1,1단계_완전_소외
21408,val,2,3,3단계_자립_적응
21409,val,1,1,1단계_완전_소외
21410,val,2,3,3단계_자립_적응
21411,val,1,1,1단계_완전_소외
21412,val,2,3,3단계_자립_적응
21413,val,2,3,3단계_자립_적응
21414,val,1,1,1단계_완전_소외
21415,val,0,2,2단계_부분_적응
21416,val,0,2,2단계_부분_적응
21417,val,2,3,3단계_자립_적응
21418,val,1,1,1단계_완전_소외
21419,val,2,3,3단계_자립_적응
21420,val,1,1,1단계_완전_소외
21421,val,1,1,1단계_완전_소외
21422,val,0,2,2단계_부분_적응
21423,val,0,2,2단계_부분_적응
21424,val,1,1,1단계_완전_소외
21425,val,2,3,3단계_자립_적응
21426,val,2,3,3단계_자립_적응
21427,val,2,3,3단계_자립_적응
21428,val,0,2,2단계_부분_적응
21429,val,0,2,2단계_부분_적응
21430,val,0,2,2단계_부분_적응
21431,val,1,1,1단계_완전_소외
21432,val,2,3,3단계_자립_적응
21433,val,0,2,2단계_부분_적응
21434,val,0,2,2단계_부분_적응
21435,val,2,3,3단계_자립_적응
21436,val,2,3,3단계_자립_적응
21437,val,1,1,1단계_완전_소외
21438,val,1,1,1단계_완전_소외
21439,val,1,1,1단계_완전_소외
21440,val,0,2,2단계_부분_적응
21441,val,0,2,2단계_부분_적응
21442,val,0,2,2단계_부분_적응
21443,val,1,1,1단계_완전_소외
21444,val,0,2,2단계_부분_적응
21445,val,0,2,2단계_부분_적응
21446,val,2,3,3단계_자립_적응
21447,val,1,1,1단계_완전_소외
21448,val,0,2,2단계_부분_적응
21449,val,0,2,2단계_부분_적응
21450,val,2,3,3단계_자립_적응
21451,val,0,2,2단계_부분_적응
21452,val,1,1,1단계_완전_소외
21453,val,1,1,1단계_완전_소외
21454,val,1,1,1단계_완전_소외
21455,val,2,3,3단계_자립_적응
21456,val,1,1,1단계_완전_소외
21457,val,1,1,1단계_완전_소외
21458,val,2,3,3단계_자립_적응
21459,val,1,1,1단계_완전_소외
21460,val,0,2,2단계_부분_적응
21461,val,1,1,1단계_완전_소외
21462,val,2,3,3단계_자립_적응
21463,val,0,2,2단계_부분_적응
21464,val,1,1,1단계_완전_소외
21465,val,1,1,1단계_완전_소외
21466,val,1,1,1단계_완전_소외
21467,val,1,1,1단계_완전_소외
21468,val,2,3,3단계_자립_적응
21469,val,0,2,2단계_부분_적응
21470,val,1,1,1단계_완전_소외
21471,val,2,3,3단계_자립_적응
21472,val,1,1,1단계_완전_소외
21473,val,0,2,2단계_부분_적응
21474,val,2,3,3단계_자립_적응
21475,val,2,3,3단계_자립_적응
21476,val,0,2,2단계_부분_적응
21477,val,2,3,3단계_자립_적응
21478,val,2,3,3단계_자립_적응
21479,val,2,3,3단계_자립_적응
21480,val,1,1,1단계_완전_소외
21481,val,2,3,3단계_자립_적응
21482,val,0,2,2단계_부분_적응
21483,val,0,2,2단계_부분_적응
21484,val,0,2,2단계_부분_적응
21485,val,1,1,1단계_완전_소외
21486,val,1,1,1단계_완전_소외
21487,val,0,2,2단계_부분_적응
21488,val,2,3,3단계_자립_적응
21489,val,2,3,3단계_자립_적응
21490,val,0,2,2단계_부분_적응
21491,val,0,2,2단계_부분_적응
21492,val,1,1,1단계_완전_소외
21493,val,2,3,3단계_자립_적응
21494,val,1,1,1단계_완전_소외
21495,val,2,3,3단계_자립_적응
21496,val,0,2,2단계_부분_적응
21497,val,1,1,1단계_완전_소외
21498,val,0,2,2단계_부분_적응
21499,val,0,2,2단계_부분_적응
21500,val,2,3,3단계_자립_적응
21501,val,0,2,2단계_부분_적응
21502,val,0,2,2단계_부분_적응
21503,val,1,1,1단계_완전_소외
21504,val,1,1,1단계_완전_소외
21505,val,2,3,3단계_자립_적응
21506,val,0,2,2단계_부분_적응
21507,val,2,3,3단계_자립_적응
21508,val,0,2,2단계_부분_적응
21509,val,2,3,3단계_자립_적응
21510,val,0,2,2단계_부분_적응
21511,val,0,2,2단계_부분_적응
21512,val,0,2,2단계_부분_적응
21513,val,1,1,1단계_완전_소외
21514,val,1,1,1단계_완전_소외
21515,val,2,3,3단계_자립_적응
21516,val,0,2,2단계_부분_적응
21517,val,1,1,1단계_완전_소외
21518,val,2,3,3단계_자립_적응
21519,val,2,3,3단계_자립_적응
21520,val,1,1,1단계_완전_소외
21521,val,2,3,3단계_자립_적응
21522,val,2,3,3단계_자립_적응
21523,val,1,1,1단계_완전_소외
21524,val,0,2,2단계_부분_적응
21525,val,0,2,2단계_부분_적응
21526,val,2,3,3단계_자립_적응
21527,val,2,3,3단계_자립_적응
21528,val,0,2,2단계_부분_적응
21529,val,1,1,1단계_완전_소외
21530,val,0,2,2단계_부분_적응
21531,val,1,1,1단계_완전_소외
21532,val,0,2,2단계_부분_적응
21533,val,2,3,3단계_자립_적응
21534,val,2,3,3단계_자립_적응
21535,val,0,2,2단계_부분_적응
21536,val,2,3,3단계_자립_적응
21537,val,1,1,1단계_완전_소외
21538,val,2,3,3단계_자립_적응
21539,val,1,1,1단계_완전_소외
21540,val,1,1,1단계_완전_소외
21541,val,0,2,2단계_부분_적응
21542,val,0,2,2단계_부분_적응
21543,val,0,2,2단계_부분_적응
21544,val,1,1,1단계_완전_소외
21545,val,1,1,1단계_완전_소외
21546,val,1,1,1단계_완전_소외
21547,val,2,3,3단계_자립_적응
21548,val,0,2,2단계_부분_적응
21549,val,0,2,2단계_부분_적응
21550,val,1,1,1단계_완전_소외
21551,val,2,3,3단계_자립_적응
21552,val,2,3,3단계_자립_적응
21553,val,0,2,2단계_부분_적응
21554,val,1,1,1단계_완전_소외
21555,val,1,1,1단계_완전_소외
21556,val,1,1,1단계_완전_소외
21557,val,0,2,2단계_부분_적응
21558,val,1,1,1단계_완전_소외
21559,val,1,1,1단계_완전_소외
21560,val,1,1,1단계_완전_소외
21561,val,1,1,1단계_완전_소외
21562,val,0,2,2단계_부분_적응
21563,val,1,1,1단계_완전_소외
21564,val,2,3,3단계_자립_적응
21565,val,0,2,2단계_부분_적응
21566,val,1,1,1단계_완전_소외
21567,val,1,1,1단계_완전_소외
21568,val,0,2,2단계_부분_적응
21569,val,1,1,1단계_완전_소외
21570,val,2,3,3단계_자립_적응
21571,val,0,2,2단계_부분_적응
21572,val,2,3,3단계_자립_적응
21573,val,2,3,3단계_자립_적응
21574,val,1,1,1단계_완전_소외
21575,val,2,3,3단계_자립_적응
21576,val,1,1,1단계_완전_소외
21577,val,1,1,1단계_완전_소외
21578,val,2,3,3단계_자립_적응
21579,val,0,2,2단계_부분_적응
21580,val,0,2,2단계_부분_적응
21581,val,1,1,1단계_완전_소외
21582,val,2,3,3단계_자립_적응
21583,val,1,1,1단계_완전_소외
21584,val,0,2,2단계_부분_적응
21585,val,2,3,3단계_자립_적응
21586,val,2,3,3단계_자립_적응
21587,val,1,1,1단계_완전_소외
21588,val,0,2,2단계_부분_적응
21589,val,1,1,1단계_완전_소외
21590,val,0,2,2단계_부분_적응
21591,val,2,3,3단계_자립_적응
21592,val,0,2,2단계_부분_적응
21593,val,1,1,1단계_완전_소외
21594,val,2,3,3단계_자립_적응
21595,val,2,3,3단계_자립_적응
21596,val,1,1,1단계_완전_소외
21597,val,1,1,1단계_완전_소외
21598,val,2,3,3단계_자립_적응
21599,val,0,2,2단계_부분_적응
21600,val,1,1,1단계_완전_소외
21601,val,2,3,3단계_자립_적응
21602,val,1,1,1단계_완전_소외
21603,val,2,3,3단계_자립_적응
21604,val,0,2,2단계_부분_적응
21605,val,0,2,2단계_부분_적응
21606,val,1,1,1단계_완전_소외
21607,val,0,2,2단계_부분_적응
21608,val,1,1,1단계_완전_소외
21609,val,0,2,2단계_부분_적응
21610,val,1,1,1단계_완전_소외
21611,val,1,1,1단계_완전_소외
21612,val,0,2,2단계_부분_적응
21613,val,1,1,1단계_완전_소외
21614,val,1,1,1단계_완전_소외
21615,val,1,1,1단계_완전_소외
21616,val,2,3,3단계_자립_적응
21617,val,2,3,3단계_자립_적응
21618,val,1,1,1단계_완전_소외
21619,val,0,2,2단계_부분_적응
21620,val,0,2,2단계_부분_적응
21621,val,0,2,2단계_부분_적응
21622,val,1,1,1단계_완전_소외
21623,val,1,1,1단계_완전_소외
21624,val,0,2,2단계_부분_적응
21625,val,0,2,2단계_부분_적응
21626,val,2,3,3단계_자립_적응
21627,val,1,1,1단계_완전_소외
21628,val,2,3,3단계_자립_적응
21629,val,1,1,1단계_완전_소외
21630,val,1,1,1단계_완전_소외
21631,val,1,1,1단계_완전_소외
21632,val,1,1,1단계_완전_소외
21633,val,1,1,1단계_완전_소외
21634,val,1,1,1단계_완전_소외
21635,val,1,1,1단계_완전_소외
21636,val,0,2,2단계_부분_적응
21637,val,1,1,1단계_완전_소외
21638,val,0,2,2단계_부분_적응
21639,val,1,1,1단계_완전_소외
21640,val,0,2,2단계_부분_적응
21641,val,2,3,3단계_자립_적응
21642,val,2,3,3단계_자립_적응
21643,val,1,1,1단계_완전_소외
21644,val,1,1,1단계_완전_소외
21645,val,1,1,1단계_완전_소외
21646,val,2,3,3단계_자립_적응
21647,val,1,1,1단계_완전_소외
21648,val,2,3,3단계_자립_적응
21649,val,1,1,1단계_완전_소외
21650,val,1,1,1단계_완전_소외
21651,val,1,1,1단계_완전_소외
21652,val,1,1,1단계_완전_소외
21653,val,1,1,1단계_완전_소외
21654,val,1,1,1단계_완전_소외
21655,val,0,2,2단계_부분_적응
21656,val,2,3,3단계_자립_적응
21657,val,1,1,1단계_완전_소외
21658,val,2,3,3단계_자립_적응
21659,val,2,3,3단계_자립_적응
21660,val,0,2,2단계_부분_적응
21661,val,1,1,1단계_완전_소외
21662,val,1,1,1단계_완전_소외
21663,val,2,3,3단계_자립_적응
21664,val,2,3,3단계_자립_적응
21665,val,2,3,3단계_자립_적응
21666,val,1,1,1단계_완전_소외
21667,val,1,1,1단계_완전_소외
21668,val,0,2,2단계_부분_적응
21669,val,2,3,3단계_자립_적응
21670,val,0,2,2단계_부분_적응
21671,val,2,3,3단계_자립_적응
21672,val,2,3,3단계_자립_적응
21673,val,2,3,3단계_자립_적응
21674,val,2,3,3단계_자립_적응
21675,val,2,3,3단계_자립_적응
21676,val,1,1,1단계_완전_소외
21677,val,1,1,1단계_완전_소외
21678,val,2,3,3단계_자립_적응
21679,val,1,1,1단계_완전_소외
21680,val,1,1,1단계_완전_소외
21681,val,1,1,1단계_완전_소외
21682,val,2,3,3단계_자립_적응
21683,val,1,1,1단계_완전_소외
21684,val,0,2,2단계_부분_적응
21685,val,2,3,3단계_자립_적응
21686,val,2,3,3단계_자립_적응
21687,val,1,1,1단계_완전_소외
21688,val,2,3,3단계_자립_적응
21689,val,2,3,3단계_자립_적응
21690,val,1,1,1단계_완전_소외
21691,val,0,2,2단계_부분_적응
21692,val,0,2,2단계_부분_적응
21693,val,0,2,2단계_부분_적응
21694,val,0,2,2단계_부분_적응
21695,val,2,3,3단계_자립_적응
21696,val,0,2,2단계_부분_적응
21697,val,1,1,1단계_완전_소외
21698,val,2,3,3단계_자립_적응
21699,val,2,3,3단계_자립_적응
21700,val,0,2,2단계_부분_적응
21701,val,1,1,1단계_완전_소외
21702,val,1,1,1단계_완전_소외
21703,val,0,2,2단계_부분_적응
21704,val,2,3,3단계_자립_적응
21705,val,2,3,3단계_자립_적응
21706,val,2,3,3단계_자립_적응
21707,val,2,3,3단계_자립_적응
21708,val,2,3,3단계_자립_적응
21709,val,0,2,2단계_부분_적응
21710,val,2,3,3단계_자립_적응
21711,val,0,2,2단계_부분_적응
21712,val,1,1,1단계_완전_소외
21713,val,1,1,1단계_완전_소외
21714,val,2,3,3단계_자립_적응
21715,val,1,1,1단계_완전_소외
21716,val,2,3,3단계_자립_적응
21717,val,0,2,2단계_부분_적응
21718,val,2,3,3단계_자립_적응
21719,val,0,2,2단계_부분_적응
21720,val,1,1,1단계_완전_소외
21721,val,0,2,2단계_부분_적응
21722,val,2,3,3단계_자립_적응
21723,val,1,1,1단계_완전_소외
21724,val,0,2,2단계_부분_적응
21725,val,1,1,1단계_완전_소외
21726,val,1,1,1단계_완전_소외
21727,val,0,2,2단계_부분_적응
21728,val,1,1,1단계_완전_소외
21729,val,2,3,3단계_자립_적응
21730,val,0,2,2단계_부분_적응
21731,val,1,1,1단계_완전_소외
21732,val,1,1,1단계_완전_소외
21733,val,0,2,2단계_부분_적응
21734,val,0,2,2단계_부분_적응
21735,val,1,1,1단계_완전_소외
21736,val,0,2,2단계_부분_적응
21737,val,1,1,1단계_완전_소외
21738,val,0,2,2단계_부분_적응
21739,val,2,3,3단계_자립_적응
21740,val,2,3,3단계_자립_적응
21741,val,2,3,3단계_자립_적응
21742,val,1,1,1단계_완전_소외
21743,val,0,2,2단계_부분_적응
21744,val,0,2,2단계_부분_적응
21745,val,0,2,2단계_부분_적응
21746,val,1,1,1단계_완전_소외
21747,val,2,3,3단계_자립_적응
21748,val,0,2,2단계_부분_적응
21749,val,1,1,1단계_완전_소외
21750,val,0,2,2단계_부분_적응
21751,val,0,2,2단계_부분_적응
21752,val,1,1,1단계_완전_소외
21753,val,2,3,3단계_자립_적응
21754,val,2,3,3단계_자립_적응
21755,val,2,3,3단계_자립_적응
21756,val,2,3,3단계_자립_적응
21757,val,1,1,1단계_완전_소외
21758,val,2,3,3단계_자립_적응
21759,val,2,3,3단계_자립_적응
21760,val,1,1,1단계_완전_소외
21761,val,1,1,1단계_완전_소외
21762,val,0,2,2단계_부분_적응
21763,val,1,1,1단계_완전_소외
21764,val,1,1,1단계_완전_소외
21765,val,2,3,3단계_자립_적응
21766,val,1,1,1단계_완전_소외
21767,val,0,2,2단계_부분_적응
21768,val,1,1,1단계_완전_소외
21769,val,1,1,1단계_완전_소외
21770,val,0,2,2단계_부분_적응
21771,val,0,2,2단계_부분_적응
21772,val,0,2,2단계_부분_적응
21773,val,1,1,1단계_완전_소외
21774,val,2,3,3단계_자립_적응
21775,val,1,1,1단계_완전_소외
21776,val,1,1,1단계_완전_소외
21777,val,1,1,1단계_완전_소외
21778,val,1,1,1단계_완전_소외
21779,val,0,2,2단계_부분_적응
21780,val,0,2,2단계_부분_적응
21781,val,1,1,1단계_완전_소외
21782,val,1,1,1단계_완전_소외
21783,val,1,1,1단계_완전_소외
21784,val,2,3,3단계_자립_적응
21785,val,2,3,3단계_자립_적응
21786,val,1,1,1단계_완전_소외
21787,val,2,3,3단계_자립_적응
21788,val,0,2,2단계_부분_적응
21789,val,0,2,2단계_부분_적응
21790,val,2,3,3단계_자립_적응
21791,val,1,1,1단계_완전_소외
21792,val,2,3,3단계_자립_적응
21793,val,0,2,2단계_부분_적응
21794,val,0,2,2단계_부분_적응
21795,val,2,3,3단계_자립_적응
21796,val,0,2,2단계_부분_적응
21797,val,2,3,3단계_자립_적응
21798,val,1,1,1단계_완전_소외
21799,val,2,3,3단계_자립_적응
21800,val,0,2,2단계_부분_적응
21801,val,1,1,1단계_완전_소외
21802,val,1,1,1단계_완전_소외
21803,val,2,3,3단계_자립_적응
21804,val,0,2,2단계_부분_적응
21805,val,1,1,1단계_완전_소외
21806,val,2,3,3단계_자립_적응
21807,val,0,2,2단계_부분_적응
21808,val,0,2,2단계_부분_적응
21809,val,2,3,3단계_자립_적응
21810,val,2,3,3단계_자립_적응
21811,val,0,2,2단계_부분_적응
21812,val,0,2,2단계_부분_적응
21813,val,2,3,3단계_자립_적응
21814,val,0,2,2단계_부분_적응
21815,val,1,1,1단계_완전_소외
21816,val,1,1,1단계_완전_소외
21817,val,2,3,3단계_자립_적응
21818,val,0,2,2단계_부분_적응
21819,val,0,2,2단계_부분_적응
21820,val,1,1,1단계_완전_소외
21821,val,2,3,3단계_자립_적응
21822,val,1,1,1단계_완전_소외
21823,val,0,2,2단계_부분_적응
21824,val,0,2,2단계_부분_적응
21825,val,0,2,2단계_부분_적응
21826,val,1,1,1단계_완전_소외
21827,val,2,3,3단계_자립_적응
21828,val,1,1,1단계_완전_소외
21829,val,1,1,1단계_완전_소외
21830,val,0,2,2단계_부분_적응
21831,val,1,1,1단계_완전_소외
21832,val,0,2,2단계_부분_적응
21833,val,1,1,1단계_완전_소외
21834,val,2,3,3단계_자립_적응
21835,val,2,3,3단계_자립_적응
21836,val,2,3,3단계_자립_적응
21837,val,0,2,2단계_부분_적응
21838,val,1,1,1단계_완전_소외
21839,val,1,1,1단계_완전_소외
21840,val,0,2,2단계_부분_적응
21841,val,2,3,3단계_자립_적응
21842,val,1,1,1단계_완전_소외
21843,val,1,1,1단계_완전_소외
21844,val,0,2,2단계_부분_적응
21845,val,2,3,3단계_자립_적응
21846,val,1,1,1단계_완전_소외
21847,val,0,2,2단계_부분_적응
21848,val,2,3,3단계_자립_적응
21849,val,2,3,3단계_자립_적응
21850,val,0,2,2단계_부분_적응
21851,val,1,1,1단계_완전_소외
21852,val,1,1,1단계_완전_소외
21853,val,1,1,1단계_완전_소외
21854,val,1,1,1단계_완전_소외
21855,val,0,2,2단계_부분_적응
21856,val,0,2,2단계_부분_적응
21857,val,0,2,2단계_부분_적응
21858,val,0,2,2단계_부분_적응
21859,val,0,2,2단계_부분_적응
21860,val,0,2,2단계_부분_적응
21861,val,0,2,2단계_부분_적응
21862,val,0,2,2단계_부분_적응
21863,val,1,1,1단계_완전_소외
21864,val,0,2,2단계_부분_적응
21865,val,0,2,2단계_부분_적응
21866,val,0,2,2단계_부분_적응
21867,val,1,1,1단계_완전_소외
21868,val,0,2,2단계_부분_적응
21869,val,2,3,3단계_자립_적응
21870,val,0,2,2단계_부분_적응
21871,val,0,2,2단계_부분_적응
21872,val,0,2,2단계_부분_적응
21873,val,1,1,1단계_완전_소외
21874,val,2,3,3단계_자립_적응
21875,val,0,2,2단계_부분_적응
21876,val,2,3,3단계_자립_적응
21877,val,2,3,3단계_자립_적응
21878,val,1,1,1단계_완전_소외
21879,val,0,2,2단계_부분_적응
21880,val,2,3,3단계_자립_적응
21881,val,0,2,2단계_부분_적응
21882,val,2,3,3단계_자립_적응
21883,val,1,1,1단계_완전_소외
21884,val,2,3,3단계_자립_적응
21885,val,0,2,2단계_부분_적응
21886,val,1,1,1단계_완전_소외
21887,val,2,3,3단계_자립_적응
21888,val,1,1,1단계_완전_소외
21889,val,2,3,3단계_자립_적응
21890,val,2,3,3단계_자립_적응
21891,val,1,1,1단계_완전_소외
21892,val,1,1,1단계_완전_소외
21893,val,1,1,1단계_완전_소외
21894,val,2,3,3단계_자립_적응
21895,val,2,3,3단계_자립_적응
21896,val,2,3,3단계_자립_적응
21897,val,2,3,3단계_자립_적응
21898,val,0,2,2단계_부분_적응
21899,val,0,2,2단계_부분_적응
21900,val,2,3,3단계_자립_적응
21901,val,2,3,3단계_자립_적응
21902,val,1,1,1단계_완전_소외
21903,val,1,1,1단계_완전_소외
21904,val,0,2,2단계_부분_적응
21905,val,0,2,2단계_부분_적응
21906,val,2,3,3단계_자립_적응
21907,val,0,2,2단계_부분_적응
21908,val,2,3,3단계_자립_적응
21909,val,0,2,2단계_부분_적응
21910,val,1,1,1단계_완전_소외
21911,val,1,1,1단계_완전_소외
21912,val,0,2,2단계_부분_적응
21913,val,1,1,1단계_완전_소외
21914,val,2,3,3단계_자립_적응
21915,val,1,1,1단계_완전_소외
21916,val,1,1,1단계_완전_소외
21917,val,2,3,3단계_자립_적응
21918,val,0,2,2단계_부분_적응
21919,val,2,3,3단계_자립_적응
21920,val,2,3,3단계_자립_적응
21921,val,1,1,1단계_완전_소외
21922,val,2,3,3단계_자립_적응
21923,val,1,1,1단계_완전_소외
21924,val,2,3,3단계_자립_적응
21925,val,2,3,3단계_자립_적응
21926,val,2,3,3단계_자립_적응
21927,val,2,3,3단계_자립_적응
21928,val,1,1,1단계_완전_소외
21929,val,0,2,2단계_부분_적응
21930,val,1,1,1단계_완전_소외
21931,val,0,2,2단계_부분_적응
21932,val,0,2,2단계_부분_적응
21933,val,0,2,2단계_부분_적응
21934,val,0,2,2단계_부분_적응
21935,val,2,3,3단계_자립_적응
21936,val,1,1,1단계_완전_소외
21937,val,1,1,1단계_완전_소외
21938,val,0,2,2단계_부분_적응
21939,val,1,1,1단계_완전_소외
21940,val,0,2,2단계_부분_적응
21941,val,0,2,2단계_부분_적응
21942,val,1,1,1단계_완전_소외
21943,val,2,3,3단계_자립_적응
21944,val,0,2,2단계_부분_적응
21945,val,1,1,1단계_완전_소외
21946,val,0,2,2단계_부분_적응
21947,val,1,1,1단계_완전_소외
21948,val,2,3,3단계_자립_적응
21949,val,0,2,2단계_부분_적응
21950,val,1,1,1단계_완전_소외
21951,val,0,2,2단계_부분_적응
21952,val,0,2,2단계_부분_적응
21953,val,2,3,3단계_자립_적응
21954,val,1,1,1단계_완전_소외
21955,val,2,3,3단계_자립_적응
21956,val,2,3,3단계_자립_적응
21957,val,0,2,2단계_부분_적응
21958,val,1,1,1단계_완전_소외
21959,val,0,2,2단계_부분_적응
21960,val,0,2,2단계_부분_적응
21961,val,0,2,2단계_부분_적응
21962,val,0,2,2단계_부분_적응
21963,val,1,1,1단계_완전_소외
21964,val,1,1,1단계_완전_소외
21965,val,0,2,2단계_부분_적응
21966,val,0,2,2단계_부분_적응
21967,val,2,3,3단계_자립_적응
21968,val,2,3,3단계_자립_적응
21969,val,2,3,3단계_자립_적응
21970,val,2,3,3단계_자립_적응
21971,val,2,3,3단계_자립_적응
21972,val,0,2,2단계_부분_적응
21973,val,1,1,1단계_완전_소외
21974,val,2,3,3단계_자립_적응
21975,val,0,2,2단계_부분_적응
21976,val,0,2,2단계_부분_적응
21977,val,1,1,1단계_완전_소외
21978,val,2,3,3단계_자립_적응
21979,val,0,2,2단계_부분_적응
21980,val,0,2,2단계_부분_적응
21981,val,1,1,1단계_완전_소외
21982,val,1,1,1단계_완전_소외
21983,val,0,2,2단계_부분_적응
21984,val,2,3,3단계_자립_적응
21985,val,2,3,3단계_자립_적응
21986,val,2,3,3단계_자립_적응
21987,val,0,2,2단계_부분_적응
21988,val,0,2,2단계_부분_적응
21989,val,2,3,3단계_자립_적응
21990,val,0,2,2단계_부분_적응
21991,val,2,3,3단계_자립_적응
21992,val,1,1,1단계_완전_소외
21993,val,0,2,2단계_부분_적응
21994,val,2,3,3단계_자립_적응
21995,val,0,2,2단계_부분_적응
21996,val,0,2,2단계_부분_적응
21997,val,0,2,2단계_부분_적응
21998,val,0,2,2단계_부분_적응
21999,val,1,1,1단계_완전_소외
22000,val,0,2,2단계_부분_적응
22001,val,1,1,1단계_완전_소외
22002,val,1,1,1단계_완전_소외
22003,val,1,1,1단계_완전_소외
22004,val,2,3,3단계_자립_적응
22005,val,1,1,1단계_완전_소외
22006,val,2,3,3단계_자립_적응
22007,val,2,3,3단계_자립_적응
22008,val,0,2,2단계_부분_적응
22009,val,1,1,1단계_완전_소외
22010,val,2,3,3단계_자립_적응
22011,val,0,2,2단계_부분_적응
22012,val,1,1,1단계_완전_소외
22013,val,0,2,2단계_부분_적응
22014,val,1,1,1단계_완전_소외
22015,val,0,2,2단계_부분_적응
22016,val,0,2,2단계_부분_적응
22017,val,0,2,2단계_부분_적응
22018,val,2,3,3단계_자립_적응
22019,val,1,1,1단계_완전_소외
22020,val,2,3,3단계_자립_적응
22021,val,0,2,2단계_부분_적응
22022,val,0,2,2단계_부분_적응
22023,val,1,1,1단계_완전_소외
22024,val,1,1,1단계_완전_소외
22025,val,1,1,1단계_완전_소외
22026,val,2,3,3단계_자립_적응
22027,val,1,1,1단계_완전_소외
22028,val,1,1,1단계_완전_소외
22029,val,2,3,3단계_자립_적응
22030,val,2,3,3단계_자립_적응
22031,val,1,1,1단계_완전_소외
22032,val,1,1,1단계_완전_소외
22033,val,0,2,2단계_부분_적응
22034,val,0,2,2단계_부분_적응
22035,val,1,1,1단계_완전_소외
22036,val,1,1,1단계_완전_소외
22037,val,0,2,2단계_부분_적응
22038,val,2,3,3단계_자립_적응
22039,val,1,1,1단계_완전_소외
22040,val,1,1,1단계_완전_소외
22041,val,0,2,2단계_부분_적응
22042,val,2,3,3단계_자립_적응
22043,val,2,3,3단계_자립_적응
22044,val,1,1,1단계_완전_소외
22045,val,2,3,3단계_자립_적응
22046,val,2,3,3단계_자립_적응
22047,val,2,3,3단계_자립_적응
22048,val,0,2,2단계_부분_적응
22049,val,0,2,2단계_부분_적응
22050,val,0,2,2단계_부분_적응
22051,val,0,2,2단계_부분_적응
22052,val,1,1,1단계_완전_소외
22053,val,1,1,1단계_완전_소외
22054,val,0,2,2단계_부분_적응
22055,val,1,1,1단계_완전_소외
22056,val,2,3,3단계_자립_적응
22057,val,1,1,1단계_완전_소외
22058,val,2,3,3단계_자립_적응
22059,val,2,3,3단계_자립_적응
22060,val,0,2,2단계_부분_적응
22061,val,1,1,1단계_완전_소외
22062,val,0,2,2단계_부분_적응
22063,val,2,3,3단계_자립_적응
22064,val,1,1,1단계_완전_소외
22065,val,1,1,1단계_완전_소외
22066,val,2,3,3단계_자립_적응
22067,val,1,1,1단계_완전_소외
22068,val,0,2,2단계_부분_적응
22069,val,1,1,1단계_완전_소외
22070,val,0,2,2단계_부분_적응
22071,val,2,3,3단계_자립_적응
22072,val,1,1,1단계_완전_소외
22073,val,0,2,2단계_부분_적응
22074,val,2,3,3단계_자립_적응
22075,val,0,2,2단계_부분_적응
22076,val,0,2,2단계_부분_적응
22077,val,2,3,3단계_자립_적응
22078,val,0,2,2단계_부분_적응
22079,val,1,1,1단계_완전_소외
22080,val,2,3,3단계_자립_적응
22081,val,2,3,3단계_자립_적응
22082,val,2,3,3단계_자립_적응
22083,val,1,1,1단계_완전_소외
22084,val,1,1,1단계_완전_소외
22085,val,0,2,2단계_부분_적응
22086,val,2,3,3단계_자립_적응
22087,val,2,3,3단계_자립_적응
22088,val,1,1,1단계_완전_소외
22089,val,1,1,1단계_완전_소외
22090,val,2,3,3단계_자립_적응
22091,val,1,1,1단계_완전_소외
22092,val,1,1,1단계_완전_소외
22093,val,1,1,1단계_완전_소외
22094,val,1,1,1단계_완전_소외
22095,val,2,3,3단계_자립_적응
22096,val,0,2,2단계_부분_적응
22097,val,0,2,2단계_부분_적응
22098,val,1,1,1단계_완전_소외
22099,val,2,3,3단계_자립_적응
22100,val,2,3,3단계_자립_적응
22101,val,0,2,2단계_부분_적응
22102,val,2,3,3단계_자립_적응
22103,val,0,2,2단계_부분_적응
22104,val,1,1,1단계_완전_소외
22105,val,2,3,3단계_자립_적응
22106,val,2,3,3단계_자립_적응
22107,val,2,3,3단계_자립_적응
22108,val,1,1,1단계_완전_소외
22109,val,0,2,2단계_부분_적응
22110,val,1,1,1단계_완전_소외
22111,val,1,1,1단계_완전_소외
22112,val,2,3,3단계_자립_적응
22113,val,0,2,2단계_부분_적응
22114,val,1,1,1단계_완전_소외
22115,val,0,2,2단계_부분_적응
22116,val,2,3,3단계_자립_적응
22117,val,1,1,1단계_완전_소외
22118,val,2,3,3단계_자립_적응
22119,val,0,2,2단계_부분_적응
22120,val,2,3,3단계_자립_적응
22121,val,1,1,1단계_완전_소외
22122,val,1,1,1단계_완전_소외
22123,val,2,3,3단계_자립_적응
22124,val,1,1,1단계_완전_소외
22125,val,0,2,2단계_부분_적응
22126,val,0,2,2단계_부분_적응
22127,val,2,3,3단계_자립_적응
22128,val,0,2,2단계_부분_적응
22129,val,1,1,1단계_완전_소외
22130,val,2,3,3단계_자립_적응
22131,val,0,2,2단계_부분_적응
22132,val,2,3,3단계_자립_적응
22133,val,0,2,2단계_부분_적응
22134,val,1,1,1단계_완전_소외
22135,val,1,1,1단계_완전_소외
22136,val,0,2,2단계_부분_적응
22137,val,2,3,3단계_자립_적응
22138,val,1,1,1단계_완전_소외
22139,val,1,1,1단계_완전_소외
22140,val,1,1,1단계_완전_소외
22141,val,1,1,1단계_완전_소외
22142,val,0,2,2단계_부분_적응
22143,val,1,1,1단계_완전_소외
22144,val,2,3,3단계_자립_적응
22145,val,2,3,3단계_자립_적응
22146,val,0,2,2단계_부분_적응
22147,val,0,2,2단계_부분_적응
22148,val,2,3,3단계_자립_적응
22149,val,0,2,2단계_부분_적응
22150,val,1,1,1단계_완전_소외
22151,val,0,2,2단계_부분_적응
22152,val,1,1,1단계_완전_소외
22153,val,1,1,1단계_완전_소외
22154,val,1,1,1단계_완전_소외
22155,val,2,3,3단계_자립_적응
22156,val,1,1,1단계_완전_소외
22157,val,1,1,1단계_완전_소외
22158,val,1,1,1단계_완전_소외
22159,val,0,2,2단계_부분_적응
22160,val,0,2,2단계_부분_적응
22161,val,2,3,3단계_자립_적응
22162,val,1,1,1단계_완전_소외
22163,val,0,2,2단계_부분_적응
22164,val,1,1,1단계_완전_소외
22165,val,0,2,2단계_부분_적응
22166,val,0,2,2단계_부분_적응
22167,val,0,2,2단계_부분_적응
22168,val,1,1,1단계_완전_소외
22169,val,0,2,2단계_부분_적응
22170,val,0,2,2단계_부분_적응
22171,val,0,2,2단계_부분_적응
22172,val,0,2,2단계_부분_적응
22173,val,1,1,1단계_완전_소외
22174,val,1,1,1단계_완전_소외
22175,val,1,1,1단계_완전_소외
22176,val,0,2,2단계_부분_적응
22177,val,1,1,1단계_완전_소외
22178,val,1,1,1단계_완전_소외
22179,val,0,2,2단계_부분_적응
22180,val,1,1,1단계_완전_소외
22181,val,1,1,1단계_완전_소외
22182,val,1,1,1단계_완전_소외
22183,val,1,1,1단계_완전_소외
22184,val,2,3,3단계_자립_적응
22185,val,1,1,1단계_완전_소외
22186,val,0,2,2단계_부분_적응
22187,val,0,2,2단계_부분_적응
22188,val,1,1,1단계_완전_소외
22189,val,2,3,3단계_자립_적응
22190,val,0,2,2단계_부분_적응
22191,val,1,1,1단계_완전_소외
22192,val,1,1,1단계_완전_소외
22193,val,0,2,2단계_부분_적응
22194,val,0,2,2단계_부분_적응
22195,val,2,3,3단계_자립_적응
22196,val,2,3,3단계_자립_적응
22197,val,0,2,2단계_부분_적응
22198,val,0,2,2단계_부분_적응
22199,val,0,2,2단계_부분_적응
22200,val,1,1,1단계_완전_소외
22201,val,2,3,3단계_자립_적응
22202,val,0,2,2단계_부분_적응
22203,val,0,2,2단계_부분_적응
22204,val,1,1,1단계_완전_소외
22205,val,1,1,1단계_완전_소외
22206,val,1,1,1단계_완전_소외
22207,val,0,2,2단계_부분_적응
22208,val,2,3,3단계_자립_적응
22209,val,0,2,2단계_부분_적응
22210,val,0,2,2단계_부분_적응
22211,val,0,2,2단계_부분_적응
22212,val,1,1,1단계_완전_소외
22213,val,1,1,1단계_완전_소외
22214,val,0,2,2단계_부분_적응
22215,val,1,1,1단계_완전_소외
22216,val,2,3,3단계_자립_적응
22217,val,1,1,1단계_완전_소외
22218,val,0,2,2단계_부분_적응
22219,val,2,3,3단계_자립_적응
22220,val,0,2,2단계_부분_적응
22221,val,0,2,2단계_부분_적응
22222,val,1,1,1단계_완전_소외
22223,val,2,3,3단계_자립_적응
22224,val,1,1,1단계_완전_소외
22225,val,0,2,2단계_부분_적응
22226,val,1,1,1단계_완전_소외
22227,val,1,1,1단계_완전_소외
22228,val,1,1,1단계_완전_소외
22229,val,1,1,1단계_완전_소외
22230,val,2,3,3단계_자립_적응
22231,val,0,2,2단계_부분_적응
22232,val,1,1,1단계_완전_소외
22233,val,0,2,2단계_부분_적응
22234,val,2,3,3단계_자립_적응
22235,val,0,2,2단계_부분_적응
22236,val,1,1,1단계_완전_소외
22237,val,0,2,2단계_부분_적응
22238,val,0,2,2단계_부분_적응
22239,val,2,3,3단계_자립_적응
22240,val,1,1,1단계_완전_소외
22241,val,0,2,2단계_부분_적응
22242,val,0,2,2단계_부분_적응
22243,val,2,3,3단계_자립_적응
22244,val,1,1,1단계_완전_소외
22245,val,0,2,2단계_부분_적응
22246,val,0,2,2단계_부분_적응
22247,val,0,2,2단계_부분_적응
22248,val,1,1,1단계_완전_소외
22249,val,2,3,3단계_자립_적응
22250,val,0,2,2단계_부분_적응
22251,val,2,3,3단계_자립_적응
22252,val,0,2,2단계_부분_적응
22253,val,0,2,2단계_부분_적응
22254,val,1,1,1단계_완전_소외
22255,val,0,2,2단계_부분_적응
22256,val,0,2,2단계_부분_적응
22257,val,1,1,1단계_완전_소외
22258,val,1,1,1단계_완전_소외
22259,val,1,1,1단계_완전_소외
22260,val,1,1,1단계_완전_소외
22261,val,1,1,1단계_완전_소외
22262,val,0,2,2단계_부분_적응
22263,val,0,2,2단계_부분_적응
22264,val,1,1,1단계_완전_소외
22265,val,0,2,2단계_부분_적응
22266,val,0,2,2단계_부분_적응
22267,val,2,3,3단계_자립_적응
22268,val,0,2,2단계_부분_적응
22269,val,1,1,1단계_완전_소외
22270,val,0,2,2단계_부분_적응
22271,val,0,2,2단계_부분_적응
22272,val,2,3,3단계_자립_적응
22273,val,0,2,2단계_부분_적응
22274,val,1,1,1단계_완전_소외
22275,val,0,2,2단계_부분_적응
22276,val,1,1,1단계_완전_소외
22277,val,1,1,1단계_완전_소외
22278,val,0,2,2단계_부분_적응
22279,val,1,1,1단계_완전_소외
22280,val,1,1,1단계_완전_소외
22281,val,2,3,3단계_자립_적응
22282,val,2,3,3단계_자립_적응
22283,val,2,3,3단계_자립_적응
22284,val,0,2,2단계_부분_적응
22285,val,2,3,3단계_자립_적응
22286,val,1,1,1단계_완전_소외
22287,val,0,2,2단계_부분_적응
22288,val,2,3,3단계_자립_적응
22289,val,1,1,1단계_완전_소외
22290,val,1,1,1단계_완전_소외
22291,val,0,2,2단계_부분_적응
22292,val,2,3,3단계_자립_적응
22293,val,1,1,1단계_완전_소외
22294,val,1,1,1단계_완전_소외
22295,val,1,1,1단계_완전_소외
22296,val,0,2,2단계_부분_적응
22297,val,0,2,2단계_부분_적응
22298,val,0,2,2단계_부분_적응
22299,val,0,2,2단계_부분_적응
22300,val,0,2,2단계_부분_적응
22301,val,1,1,1단계_완전_소외
22302,val,2,3,3단계_자립_적응
22303,val,0,2,2단계_부분_적응
22304,val,0,2,2단계_부분_적응
22305,val,0,2,2단계_부분_적응
22306,val,1,1,1단계_완전_소외
22307,val,0,2,2단계_부분_적응
22308,val,0,2,2단계_부분_적응
22309,val,2,3,3단계_자립_적응
22310,val,1,1,1단계_완전_소외
22311,val,0,2,2단계_부분_적응
22312,val,0,2,2단계_부분_적응
22313,val,1,1,1단계_완전_소외
22314,val,0,2,2단계_부분_적응
22315,val,0,2,2단계_부분_적응
22316,val,0,2,2단계_부분_적응
22317,val,0,2,2단계_부분_적응
22318,val,0,2,2단계_부분_적응
22319,val,0,2,2단계_부분_적응
22320,val,0,2,2단계_부분_적응
22321,val,0,2,2단계_부분_적응
22322,val,1,1,1단계_완전_소외
22323,val,2,3,3단계_자립_적응
22324,val,0,2,2단계_부분_적응
22325,val,2,3,3단계_자립_적응
22326,val,2,3,3단계_자립_적응
22327,val,0,2,2단계_부분_적응
22328,val,2,3,3단계_자립_적응
22329,val,0,2,2단계_부분_적응
22330,val,2,3,3단계_자립_적응
22331,val,2,3,3단계_자립_적응
22332,val,1,1,1단계_완전_소외
22333,val,2,3,3단계_자립_적응
22334,val,1,1,1단계_완전_소외
22335,val,0,2,2단계_부분_적응
22336,val,0,2,2단계_부분_적응
22337,val,0,2,2단계_부분_적응
22338,val,1,1,1단계_완전_소외
22339,val,0,2,2단계_부분_적응
22340,val,0,2,2단계_부분_적응
22341,val,1,1,1단계_완전_소외
22342,val,1,1,1단계_완전_소외
22343,val,2,3,3단계_자립_적응
22344,val,1,1,1단계_완전_소외
22345,val,0,2,2단계_부분_적응
22346,val,0,2,2단계_부분_적응
22347,val,2,3,3단계_자립_적응
22348,val,1,1,1단계_완전_소외
22349,val,0,2,2단계_부분_적응
22350,val,0,2,2단계_부분_적응
22351,val,0,2,2단계_부분_적응
22352,val,1,1,1단계_완전_소외
22353,val,1,1,1단계_완전_소외
22354,val,1,1,1단계_완전_소외
22355,val,1,1,1단계_완전_소외
22356,val,1,1,1단계_완전_소외
22357,val,2,3,3단계_자립_적응
22358,val,2,3,3단계_자립_적응
22359,val,1,1,1단계_완전_소외
22360,val,2,3,3단계_자립_적응
22361,val,2,3,3단계_자립_적응
22362,val,0,2,2단계_부분_적응
22363,val,1,1,1단계_완전_소외
22364,val,0,2,2단계_부분_적응
22365,val,1,1,1단계_완전_소외
22366,val,2,3,3단계_자립_적응
22367,val,2,3,3단계_자립_적응
22368,val,2,3,3단계_자립_적응
22369,val,1,1,1단계_완전_소외
22370,val,0,2,2단계_부분_적응
22371,val,1,1,1단계_완전_소외
22372,val,0,2,2단계_부분_적응
22373,val,0,2,2단계_부분_적응
22374,val,2,3,3단계_자립_적응
22375,val,0,2,2단계_부분_적응
22376,val,2,3,3단계_자립_적응
22377,val,2,3,3단계_자립_적응
22378,val,0,2,2단계_부분_적응
22379,val,0,2,2단계_부분_적응
22380,val,2,3,3단계_자립_적응
22381,val,0,2,2단계_부분_적응
22382,val,1,1,1단계_완전_소외
22383,val,1,1,1단계_완전_소외
22384,val,1,1,1단계_완전_소외
22385,val,0,2,2단계_부분_적응
22386,val,2,3,3단계_자립_적응
22387,val,1,1,1단계_완전_소외
22388,val,2,3,3단계_자립_적응
22389,val,0,2,2단계_부분_적응
22390,val,0,2,2단계_부분_적응
22391,val,0,2,2단계_부분_적응
22392,val,2,3,3단계_자립_적응
22393,val,2,3,3단계_자립_적응
22394,val,0,2,2단계_부분_적응
22395,val,2,3,3단계_자립_적응
22396,val,0,2,2단계_부분_적응
22397,val,0,2,2단계_부분_적응
22398,val,1,1,1단계_완전_소외
22399,val,1,1,1단계_완전_소외
22400,val,0,2,2단계_부분_적응
22401,val,0,2,2단계_부분_적응
22402,val,1,1,1단계_완전_소외
22403,val,1,1,1단계_완전_소외
22404,val,0,2,2단계_부분_적응
22405,val,0,2,2단계_부분_적응
22406,val,1,1,1단계_완전_소외
22407,val,1,1,1단계_완전_소외
22408,val,1,1,1단계_완전_소외
22409,val,0,2,2단계_부분_적응
22410,val,1,1,1단계_완전_소외
22411,val,1,1,1단계_완전_소외
22412,val,1,1,1단계_완전_소외
22413,val,1,1,1단계_완전_소외
22414,val,2,3,3단계_자립_적응
22415,val,1,1,1단계_완전_소외
22416,val,0,2,2단계_부분_적응
22417,val,0,2,2단계_부분_적응
22418,val,2,3,3단계_자립_적응
22419,val,2,3,3단계_자립_적응
22420,val,0,2,2단계_부분_적응
22421,val,0,2,2단계_부분_적응
22422,val,2,3,3단계_자립_적응
22423,val,1,1,1단계_완전_소외
22424,val,0,2,2단계_부분_적응
22425,val,0,2,2단계_부분_적응
22426,val,1,1,1단계_완전_소외
22427,val,2,3,3단계_자립_적응
22428,val,0,2,2단계_부분_적응
22429,val,0,2,2단계_부분_적응
22430,val,1,1,1단계_완전_소외
22431,val,1,1,1단계_완전_소외
22432,val,1,1,1단계_완전_소외
22433,val,0,2,2단계_부분_적응
22434,val,1,1,1단계_완전_소외
22435,val,1,1,1단계_완전_소외
22436,val,2,3,3단계_자립_적응
22437,val,1,1,1단계_완전_소외
22438,val,0,2,2단계_부분_적응
22439,val,0,2,2단계_부분_적응
22440,val,0,2,2단계_부분_적응
22441,val,2,3,3단계_자립_적응
22442,val,0,2,2단계_부분_적응
22443,val,2,3,3단계_자립_적응
22444,val,1,1,1단계_완전_소외
22445,val,2,3,3단계_자립_적응
22446,val,2,3,3단계_자립_적응
22447,val,2,3,3단계_자립_적응
22448,val,1,1,1단계_완전_소외
22449,val,0,2,2단계_부분_적응
22450,val,1,1,1단계_완전_소외
22451,val,2,3,3단계_자립_적응
22452,val,1,1,1단계_완전_소외
22453,val,1,1,1단계_완전_소외
22454,val,0,2,2단계_부분_적응
22455,val,0,2,2단계_부분_적응
22456,val,0,2,2단계_부분_적응
22457,val,1,1,1단계_완전_소외
22458,val,0,2,2단계_부분_적응
22459,val,0,2,2단계_부분_적응
22460,val,0,2,2단계_부분_적응
22461,val,1,1,1단계_완전_소외
22462,val,0,2,2단계_부분_적응
22463,val,0,2,2단계_부분_적응
22464,val,0,2,2단계_부분_적응
22465,val,2,3,3단계_자립_적응
22466,val,1,1,1단계_완전_소외
22467,val,1,1,1단계_완전_소외
22468,val,0,2,2단계_부분_적응
22469,val,1,1,1단계_완전_소외
22470,val,2,3,3단계_자립_적응
22471,val,1,1,1단계_완전_소외
22472,val,1,1,1단계_완전_소외
22473,val,2,3,3단계_자립_적응
22474,val,1,1,1단계_완전_소외
22475,val,0,2,2단계_부분_적응
22476,val,0,2,2단계_부분_적응
22477,val,0,2,2단계_부분_적응
22478,val,0,2,2단계_부분_적응
22479,val,1,1,1단계_완전_소외
22480,val,0,2,2단계_부분_적응
22481,val,0,2,2단계_부분_적응
22482,val,1,1,1단계_완전_소외
22483,val,1,1,1단계_완전_소외
22484,val,1,1,1단계_완전_소외
22485,val,2,3,3단계_자립_적응
22486,val,0,2,2단계_부분_적응
22487,val,1,1,1단계_완전_소외
22488,val,2,3,3단계_자립_적응
22489,val,0,2,2단계_부분_적응
22490,val,0,2,2단계_부분_적응
22491,val,0,2,2단계_부분_적응
22492,val,0,2,2단계_부분_적응
22493,val,0,2,2단계_부분_적응
22494,val,1,1,1단계_완전_소외
22495,val,0,2,2단계_부분_적응
22496,val,2,3,3단계_자립_적응
22497,val,0,2,2단계_부분_적응
22498,val,0,2,2단계_부분_적응
22499,val,2,3,3단계_자립_적응
22500,val,1,1,1단계_완전_소외
22501,val,1,1,1단계_완전_소외
22502,val,1,1,1단계_완전_소외
22503,val,1,1,1단계_완전_소외
22504,val,0,2,2단계_부분_적응
22505,val,0,2,2단계_부분_적응
22506,val,0,2,2단계_부분_적응
22507,val,0,2,2단계_부분_적응
22508,val,0,2,2단계_부분_적응
22509,val,2,3,3단계_자립_적응
22510,val,1,1,1단계_완전_소외
22511,val,2,3,3단계_자립_적응
22512,val,1,1,1단계_완전_소외
22513,val,0,2,2단계_부분_적응
22514,val,1,1,1단계_완전_소외
22515,val,1,1,1단계_완전_소외
22516,val,2,3,3단계_자립_적응
22517,val,2,3,3단계_자립_적응
22518,val,2,3,3단계_자립_적응
22519,val,2,3,3단계_자립_적응
22520,val,1,1,1단계_완전_소외
22521,val,0,2,2단계_부분_적응
22522,val,1,1,1단계_완전_소외
22523,val,2,3,3단계_자립_적응
22524,val,1,1,1단계_완전_소외
22525,val,2,3,3단계_자립_적응
22526,val,0,2,2단계_부분_적응
22527,val,2,3,3단계_자립_적응
22528,val,2,3,3단계_자립_적응
22529,val,2,3,3단계_자립_적응
22530,val,2,3,3단계_자립_적응
22531,val,0,2,2단계_부분_적응
22532,val,2,3,3단계_자립_적응
22533,val,1,1,1단계_완전_소외
22534,val,0,2,2단계_부분_적응
22535,val,2,3,3단계_자립_적응
22536,val,0,2,2단계_부분_적응
22537,val,0,2,2단계_부분_적응
22538,val,1,1,1단계_완전_소외
22539,val,1,1,1단계_완전_소외
22540,val,1,1,1단계_완전_소외
22541,val,1,1,1단계_완전_소외
22542,val,1,1,1단계_완전_소외
22543,val,2,3,3단계_자립_적응
22544,val,1,1,1단계_완전_소외
22545,val,0,2,2단계_부분_적응
22546,val,2,3,3단계_자립_적응
22547,val,1,1,1단계_완전_소외
22548,val,1,1,1단계_완전_소외
22549,val,1,1,1단계_완전_소외
22550,val,1,1,1단계_완전_소외
22551,val,0,2,2단계_부분_적응
22552,val,1,1,1단계_완전_소외
22553,val,1,1,1단계_완전_소외
22554,val,2,3,3단계_자립_적응
22555,val,0,2,2단계_부분_적응
22556,val,0,2,2단계_부분_적응
22557,val,2,3,3단계_자립_적응
22558,val,2,3,3단계_자립_적응
22559,val,2,3,3단계_자립_적응
22560,val,2,3,3단계_자립_적응
22561,val,2,3,3단계_자립_적응
22562,val,0,2,2단계_부분_적응
22563,val,0,2,2단계_부분_적응
22564,val,2,3,3단계_자립_적응
22565,val,1,1,1단계_완전_소외
22566,val,2,3,3단계_자립_적응
22567,val,0,2,2단계_부분_적응
22568,val,2,3,3단계_자립_적응
22569,val,1,1,1단계_완전_소외
22570,val,1,1,1단계_완전_소외
22571,val,0,2,2단계_부분_적응
22572,val,0,2,2단계_부분_적응
22573,val,1,1,1단계_완전_소외
22574,val,2,3,3단계_자립_적응
22575,val,2,3,3단계_자립_적응
22576,val,0,2,2단계_부분_적응
22577,val,2,3,3단계_자립_적응
22578,val,1,1,1단계_완전_소외
22579,val,0,2,2단계_부분_적응
22580,val,0,2,2단계_부분_적응
22581,val,0,2,2단계_부분_적응
22582,val,1,1,1단계_완전_소외
22583,val,1,1,1단계_완전_소외
22584,val,0,2,2단계_부분_적응
22585,val,0,2,2단계_부분_적응
22586,val,2,3,3단계_자립_적응
22587,val,1,1,1단계_완전_소외
22588,val,1,1,1단계_완전_소외
22589,val,1,1,1단계_완전_소외
22590,val,2,3,3단계_자립_적응
22591,val,0,2,2단계_부분_적응
22592,val,2,3,3단계_자립_적응
22593,val,0,2,2단계_부분_적응
22594,val,1,1,1단계_완전_소외
22595,val,1,1,1단계_완전_소외
22596,val,1,1,1단계_완전_소외
22597,val,0,2,2단계_부분_적응
22598,val,2,3,3단계_자립_적응
22599,val,1,1,1단계_완전_소외
22600,val,0,2,2단계_부분_적응
22601,val,1,1,1단계_완전_소외
22602,val,1,1,1단계_완전_소외
22603,val,0,2,2단계_부분_적응
22604,val,0,2,2단계_부분_적응
22605,val,0,2,2단계_부분_적응
22606,val,1,1,1단계_완전_소외
22607,val,2,3,3단계_자립_적응
22608,val,0,2,2단계_부분_적응
22609,val,0,2,2단계_부분_적응
22610,val,0,2,2단계_부분_적응
22611,val,2,3,3단계_자립_적응
22612,val,2,3,3단계_자립_적응
22613,val,0,2,2단계_부분_적응
22614,val,1,1,1단계_완전_소외
22615,val,2,3,3단계_자립_적응
22616,val,0,2,2단계_부분_적응
22617,val,0,2,2단계_부분_적응
22618,val,1,1,1단계_완전_소외
22619,val,0,2,2단계_부분_적응
22620,val,1,1,1단계_완전_소외
22621,val,2,3,3단계_자립_적응
22622,val,2,3,3단계_자립_적응
22623,val,0,2,2단계_부분_적응
22624,val,1,1,1단계_완전_소외
22625,val,1,1,1단계_완전_소외
22626,val,0,2,2단계_부분_적응
22627,val,2,3,3단계_자립_적응
22628,val,2,3,3단계_자립_적응
22629,val,1,1,1단계_완전_소외
22630,val,0,2,2단계_부분_적응
22631,val,2,3,3단계_자립_적응
22632,val,0,2,2단계_부분_적응
22633,val,2,3,3단계_자립_적응
22634,val,1,1,1단계_완전_소외
22635,val,2,3,3단계_자립_적응
22636,val,0,2,2단계_부분_적응
22637,val,0,2,2단계_부분_적응
22638,val,2,3,3단계_자립_적응
22639,val,1,1,1단계_완전_소외
22640,val,1,1,1단계_완전_소외
22641,val,0,2,2단계_부분_적응
22642,val,2,3,3단계_자립_적응
22643,val,2,3,3단계_자립_적응
22644,val,0,2,2단계_부분_적응
22645,val,1,1,1단계_완전_소외
22646,val,2,3,3단계_자립_적응
22647,val,1,1,1단계_완전_소외
22648,val,0,2,2단계_부분_적응
22649,val,0,2,2단계_부분_적응
22650,val,0,2,2단계_부분_적응
22651,val,1,1,1단계_완전_소외
22652,val,0,2,2단계_부분_적응
22653,val,1,1,1단계_완전_소외
22654,val,0,2,2단계_부분_적응
22655,val,0,2,2단계_부분_적응
22656,val,0,2,2단계_부분_적응
22657,val,1,1,1단계_완전_소외
22658,val,2,3,3단계_자립_적응
22659,val,0,2,2단계_부분_적응
22660,val,1,1,1단계_완전_소외
22661,val,2,3,3단계_자립_적응
22662,val,0,2,2단계_부분_적응
22663,val,1,1,1단계_완전_소외
22664,val,0,2,2단계_부분_적응
22665,val,1,1,1단계_완전_소외
22666,val,0,2,2단계_부분_적응
22667,val,0,2,2단계_부분_적응
22668,val,2,3,3단계_자립_적응
22669,val,0,2,2단계_부분_적응
22670,val,1,1,1단계_완전_소외
22671,val,2,3,3단계_자립_적응
22672,val,1,1,1단계_완전_소외
22673,val,0,2,2단계_부분_적응
22674,val,1,1,1단계_완전_소외
22675,val,0,2,2단계_부분_적응
22676,val,1,1,1단계_완전_소외
22677,val,1,1,1단계_완전_소외
22678,val,2,3,3단계_자립_적응
22679,val,0,2,2단계_부분_적응
22680,val,0,2,2단계_부분_적응
22681,val,2,3,3단계_자립_적응
22682,val,1,1,1단계_완전_소외
22683,val,2,3,3단계_자립_적응
22684,val,2,3,3단계_자립_적응
22685,val,1,1,1단계_완전_소외
22686,val,1,1,1단계_완전_소외
22687,val,0,2,2단계_부분_적응
22688,val,1,1,1단계_완전_소외
22689,val,0,2,2단계_부분_적응
22690,val,2,3,3단계_자립_적응
22691,val,0,2,2단계_부분_적응
22692,val,1,1,1단계_완전_소외
22693,val,1,1,1단계_완전_소외
22694,val,0,2,2단계_부분_적응
22695,val,0,2,2단계_부분_적응
22696,val,1,1,1단계_완전_소외
22697,val,2,3,3단계_자립_적응
22698,val,0,2,2단계_부분_적응
22699,val,0,2,2단계_부분_적응
22700,val,1,1,1단계_완전_소외
22701,val,2,3,3단계_자립_적응
22702,val,1,1,1단계_완전_소외
22703,val,1,1,1단계_완전_소외
22704,val,1,1,1단계_완전_소외
22705,val,0,2,2단계_부분_적응
22706,val,0,2,2단계_부분_적응
22707,val,1,1,1단계_완전_소외
22708,val,2,3,3단계_자립_적응
22709,val,2,3,3단계_자립_적응
22710,val,0,2,2단계_부분_적응
22711,val,0,2,2단계_부분_적응
22712,val,2,3,3단계_자립_적응
22713,val,2,3,3단계_자립_적응
22714,val,1,1,1단계_완전_소외
22715,val,0,2,2단계_부분_적응
22716,val,2,3,3단계_자립_적응
22717,val,0,2,2단계_부분_적응
22718,val,2,3,3단계_자립_적응
22719,val,0,2,2단계_부분_적응
22720,val,0,2,2단계_부분_적응
22721,val,1,1,1단계_완전_소외
22722,val,2,3,3단계_자립_적응
22723,val,0,2,2단계_부분_적응
22724,val,2,3,3단계_자립_적응
22725,val,0,2,2단계_부분_적응
22726,val,1,1,1단계_완전_소외
22727,val,2,3,3단계_자립_적응
22728,val,1,1,1단계_완전_소외
22729,val,2,3,3단계_자립_적응
22730,val,1,1,1단계_완전_소외
22731,val,0,2,2단계_부분_적응
22732,val,0,2,2단계_부분_적응
22733,val,1,1,1단계_완전_소외
22734,val,1,1,1단계_완전_소외
22735,val,2,3,3단계_자립_적응
22736,val,0,2,2단계_부분_적응
22737,val,0,2,2단계_부분_적응
22738,val,1,1,1단계_완전_소외
22739,val,2,3,3단계_자립_적응
22740,val,0,2,2단계_부분_적응
22741,val,1,1,1단계_완전_소외
22742,val,2,3,3단계_자립_적응
22743,val,2,3,3단계_자립_적응
22744,val,0,2,2단계_부분_적응
22745,val,1,1,1단계_완전_소외
22746,val,0,2,2단계_부분_적응
22747,val,2,3,3단계_자립_적응
22748,val,0,2,2단계_부분_적응
22749,val,1,1,1단계_완전_소외
22750,val,1,1,1단계_완전_소외
22751,val,0,2,2단계_부분_적응
22752,val,1,1,1단계_완전_소외
22753,val,1,1,1단계_완전_소외
22754,val,2,3,3단계_자립_적응
22755,val,0,2,2단계_부분_적응
22756,val,0,2,2단계_부분_적응
22757,val,2,3,3단계_자립_적응
22758,val,0,2,2단계_부분_적응
22759,val,0,2,2단계_부분_적응
22760,val,2,3,3단계_자립_적응
22761,val,0,2,2단계_부분_적응
22762,val,1,1,1단계_완전_소외
22763,val,1,1,1단계_완전_소외
22764,val,0,2,2단계_부분_적응
22765,val,2,3,3단계_자립_적응
22766,val,2,3,3단계_자립_적응
22767,val,0,2,2단계_부분_적응
22768,val,2,3,3단계_자립_적응
22769,val,1,1,1단계_완전_소외
22770,val,0,2,2단계_부분_적응
22771,val,1,1,1단계_완전_소외
22772,val,1,1,1단계_완전_소외
22773,val,1,1,1단계_완전_소외
22774,val,0,2,2단계_부분_적응
22775,val,0,2,2단계_부분_적응
22776,val,1,1,1단계_완전_소외
22777,val,0,2,2단계_부분_적응
22778,val,0,2,2단계_부분_적응
22779,val,2,3,3단계_자립_적응
22780,val,0,2,2단계_부분_적응
22781,val,1,1,1단계_완전_소외
22782,val,0,2,2단계_부분_적응
22783,val,2,3,3단계_자립_적응
22784,val,0,2,2단계_부분_적응
22785,val,1,1,1단계_완전_소외
22786,val,1,1,1단계_완전_소외
22787,val,0,2,2단계_부분_적응
22788,val,0,2,2단계_부분_적응
22789,val,1,1,1단계_완전_소외
22790,val,0,2,2단계_부분_적응
22791,val,1,1,1단계_완전_소외
22792,val,1,1,1단계_완전_소외
22793,val,0,2,2단계_부분_적응
22794,val,0,2,2단계_부분_적응
22795,val,0,2,2단계_부분_적응
22796,val,0,2,2단계_부분_적응
22797,val,1,1,1단계_완전_소외
22798,val,1,1,1단계_완전_소외
22799,val,0,2,2단계_부분_적응
22800,val,1,1,1단계_완전_소외
22801,val,1,1,1단계_완전_소외
22802,val,0,2,2단계_부분_적응
22803,val,1,1,1단계_완전_소외
22804,val,1,1,1단계_완전_소외
22805,val,1,1,1단계_완전_소외
22806,val,1,1,1단계_완전_소외
22807,val,1,1,1단계_완전_소외
22808,val,2,3,3단계_자립_적응
22809,val,1,1,1단계_완전_소외
22810,val,2,3,3단계_자립_적응
22811,val,1,1,1단계_완전_소외
22812,val,2,3,3단계_자립_적응
22813,val,0,2,2단계_부분_적응
22814,val,1,1,1단계_완전_소외
22815,val,0,2,2단계_부분_적응
22816,val,1,1,1단계_완전_소외
22817,val,2,3,3단계_자립_적응
22818,val,2,3,3단계_자립_적응
22819,val,0,2,2단계_부분_적응
22820,val,0,2,2단계_부분_적응
22821,val,0,2,2단계_부분_적응
22822,val,0,2,2단계_부분_적응
22823,val,0,2,2단계_부분_적응
22824,val,1,1,1단계_완전_소외
22825,val,1,1,1단계_완전_소외
22826,val,0,2,2단계_부분_적응
22827,val,1,1,1단계_완전_소외
22828,val,1,1,1단계_완전_소외
22829,val,1,1,1단계_완전_소외
22830,val,1,1,1단계_완전_소외
22831,val,0,2,2단계_부분_적응
22832,val,0,2,2단계_부분_적응
22833,val,1,1,1단계_완전_소외
22834,val,1,1,1단계_완전_소외
22835,val,1,1,1단계_완전_소외
22836,val,1,1,1단계_완전_소외
22837,val,1,1,1단계_완전_소외
22838,val,1,1,1단계_완전_소외
22839,val,1,1,1단계_완전_소외
22840,val,2,3,3단계_자립_적응
22841,val,2,3,3단계_자립_적응
22842,val,1,1,1단계_완전_소외
22843,val,0,2,2단계_부분_적응
22844,val,1,1,1단계_완전_소외
22845,val,1,1,1단계_완전_소외
22846,val,1,1,1단계_완전_소외
22847,val,1,1,1단계_완전_소외
22848,val,2,3,3단계_자립_적응
22849,val,2,3,3단계_자립_적응
22850,val,0,2,2단계_부분_적응
22851,val,1,1,1단계_완전_소외
22852,val,0,2,2단계_부분_적응
22853,val,2,3,3단계_자립_적응
22854,val,2,3,3단계_자립_적응
22855,val,0,2,2단계_부분_적응
22856,val,0,2,2단계_부분_적응
22857,val,0,2,2단계_부분_적응
22858,val,0,2,2단계_부분_적응
22859,val,2,3,3단계_자립_적응
22860,val,2,3,3단계_자립_적응
22861,val,1,1,1단계_완전_소외
22862,val,0,2,2단계_부분_적응
22863,val,0,2,2단계_부분_적응
22864,val,0,2,2단계_부분_적응
22865,val,1,1,1단계_완전_소외
22866,val,1,1,1단계_완전_소외
22867,val,1,1,1단계_완전_소외
22868,val,0,2,2단계_부분_적응
22869,val,1,1,1단계_완전_소외
22870,val,2,3,3단계_자립_적응
22871,val,0,2,2단계_부분_적응
22872,val,1,1,1단계_완전_소외
22873,val,2,3,3단계_자립_적응
22874,val,1,1,1단계_완전_소외
22875,val,0,2,2단계_부분_적응
22876,val,1,1,1단계_완전_소외
22877,val,1,1,1단계_완전_소외
22878,val,0,2,2단계_부분_적응
22879,val,2,3,3단계_자립_적응
22880,val,0,2,2단계_부분_적응
22881,val,1,1,1단계_완전_소외
22882,val,2,3,3단계_자립_적응
22883,val,1,1,1단계_완전_소외
22884,val,1,1,1단계_완전_소외
22885,val,1,1,1단계_완전_소외
22886,val,1,1,1단계_완전_소외
22887,val,1,1,1단계_완전_소외
22888,val,1,1,1단계_완전_소외
22889,val,1,1,1단계_완전_소외
22890,val,2,3,3단계_자립_적응
22891,val,2,3,3단계_자립_적응
22892,val,1,1,1단계_완전_소외
22893,val,2,3,3단계_자립_적응
22894,val,0,2,2단계_부분_적응
22895,val,0,2,2단계_부분_적응
22896,val,1,1,1단계_완전_소외
22897,val,1,1,1단계_완전_소외
22898,val,0,2,2단계_부분_적응
22899,val,2,3,3단계_자립_적응
22900,val,1,1,1단계_완전_소외
22901,val,1,1,1단계_완전_소외
22902,val,1,1,1단계_완전_소외
22903,val,0,2,2단계_부분_적응
22904,val,2,3,3단계_자립_적응
22905,val,1,1,1단계_완전_소외
22906,val,1,1,1단계_완전_소외
22907,val,1,1,1단계_완전_소외
22908,val,0,2,2단계_부분_적응
22909,val,0,2,2단계_부분_적응
22910,val,0,2,2단계_부분_적응
22911,val,2,3,3단계_자립_적응
22912,val,2,3,3단계_자립_적응
22913,val,0,2,2단계_부분_적응
22914,val,0,2,2단계_부분_적응
22915,val,0,2,2단계_부분_적응
22916,val,2,3,3단계_자립_적응
22917,val,1,1,1단계_완전_소외
22918,val,2,3,3단계_자립_적응
22919,val,0,2,2단계_부분_적응
22920,val,1,1,1단계_완전_소외
22921,val,0,2,2단계_부분_적응
22922,val,0,2,2단계_부분_적응
22923,val,1,1,1단계_완전_소외
22924,val,1,1,1단계_완전_소외
22925,val,2,3,3단계_자립_적응
22926,val,2,3,3단계_자립_적응
22927,val,0,2,2단계_부분_적응
22928,val,1,1,1단계_완전_소외
22929,val,1,1,1단계_완전_소외
22930,val,2,3,3단계_자립_적응
22931,val,0,2,2단계_부분_적응
22932,val,1,1,1단계_완전_소외
22933,val,0,2,2단계_부분_적응
22934,val,1,1,1단계_완전_소외
22935,val,1,1,1단계_완전_소외
22936,val,0,2,2단계_부분_적응
22937,val,1,1,1단계_완전_소외
22938,val,2,3,3단계_자립_적응
22939,val,0,2,2단계_부분_적응
22940,val,0,2,2단계_부분_적응
22941,val,1,1,1단계_완전_소외
22942,val,0,2,2단계_부분_적응
22943,val,0,2,2단계_부분_적응
22944,val,2,3,3단계_자립_적응
22945,val,2,3,3단계_자립_적응
22946,val,0,2,2단계_부분_적응
22947,val,2,3,3단계_자립_적응
22948,val,0,2,2단계_부분_적응
22949,val,0,2,2단계_부분_적응
22950,val,2,3,3단계_자립_적응
22951,val,2,3,3단계_자립_적응
22952,val,0,2,2단계_부분_적응
22953,val,2,3,3단계_자립_적응
22954,val,1,1,1단계_완전_소외
22955,val,1,1,1단계_완전_소외
22956,val,1,1,1단계_완전_소외
22957,val,1,1,1단계_완전_소외
22958,val,0,2,2단계_부분_적응
22959,val,2,3,3단계_자립_적응
22960,val,2,3,3단계_자립_적응
22961,val,0,2,2단계_부분_적응
22962,val,0,2,2단계_부분_적응
22963,val,1,1,1단계_완전_소외
22964,val,2,3,3단계_자립_적응
22965,val,1,1,1단계_완전_소외
22966,val,2,3,3단계_자립_적응
22967,val,0,2,2단계_부분_적응
22968,val,2,3,3단계_자립_적응
22969,val,0,2,2단계_부분_적응
22970,val,2,3,3단계_자립_적응
22971,val,1,1,1단계_완전_소외
22972,val,1,1,1단계_완전_소외
22973,val,1,1,1단계_완전_소외
22974,val,2,3,3단계_자립_적응
22975,val,2,3,3단계_자립_적응
22976,val,1,1,1단계_완전_소외
22977,val,0,2,2단계_부분_적응
22978,val,0,2,2단계_부분_적응
22979,val,0,2,2단계_부분_적응
22980,val,0,2,2단계_부분_적응
22981,val,1,1,1단계_완전_소외
22982,val,0,2,2단계_부분_적응
22983,val,0,2,2단계_부분_적응
22984,val,2,3,3단계_자립_적응
22985,val,1,1,1단계_완전_소외
22986,val,2,3,3단계_자립_적응
22987,val,2,3,3단계_자립_적응
22988,val,0,2,2단계_부분_적응
22989,val,1,1,1단계_완전_소외
22990,val,1,1,1단계_완전_소외
22991,val,2,3,3단계_자립_적응
22992,val,0,2,2단계_부분_적응
22993,val,1,1,1단계_완전_소외
22994,val,0,2,2단계_부분_적응
22995,val,0,2,2단계_부분_적응
22996,val,2,3,3단계_자립_적응
22997,val,0,2,2단계_부분_적응
22998,val,0,2,2단계_부분_적응
22999,val,0,2,2단계_부분_적응
23000,val,0,2,2단계_부분_적응
23001,val,2,3,3단계_자립_적응
23002,val,0,2,2단계_부분_적응
23003,val,2,3,3단계_자립_적응
23004,val,1,1,1단계_완전_소외
23005,val,0,2,2단계_부분_적응
23006,val,1,1,1단계_완전_소외
23007,val,2,3,3단계_자립_적응
23008,val,2,3,3단계_자립_적응
23009,val,1,1,1단계_완전_소외
23010,val,0,2,2단계_부분_적응
23011,val,1,1,1단계_완전_소외
23012,val,1,1,1단계_완전_소외
23013,val,0,2,2단계_부분_적응
23014,val,2,3,3단계_자립_적응
23015,val,2,3,3단계_자립_적응
23016,val,0,2,2단계_부분_적응
23017,val,2,3,3단계_자립_적응
23018,val,1,1,1단계_완전_소외
23019,val,1,1,1단계_완전_소외
23020,val,1,1,1단계_완전_소외
23021,val,2,3,3단계_자립_적응
23022,val,0,2,2단계_부분_적응
23023,val,2,3,3단계_자립_적응
23024,val,2,3,3단계_자립_적응
23025,val,2,3,3단계_자립_적응
23026,val,0,2,2단계_부분_적응
23027,val,1,1,1단계_완전_소외
23028,val,0,2,2단계_부분_적응
23029,val,1,1,1단계_완전_소외
23030,val,1,1,1단계_완전_소외
23031,val,0,2,2단계_부분_적응
23032,val,1,1,1단계_완전_소외
23033,val,2,3,3단계_자립_적응
23034,val,1,1,1단계_완전_소외
23035,val,1,1,1단계_완전_소외
23036,val,1,1,1단계_완전_소외
23037,val,2,3,3단계_자립_적응
23038,val,0,2,2단계_부분_적응
23039,val,1,1,1단계_완전_소외
23040,val,1,1,1단계_완전_소외
23041,val,1,1,1단계_완전_소외
23042,val,0,2,2단계_부분_적응
23043,val,2,3,3단계_자립_적응
23044,val,0,2,2단계_부분_적응
23045,val,0,2,2단계_부분_적응
23046,val,2,3,3단계_자립_적응
23047,val,1,1,1단계_완전_소외
23048,val,0,2,2단계_부분_적응
23049,val,2,3,3단계_자립_적응
23050,val,1,1,1단계_완전_소외
23051,val,2,3,3단계_자립_적응
23052,val,0,2,2단계_부분_적응
23053,val,0,2,2단계_부분_적응
23054,val,1,1,1단계_완전_소외
23055,val,1,1,1단계_완전_소외
23056,val,2,3,3단계_자립_적응
23057,val,1,1,1단계_완전_소외
23058,val,2,3,3단계_자립_적응
23059,val,0,2,2단계_부분_적응
23060,val,1,1,1단계_완전_소외
23061,val,2,3,3단계_자립_적응
23062,val,1,1,1단계_완전_소외
23063,val,2,3,3단계_자립_적응
23064,val,0,2,2단계_부분_적응
23065,val,0,2,2단계_부분_적응
23066,val,1,1,1단계_완전_소외
23067,val,2,3,3단계_자립_적응
23068,val,0,2,2단계_부분_적응
23069,val,0,2,2단계_부분_적응
23070,val,1,1,1단계_완전_소외
23071,val,2,3,3단계_자립_적응
23072,val,1,1,1단계_완전_소외
23073,val,2,3,3단계_자립_적응
23074,val,0,2,2단계_부분_적응
23075,val,0,2,2단계_부분_적응
23076,val,0,2,2단계_부분_적응
23077,val,0,2,2단계_부분_적응
23078,val,1,1,1단계_완전_소외
23079,val,0,2,2단계_부분_적응
23080,val,2,3,3단계_자립_적응
23081,val,0,2,2단계_부분_적응
23082,val,2,3,3단계_자립_적응
23083,val,1,1,1단계_완전_소외
23084,val,2,3,3단계_자립_적응
23085,val,1,1,1단계_완전_소외
23086,val,0,2,2단계_부분_적응
23087,val,2,3,3단계_자립_적응
23088,val,0,2,2단계_부분_적응
23089,val,1,1,1단계_완전_소외
23090,val,1,1,1단계_완전_소외
23091,val,2,3,3단계_자립_적응
23092,val,1,1,1단계_완전_소외
23093,val,0,2,2단계_부분_적응
23094,val,1,1,1단계_완전_소외
23095,val,1,1,1단계_완전_소외
23096,val,1,1,1단계_완전_소외
23097,val,0,2,2단계_부분_적응
23098,val,0,2,2단계_부분_적응
23099,val,0,2,2단계_부분_적응
23100,val,0,2,2단계_부분_적응
23101,val,2,3,3단계_자립_적응
23102,val,2,3,3단계_자립_적응
23103,val,0,2,2단계_부분_적응
23104,val,2,3,3단계_자립_적응
23105,val,1,1,1단계_완전_소외
23106,val,0,2,2단계_부분_적응
23107,val,1,1,1단계_완전_소외
23108,val,1,1,1단계_완전_소외
23109,val,2,3,3단계_자립_적응
23110,val,2,3,3단계_자립_적응
23111,val,2,3,3단계_자립_적응
23112,val,1,1,1단계_완전_소외
23113,val,2,3,3단계_자립_적응
23114,val,2,3,3단계_자립_적응
23115,val,0,2,2단계_부분_적응
23116,val,1,1,1단계_완전_소외
23117,val,2,3,3단계_자립_적응
23118,val,1,1,1단계_완전_소외
23119,val,2,3,3단계_자립_적응
23120,val,0,2,2단계_부분_적응
23121,val,1,1,1단계_완전_소외
23122,val,0,2,2단계_부분_적응
23123,val,0,2,2단계_부분_적응
23124,val,0,2,2단계_부분_적응
23125,val,2,3,3단계_자립_적응
23126,val,2,3,3단계_자립_적응
23127,val,1,1,1단계_완전_소외
23128,val,0,2,2단계_부분_적응
23129,val,0,2,2단계_부분_적응
23130,val,2,3,3단계_자립_적응
23131,val,0,2,2단계_부분_적응
23132,val,0,2,2단계_부분_적응
23133,val,1,1,1단계_완전_소외
23134,val,2,3,3단계_자립_적응
23135,val,0,2,2단계_부분_적응
23136,val,0,2,2단계_부분_적응
23137,val,0,2,2단계_부분_적응
23138,val,0,2,2단계_부분_적응
23139,val,0,2,2단계_부분_적응
23140,val,1,1,1단계_완전_소외
23141,val,1,1,1단계_완전_소외
23142,val,0,2,2단계_부분_적응
23143,val,2,3,3단계_자립_적응
23144,val,1,1,1단계_완전_소외
23145,val,1,1,1단계_완전_소외
23146,val,0,2,2단계_부분_적응
23147,val,1,1,1단계_완전_소외
23148,val,1,1,1단계_완전_소외
23149,val,2,3,3단계_자립_적응
23150,val,0,2,2단계_부분_적응
23151,val,1,1,1단계_완전_소외
23152,val,0,2,2단계_부분_적응
23153,val,0,2,2단계_부분_적응
23154,val,0,2,2단계_부분_적응
23155,val,0,2,2단계_부분_적응
23156,val,1,1,1단계_완전_소외
23157,val,0,2,2단계_부분_적응
23158,val,0,2,2단계_부분_적응
23159,val,1,1,1단계_완전_소외
23160,val,2,3,3단계_자립_적응
23161,val,1,1,1단계_완전_소외
23162,val,2,3,3단계_자립_적응
23163,val,2,3,3단계_자립_적응
23164,val,0,2,2단계_부분_적응
23165,val,0,2,2단계_부분_적응
23166,val,1,1,1단계_완전_소외
23167,val,1,1,1단계_완전_소외
23168,val,1,1,1단계_완전_소외
23169,val,2,3,3단계_자립_적응
23170,val,0,2,2단계_부분_적응
23171,val,2,3,3단계_자립_적응
23172,val,1,1,1단계_완전_소외
23173,val,0,2,2단계_부분_적응
23174,val,1,1,1단계_완전_소외
23175,val,0,2,2단계_부분_적응
23176,val,0,2,2단계_부분_적응
23177,val,2,3,3단계_자립_적응
23178,val,0,2,2단계_부분_적응
23179,val,2,3,3단계_자립_적응
23180,val,2,3,3단계_자립_적응
23181,val,1,1,1단계_완전_소외
23182,val,1,1,1단계_완전_소외
23183,val,0,2,2단계_부분_적응
23184,val,0,2,2단계_부분_적응
23185,val,1,1,1단계_완전_소외
23186,val,2,3,3단계_자립_적응
23187,val,1,1,1단계_완전_소외
23188,val,0,2,2단계_부분_적응
23189,val,2,3,3단계_자립_적응
23190,val,0,2,2단계_부분_적응
23191,val,2,3,3단계_자립_적응
23192,val,1,1,1단계_완전_소외
23193,val,1,1,1단계_완전_소외
23194,val,0,2,2단계_부분_적응
23195,val,1,1,1단계_완전_소외
23196,val,2,3,3단계_자립_적응
23197,val,0,2,2단계_부분_적응
23198,val,1,1,1단계_완전_소외
23199,val,0,2,2단계_부분_적응
23200,val,2,3,3단계_자립_적응
23201,val,1,1,1단계_완전_소외
23202,val,2,3,3단계_자립_적응
23203,val,0,2,2단계_부분_적응
23204,val,0,2,2단계_부분_적응
23205,val,1,1,1단계_완전_소외
23206,val,1,1,1단계_완전_소외
23207,val,0,2,2단계_부분_적응
23208,val,0,2,2단계_부분_적응
23209,val,0,2,2단계_부분_적응
23210,val,0,2,2단계_부분_적응
23211,val,2,3,3단계_자립_적응
23212,val,0,2,2단계_부분_적응
23213,val,0,2,2단계_부분_적응
23214,val,1,1,1단계_완전_소외
23215,val,0,2,2단계_부분_적응
23216,val,1,1,1단계_완전_소외
23217,val,2,3,3단계_자립_적응
23218,val,1,1,1단계_완전_소외
23219,val,1,1,1단계_완전_소외
23220,val,2,3,3단계_자립_적응
23221,val,1,1,1단계_완전_소외
23222,val,0,2,2단계_부분_적응
23223,val,0,2,2단계_부분_적응
23224,val,0,2,2단계_부분_적응
23225,val,1,1,1단계_완전_소외
23226,val,1,1,1단계_완전_소외
23227,val,0,2,2단계_부분_적응
23228,val,2,3,3단계_자립_적응
23229,val,0,2,2단계_부분_적응
23230,val,0,2,2단계_부분_적응
23231,val,2,3,3단계_자립_적응
23232,val,1,1,1단계_완전_소외
23233,val,0,2,2단계_부분_적응
23234,val,1,1,1단계_완전_소외
23235,val,2,3,3단계_자립_적응
23236,val,1,1,1단계_완전_소외
23237,val,1,1,1단계_완전_소외
23238,val,2,3,3단계_자립_적응
23239,val,1,1,1단계_완전_소외
23240,val,1,1,1단계_완전_소외
23241,val,0,2,2단계_부분_적응
23242,val,2,3,3단계_자립_적응
23243,val,0,2,2단계_부분_적응
23244,val,0,2,2단계_부분_적응
23245,val,0,2,2단계_부분_적응
23246,val,0,2,2단계_부분_적응
23247,val,0,2,2단계_부분_적응
23248,val,1,1,1단계_완전_소외
23249,val,1,1,1단계_완전_소외
23250,val,0,2,2단계_부분_적응
23251,val,2,3,3단계_자립_적응
23252,val,2,3,3단계_자립_적응
23253,val,1,1,1단계_완전_소외
23254,val,1,1,1단계_완전_소외
23255,val,1,1,1단계_완전_소외
23256,val,1,1,1단계_완전_소외
23257,val,1,1,1단계_완전_소외
23258,val,0,2,2단계_부분_적응
23259,val,1,1,1단계_완전_소외
23260,val,0,2,2단계_부분_적응
23261,val,0,2,2단계_부분_적응
23262,val,1,1,1단계_완전_소외
23263,val,0,2,2단계_부분_적응
23264,val,2,3,3단계_자립_적응
23265,val,1,1,1단계_완전_소외
23266,val,1,1,1단계_완전_소외
23267,val,0,2,2단계_부분_적응
23268,val,0,2,2단계_부분_적응
23269,val,1,1,1단계_완전_소외
23270,val,1,1,1단계_완전_소외
23271,val,1,1,1단계_완전_소외
23272,val,0,2,2단계_부분_적응
23273,val,2,3,3단계_자립_적응
23274,val,1,1,1단계_완전_소외
23275,val,1,1,1단계_완전_소외
23276,val,0,2,2단계_부분_적응
23277,val,0,2,2단계_부분_적응
23278,val,0,2,2단계_부분_적응
23279,val,1,1,1단계_완전_소외
23280,val,2,3,3단계_자립_적응
23281,val,0,2,2단계_부분_적응
23282,val,2,3,3단계_자립_적응
23283,val,0,2,2단계_부분_적응
23284,val,0,2,2단계_부분_적응
23285,val,2,3,3단계_자립_적응
23286,val,1,1,1단계_완전_소외
23287,val,1,1,1단계_완전_소외
23288,val,1,1,1단계_완전_소외
23289,val,2,3,3단계_자립_적응
23290,val,0,2,2단계_부분_적응
23291,val,1,1,1단계_완전_소외
23292,val,1,1,1단계_완전_소외
23293,val,2,3,3단계_자립_적응
23294,val,2,3,3단계_자립_적응
23295,val,2,3,3단계_자립_적응
23296,val,2,3,3단계_자립_적응
23297,val,0,2,2단계_부분_적응
23298,val,1,1,1단계_완전_소외
23299,val,1,1,1단계_완전_소외
23300,val,2,3,3단계_자립_적응
23301,val,2,3,3단계_자립_적응
23302,val,0,2,2단계_부분_적응
23303,val,0,2,2단계_부분_적응
23304,val,1,1,1단계_완전_소외
23305,val,1,1,1단계_완전_소외
23306,val,0,2,2단계_부분_적응
23307,val,2,3,3단계_자립_적응
23308,val,1,1,1단계_완전_소외
23309,val,0,2,2단계_부분_적응
23310,val,2,3,3단계_자립_적응
23311,val,2,3,3단계_자립_적응
23312,val,1,1,1단계_완전_소외
23313,val,1,1,1단계_완전_소외
23314,val,2,3,3단계_자립_적응
23315,val,1,1,1단계_완전_소외
23316,val,1,1,1단계_완전_소외
23317,val,0,2,2단계_부분_적응
23318,val,1,1,1단계_완전_소외
23319,val,0,2,2단계_부분_적응
23320,val,2,3,3단계_자립_적응
23321,val,1,1,1단계_완전_소외
23322,val,2,3,3단계_자립_적응
23323,val,2,3,3단계_자립_적응
23324,val,1,1,1단계_완전_소외
23325,val,1,1,1단계_완전_소외
23326,val,0,2,2단계_부분_적응
23327,val,0,2,2단계_부분_적응
23328,val,0,2,2단계_부분_적응
23329,val,1,1,1단계_완전_소외
23330,val,0,2,2단계_부분_적응
23331,val,1,1,1단계_완전_소외
23332,val,1,1,1단계_완전_소외
23333,val,0,2,2단계_부분_적응
23334,val,0,2,2단계_부분_적응
23335,val,0,2,2단계_부분_적응
23336,val,0,2,2단계_부분_적응
23337,val,0,2,2단계_부분_적응
23338,val,0,2,2단계_부분_적응
23339,val,2,3,3단계_자립_적응
23340,val,0,2,2단계_부분_적응
23341,val,0,2,2단계_부분_적응
23342,val,2,3,3단계_자립_적응
23343,val,0,2,2단계_부분_적응
23344,val,2,3,3단계_자립_적응
23345,val,2,3,3단계_자립_적응
23346,val,1,1,1단계_완전_소외
23347,val,0,2,2단계_부분_적응
23348,val,0,2,2단계_부분_적응
23349,val,1,1,1단계_완전_소외
23350,val,1,1,1단계_완전_소외
23351,val,2,3,3단계_자립_적응
23352,val,0,2,2단계_부분_적응
23353,val,0,2,2단계_부분_적응
23354,val,2,3,3단계_자립_적응
23355,val,0,2,2단계_부분_적응
23356,val,0,2,2단계_부분_적응
23357,val,0,2,2단계_부분_적응
23358,val,0,2,2단계_부분_적응
23359,val,0,2,2단계_부분_적응
23360,val,0,2,2단계_부분_적응
23361,val,2,3,3단계_자립_적응
23362,val,2,3,3단계_자립_적응
23363,val,0,2,2단계_부분_적응
23364,val,0,2,2단계_부분_적응
23365,val,1,1,1단계_완전_소외
23366,val,2,3,3단계_자립_적응
23367,val,1,1,1단계_완전_소외
23368,val,2,3,3단계_자립_적응
23369,val,2,3,3단계_자립_적응
23370,val,0,2,2단계_부분_적응
23371,val,1,1,1단계_완전_소외
23372,val,2,3,3단계_자립_적응
23373,val,1,1,1단계_완전_소외
23374,val,0,2,2단계_부분_적응
23375,val,1,1,1단계_완전_소외
23376,val,1,1,1단계_완전_소외
23377,val,2,3,3단계_자립_적응
23378,val,0,2,2단계_부분_적응
23379,val,0,2,2단계_부분_적응
23380,val,0,2,2단계_부분_적응
23381,val,0,2,2단계_부분_적응
23382,val,1,1,1단계_완전_소외
23383,val,1,1,1단계_완전_소외
23384,val,0,2,2단계_부분_적응
23385,val,1,1,1단계_완전_소외
23386,val,1,1,1단계_완전_소외
23387,val,1,1,1단계_완전_소외
23388,val,0,2,2단계_부분_적응
23389,val,1,1,1단계_완전_소외
23390,val,0,2,2단계_부분_적응
23391,val,1,1,1단계_완전_소외
23392,val,2,3,3단계_자립_적응
23393,val,1,1,1단계_완전_소외
23394,val,1,1,1단계_완전_소외
23395,val,1,1,1단계_완전_소외
23396,val,0,2,2단계_부분_적응
23397,val,2,3,3단계_자립_적응
23398,val,2,3,3단계_자립_적응
23399,val,0,2,2단계_부분_적응
23400,val,2,3,3단계_자립_적응
23401,val,1,1,1단계_완전_소외
23402,val,2,3,3단계_자립_적응
23403,val,0,2,2단계_부분_적응
23404,val,2,3,3단계_자립_적응
23405,val,0,2,2단계_부분_적응
23406,val,2,3,3단계_자립_적응
23407,val,1,1,1단계_완전_소외
23408,val,1,1,1단계_완전_소외
23409,val,0,2,2단계_부분_적응
23410,val,1,1,1단계_완전_소외
23411,val,1,1,1단계_완전_소외
23412,val,1,1,1단계_완전_소외
23413,val,2,3,3단계_자립_적응
23414,val,2,3,3단계_자립_적응
23415,val,0,2,2단계_부분_적응
23416,val,0,2,2단계_부분_적응
23417,val,2,3,3단계_자립_적응
23418,val,0,2,2단계_부분_적응
23419,val,2,3,3단계_자립_적응
23420,val,1,1,1단계_완전_소외
23421,val,0,2,2단계_부분_적응
23422,val,2,3,3단계_자립_적응
23423,val,2,3,3단계_자립_적응
23424,val,0,2,2단계_부분_적응
23425,val,2,3,3단계_자립_적응
23426,val,0,2,2단계_부분_적응
23427,val,1,1,1단계_완전_소외
23428,val,1,1,1단계_완전_소외
23429,val,2,3,3단계_자립_적응
23430,val,2,3,3단계_자립_적응
23431,val,0,2,2단계_부분_적응
23432,val,0,2,2단계_부분_적응
23433,val,1,1,1단계_완전_소외
23434,val,0,2,2단계_부분_적응
23435,val,0,2,2단계_부분_적응
23436,val,1,1,1단계_완전_소외
23437,val,2,3,3단계_자립_적응
23438,val,1,1,1단계_완전_소외
23439,val,2,3,3단계_자립_적응
23440,val,2,3,3단계_자립_적응
23441,val,0,2,2단계_부분_적응
23442,val,0,2,2단계_부분_적응
23443,val,0,2,2단계_부분_적응
23444,val,0,2,2단계_부분_적응
23445,val,2,3,3단계_자립_적응
23446,val,1,1,1단계_완전_소외
23447,val,2,3,3단계_자립_적응
23448,val,0,2,2단계_부분_적응
23449,val,2,3,3단계_자립_적응
23450,val,0,2,2단계_부분_적응
23451,val,0,2,2단계_부분_적응
23452,val,0,2,2단계_부분_적응
23453,val,0,2,2단계_부분_적응
23454,val,1,1,1단계_완전_소외
23455,val,2,3,3단계_자립_적응
23456,val,0,2,2단계_부분_적응
23457,val,1,1,1단계_완전_소외
23458,val,2,3,3단계_자립_적응
23459,val,0,2,2단계_부분_적응
23460,val,0,2,2단계_부분_적응
23461,val,1,1,1단계_완전_소외
23462,val,1,1,1단계_완전_소외
23463,val,0,2,2단계_부분_적응
23464,val,0,2,2단계_부분_적응
23465,val,0,2,2단계_부분_적응
23466,val,1,1,1단계_완전_소외
23467,val,0,2,2단계_부분_적응
23468,val,1,1,1단계_완전_소외
23469,val,2,3,3단계_자립_적응
23470,val,1,1,1단계_완전_소외
23471,val,1,1,1단계_완전_소외
23472,val,2,3,3단계_자립_적응
23473,val,0,2,2단계_부분_적응
23474,val,1,1,1단계_완전_소외
23475,val,1,1,1단계_완전_소외
23476,val,0,2,2단계_부분_적응
23477,val,1,1,1단계_완전_소외
23478,val,1,1,1단계_완전_소외
23479,val,2,3,3단계_자립_적응
23480,val,1,1,1단계_완전_소외
23481,val,2,3,3단계_자립_적응
23482,val,0,2,2단계_부분_적응
23483,val,2,3,3단계_자립_적응
23484,val,1,1,1단계_완전_소외
23485,val,0,2,2단계_부분_적응
23486,val,0,2,2단계_부분_적응
23487,val,1,1,1단계_완전_소외
23488,val,2,3,3단계_자립_적응
23489,val,1,1,1단계_완전_소외
23490,val,0,2,2단계_부분_적응
23491,val,0,2,2단계_부분_적응
23492,val,0,2,2단계_부분_적응
23493,val,0,2,2단계_부분_적응
23494,val,0,2,2단계_부분_적응
23495,val,0,2,2단계_부분_적응
23496,val,1,1,1단계_완전_소외
23497,val,2,3,3단계_자립_적응
23498,val,0,2,2단계_부분_적응
23499,val,2,3,3단계_자립_적응
23500,val,0,2,2단계_부분_적응
23501,val,2,3,3단계_자립_적응
23502,val,2,3,3단계_자립_적응
23503,val,0,2,2단계_부분_적응
23504,val,0,2,2단계_부분_적응
23505,val,2,3,3단계_자립_적응
23506,val,1,1,1단계_완전_소외
23507,val,1,1,1단계_완전_소외
23508,val,0,2,2단계_부분_적응
23509,val,1,1,1단계_완전_소외
23510,val,1,1,1단계_완전_소외
23511,val,1,1,1단계_완전_소외
23512,val,1,1,1단계_완전_소외
23513,val,2,3,3단계_자립_적응
23514,val,0,2,2단계_부분_적응
23515,val,0,2,2단계_부분_적응
23516,val,2,3,3단계_자립_적응
23517,val,1,1,1단계_완전_소외
23518,val,0,2,2단계_부분_적응
23519,val,0,2,2단계_부분_적응
23520,val,1,1,1단계_완전_소외
23521,val,0,2,2단계_부분_적응
23522,val,2,3,3단계_자립_적응
23523,val,1,1,1단계_완전_소외
23524,val,0,2,2단계_부분_적응
23525,val,0,2,2단계_부분_적응
23526,val,0,2,2단계_부분_적응
23527,val,0,2,2단계_부분_적응
23528,val,1,1,1단계_완전_소외
23529,val,0,2,2단계_부분_적응
23530,val,0,2,2단계_부분_적응
23531,val,1,1,1단계_완전_소외
23532,val,1,1,1단계_완전_소외
23533,val,0,2,2단계_부분_적응
23534,val,2,3,3단계_자립_적응
23535,val,0,2,2단계_부분_적응
23536,val,1,1,1단계_완전_소외
23537,val,1,1,1단계_완전_소외
23538,val,1,1,1단계_완전_소외
23539,val,2,3,3단계_자립_적응
23540,val,0,2,2단계_부분_적응
23541,val,1,1,1단계_완전_소외
23542,val,1,1,1단계_완전_소외
23543,val,0,2,2단계_부분_적응
23544,val,1,1,1단계_완전_소외
23545,val,1,1,1단계_완전_소외
23546,val,0,2,2단계_부분_적응
23547,val,1,1,1단계_완전_소외
23548,val,0,2,2단계_부분_적응
23549,val,1,1,1단계_완전_소외
23550,val,0,2,2단계_부분_적응
23551,val,1,1,1단계_완전_소외
23552,val,1,1,1단계_완전_소외
23553,val,1,1,1단계_완전_소외
23554,val,1,1,1단계_완전_소외
23555,val,0,2,2단계_부분_적응
23556,val,1,1,1단계_완전_소외
23557,val,2,3,3단계_자립_적응
23558,val,1,1,1단계_완전_소외
23559,val,2,3,3단계_자립_적응
23560,val,1,1,1단계_완전_소외
23561,val,0,2,2단계_부분_적응
23562,val,1,1,1단계_완전_소외
23563,val,1,1,1단계_완전_소외
23564,val,1,1,1단계_완전_소외
23565,val,2,3,3단계_자립_적응
23566,val,2,3,3단계_자립_적응
23567,val,1,1,1단계_완전_소외
23568,val,2,3,3단계_자립_적응
23569,val,0,2,2단계_부분_적응
23570,val,0,2,2단계_부분_적응
23571,val,0,2,2단계_부분_적응
23572,val,0,2,2단계_부분_적응
23573,val,1,1,1단계_완전_소외
23574,val,0,2,2단계_부분_적응
23575,val,2,3,3단계_자립_적응
23576,val,2,3,3단계_자립_적응
23577,val,0,2,2단계_부분_적응
23578,val,2,3,3단계_자립_적응
23579,val,0,2,2단계_부분_적응
23580,val,1,1,1단계_완전_소외
23581,val,1,1,1단계_완전_소외
23582,val,0,2,2단계_부분_적응
23583,val,1,1,1단계_완전_소외
23584,val,2,3,3단계_자립_적응
23585,val,0,2,2단계_부분_적응
23586,val,2,3,3단계_자립_적응
23587,val,1,1,1단계_완전_소외
23588,val,1,1,1단계_완전_소외
23589,val,1,1,1단계_완전_소외
23590,val,0,2,2단계_부분_적응
23591,val,1,1,1단계_완전_소외
23592,val,1,1,1단계_완전_소외
23593,val,1,1,1단계_완전_소외
23594,val,1,1,1단계_완전_소외
23595,val,1,1,1단계_완전_소외
23596,val,2,3,3단계_자립_적응
23597,val,0,2,2단계_부분_적응
23598,val,1,1,1단계_완전_소외
23599,val,1,1,1단계_완전_소외
23600,val,1,1,1단계_완전_소외
23601,val,0,2,2단계_부분_적응
23602,val,2,3,3단계_자립_적응
23603,val,1,1,1단계_완전_소외
23604,val,1,1,1단계_완전_소외
23605,val,2,3,3단계_자립_적응
23606,val,1,1,1단계_완전_소외
23607,val,0,2,2단계_부분_적응
23608,val,0,2,2단계_부분_적응
23609,val,1,1,1단계_완전_소외
23610,val,0,2,2단계_부분_적응
23611,val,0,2,2단계_부분_적응
23612,val,1,1,1단계_완전_소외
23613,val,2,3,3단계_자립_적응
23614,val,0,2,2단계_부분_적응
23615,val,1,1,1단계_완전_소외
23616,val,2,3,3단계_자립_적응
23617,val,0,2,2단계_부분_적응
23618,val,0,2,2단계_부분_적응
23619,val,0,2,2단계_부분_적응
23620,val,0,2,2단계_부분_적응
23621,val,2,3,3단계_자립_적응
23622,val,0,2,2단계_부분_적응
23623,val,1,1,1단계_완전_소외
23624,val,2,3,3단계_자립_적응
23625,val,0,2,2단계_부분_적응
23626,val,1,1,1단계_완전_소외
23627,val,0,2,2단계_부분_적응
23628,val,0,2,2단계_부분_적응
23629,val,0,2,2단계_부분_적응
23630,val,1,1,1단계_완전_소외
23631,val,2,3,3단계_자립_적응
23632,val,0,2,2단계_부분_적응
23633,val,1,1,1단계_완전_소외
23634,val,1,1,1단계_완전_소외
23635,val,0,2,2단계_부분_적응
23636,val,1,1,1단계_완전_소외
23637,val,1,1,1단계_완전_소외
23638,val,1,1,1단계_완전_소외
23639,val,1,1,1단계_완전_소외
23640,val,2,3,3단계_자립_적응
23641,val,0,2,2단계_부분_적응
23642,val,2,3,3단계_자립_적응
23643,val,1,1,1단계_완전_소외
23644,val,0,2,2단계_부분_적응
23645,val,1,1,1단계_완전_소외
23646,val,1,1,1단계_완전_소외
23647,val,2,3,3단계_자립_적응
23648,val,1,1,1단계_완전_소외
23649,val,2,3,3단계_자립_적응
23650,val,0,2,2단계_부분_적응
23651,val,1,1,1단계_완전_소외
23652,val,1,1,1단계_완전_소외
23653,val,0,2,2단계_부분_적응
23654,val,1,1,1단계_완전_소외
23655,val,0,2,2단계_부분_적응
23656,val,0,2,2단계_부분_적응
23657,val,1,1,1단계_완전_소외
23658,val,1,1,1단계_완전_소외
23659,val,0,2,2단계_부분_적응
23660,val,2,3,3단계_자립_적응
23661,val,2,3,3단계_자립_적응
23662,val,1,1,1단계_완전_소외
23663,val,2,3,3단계_자립_적응
23664,val,0,2,2단계_부분_적응
23665,val,0,2,2단계_부분_적응
23666,val,0,2,2단계_부분_적응
23667,val,2,3,3단계_자립_적응
23668,val,1,1,1단계_완전_소외
23669,val,1,1,1단계_완전_소외
23670,val,1,1,1단계_완전_소외
23671,val,0,2,2단계_부분_적응
23672,val,1,1,1단계_완전_소외
23673,val,1,1,1단계_완전_소외
23674,val,1,1,1단계_완전_소외
23675,val,1,1,1단계_완전_소외
23676,val,0,2,2단계_부분_적응
23677,val,0,2,2단계_부분_적응
23678,val,1,1,1단계_완전_소외
23679,val,1,1,1단계_완전_소외
23680,val,0,2,2단계_부분_적응
23681,val,1,1,1단계_완전_소외
23682,val,2,3,3단계_자립_적응
23683,val,2,3,3단계_자립_적응
23684,val,0,2,2단계_부분_적응
23685,val,2,3,3단계_자립_적응
23686,val,0,2,2단계_부분_적응
23687,val,1,1,1단계_완전_소외
23688,val,2,3,3단계_자립_적응
23689,val,0,2,2단계_부분_적응
23690,val,0,2,2단계_부분_적응
23691,val,0,2,2단계_부분_적응
23692,val,1,1,1단계_완전_소외
23693,val,1,1,1단계_완전_소외
23694,val,2,3,3단계_자립_적응
23695,val,0,2,2단계_부분_적응
23696,val,1,1,1단계_완전_소외
23697,val,0,2,2단계_부분_적응
23698,val,2,3,3단계_자립_적응
23699,val,0,2,2단계_부분_적응
23700,val,0,2,2단계_부분_적응
23701,val,2,3,3단계_자립_적응
23702,val,0,2,2단계_부분_적응
23703,val,1,1,1단계_완전_소외
23704,val,2,3,3단계_자립_적응
23705,val,1,1,1단계_완전_소외
23706,val,1,1,1단계_완전_소외
23707,val,0,2,2단계_부분_적응
23708,val,2,3,3단계_자립_적응
23709,val,0,2,2단계_부분_적응
23710,val,2,3,3단계_자립_적응
23711,val,2,3,3단계_자립_적응
23712,val,1,1,1단계_완전_소외
23713,val,2,3,3단계_자립_적응
23714,val,1,1,1단계_완전_소외
23715,val,0,2,2단계_부분_적응
23716,val,0,2,2단계_부분_적응
23717,val,1,1,1단계_완전_소외
23718,val,1,1,1단계_완전_소외
23719,val,1,1,1단계_완전_소외
23720,val,1,1,1단계_완전_소외
23721,val,0,2,2단계_부분_적응
23722,val,1,1,1단계_완전_소외
23723,val,2,3,3단계_자립_적응
23724,val,0,2,2단계_부분_적응
23725,val,0,2,2단계_부분_적응
23726,val,2,3,3단계_자립_적응
23727,val,0,2,2단계_부분_적응
23728,val,1,1,1단계_완전_소외
23729,val,0,2,2단계_부분_적응
23730,val,2,3,3단계_자립_적응
23731,val,2,3,3단계_자립_적응
23732,val,0,2,2단계_부분_적응
23733,val,0,2,2단계_부분_적응
23734,val,1,1,1단계_완전_소외
23735,val,0,2,2단계_부분_적응
23736,val,2,3,3단계_자립_적응
23737,val,1,1,1단계_완전_소외
23738,val,0,2,2단계_부분_적응
23739,val,1,1,1단계_완전_소외
23740,val,0,2,2단계_부분_적응
23741,val,2,3,3단계_자립_적응
23742,val,1,1,1단계_완전_소외
23743,val,2,3,3단계_자립_적응
23744,val,1,1,1단계_완전_소외
23745,val,0,2,2단계_부분_적응
23746,val,1,1,1단계_완전_소외
23747,val,1,1,1단계_완전_소외
23748,val,0,2,2단계_부분_적응
23749,val,1,1,1단계_완전_소외
23750,val,0,2,2단계_부분_적응
23751,val,1,1,1단계_완전_소외
23752,val,2,3,3단계_자립_적응
23753,val,0,2,2단계_부분_적응
23754,val,1,1,1단계_완전_소외
23755,val,0,2,2단계_부분_적응
23756,val,1,1,1단계_완전_소외
23757,val,2,3,3단계_자립_적응
23758,val,0,2,2단계_부분_적응
23759,val,1,1,1단계_완전_소외
23760,val,0,2,2단계_부분_적응
23761,val,0,2,2단계_부분_적응
23762,val,0,2,2단계_부분_적응
23763,val,0,2,2단계_부분_적응
23764,val,0,2,2단계_부분_적응
23765,val,0,2,2단계_부분_적응
23766,val,1,1,1단계_완전_소외
23767,val,0,2,2단계_부분_적응
23768,val,1,1,1단계_완전_소외
23769,val,0,2,2단계_부분_적응
23770,val,2,3,3단계_자립_적응
23771,val,0,2,2단계_부분_적응
23772,val,0,2,2단계_부분_적응
23773,val,2,3,3단계_자립_적응
23774,val,2,3,3단계_자립_적응
23775,val,2,3,3단계_자립_적응
23776,val,1,1,1단계_완전_소외
23777,val,1,1,1단계_완전_소외
23778,val,1,1,1단계_완전_소외
23779,val,0,2,2단계_부분_적응
23780,val,0,2,2단계_부분_적응
23781,val,1,1,1단계_완전_소외
23782,val,1,1,1단계_완전_소외
23783,val,0,2,2단계_부분_적응
23784,val,2,3,3단계_자립_적응
23785,val,0,2,2단계_부분_적응
23786,val,1,1,1단계_완전_소외
23787,val,0,2,2단계_부분_적응
23788,val,2,3,3단계_자립_적응
23789,val,0,2,2단계_부분_적응
23790,val,2,3,3단계_자립_적응
23791,val,1,1,1단계_완전_소외
23792,val,1,1,1단계_완전_소외
23793,val,2,3,3단계_자립_적응
23794,val,1,1,1단계_완전_소외
23795,val,1,1,1단계_완전_소외
23796,val,2,3,3단계_자립_적응
23797,val,1,1,1단계_완전_소외
23798,val,0,2,2단계_부분_적응
23799,val,0,2,2단계_부분_적응
23800,val,1,1,1단계_완전_소외
23801,val,0,2,2단계_부분_적응
23802,val,1,1,1단계_완전_소외
23803,val,1,1,1단계_완전_소외
23804,val,2,3,3단계_자립_적응
23805,val,2,3,3단계_자립_적응
23806,val,0,2,2단계_부분_적응
23807,val,1,1,1단계_완전_소외
23808,val,1,1,1단계_완전_소외
23809,val,2,3,3단계_자립_적응
23810,val,1,1,1단계_완전_소외
23811,val,2,3,3단계_자립_적응
23812,val,0,2,2단계_부분_적응
23813,val,2,3,3단계_자립_적응
23814,val,1,1,1단계_완전_소외
23815,val,0,2,2단계_부분_적응
23816,val,2,3,3단계_자립_적응
23817,val,2,3,3단계_자립_적응
23818,val,2,3,3단계_자립_적응
23819,val,2,3,3단계_자립_적응
23820,val,1,1,1단계_완전_소외
23821,val,0,2,2단계_부분_적응
23822,val,2,3,3단계_자립_적응
23823,val,1,1,1단계_완전_소외
23824,val,0,2,2단계_부분_적응
23825,val,0,2,2단계_부분_적응
23826,val,1,1,1단계_완전_소외
23827,val,0,2,2단계_부분_적응
23828,val,0,2,2단계_부분_적응
23829,val,0,2,2단계_부분_적응
23830,val,1,1,1단계_완전_소외
23831,val,1,1,1단계_완전_소외
23832,val,2,3,3단계_자립_적응
23833,val,2,3,3단계_자립_적응
23834,val,1,1,1단계_완전_소외
23835,val,2,3,3단계_자립_적응
23836,val,0,2,2단계_부분_적응
23837,val,1,1,1단계_완전_소외
23838,val,2,3,3단계_자립_적응
23839,val,1,1,1단계_완전_소외
23840,val,1,1,1단계_완전_소외
23841,val,2,3,3단계_자립_적응
23842,val,1,1,1단계_완전_소외
23843,val,2,3,3단계_자립_적응
23844,val,1,1,1단계_완전_소외
23845,val,1,1,1단계_완전_소외
23846,val,1,1,1단계_완전_소외
23847,val,1,1,1단계_완전_소외
23848,val,2,3,3단계_자립_적응
23849,val,1,1,1단계_완전_소외
23850,val,1,1,1단계_완전_소외
23851,val,1,1,1단계_완전_소외
23852,val,1,1,1단계_완전_소외
23853,val,1,1,1단계_완전_소외
23854,val,1,1,1단계_완전_소외
23855,val,0,2,2단계_부분_적응
23856,val,2,3,3단계_자립_적응
23857,val,2,3,3단계_자립_적응
23858,val,1,1,1단계_완전_소외
23859,val,0,2,2단계_부분_적응
23860,val,2,3,3단계_자립_적응
23861,val,2,3,3단계_자립_적응
23862,val,2,3,3단계_자립_적응
23863,val,0,2,2단계_부분_적응
23864,val,2,3,3단계_자립_적응
23865,val,2,3,3단계_자립_적응
23866,val,0,2,2단계_부분_적응
23867,val,0,2,2단계_부분_적응
23868,val,0,2,2단계_부분_적응
23869,val,2,3,3단계_자립_적응
23870,val,0,2,2단계_부분_적응
23871,val,1,1,1단계_완전_소외
23872,val,1,1,1단계_완전_소외
23873,val,0,2,2단계_부분_적응
23874,val,1,1,1단계_완전_소외
23875,val,2,3,3단계_자립_적응
23876,val,2,3,3단계_자립_적응
23877,val,0,2,2단계_부분_적응
23878,val,0,2,2단계_부분_적응
23879,val,0,2,2단계_부분_적응
23880,val,1,1,1단계_완전_소외
23881,val,1,1,1단계_완전_소외
23882,val,1,1,1단계_완전_소외
23883,val,2,3,3단계_자립_적응
23884,val,1,1,1단계_완전_소외
23885,val,2,3,3단계_자립_적응
23886,val,0,2,2단계_부분_적응
23887,val,2,3,3단계_자립_적응
23888,val,0,2,2단계_부분_적응
23889,val,2,3,3단계_자립_적응
23890,val,1,1,1단계_완전_소외
23891,val,0,2,2단계_부분_적응
23892,val,1,1,1단계_완전_소외
23893,val,0,2,2단계_부분_적응
23894,val,0,2,2단계_부분_적응
23895,val,2,3,3단계_자립_적응
23896,val,0,2,2단계_부분_적응
23897,val,1,1,1단계_완전_소외
23898,val,0,2,2단계_부분_적응
23899,val,1,1,1단계_완전_소외
23900,val,2,3,3단계_자립_적응
23901,val,0,2,2단계_부분_적응
23902,val,1,1,1단계_완전_소외
23903,val,1,1,1단계_완전_소외
23904,val,0,2,2단계_부분_적응
23905,val,0,2,2단계_부분_적응
23906,val,1,1,1단계_완전_소외
23907,val,1,1,1단계_완전_소외
23908,val,2,3,3단계_자립_적응
23909,val,1,1,1단계_완전_소외
23910,val,1,1,1단계_완전_소외
23911,val,1,1,1단계_완전_소외
23912,val,1,1,1단계_완전_소외
23913,val,0,2,2단계_부분_적응
23914,val,0,2,2단계_부분_적응
23915,val,0,2,2단계_부분_적응
23916,val,0,2,2단계_부분_적응
23917,val,2,3,3단계_자립_적응
23918,val,1,1,1단계_완전_소외
23919,val,0,2,2단계_부분_적응
23920,val,0,2,2단계_부분_적응
23921,val,0,2,2단계_부분_적응
23922,val,2,3,3단계_자립_적응
23923,val,0,2,2단계_부분_적응
23924,val,0,2,2단계_부분_적응
23925,val,1,1,1단계_완전_소외
23926,val,2,3,3단계_자립_적응
23927,val,0,2,2단계_부분_적응
23928,val,2,3,3단계_자립_적응
23929,val,2,3,3단계_자립_적응
23930,val,1,1,1단계_완전_소외
23931,val,0,2,2단계_부분_적응
23932,val,2,3,3단계_자립_적응
23933,val,1,1,1단계_완전_소외
23934,val,1,1,1단계_완전_소외
23935,val,2,3,3단계_자립_적응
23936,val,0,2,2단계_부분_적응
23937,val,1,1,1단계_완전_소외
23938,val,0,2,2단계_부분_적응
23939,val,0,2,2단계_부분_적응
23940,val,2,3,3단계_자립_적응
23941,val,2,3,3단계_자립_적응
23942,val,0,2,2단계_부분_적응
23943,val,0,2,2단계_부분_적응
23944,val,1,1,1단계_완전_소외
23945,val,0,2,2단계_부분_적응
23946,val,2,3,3단계_자립_적응
23947,val,2,3,3단계_자립_적응
23948,val,0,2,2단계_부분_적응
23949,val,2,3,3단계_자립_적응
23950,val,2,3,3단계_자립_적응
23951,val,0,2,2단계_부분_적응
23952,val,1,1,1단계_완전_소외
23953,val,0,2,2단계_부분_적응
23954,val,2,3,3단계_자립_적응
23955,val,2,3,3단계_자립_적응
23956,val,1,1,1단계_완전_소외
23957,val,0,2,2단계_부분_적응
23958,val,1,1,1단계_완전_소외
23959,val,1,1,1단계_완전_소외
23960,val,0,2,2단계_부분_적응
23961,val,0,2,2단계_부분_적응
23962,val,1,1,1단계_완전_소외
23963,val,1,1,1단계_완전_소외
23964,val,2,3,3단계_자립_적응
23965,val,0,2,2단계_부분_적응
23966,val,2,3,3단계_자립_적응
23967,val,2,3,3단계_자립_적응
23968,val,0,2,2단계_부분_적응
23969,val,0,2,2단계_부분_적응
23970,val,1,1,1단계_완전_소외
23971,val,1,1,1단계_완전_소외
23972,val,0,2,2단계_부분_적응
23973,val,2,3,3단계_자립_적응
23974,val,2,3,3단계_자립_적응
23975,val,2,3,3단계_자립_적응
23976,val,1,1,1단계_완전_소외
23977,val,0,2,2단계_부분_적응
23978,val,1,1,1단계_완전_소외
23979,val,2,3,3단계_자립_적응
23980,val,1,1,1단계_완전_소외
23981,val,1,1,1단계_완전_소외
23982,val,2,3,3단계_자립_적응
23983,val,1,1,1단계_완전_소외
23984,val,2,3,3단계_자립_적응
23985,val,0,2,2단계_부분_적응
23986,val,2,3,3단계_자립_적응
23987,val,1,1,1단계_완전_소외
23988,val,0,2,2단계_부분_적응
23989,val,2,3,3단계_자립_적응
23990,val,2,3,3단계_자립_적응
23991,val,2,3,3단계_자립_적응
23992,val,0,2,2단계_부분_적응
23993,val,0,2,2단계_부분_적응
23994,val,2,3,3단계_자립_적응
23995,val,1,1,1단계_완전_소외
23996,val,1,1,1단계_완전_소외
23997,val,0,2,2단계_부분_적응
23998,val,1,1,1단계_완전_소외
23999,val,0,2,2단계_부분_적응
24000,val,1,1,1단계_완전_소외
24001,val,1,1,1단계_완전_소외
24002,val,0,2,2단계_부분_적응
24003,val,0,2,2단계_부분_적응
24004,val,2,3,3단계_자립_적응
24005,val,0,2,2단계_부분_적응
24006,val,1,1,1단계_완전_소외
24007,val,0,2,2단계_부분_적응
24008,val,2,3,3단계_자립_적응
24009,val,0,2,2단계_부분_적응
24010,val,2,3,3단계_자립_적응
24011,val,0,2,2단계_부분_적응
24012,val,1,1,1단계_완전_소외
24013,val,0,2,2단계_부분_적응
24014,val,2,3,3단계_자립_적응
24015,val,1,1,1단계_완전_소외
24016,val,0,2,2단계_부분_적응
24017,val,0,2,2단계_부분_적응
24018,val,1,1,1단계_완전_소외
24019,val,0,2,2단계_부분_적응
24020,val,2,3,3단계_자립_적응
24021,val,1,1,1단계_완전_소외
24022,val,1,1,1단계_완전_소외
24023,val,1,1,1단계_완전_소외
24024,val,0,2,2단계_부분_적응
24025,val,0,2,2단계_부분_적응
24026,val,2,3,3단계_자립_적응
24027,val,1,1,1단계_완전_소외
24028,val,2,3,3단계_자립_적응
24029,val,2,3,3단계_자립_적응
24030,val,1,1,1단계_완전_소외
24031,val,0,2,2단계_부분_적응
24032,val,0,2,2단계_부분_적응
24033,val,2,3,3단계_자립_적응
24034,val,0,2,2단계_부분_적응
24035,val,1,1,1단계_완전_소외
24036,val,1,1,1단계_완전_소외
24037,val,1,1,1단계_완전_소외
24038,val,1,1,1단계_완전_소외
24039,val,0,2,2단계_부분_적응
24040,val,1,1,1단계_완전_소외
24041,val,0,2,2단계_부분_적응
24042,val,0,2,2단계_부분_적응
24043,val,2,3,3단계_자립_적응
24044,val,2,3,3단계_자립_적응
24045,val,2,3,3단계_자립_적응
24046,val,2,3,3단계_자립_적응
24047,val,0,2,2단계_부분_적응
24048,val,1,1,1단계_완전_소외
24049,val,0,2,2단계_부분_적응
24050,val,2,3,3단계_자립_적응
24051,val,0,2,2단계_부분_적응
24052,val,0,2,2단계_부분_적응
24053,val,0,2,2단계_부분_적응
24054,val,0,2,2단계_부분_적응
24055,val,1,1,1단계_완전_소외
24056,val,0,2,2단계_부분_적응
24057,val,0,2,2단계_부분_적응
24058,val,1,1,1단계_완전_소외
24059,val,1,1,1단계_완전_소외
24060,val,0,2,2단계_부분_적응
24061,val,0,2,2단계_부분_적응
24062,val,0,2,2단계_부분_적응
24063,val,0,2,2단계_부분_적응
24064,val,1,1,1단계_완전_소외
24065,val,2,3,3단계_자립_적응
24066,val,1,1,1단계_완전_소외
24067,val,2,3,3단계_자립_적응
24068,val,2,3,3단계_자립_적응
24069,val,1,1,1단계_완전_소외
24070,val,1,1,1단계_완전_소외
24071,val,2,3,3단계_자립_적응
24072,val,0,2,2단계_부분_적응
24073,val,0,2,2단계_부분_적응
24074,val,1,1,1단계_완전_소외
24075,val,0,2,2단계_부분_적응
24076,val,1,1,1단계_완전_소외
24077,val,0,2,2단계_부분_적응
24078,val,0,2,2단계_부분_적응
24079,val,0,2,2단계_부분_적응
24080,val,2,3,3단계_자립_적응
24081,val,1,1,1단계_완전_소외
24082,val,1,1,1단계_완전_소외
24083,val,2,3,3단계_자립_적응
24084,val,1,1,1단계_완전_소외
24085,val,0,2,2단계_부분_적응
24086,val,1,1,1단계_완전_소외
24087,val,1,1,1단계_완전_소외
24088,val,2,3,3단계_자립_적응
24089,val,0,2,2단계_부분_적응
24090,val,0,2,2단계_부분_적응
24091,val,0,2,2단계_부분_적응
24092,val,2,3,3단계_자립_적응
24093,val,2,3,3단계_자립_적응
24094,val,0,2,2단계_부분_적응
24095,val,2,3,3단계_자립_적응
24096,val,0,2,2단계_부분_적응
24097,val,1,1,1단계_완전_소외
24098,val,2,3,3단계_자립_적응
24099,val,2,3,3단계_자립_적응
24100,val,0,2,2단계_부분_적응
24101,val,0,2,2단계_부분_적응
24102,val,1,1,1단계_완전_소외
24103,val,1,1,1단계_완전_소외
24104,val,1,1,1단계_완전_소외
24105,val,2,3,3단계_자립_적응
24106,val,2,3,3단계_자립_적응
24107,val,0,2,2단계_부분_적응
24108,val,1,1,1단계_완전_소외
24109,val,0,2,2단계_부분_적응
24110,val,2,3,3단계_자립_적응
24111,val,0,2,2단계_부분_적응
24112,val,2,3,3단계_자립_적응
24113,val,1,1,1단계_완전_소외
24114,val,0,2,2단계_부분_적응
24115,val,1,1,1단계_완전_소외
24116,val,0,2,2단계_부분_적응
24117,val,2,3,3단계_자립_적응
24118,val,1,1,1단계_완전_소외
24119,val,0,2,2단계_부분_적응
24120,val,1,1,1단계_완전_소외
24121,val,1,1,1단계_완전_소외
24122,val,1,1,1단계_완전_소외
24123,val,0,2,2단계_부분_적응
24124,val,2,3,3단계_자립_적응
24125,val,0,2,2단계_부분_적응
24126,val,0,2,2단계_부분_적응
24127,val,0,2,2단계_부분_적응
24128,val,0,2,2단계_부분_적응
24129,val,1,1,1단계_완전_소외
24130,val,1,1,1단계_완전_소외
24131,val,0,2,2단계_부분_적응
24132,val,0,2,2단계_부분_적응
24133,val,0,2,2단계_부분_적응
24134,val,2,3,3단계_자립_적응
24135,val,1,1,1단계_완전_소외
24136,val,0,2,2단계_부분_적응
24137,val,0,2,2단계_부분_적응
24138,val,2,3,3단계_자립_적응
24139,val,2,3,3단계_자립_적응
24140,val,0,2,2단계_부분_적응
24141,val,0,2,2단계_부분_적응
24142,val,2,3,3단계_자립_적응
24143,val,0,2,2단계_부분_적응
24144,val,1,1,1단계_완전_소외
24145,val,0,2,2단계_부분_적응
24146,val,2,3,3단계_자립_적응
24147,val,1,1,1단계_완전_소외
24148,val,0,2,2단계_부분_적응
24149,val,1,1,1단계_완전_소외
24150,val,1,1,1단계_완전_소외
24151,val,0,2,2단계_부분_적응
24152,val,1,1,1단계_완전_소외
24153,val,2,3,3단계_자립_적응
24154,val,0,2,2단계_부분_적응
24155,val,2,3,3단계_자립_적응
24156,val,2,3,3단계_자립_적응
24157,val,2,3,3단계_자립_적응
24158,val,0,2,2단계_부분_적응
24159,val,0,2,2단계_부분_적응
24160,val,0,2,2단계_부분_적응
24161,val,2,3,3단계_자립_적응
24162,val,1,1,1단계_완전_소외
24163,val,1,1,1단계_완전_소외
24164,val,0,2,2단계_부분_적응
24165,val,1,1,1단계_완전_소외
24166,val,0,2,2단계_부분_적응
24167,val,0,2,2단계_부분_적응
24168,val,0,2,2단계_부분_적응
24169,val,0,2,2단계_부분_적응
24170,val,2,3,3단계_자립_적응
24171,val,0,2,2단계_부분_적응
24172,val,2,3,3단계_자립_적응
24173,val,0,2,2단계_부분_적응
24174,val,0,2,2단계_부분_적응
24175,val,0,2,2단계_부분_적응
24176,val,1,1,1단계_완전_소외
24177,val,1,1,1단계_완전_소외
24178,val,1,1,1단계_완전_소외
24179,val,1,1,1단계_완전_소외
24180,val,1,1,1단계_완전_소외
24181,val,1,1,1단계_완전_소외
24182,val,1,1,1단계_완전_소외
24183,val,0,2,2단계_부분_적응
24184,val,2,3,3단계_자립_적응
24185,val,1,1,1단계_완전_소외
24186,val,0,2,2단계_부분_적응
24187,val,1,1,1단계_완전_소외
24188,val,1,1,1단계_완전_소외
24189,val,0,2,2단계_부분_적응
24190,val,2,3,3단계_자립_적응
24191,val,2,3,3단계_자립_적응
24192,val,1,1,1단계_완전_소외
24193,val,0,2,2단계_부분_적응
24194,val,0,2,2단계_부분_적응
24195,val,1,1,1단계_완전_소외
24196,val,2,3,3단계_자립_적응
24197,val,0,2,2단계_부분_적응
24198,val,0,2,2단계_부분_적응
24199,val,2,3,3단계_자립_적응
24200,val,0,2,2단계_부분_적응
24201,val,1,1,1단계_완전_소외
24202,val,0,2,2단계_부분_적응
24203,val,1,1,1단계_완전_소외
24204,val,2,3,3단계_자립_적응
24205,val,1,1,1단계_완전_소외
24206,val,1,1,1단계_완전_소외
24207,val,0,2,2단계_부분_적응
24208,val,1,1,1단계_완전_소외
24209,val,1,1,1단계_완전_소외
24210,val,2,3,3단계_자립_적응
24211,val,2,3,3단계_자립_적응
24212,val,0,2,2단계_부분_적응
24213,val,2,3,3단계_자립_적응
24214,val,0,2,2단계_부분_적응
24215,val,0,2,2단계_부분_적응
24216,val,2,3,3단계_자립_적응
24217,val,0,2,2단계_부분_적응
24218,val,2,3,3단계_자립_적응
24219,val,2,3,3단계_자립_적응
24220,val,0,2,2단계_부분_적응
24221,val,1,1,1단계_완전_소외
24222,val,0,2,2단계_부분_적응
24223,val,0,2,2단계_부분_적응
24224,val,1,1,1단계_완전_소외
24225,val,2,3,3단계_자립_적응
24226,val,2,3,3단계_자립_적응
24227,val,2,3,3단계_자립_적응
24228,val,0,2,2단계_부분_적응
24229,val,0,2,2단계_부분_적응
24230,val,0,2,2단계_부분_적응
24231,val,1,1,1단계_완전_소외
24232,val,1,1,1단계_완전_소외
24233,val,0,2,2단계_부분_적응
24234,val,2,3,3단계_자립_적응
24235,val,0,2,2단계_부분_적응
24236,val,0,2,2단계_부분_적응
24237,val,1,1,1단계_완전_소외
24238,val,1,1,1단계_완전_소외
24239,val,0,2,2단계_부분_적응
24240,val,1,1,1단계_완전_소외
24241,val,1,1,1단계_완전_소외
24242,val,2,3,3단계_자립_적응
24243,val,2,3,3단계_자립_적응
24244,val,1,1,1단계_완전_소외
24245,val,0,2,2단계_부분_적응
24246,val,0,2,2단계_부분_적응
24247,val,2,3,3단계_자립_적응
24248,val,1,1,1단계_완전_소외
24249,val,1,1,1단계_완전_소외
24250,val,0,2,2단계_부분_적응
24251,val,2,3,3단계_자립_적응
24252,val,1,1,1단계_완전_소외
24253,val,0,2,2단계_부분_적응
24254,val,2,3,3단계_자립_적응
24255,val,2,3,3단계_자립_적응
24256,val,0,2,2단계_부분_적응
24257,val,2,3,3단계_자립_적응
24258,val,1,1,1단계_완전_소외
24259,val,2,3,3단계_자립_적응
24260,val,1,1,1단계_완전_소외
24261,val,2,3,3단계_자립_적응
24262,val,1,1,1단계_완전_소외
24263,val,2,3,3단계_자립_적응
24264,val,1,1,1단계_완전_소외
24265,val,2,3,3단계_자립_적응
24266,val,1,1,1단계_완전_소외
24267,val,1,1,1단계_완전_소외
24268,val,1,1,1단계_완전_소외
24269,val,1,1,1단계_완전_소외
24270,val,0,2,2단계_부분_적응
24271,val,0,2,2단계_부분_적응
24272,val,1,1,1단계_완전_소외
24273,val,0,2,2단계_부분_적응
24274,val,2,3,3단계_자립_적응
24275,val,0,2,2단계_부분_적응
24276,val,0,2,2단계_부분_적응
24277,val,0,2,2단계_부분_적응
24278,val,2,3,3단계_자립_적응
24279,val,2,3,3단계_자립_적응
24280,val,2,3,3단계_자립_적응
24281,val,2,3,3단계_자립_적응
24282,val,1,1,1단계_완전_소외
24283,val,0,2,2단계_부분_적응
24284,val,1,1,1단계_완전_소외
24285,val,0,2,2단계_부분_적응
24286,val,2,3,3단계_자립_적응
24287,val,0,2,2단계_부분_적응
24288,val,1,1,1단계_완전_소외
24289,val,0,2,2단계_부분_적응
24290,val,2,3,3단계_자립_적응
24291,val,2,3,3단계_자립_적응
24292,val,2,3,3단계_자립_적응
24293,val,1,1,1단계_완전_소외
24294,val,0,2,2단계_부분_적응
24295,val,0,2,2단계_부분_적응
24296,val,1,1,1단계_완전_소외
24297,val,1,1,1단계_완전_소외
24298,val,1,1,1단계_완전_소외
24299,val,1,1,1단계_완전_소외
24300,val,1,1,1단계_완전_소외
24301,val,1,1,1단계_완전_소외
24302,val,1,1,1단계_완전_소외
24303,val,0,2,2단계_부분_적응
24304,val,1,1,1단계_완전_소외
24305,val,1,1,1단계_완전_소외
24306,val,1,1,1단계_완전_소외
24307,val,1,1,1단계_완전_소외
24308,val,2,3,3단계_자립_적응
24309,val,1,1,1단계_완전_소외
24310,val,2,3,3단계_자립_적응
24311,val,1,1,1단계_완전_소외
24312,val,1,1,1단계_완전_소외
24313,val,2,3,3단계_자립_적응
24314,val,2,3,3단계_자립_적응
24315,val,0,2,2단계_부분_적응
24316,val,1,1,1단계_완전_소외
24317,val,1,1,1단계_완전_소외
24318,val,2,3,3단계_자립_적응
24319,val,0,2,2단계_부분_적응
24320,val,0,2,2단계_부분_적응
24321,val,0,2,2단계_부분_적응
24322,val,1,1,1단계_완전_소외
24323,val,0,2,2단계_부분_적응
24324,val,0,2,2단계_부분_적응
24325,val,0,2,2단계_부분_적응
24326,val,2,3,3단계_자립_적응
24327,val,0,2,2단계_부분_적응
24328,val,2,3,3단계_자립_적응
24329,val,1,1,1단계_완전_소외
24330,val,0,2,2단계_부분_적응
24331,val,0,2,2단계_부분_적응
24332,val,0,2,2단계_부분_적응
24333,val,1,1,1단계_완전_소외
24334,val,1,1,1단계_완전_소외
24335,val,1,1,1단계_완전_소외
24336,val,2,3,3단계_자립_적응
24337,val,1,1,1단계_완전_소외
24338,val,1,1,1단계_완전_소외
24339,val,1,1,1단계_완전_소외
24340,val,1,1,1단계_완전_소외
24341,val,0,2,2단계_부분_적응
24342,val,0,2,2단계_부분_적응
24343,val,1,1,1단계_완전_소외
24344,val,0,2,2단계_부분_적응
24345,val,0,2,2단계_부분_적응
24346,val,0,2,2단계_부분_적응
24347,val,2,3,3단계_자립_적응
24348,val,2,3,3단계_자립_적응
24349,val,0,2,2단계_부분_적응
24350,val,1,1,1단계_완전_소외
24351,val,2,3,3단계_자립_적응
24352,val,2,3,3단계_자립_적응
24353,val,2,3,3단계_자립_적응
24354,val,1,1,1단계_완전_소외
24355,val,1,1,1단계_완전_소외
24356,val,1,1,1단계_완전_소외
24357,val,2,3,3단계_자립_적응
24358,val,2,3,3단계_자립_적응
24359,val,2,3,3단계_자립_적응
24360,val,1,1,1단계_완전_소외
24361,val,2,3,3단계_자립_적응
24362,val,0,2,2단계_부분_적응
24363,val,2,3,3단계_자립_적응
24364,val,0,2,2단계_부분_적응
24365,val,0,2,2단계_부분_적응
24366,val,2,3,3단계_자립_적응
24367,val,0,2,2단계_부분_적응
24368,val,2,3,3단계_자립_적응
24369,val,1,1,1단계_완전_소외
24370,val,1,1,1단계_완전_소외
24371,val,0,2,2단계_부분_적응
24372,val,1,1,1단계_완전_소외
24373,val,2,3,3단계_자립_적응
24374,val,2,3,3단계_자립_적응
24375,val,1,1,1단계_완전_소외
24376,val,1,1,1단계_완전_소외
24377,val,2,3,3단계_자립_적응
24378,val,2,3,3단계_자립_적응
24379,val,0,2,2단계_부분_적응
24380,val,1,1,1단계_완전_소외
24381,val,2,3,3단계_자립_적응
24382,val,0,2,2단계_부분_적응
24383,val,0,2,2단계_부분_적응
24384,val,1,1,1단계_완전_소외
24385,val,2,3,3단계_자립_적응
24386,val,2,3,3단계_자립_적응
24387,val,2,3,3단계_자립_적응
24388,val,2,3,3단계_자립_적응
24389,val,1,1,1단계_완전_소외
24390,val,0,2,2단계_부분_적응
24391,val,2,3,3단계_자립_적응
24392,val,0,2,2단계_부분_적응
24393,val,1,1,1단계_완전_소외
24394,val,2,3,3단계_자립_적응
24395,val,0,2,2단계_부분_적응
24396,val,1,1,1단계_완전_소외
24397,val,2,3,3단계_자립_적응
24398,val,1,1,1단계_완전_소외
24399,val,2,3,3단계_자립_적응
24400,val,1,1,1단계_완전_소외
24401,val,1,1,1단계_완전_소외
24402,val,1,1,1단계_완전_소외
24403,val,1,1,1단계_완전_소외
24404,val,2,3,3단계_자립_적응
24405,val,0,2,2단계_부분_적응
24406,val,2,3,3단계_자립_적응
24407,val,2,3,3단계_자립_적응
24408,val,0,2,2단계_부분_적응
24409,val,1,1,1단계_완전_소외
24410,val,2,3,3단계_자립_적응
24411,val,1,1,1단계_완전_소외
24412,val,0,2,2단계_부분_적응
24413,val,1,1,1단계_완전_소외
24414,val,2,3,3단계_자립_적응
24415,val,1,1,1단계_완전_소외
24416,val,0,2,2단계_부분_적응
24417,val,1,1,1단계_완전_소외
24418,val,0,2,2단계_부분_적응
24419,val,2,3,3단계_자립_적응
24420,val,1,1,1단계_완전_소외
24421,val,1,1,1단계_완전_소외
24422,val,0,2,2단계_부분_적응
24423,val,2,3,3단계_자립_적응
24424,val,2,3,3단계_자립_적응
24425,val,1,1,1단계_완전_소외
24426,val,0,2,2단계_부분_적응
24427,val,1,1,1단계_완전_소외
24428,val,1,1,1단계_완전_소외
24429,val,2,3,3단계_자립_적응
24430,val,1,1,1단계_완전_소외
24431,val,1,1,1단계_완전_소외
24432,val,1,1,1단계_완전_소외
24433,val,1,1,1단계_완전_소외
24434,val,0,2,2단계_부분_적응
24435,val,2,3,3단계_자립_적응
24436,val,2,3,3단계_자립_적응
24437,val,1,1,1단계_완전_소외
24438,val,2,3,3단계_자립_적응
24439,val,0,2,2단계_부분_적응
24440,val,0,2,2단계_부분_적응
24441,val,0,2,2단계_부분_적응
24442,val,0,2,2단계_부분_적응
24443,val,0,2,2단계_부분_적응
24444,val,0,2,2단계_부분_적응
24445,val,0,2,2단계_부분_적응
24446,val,1,1,1단계_완전_소외
24447,val,0,2,2단계_부분_적응
24448,val,0,2,2단계_부분_적응
24449,val,0,2,2단계_부분_적응
24450,val,1,1,1단계_완전_소외
24451,val,0,2,2단계_부분_적응
24452,val,1,1,1단계_완전_소외
24453,val,0,2,2단계_부분_적응
24454,val,0,2,2단계_부분_적응
24455,val,2,3,3단계_자립_적응
24456,val,0,2,2단계_부분_적응
24457,val,0,2,2단계_부분_적응
24458,val,2,3,3단계_자립_적응
24459,val,1,1,1단계_완전_소외
24460,val,0,2,2단계_부분_적응
24461,val,0,2,2단계_부분_적응
24462,val,1,1,1단계_완전_소외
24463,val,1,1,1단계_완전_소외
24464,val,2,3,3단계_자립_적응
24465,val,0,2,2단계_부분_적응
24466,val,2,3,3단계_자립_적응
24467,val,2,3,3단계_자립_적응
24468,val,2,3,3단계_자립_적응
24469,val,2,3,3단계_자립_적응
24470,val,0,2,2단계_부분_적응
24471,val,1,1,1단계_완전_소외
24472,val,2,3,3단계_자립_적응
24473,val,2,3,3단계_자립_적응
24474,val,1,1,1단계_완전_소외
24475,val,1,1,1단계_완전_소외
24476,val,0,2,2단계_부분_적응
24477,val,0,2,2단계_부분_적응
24478,val,1,1,1단계_완전_소외
24479,val,1,1,1단계_완전_소외
24480,val,2,3,3단계_자립_적응
24481,val,2,3,3단계_자립_적응
24482,val,1,1,1단계_완전_소외
24483,val,1,1,1단계_완전_소외
24484,val,0,2,2단계_부분_적응
24485,val,2,3,3단계_자립_적응
24486,val,2,3,3단계_자립_적응
24487,val,1,1,1단계_완전_소외
24488,val,1,1,1단계_완전_소외
24489,val,0,2,2단계_부분_적응
24490,val,0,2,2단계_부분_적응
24491,val,2,3,3단계_자립_적응
24492,val,1,1,1단계_완전_소외
24493,val,0,2,2단계_부분_적응
24494,val,2,3,3단계_자립_적응
24495,val,2,3,3단계_자립_적응
24496,val,1,1,1단계_완전_소외
24497,val,0,2,2단계_부분_적응
24498,val,1,1,1단계_완전_소외
24499,val,1,1,1단계_완전_소외
24500,val,1,1,1단계_완전_소외
24501,val,0,2,2단계_부분_적응
24502,val,0,2,2단계_부분_적응
24503,val,0,2,2단계_부분_적응
24504,val,2,3,3단계_자립_적응
24505,val,1,1,1단계_완전_소외
24506,val,2,3,3단계_자립_적응
24507,val,0,2,2단계_부분_적응
24508,val,2,3,3단계_자립_적응
24509,val,0,2,2단계_부분_적응
24510,val,0,2,2단계_부분_적응
24511,val,0,2,2단계_부분_적응
24512,val,2,3,3단계_자립_적응
24513,val,1,1,1단계_완전_소외
24514,val,1,1,1단계_완전_소외
24515,val,0,2,2단계_부분_적응
24516,val,1,1,1단계_완전_소외
24517,val,0,2,2단계_부분_적응
24518,val,2,3,3단계_자립_적응
24519,val,0,2,2단계_부분_적응
24520,val,0,2,2단계_부분_적응
24521,val,0,2,2단계_부분_적응
24522,val,1,1,1단계_완전_소외
24523,val,1,1,1단계_완전_소외
24524,val,2,3,3단계_자립_적응
24525,val,2,3,3단계_자립_적응
24526,val,1,1,1단계_완전_소외
24527,val,1,1,1단계_완전_소외
24528,val,0,2,2단계_부분_적응
24529,val,1,1,1단계_완전_소외
24530,val,1,1,1단계_완전_소외
24531,val,2,3,3단계_자립_적응
24532,val,2,3,3단계_자립_적응
24533,val,1,1,1단계_완전_소외
24534,val,1,1,1단계_완전_소외
24535,val,1,1,1단계_완전_소외
24536,val,1,1,1단계_완전_소외
24537,val,0,2,2단계_부분_적응
24538,val,0,2,2단계_부분_적응
24539,val,2,3,3단계_자립_적응
24540,val,1,1,1단계_완전_소외
24541,val,1,1,1단계_완전_소외
24542,val,2,3,3단계_자립_적응
24543,val,2,3,3단계_자립_적응
24544,val,2,3,3단계_자립_적응
24545,val,0,2,2단계_부분_적응
24546,val,1,1,1단계_완전_소외
24547,val,1,1,1단계_완전_소외
24548,val,0,2,2단계_부분_적응
24549,val,0,2,2단계_부분_적응
24550,val,0,2,2단계_부분_적응
24551,val,1,1,1단계_완전_소외
24552,val,0,2,2단계_부분_적응
24553,val,2,3,3단계_자립_적응
24554,val,0,2,2단계_부분_적응
24555,val,2,3,3단계_자립_적응
24556,val,1,1,1단계_완전_소외
24557,val,1,1,1단계_완전_소외
24558,val,1,1,1단계_완전_소외
24559,val,1,1,1단계_완전_소외
24560,val,1,1,1단계_완전_소외
24561,val,0,2,2단계_부분_적응
24562,val,2,3,3단계_자립_적응
24563,val,1,1,1단계_완전_소외
24564,val,2,3,3단계_자립_적응
24565,val,2,3,3단계_자립_적응
24566,val,0,2,2단계_부분_적응
24567,val,1,1,1단계_완전_소외
24568,val,1,1,1단계_완전_소외
24569,val,2,3,3단계_자립_적응
24570,val,2,3,3단계_자립_적응
24571,val,2,3,3단계_자립_적응
24572,val,1,1,1단계_완전_소외
24573,val,0,2,2단계_부분_적응
24574,val,0,2,2단계_부분_적응
24575,val,0,2,2단계_부분_적응
24576,val,0,2,2단계_부분_적응
24577,val,0,2,2단계_부분_적응
24578,val,2,3,3단계_자립_적응
24579,val,2,3,3단계_자립_적응
24580,val,1,1,1단계_완전_소외
24581,val,2,3,3단계_자립_적응
24582,val,1,1,1단계_완전_소외
24583,val,2,3,3단계_자립_적응
24584,val,1,1,1단계_완전_소외
24585,val,1,1,1단계_완전_소외
24586,val,1,1,1단계_완전_소외
24587,val,2,3,3단계_자립_적응
24588,val,1,1,1단계_완전_소외
24589,val,2,3,3단계_자립_적응
24590,val,0,2,2단계_부분_적응
24591,val,0,2,2단계_부분_적응
24592,val,2,3,3단계_자립_적응
24593,val,2,3,3단계_자립_적응
24594,val,1,1,1단계_완전_소외
24595,val,1,1,1단계_완전_소외
24596,val,0,2,2단계_부분_적응
24597,val,1,1,1단계_완전_소외
24598,val,0,2,2단계_부분_적응
24599,val,1,1,1단계_완전_소외
24600,val,1,1,1단계_완전_소외
24601,val,2,3,3단계_자립_적응
24602,val,1,1,1단계_완전_소외
24603,val,2,3,3단계_자립_적응
24604,val,0,2,2단계_부분_적응
24605,val,2,3,3단계_자립_적응
24606,val,1,1,1단계_완전_소외
24607,val,0,2,2단계_부분_적응
24608,val,0,2,2단계_부분_적응
24609,val,1,1,1단계_완전_소외
24610,val,0,2,2단계_부분_적응
24611,val,2,3,3단계_자립_적응
24612,val,0,2,2단계_부분_적응
24613,val,2,3,3단계_자립_적응
24614,val,0,2,2단계_부분_적응
24615,val,2,3,3단계_자립_적응
24616,val,2,3,3단계_자립_적응
24617,val,1,1,1단계_완전_소외
24618,val,1,1,1단계_완전_소외
24619,val,2,3,3단계_자립_적응
24620,val,2,3,3단계_자립_적응
24621,val,2,3,3단계_자립_적응
24622,val,0,2,2단계_부분_적응
24623,val,0,2,2단계_부분_적응
24624,val,0,2,2단계_부분_적응
24625,val,1,1,1단계_완전_소외
24626,val,1,1,1단계_완전_소외
24627,val,1,1,1단계_완전_소외
24628,val,2,3,3단계_자립_적응
24629,val,2,3,3단계_자립_적응
24630,val,1,1,1단계_완전_소외
24631,val,1,1,1단계_완전_소외
24632,val,0,2,2단계_부분_적응
24633,val,0,2,2단계_부분_적응
24634,val,1,1,1단계_완전_소외
24635,val,0,2,2단계_부분_적응
24636,val,2,3,3단계_자립_적응
24637,val,2,3,3단계_자립_적응
24638,val,2,3,3단계_자립_적응
24639,val,2,3,3단계_자립_적응
24640,val,2,3,3단계_자립_적응
24641,val,2,3,3단계_자립_적응
24642,val,1,1,1단계_완전_소외
24643,val,1,1,1단계_완전_소외
24644,val,2,3,3단계_자립_적응
24645,val,1,1,1단계_완전_소외
24646,val,0,2,2단계_부분_적응
24647,val,1,1,1단계_완전_소외
24648,val,0,2,2단계_부분_적응
24649,val,1,1,1단계_완전_소외
24650,val,0,2,2단계_부분_적응
24651,val,2,3,3단계_자립_적응
24652,val,1,1,1단계_완전_소외
24653,val,0,2,2단계_부분_적응
24654,val,2,3,3단계_자립_적응
24655,val,0,2,2단계_부분_적응
24656,val,1,1,1단계_완전_소외
24657,val,1,1,1단계_완전_소외
24658,val,2,3,3단계_자립_적응
24659,val,0,2,2단계_부분_적응
24660,val,0,2,2단계_부분_적응
24661,val,1,1,1단계_완전_소외
24662,val,0,2,2단계_부분_적응
24663,val,2,3,3단계_자립_적응
24664,val,1,1,1단계_완전_소외
24665,val,1,1,1단계_완전_소외
24666,val,0,2,2단계_부분_적응
24667,val,0,2,2단계_부분_적응
24668,val,0,2,2단계_부분_적응
24669,val,1,1,1단계_완전_소외
24670,val,2,3,3단계_자립_적응
24671,val,0,2,2단계_부분_적응
24672,val,0,2,2단계_부분_적응
24673,val,1,1,1단계_완전_소외
24674,val,2,3,3단계_자립_적응
24675,val,1,1,1단계_완전_소외
24676,val,1,1,1단계_완전_소외
24677,val,2,3,3단계_자립_적응
24678,val,1,1,1단계_완전_소외
24679,val,0,2,2단계_부분_적응
24680,val,0,2,2단계_부분_적응
24681,val,0,2,2단계_부분_적응
24682,val,1,1,1단계_완전_소외
24683,val,0,2,2단계_부분_적응
24684,val,1,1,1단계_완전_소외
24685,val,0,2,2단계_부분_적응
24686,val,0,2,2단계_부분_적응
24687,val,0,2,2단계_부분_적응
24688,val,1,1,1단계_완전_소외
24689,val,2,3,3단계_자립_적응
24690,val,0,2,2단계_부분_적응
24691,val,2,3,3단계_자립_적응
24692,val,0,2,2단계_부분_적응
24693,val,1,1,1단계_완전_소외
24694,val,1,1,1단계_완전_소외
24695,val,1,1,1단계_완전_소외
24696,val,0,2,2단계_부분_적응
24697,val,1,1,1단계_완전_소외
24698,val,1,1,1단계_완전_소외
24699,val,1,1,1단계_완전_소외
24700,val,2,3,3단계_자립_적응
24701,val,1,1,1단계_완전_소외
24702,val,0,2,2단계_부분_적응
24703,val,2,3,3단계_자립_적응
24704,val,0,2,2단계_부분_적응
24705,val,2,3,3단계_자립_적응
24706,val,2,3,3단계_자립_적응
24707,val,2,3,3단계_자립_적응
24708,val,0,2,2단계_부분_적응
24709,val,2,3,3단계_자립_적응
24710,val,1,1,1단계_완전_소외
24711,val,0,2,2단계_부분_적응
24712,val,0,2,2단계_부분_적응
24713,val,0,2,2단계_부분_적응
24714,val,0,2,2단계_부분_적응
24715,val,0,2,2단계_부분_적응
24716,val,1,1,1단계_완전_소외
24717,val,1,1,1단계_완전_소외
24718,val,2,3,3단계_자립_적응
24719,val,1,1,1단계_완전_소외
24720,val,2,3,3단계_자립_적응
24721,val,0,2,2단계_부분_적응
24722,val,1,1,1단계_완전_소외
24723,val,0,2,2단계_부분_적응
24724,val,0,2,2단계_부분_적응
24725,val,0,2,2단계_부분_적응
24726,val,1,1,1단계_완전_소외
24727,val,0,2,2단계_부분_적응
24728,val,0,2,2단계_부분_적응
24729,val,1,1,1단계_완전_소외
24730,val,2,3,3단계_자립_적응
24731,val,1,1,1단계_완전_소외
24732,val,1,1,1단계_완전_소외
24733,val,0,2,2단계_부분_적응
24734,val,1,1,1단계_완전_소외
24735,val,0,2,2단계_부분_적응
24736,val,0,2,2단계_부분_적응
24737,val,1,1,1단계_완전_소외
24738,val,2,3,3단계_자립_적응
24739,val,1,1,1단계_완전_소외
24740,val,1,1,1단계_완전_소외
24741,val,1,1,1단계_완전_소외
24742,val,0,2,2단계_부분_적응
24743,val,2,3,3단계_자립_적응
24744,val,1,1,1단계_완전_소외
24745,val,2,3,3단계_자립_적응
24746,val,0,2,2단계_부분_적응
24747,val,2,3,3단계_자립_적응
24748,val,0,2,2단계_부분_적응
24749,val,1,1,1단계_완전_소외
24750,val,1,1,1단계_완전_소외
24751,val,0,2,2단계_부분_적응
24752,val,2,3,3단계_자립_적응
24753,val,1,1,1단계_완전_소외
24754,val,1,1,1단계_완전_소외
24755,val,1,1,1단계_완전_소외
24756,val,1,1,1단계_완전_소외
24757,val,0,2,2단계_부분_적응
24758,val,1,1,1단계_완전_소외
24759,val,1,1,1단계_완전_소외
24760,val,1,1,1단계_완전_소외
24761,val,1,1,1단계_완전_소외
24762,val,1,1,1단계_완전_소외
24763,val,0,2,2단계_부분_적응
24764,val,0,2,2단계_부분_적응
24765,val,0,2,2단계_부분_적응
24766,val,2,3,3단계_자립_적응
24767,val,2,3,3단계_자립_적응
24768,val,1,1,1단계_완전_소외
24769,val,2,3,3단계_자립_적응
24770,val,0,2,2단계_부분_적응
24771,val,1,1,1단계_완전_소외
24772,val,0,2,2단계_부분_적응
24773,val,0,2,2단계_부분_적응
24774,val,1,1,1단계_완전_소외
24775,val,0,2,2단계_부분_적응
24776,val,0,2,2단계_부분_적응
24777,val,1,1,1단계_완전_소외
24778,val,1,1,1단계_완전_소외
24779,val,0,2,2단계_부분_적응
24780,val,1,1,1단계_완전_소외
24781,val,0,2,2단계_부분_적응
24782,val,0,2,2단계_부분_적응
24783,val,2,3,3단계_자립_적응
24784,val,2,3,3단계_자립_적응
24785,val,2,3,3단계_자립_적응
24786,val,0,2,2단계_부분_적응
24787,val,2,3,3단계_자립_적응
24788,val,2,3,3단계_자립_적응
24789,val,1,1,1단계_완전_소외
24790,val,0,2,2단계_부분_적응
24791,val,0,2,2단계_부분_적응
24792,val,2,3,3단계_자립_적응
24793,val,0,2,2단계_부분_적응
24794,val,1,1,1단계_완전_소외
24795,val,2,3,3단계_자립_적응
24796,val,0,2,2단계_부분_적응
24797,val,0,2,2단계_부분_적응
24798,val,1,1,1단계_완전_소외
24799,val,2,3,3단계_자립_적응
24800,val,0,2,2단계_부분_적응
24801,val,1,1,1단계_완전_소외
24802,val,2,3,3단계_자립_적응
24803,val,2,3,3단계_자립_적응
24804,val,0,2,2단계_부분_적응
24805,val,0,2,2단계_부분_적응
24806,val,0,2,2단계_부분_적응
24807,val,0,2,2단계_부분_적응
24808,val,1,1,1단계_완전_소외
24809,val,2,3,3단계_자립_적응
24810,val,1,1,1단계_완전_소외
24811,val,0,2,2단계_부분_적응
24812,val,1,1,1단계_완전_소외
24813,val,0,2,2단계_부분_적응
24814,val,1,1,1단계_완전_소외
24815,val,1,1,1단계_완전_소외
24816,val,0,2,2단계_부분_적응
24817,val,1,1,1단계_완전_소외
24818,val,0,2,2단계_부분_적응
24819,val,1,1,1단계_완전_소외
24820,val,0,2,2단계_부분_적응
24821,val,0,2,2단계_부분_적응
24822,val,2,3,3단계_자립_적응
24823,val,2,3,3단계_자립_적응
24824,val,2,3,3단계_자립_적응
24825,val,0,2,2단계_부분_적응
24826,val,1,1,1단계_완전_소외
24827,val,2,3,3단계_자립_적응
24828,val,1,1,1단계_완전_소외
24829,val,2,3,3단계_자립_적응
24830,val,0,2,2단계_부분_적응
24831,val,0,2,2단계_부분_적응
24832,val,0,2,2단계_부분_적응
24833,val,0,2,2단계_부분_적응
24834,val,2,3,3단계_자립_적응
24835,val,2,3,3단계_자립_적응
24836,val,0,2,2단계_부분_적응
24837,val,0,2,2단계_부분_적응
24838,val,0,2,2단계_부분_적응
24839,val,1,1,1단계_완전_소외
24840,val,2,3,3단계_자립_적응
24841,val,0,2,2단계_부분_적응
24842,val,0,2,2단계_부분_적응
24843,val,1,1,1단계_완전_소외
24844,val,2,3,3단계_자립_적응
24845,val,1,1,1단계_완전_소외
24846,val,0,2,2단계_부분_적응
24847,val,0,2,2단계_부분_적응
24848,val,0,2,2단계_부분_적응
24849,val,1,1,1단계_완전_소외
24850,val,2,3,3단계_자립_적응
24851,val,1,1,1단계_완전_소외
24852,val,1,1,1단계_완전_소외
24853,val,2,3,3단계_자립_적응
24854,val,0,2,2단계_부분_적응
24855,val,2,3,3단계_자립_적응
24856,val,1,1,1단계_완전_소외
24857,val,2,3,3단계_자립_적응
24858,val,0,2,2단계_부분_적응
24859,val,0,2,2단계_부분_적응
24860,val,0,2,2단계_부분_적응
24861,val,2,3,3단계_자립_적응
24862,val,1,1,1단계_완전_소외
24863,val,1,1,1단계_완전_소외
24864,val,2,3,3단계_자립_적응
24865,val,0,2,2단계_부분_적응
24866,val,1,1,1단계_완전_소외
24867,val,0,2,2단계_부분_적응
24868,val,1,1,1단계_완전_소외
24869,val,0,2,2단계_부분_적응
24870,val,2,3,3단계_자립_적응
24871,val,2,3,3단계_자립_적응
24872,val,2,3,3단계_자립_적응
24873,val,0,2,2단계_부분_적응
24874,val,0,2,2단계_부분_적응
24875,val,2,3,3단계_자립_적응
24876,val,1,1,1단계_완전_소외
24877,val,1,1,1단계_완전_소외
24878,val,1,1,1단계_완전_소외
24879,val,0,2,2단계_부분_적응
24880,val,0,2,2단계_부분_적응
24881,val,1,1,1단계_완전_소외
24882,val,2,3,3단계_자립_적응
24883,val,0,2,2단계_부분_적응
24884,val,2,3,3단계_자립_적응
24885,val,0,2,2단계_부분_적응
24886,val,2,3,3단계_자립_적응
24887,val,2,3,3단계_자립_적응
24888,val,1,1,1단계_완전_소외
24889,val,1,1,1단계_완전_소외
24890,val,0,2,2단계_부분_적응
24891,val,1,1,1단계_완전_소외
24892,val,1,1,1단계_완전_소외
24893,val,2,3,3단계_자립_적응
24894,val,2,3,3단계_자립_적응
24895,val,1,1,1단계_완전_소외
24896,val,1,1,1단계_완전_소외
24897,val,0,2,2단계_부분_적응
24898,val,0,2,2단계_부분_적응
24899,val,0,2,2단계_부분_적응
24900,val,2,3,3단계_자립_적응
24901,val,2,3,3단계_자립_적응
24902,val,0,2,2단계_부분_적응
24903,val,2,3,3단계_자립_적응
24904,val,2,3,3단계_자립_적응
24905,val,0,2,2단계_부분_적응
24906,val,0,2,2단계_부분_적응
24907,val,1,1,1단계_완전_소외
24908,val,0,2,2단계_부분_적응
24909,val,1,1,1단계_완전_소외
24910,val,2,3,3단계_자립_적응
24911,val,2,3,3단계_자립_적응
24912,val,1,1,1단계_완전_소외
24913,val,2,3,3단계_자립_적응
24914,val,0,2,2단계_부분_적응
24915,val,2,3,3단계_자립_적응
24916,val,2,3,3단계_자립_적응
24917,val,1,1,1단계_완전_소외
24918,val,0,2,2단계_부분_적응
24919,val,0,2,2단계_부분_적응
24920,val,1,1,1단계_완전_소외
24921,val,0,2,2단계_부분_적응
24922,val,2,3,3단계_자립_적응
24923,val,0,2,2단계_부분_적응
24924,val,1,1,1단계_완전_소외
24925,val,0,2,2단계_부분_적응
24926,val,2,3,3단계_자립_적응
24927,val,1,1,1단계_완전_소외
24928,val,2,3,3단계_자립_적응
24929,val,0,2,2단계_부분_적응
24930,val,2,3,3단계_자립_적응
24931,val,0,2,2단계_부분_적응
24932,val,2,3,3단계_자립_적응
24933,val,2,3,3단계_자립_적응
24934,val,1,1,1단계_완전_소외
24935,val,1,1,1단계_완전_소외
24936,val,2,3,3단계_자립_적응
24937,val,0,2,2단계_부분_적응
24938,val,1,1,1단계_완전_소외
24939,val,0,2,2단계_부분_적응
24940,val,0,2,2단계_부분_적응
24941,val,2,3,3단계_자립_적응
24942,val,0,2,2단계_부분_적응
24943,val,0,2,2단계_부분_적응
24944,val,0,2,2단계_부분_적응
24945,val,0,2,2단계_부분_적응
24946,val,1,1,1단계_완전_소외
24947,val,1,1,1단계_완전_소외
24948,val,1,1,1단계_완전_소외
24949,val,2,3,3단계_자립_적응
24950,val,0,2,2단계_부분_적응
24951,val,2,3,3단계_자립_적응
24952,val,1,1,1단계_완전_소외
24953,val,0,2,2단계_부분_적응
24954,val,1,1,1단계_완전_소외
24955,val,0,2,2단계_부분_적응
24956,val,2,3,3단계_자립_적응
24957,val,0,2,2단계_부분_적응
24958,val,2,3,3단계_자립_적응
24959,val,1,1,1단계_완전_소외
24960,val,1,1,1단계_완전_소외
24961,val,2,3,3단계_자립_적응
24962,val,2,3,3단계_자립_적응
24963,val,1,1,1단계_완전_소외
24964,val,1,1,1단계_완전_소외
24965,val,0,2,2단계_부분_적응
24966,val,2,3,3단계_자립_적응
24967,val,2,3,3단계_자립_적응
24968,val,0,2,2단계_부분_적응
24969,val,2,3,3단계_자립_적응
24970,val,0,2,2단계_부분_적응
24971,val,2,3,3단계_자립_적응
24972,val,1,1,1단계_완전_소외
24973,val,1,1,1단계_완전_소외
24974,val,0,2,2단계_부분_적응
24975,val,2,3,3단계_자립_적응
24976,val,1,1,1단계_완전_소외
24977,val,0,2,2단계_부분_적응
24978,val,1,1,1단계_완전_소외
24979,val,2,3,3단계_자립_적응
24980,val,0,2,2단계_부분_적응
24981,val,0,2,2단계_부분_적응
24982,val,1,1,1단계_완전_소외
24983,val,1,1,1단계_완전_소외
24984,val,1,1,1단계_완전_소외
24985,val,1,1,1단계_완전_소외
24986,val,2,3,3단계_자립_적응
24987,val,1,1,1단계_완전_소외
24988,val,0,2,2단계_부분_적응
24989,val,0,2,2단계_부분_적응
24990,val,1,1,1단계_완전_소외
24991,val,0,2,2단계_부분_적응
24992,val,2,3,3단계_자립_적응
24993,val,2,3,3단계_자립_적응
24994,val,1,1,1단계_완전_소외
24995,val,2,3,3단계_자립_적응
24996,val,2,3,3단계_자립_적응
24997,val,0,2,2단계_부분_적응
24998,val,2,3,3단계_자립_적응
24999,val,2,3,3단계_자립_적응
25000,val,0,2,2단계_부분_적응
25001,val,1,1,1단계_완전_소외
25002,val,1,1,1단계_완전_소외
25003,val,1,1,1단계_완전_소외
25004,val,1,1,1단계_완전_소외
25005,val,0,2,2단계_부분_적응
25006,val,2,3,3단계_자립_적응
25007,val,1,1,1단계_완전_소외
25008,val,1,1,1단계_완전_소외
25009,val,0,2,2단계_부분_적응
25010,val,1,1,1단계_완전_소외
25011,val,1,1,1단계_완전_소외
25012,val,2,3,3단계_자립_적응
25013,val,1,1,1단계_완전_소외
25014,val,1,1,1단계_완전_소외
25015,val,0,2,2단계_부분_적응
25016,val,1,1,1단계_완전_소외
25017,val,1,1,1단계_완전_소외
25018,val,1,1,1단계_완전_소외
25019,val,1,1,1단계_완전_소외
25020,val,0,2,2단계_부분_적응
25021,val,2,3,3단계_자립_적응
25022,val,2,3,3단계_자립_적응
25023,val,2,3,3단계_자립_적응
25024,val,2,3,3단계_자립_적응
25025,val,1,1,1단계_완전_소외
25026,val,0,2,2단계_부분_적응
25027,val,1,1,1단계_완전_소외
25028,val,0,2,2단계_부분_적응
25029,val,0,2,2단계_부분_적응
25030,val,2,3,3단계_자립_적응
25031,val,0,2,2단계_부분_적응
25032,val,2,3,3단계_자립_적응
25033,val,2,3,3단계_자립_적응
25034,val,1,1,1단계_완전_소외
25035,val,2,3,3단계_자립_적응
25036,val,1,1,1단계_완전_소외
25037,val,1,1,1단계_완전_소외
25038,val,0,2,2단계_부분_적응
25039,val,0,2,2단계_부분_적응
25040,val,0,2,2단계_부분_적응
25041,val,0,2,2단계_부분_적응
25042,val,0,2,2단계_부분_적응
25043,val,0,2,2단계_부분_적응
25044,val,1,1,1단계_완전_소외
25045,val,0,2,2단계_부분_적응
25046,val,1,1,1단계_완전_소외
25047,val,0,2,2단계_부분_적응
25048,val,0,2,2단계_부분_적응
25049,val,2,3,3단계_자립_적응
25050,val,0,2,2단계_부분_적응
25051,val,1,1,1단계_완전_소외
25052,val,0,2,2단계_부분_적응
25053,val,1,1,1단계_완전_소외
25054,val,1,1,1단계_완전_소외
25055,val,1,1,1단계_완전_소외
25056,val,0,2,2단계_부분_적응
25057,val,1,1,1단계_완전_소외
25058,val,0,2,2단계_부분_적응
25059,val,1,1,1단계_완전_소외
25060,val,0,2,2단계_부분_적응
25061,val,2,3,3단계_자립_적응
25062,val,2,3,3단계_자립_적응
25063,val,0,2,2단계_부분_적응
25064,val,1,1,1단계_완전_소외
25065,val,0,2,2단계_부분_적응
25066,test,0,2,2단계_부분_적응
25067,test,0,2,2단계_부분_적응
25068,test,0,2,2단계_부분_적응
25069,test,1,1,1단계_완전_소외
25070,test,0,2,2단계_부분_적응
25071,test,0,2,2단계_부분_적응
25072,test,0,2,2단계_부분_적응
25073,test,0,2,2단계_부분_적응
25074,test,1,1,1단계_완전_소외
25075,test,1,1,1단계_완전_소외
25076,test,2,3,3단계_자립_적응
25077,test,2,3,3단계_자립_적응
25078,test,0,2,2단계_부분_적응
25079,test,1,1,1단계_완전_소외
25080,test,1,1,1단계_완전_소외
25081,test,0,2,2단계_부분_적응
25082,test,2,3,3단계_자립_적응
25083,test,2,3,3단계_자립_적응
25084,test,1,1,1단계_완전_소외
25085,test,1,1,1단계_완전_소외
25086,test,0,2,2단계_부분_적응
25087,test,0,2,2단계_부분_적응
25088,test,2,3,3단계_자립_적응
25089,test,0,2,2단계_부분_적응
25090,test,2,3,3단계_자립_적응
25091,test,0,2,2단계_부분_적응
25092,test,0,2,2단계_부분_적응
25093,test,2,3,3단계_자립_적응
25094,test,1,1,1단계_완전_소외
25095,test,0,2,2단계_부분_적응
25096,test,1,1,1단계_완전_소외
25097,test,0,2,2단계_부분_적응
25098,test,0,2,2단계_부분_적응
25099,test,0,2,2단계_부분_적응
25100,test,1,1,1단계_완전_소외
25101,test,0,2,2단계_부분_적응
25102,test,2,3,3단계_자립_적응
25103,test,1,1,1단계_완전_소외
25104,test,0,2,2단계_부분_적응
25105,test,2,3,3단계_자립_적응
25106,test,1,1,1단계_완전_소외
25107,test,0,2,2단계_부분_적응
25108,test,2,3,3단계_자립_적응
25109,test,0,2,2단계_부분_적응
25110,test,2,3,3단계_자립_적응
25111,test,1,1,1단계_완전_소외
25112,test,1,1,1단계_완전_소외
25113,test,2,3,3단계_자립_적응
25114,test,0,2,2단계_부분_적응
25115,test,1,1,1단계_완전_소외
25116,test,2,3,3단계_자립_적응
25117,test,1,1,1단계_완전_소외
25118,test,0,2,2단계_부분_적응
25119,test,0,2,2단계_부분_적응
25120,test,2,3,3단계_자립_적응
25121,test,0,2,2단계_부분_적응
25122,test,2,3,3단계_자립_적응
25123,test,1,1,1단계_완전_소외
25124,test,0,2,2단계_부분_적응
25125,test,2,3,3단계_자립_적응
25126,test,2,3,3단계_자립_적응
25127,test,2,3,3단계_자립_적응
25128,test,0,2,2단계_부분_적응
25129,test,2,3,3단계_자립_적응
25130,test,0,2,2단계_부분_적응
25131,test,2,3,3단계_자립_적응
25132,test,2,3,3단계_자립_적응
25133,test,1,1,1단계_완전_소외
25134,test,1,1,1단계_완전_소외
25135,test,0,2,2단계_부분_적응
25136,test,0,2,2단계_부분_적응
25137,test,2,3,3단계_자립_적응
25138,test,2,3,3단계_자립_적응
25139,test,0,2,2단계_부분_적응
25140,test,1,1,1단계_완전_소외
25141,test,2,3,3단계_자립_적응
25142,test,0,2,2단계_부분_적응
25143,test,1,1,1단계_완전_소외
25144,test,0,2,2단계_부분_적응
25145,test,2,3,3단계_자립_적응
25146,test,0,2,2단계_부분_적응
25147,test,2,3,3단계_자립_적응
25148,test,1,1,1단계_완전_소외
25149,test,0,2,2단계_부분_적응
25150,test,0,2,2단계_부분_적응
25151,test,1,1,1단계_완전_소외
25152,test,0,2,2단계_부분_적응
25153,test,2,3,3단계_자립_적응
25154,test,2,3,3단계_자립_적응
25155,test,1,1,1단계_완전_소외
25156,test,1,1,1단계_완전_소외
25157,test,1,1,1단계_완전_소외
25158,test,0,2,2단계_부분_적응
25159,test,2,3,3단계_자립_적응
25160,test,0,2,2단계_부분_적응
25161,test,2,3,3단계_자립_적응
25162,test,1,1,1단계_완전_소외
25163,test,0,2,2단계_부분_적응
25164,test,1,1,1단계_완전_소외
25165,test,1,1,1단계_완전_소외
25166,test,1,1,1단계_완전_소외
25167,test,2,3,3단계_자립_적응
25168,test,2,3,3단계_자립_적응
25169,test,1,1,1단계_완전_소외
25170,test,1,1,1단계_완전_소외
25171,test,1,1,1단계_완전_소외
25172,test,0,2,2단계_부분_적응
25173,test,2,3,3단계_자립_적응
25174,test,1,1,1단계_완전_소외
25175,test,1,1,1단계_완전_소외
25176,test,0,2,2단계_부분_적응
25177,test,1,1,1단계_완전_소외
25178,test,0,2,2단계_부분_적응
25179,test,0,2,2단계_부분_적응
25180,test,1,1,1단계_완전_소외
25181,test,1,1,1단계_완전_소외
25182,test,0,2,2단계_부분_적응
25183,test,1,1,1단계_완전_소외
25184,test,2,3,3단계_자립_적응
25185,test,2,3,3단계_자립_적응
25186,test,1,1,1단계_완전_소외
25187,test,1,1,1단계_완전_소외
25188,test,1,1,1단계_완전_소외
25189,test,0,2,2단계_부분_적응
25190,test,1,1,1단계_완전_소외
25191,test,1,1,1단계_완전_소외
25192,test,2,3,3단계_자립_적응
25193,test,2,3,3단계_자립_적응
25194,test,2,3,3단계_자립_적응
25195,test,0,2,2단계_부분_적응
25196,test,0,2,2단계_부분_적응
25197,test,2,3,3단계_자립_적응
25198,test,1,1,1단계_완전_소외
25199,test,0,2,2단계_부분_적응
25200,test,0,2,2단계_부분_적응
25201,test,0,2,2단계_부분_적응
25202,test,1,1,1단계_완전_소외
25203,test,0,2,2단계_부분_적응
25204,test,2,3,3단계_자립_적응
25205,test,1,1,1단계_완전_소외
25206,test,2,3,3단계_자립_적응
25207,test,0,2,2단계_부분_적응
25208,test,0,2,2단계_부분_적응
25209,test,0,2,2단계_부분_적응
25210,test,1,1,1단계_완전_소외
25211,test,1,1,1단계_완전_소외
25212,test,2,3,3단계_자립_적응
25213,test,1,1,1단계_완전_소외
25214,test,0,2,2단계_부분_적응
25215,test,0,2,2단계_부분_적응
25216,test,1,1,1단계_완전_소외
25217,test,2,3,3단계_자립_적응
25218,test,2,3,3단계_자립_적응
25219,test,2,3,3단계_자립_적응
25220,test,1,1,1단계_완전_소외
25221,test,1,1,1단계_완전_소외
25222,test,2,3,3단계_자립_적응
25223,test,1,1,1단계_완전_소외
25224,test,0,2,2단계_부분_적응
25225,test,0,2,2단계_부분_적응
25226,test,0,2,2단계_부분_적응
25227,test,0,2,2단계_부분_적응
25228,test,2,3,3단계_자립_적응
25229,test,1,1,1단계_완전_소외
25230,test,1,1,1단계_완전_소외
25231,test,0,2,2단계_부분_적응
25232,test,2,3,3단계_자립_적응
25233,test,0,2,2단계_부분_적응
25234,test,0,2,2단계_부분_적응
25235,test,1,1,1단계_완전_소외
25236,test,0,2,2단계_부분_적응
25237,test,1,1,1단계_완전_소외
25238,test,0,2,2단계_부분_적응
25239,test,1,1,1단계_완전_소외
25240,test,1,1,1단계_완전_소외
25241,test,2,3,3단계_자립_적응
25242,test,2,3,3단계_자립_적응
25243,test,2,3,3단계_자립_적응
25244,test,2,3,3단계_자립_적응
25245,test,0,2,2단계_부분_적응
25246,test,0,2,2단계_부분_적응
25247,test,0,2,2단계_부분_적응
25248,test,1,1,1단계_완전_소외
25249,test,1,1,1단계_완전_소외
25250,test,2,3,3단계_자립_적응
25251,test,0,2,2단계_부분_적응
25252,test,0,2,2단계_부분_적응
25253,test,2,3,3단계_자립_적응
25254,test,1,1,1단계_완전_소외
25255,test,1,1,1단계_완전_소외
25256,test,1,1,1단계_완전_소외
25257,test,1,1,1단계_완전_소외
25258,test,1,1,1단계_완전_소외
25259,test,2,3,3단계_자립_적응
25260,test,2,3,3단계_자립_적응
25261,test,1,1,1단계_완전_소외
25262,test,1,1,1단계_완전_소외
25263,test,0,2,2단계_부분_적응
25264,test,0,2,2단계_부분_적응
25265,test,0,2,2단계_부분_적응
25266,test,0,2,2단계_부분_적응
25267,test,1,1,1단계_완전_소외
25268,test,0,2,2단계_부분_적응
25269,test,2,3,3단계_자립_적응
25270,test,2,3,3단계_자립_적응
25271,test,0,2,2단계_부분_적응
25272,test,2,3,3단계_자립_적응
25273,test,0,2,2단계_부분_적응
25274,test,0,2,2단계_부분_적응
25275,test,0,2,2단계_부분_적응
25276,test,2,3,3단계_자립_적응
25277,test,0,2,2단계_부분_적응
25278,test,2,3,3단계_자립_적응
25279,test,0,2,2단계_부분_적응
25280,test,1,1,1단계_완전_소외
25281,test,2,3,3단계_자립_적응
25282,test,1,1,1단계_완전_소외
25283,test,1,1,1단계_완전_소외
25284,test,1,1,1단계_완전_소외
25285,test,0,2,2단계_부분_적응
25286,test,0,2,2단계_부분_적응
25287,test,0,2,2단계_부분_적응
25288,test,2,3,3단계_자립_적응
25289,test,0,2,2단계_부분_적응
25290,test,1,1,1단계_완전_소외
25291,test,0,2,2단계_부분_적응
25292,test,2,3,3단계_자립_적응
25293,test,1,1,1단계_완전_소외
25294,test,2,3,3단계_자립_적응
25295,test,0,2,2단계_부분_적응
25296,test,1,1,1단계_완전_소외
25297,test,2,3,3단계_자립_적응
25298,test,1,1,1단계_완전_소외
25299,test,0,2,2단계_부분_적응
25300,test,2,3,3단계_자립_적응
25301,test,1,1,1단계_완전_소외
25302,test,0,2,2단계_부분_적응
25303,test,0,2,2단계_부분_적응
25304,test,0,2,2단계_부분_적응
25305,test,0,2,2단계_부분_적응
25306,test,0,2,2단계_부분_적응
25307,test,0,2,2단계_부분_적응
25308,test,2,3,3단계_자립_적응
25309,test,1,1,1단계_완전_소외
25310,test,2,3,3단계_자립_적응
25311,test,2,3,3단계_자립_적응
25312,test,0,2,2단계_부분_적응
25313,test,1,1,1단계_완전_소외
25314,test,1,1,1단계_완전_소외
25315,test,0,2,2단계_부분_적응
25316,test,0,2,2단계_부분_적응
25317,test,0,2,2단계_부분_적응
25318,test,1,1,1단계_완전_소외
25319,test,2,3,3단계_자립_적응
25320,test,0,2,2단계_부분_적응
25321,test,2,3,3단계_자립_적응
25322,test,0,2,2단계_부분_적응
25323,test,0,2,2단계_부분_적응
25324,test,2,3,3단계_자립_적응
25325,test,1,1,1단계_완전_소외
25326,test,1,1,1단계_완전_소외
25327,test,0,2,2단계_부분_적응
25328,test,2,3,3단계_자립_적응
25329,test,2,3,3단계_자립_적응
25330,test,1,1,1단계_완전_소외
25331,test,0,2,2단계_부분_적응
25332,test,0,2,2단계_부분_적응
25333,test,1,1,1단계_완전_소외
25334,test,1,1,1단계_완전_소외
25335,test,1,1,1단계_완전_소외
25336,test,0,2,2단계_부분_적응
25337,test,2,3,3단계_자립_적응
25338,test,1,1,1단계_완전_소외
25339,test,0,2,2단계_부분_적응
25340,test,1,1,1단계_완전_소외
25341,test,0,2,2단계_부분_적응
25342,test,2,3,3단계_자립_적응
25343,test,1,1,1단계_완전_소외
25344,test,0,2,2단계_부분_적응
25345,test,0,2,2단계_부분_적응
25346,test,0,2,2단계_부분_적응
25347,test,0,2,2단계_부분_적응
25348,test,0,2,2단계_부분_적응
25349,test,1,1,1단계_완전_소외
25350,test,2,3,3단계_자립_적응
25351,test,0,2,2단계_부분_적응
25352,test,2,3,3단계_자립_적응
25353,test,1,1,1단계_완전_소외
25354,test,2,3,3단계_자립_적응
25355,test,0,2,2단계_부분_적응
25356,test,2,3,3단계_자립_적응
25357,test,1,1,1단계_완전_소외
25358,test,2,3,3단계_자립_적응
25359,test,0,2,2단계_부분_적응
25360,test,1,1,1단계_완전_소외
25361,test,0,2,2단계_부분_적응
25362,test,2,3,3단계_자립_적응
25363,test,0,2,2단계_부분_적응
25364,test,1,1,1단계_완전_소외
25365,test,2,3,3단계_자립_적응
25366,test,0,2,2단계_부분_적응
25367,test,0,2,2단계_부분_적응
25368,test,2,3,3단계_자립_적응
25369,test,0,2,2단계_부분_적응
25370,test,2,3,3단계_자립_적응
25371,test,0,2,2단계_부분_적응
25372,test,2,3,3단계_자립_적응
25373,test,0,2,2단계_부분_적응
25374,test,2,3,3단계_자립_적응
25375,test,1,1,1단계_완전_소외
25376,test,1,1,1단계_완전_소외
25377,test,2,3,3단계_자립_적응
25378,test,1,1,1단계_완전_소외
25379,test,0,2,2단계_부분_적응
25380,test,0,2,2단계_부분_적응
25381,test,2,3,3단계_자립_적응
25382,test,0,2,2단계_부분_적응
25383,test,1,1,1단계_완전_소외
25384,test,1,1,1단계_완전_소외
25385,test,2,3,3단계_자립_적응
25386,test,0,2,2단계_부분_적응
25387,test,0,2,2단계_부분_적응
25388,test,2,3,3단계_자립_적응
25389,test,2,3,3단계_자립_적응
25390,test,1,1,1단계_완전_소외
25391,test,2,3,3단계_자립_적응
25392,test,2,3,3단계_자립_적응
25393,test,2,3,3단계_자립_적응
25394,test,2,3,3단계_자립_적응
25395,test,1,1,1단계_완전_소외
25396,test,1,1,1단계_완전_소외
25397,test,1,1,1단계_완전_소외
25398,test,1,1,1단계_완전_소외
25399,test,2,3,3단계_자립_적응
25400,test,1,1,1단계_완전_소외
25401,test,1,1,1단계_완전_소외
25402,test,2,3,3단계_자립_적응
25403,test,0,2,2단계_부분_적응
25404,test,2,3,3단계_자립_적응
25405,test,1,1,1단계_완전_소외
25406,test,0,2,2단계_부분_적응
25407,test,0,2,2단계_부분_적응
25408,test,1,1,1단계_완전_소외
25409,test,2,3,3단계_자립_적응
25410,test,1,1,1단계_완전_소외
25411,test,0,2,2단계_부분_적응
25412,test,2,3,3단계_자립_적응
25413,test,0,2,2단계_부분_적응
25414,test,2,3,3단계_자립_적응
25415,test,1,1,1단계_완전_소외
25416,test,0,2,2단계_부분_적응
25417,test,0,2,2단계_부분_적응
25418,test,0,2,2단계_부분_적응
25419,test,1,1,1단계_완전_소외
25420,test,1,1,1단계_완전_소외
25421,test,2,3,3단계_자립_적응
25422,test,2,3,3단계_자립_적응
25423,test,0,2,2단계_부분_적응
25424,test,0,2,2단계_부분_적응
25425,test,1,1,1단계_완전_소외
25426,test,1,1,1단계_완전_소외
25427,test,0,2,2단계_부분_적응
25428,test,0,2,2단계_부분_적응
25429,test,2,3,3단계_자립_적응
25430,test,1,1,1단계_완전_소외
25431,test,1,1,1단계_완전_소외
25432,test,2,3,3단계_자립_적응
25433,test,0,2,2단계_부분_적응
25434,test,1,1,1단계_완전_소외
25435,test,0,2,2단계_부분_적응
25436,test,0,2,2단계_부분_적응
25437,test,1,1,1단계_완전_소외
25438,test,1,1,1단계_완전_소외
25439,test,2,3,3단계_자립_적응
25440,test,2,3,3단계_자립_적응
25441,test,1,1,1단계_완전_소외
25442,test,2,3,3단계_자립_적응
25443,test,0,2,2단계_부분_적응
25444,test,1,1,1단계_완전_소외
25445,test,1,1,1단계_완전_소외
25446,test,1,1,1단계_완전_소외
25447,test,2,3,3단계_자립_적응
25448,test,2,3,3단계_자립_적응
25449,test,1,1,1단계_완전_소외
25450,test,2,3,3단계_자립_적응
25451,test,1,1,1단계_완전_소외
25452,test,0,2,2단계_부분_적응
25453,test,0,2,2단계_부분_적응
25454,test,1,1,1단계_완전_소외
25455,test,1,1,1단계_완전_소외
25456,test,2,3,3단계_자립_적응
25457,test,2,3,3단계_자립_적응
25458,test,1,1,1단계_완전_소외
25459,test,1,1,1단계_완전_소외
25460,test,2,3,3단계_자립_적응
25461,test,0,2,2단계_부분_적응
25462,test,2,3,3단계_자립_적응
25463,test,2,3,3단계_자립_적응
25464,test,2,3,3단계_자립_적응
25465,test,0,2,2단계_부분_적응
25466,test,2,3,3단계_자립_적응
25467,test,2,3,3단계_자립_적응
25468,test,2,3,3단계_자립_적응
25469,test,0,2,2단계_부분_적응
25470,test,1,1,1단계_완전_소외
25471,test,2,3,3단계_자립_적응
25472,test,0,2,2단계_부분_적응
25473,test,2,3,3단계_자립_적응
25474,test,0,2,2단계_부분_적응
25475,test,1,1,1단계_완전_소외
25476,test,0,2,2단계_부분_적응
25477,test,1,1,1단계_완전_소외
25478,test,0,2,2단계_부분_적응
25479,test,2,3,3단계_자립_적응
25480,test,2,3,3단계_자립_적응
25481,test,1,1,1단계_완전_소외
25482,test,2,3,3단계_자립_적응
25483,test,1,1,1단계_완전_소외
25484,test,1,1,1단계_완전_소외
25485,test,0,2,2단계_부분_적응
25486,test,0,2,2단계_부분_적응
25487,test,1,1,1단계_완전_소외
25488,test,2,3,3단계_자립_적응
25489,test,1,1,1단계_완전_소외
25490,test,2,3,3단계_자립_적응
25491,test,1,1,1단계_완전_소외
25492,test,1,1,1단계_완전_소외
25493,test,0,2,2단계_부분_적응
25494,test,0,2,2단계_부분_적응
25495,test,1,1,1단계_완전_소외
25496,test,0,2,2단계_부분_적응
25497,test,1,1,1단계_완전_소외
25498,test,1,1,1단계_완전_소외
25499,test,2,3,3단계_자립_적응
25500,test,1,1,1단계_완전_소외
25501,test,2,3,3단계_자립_적응
25502,test,0,2,2단계_부분_적응
25503,test,2,3,3단계_자립_적응
25504,test,1,1,1단계_완전_소외
25505,test,1,1,1단계_완전_소외
25506,test,0,2,2단계_부분_적응
25507,test,0,2,2단계_부분_적응
25508,test,2,3,3단계_자립_적응
25509,test,1,1,1단계_완전_소외
25510,test,1,1,1단계_완전_소외
25511,test,1,1,1단계_완전_소외
25512,test,2,3,3단계_자립_적응
25513,test,1,1,1단계_완전_소외
25514,test,1,1,1단계_완전_소외
25515,test,2,3,3단계_자립_적응
25516,test,1,1,1단계_완전_소외
25517,test,2,3,3단계_자립_적응
25518,test,1,1,1단계_완전_소외
25519,test,1,1,1단계_완전_소외
25520,test,0,2,2단계_부분_적응
25521,test,1,1,1단계_완전_소외
25522,test,0,2,2단계_부분_적응
25523,test,2,3,3단계_자립_적응
25524,test,2,3,3단계_자립_적응
25525,test,2,3,3단계_자립_적응
25526,test,0,2,2단계_부분_적응
25527,test,1,1,1단계_완전_소외
25528,test,0,2,2단계_부분_적응
25529,test,1,1,1단계_완전_소외
25530,test,2,3,3단계_자립_적응
25531,test,1,1,1단계_완전_소외
25532,test,0,2,2단계_부분_적응
25533,test,2,3,3단계_자립_적응
25534,test,1,1,1단계_완전_소외
25535,test,1,1,1단계_완전_소외
25536,test,1,1,1단계_완전_소외
25537,test,0,2,2단계_부분_적응
25538,test,2,3,3단계_자립_적응
25539,test,0,2,2단계_부분_적응
25540,test,2,3,3단계_자립_적응
25541,test,0,2,2단계_부분_적응
25542,test,0,2,2단계_부분_적응
25543,test,2,3,3단계_자립_적응
25544,test,0,2,2단계_부분_적응
25545,test,1,1,1단계_완전_소외
25546,test,1,1,1단계_완전_소외
25547,test,1,1,1단계_완전_소외
25548,test,0,2,2단계_부분_적응
25549,test,1,1,1단계_완전_소외
25550,test,0,2,2단계_부분_적응
25551,test,1,1,1단계_완전_소외
25552,test,1,1,1단계_완전_소외
25553,test,0,2,2단계_부분_적응
25554,test,0,2,2단계_부분_적응
25555,test,0,2,2단계_부분_적응
25556,test,1,1,1단계_완전_소외
25557,test,0,2,2단계_부분_적응
25558,test,0,2,2단계_부분_적응
25559,test,2,3,3단계_자립_적응
25560,test,1,1,1단계_완전_소외
25561,test,1,1,1단계_완전_소외
25562,test,2,3,3단계_자립_적응
25563,test,2,3,3단계_자립_적응
25564,test,1,1,1단계_완전_소외
25565,test,0,2,2단계_부분_적응
25566,test,2,3,3단계_자립_적응
25567,test,1,1,1단계_완전_소외
25568,test,2,3,3단계_자립_적응
25569,test,1,1,1단계_완전_소외
25570,test,2,3,3단계_자립_적응
25571,test,1,1,1단계_완전_소외
25572,test,1,1,1단계_완전_소외
25573,test,2,3,3단계_자립_적응
25574,test,1,1,1단계_완전_소외
25575,test,0,2,2단계_부분_적응
25576,test,2,3,3단계_자립_적응
25577,test,0,2,2단계_부분_적응
25578,test,0,2,2단계_부분_적응
25579,test,0,2,2단계_부분_적응
25580,test,0,2,2단계_부분_적응
25581,test,1,1,1단계_완전_소외
25582,test,2,3,3단계_자립_적응
25583,test,0,2,2단계_부분_적응
25584,test,1,1,1단계_완전_소외
25585,test,2,3,3단계_자립_적응
25586,test,1,1,1단계_완전_소외
25587,test,2,3,3단계_자립_적응
25588,test,1,1,1단계_완전_소외
25589,test,1,1,1단계_완전_소외
25590,test,0,2,2단계_부분_적응
25591,test,2,3,3단계_자립_적응
25592,test,2,3,3단계_자립_적응
25593,test,0,2,2단계_부분_적응
25594,test,2,3,3단계_자립_적응
25595,test,0,2,2단계_부분_적응
25596,test,1,1,1단계_완전_소외
25597,test,0,2,2단계_부분_적응
25598,test,0,2,2단계_부분_적응
25599,test,2,3,3단계_자립_적응
25600,test,1,1,1단계_완전_소외
25601,test,0,2,2단계_부분_적응
25602,test,2,3,3단계_자립_적응
25603,test,0,2,2단계_부분_적응
25604,test,0,2,2단계_부분_적응
25605,test,2,3,3단계_자립_적응
25606,test,0,2,2단계_부분_적응
25607,test,0,2,2단계_부분_적응
25608,test,2,3,3단계_자립_적응
25609,test,1,1,1단계_완전_소외
25610,test,1,1,1단계_완전_소외
25611,test,2,3,3단계_자립_적응
25612,test,0,2,2단계_부분_적응
25613,test,1,1,1단계_완전_소외
25614,test,1,1,1단계_완전_소외
25615,test,1,1,1단계_완전_소외
25616,test,0,2,2단계_부분_적응
25617,test,1,1,1단계_완전_소외
25618,test,0,2,2단계_부분_적응
25619,test,1,1,1단계_완전_소외
25620,test,2,3,3단계_자립_적응
25621,test,2,3,3단계_자립_적응
25622,test,0,2,2단계_부분_적응
25623,test,1,1,1단계_완전_소외
25624,test,2,3,3단계_자립_적응
25625,test,1,1,1단계_완전_소외
25626,test,1,1,1단계_완전_소외
25627,test,1,1,1단계_완전_소외
25628,test,1,1,1단계_완전_소외
25629,test,0,2,2단계_부분_적응
25630,test,2,3,3단계_자립_적응
25631,test,1,1,1단계_완전_소외
25632,test,0,2,2단계_부분_적응
25633,test,2,3,3단계_자립_적응
25634,test,1,1,1단계_완전_소외
25635,test,1,1,1단계_완전_소외
25636,test,2,3,3단계_자립_적응
25637,test,2,3,3단계_자립_적응
25638,test,0,2,2단계_부분_적응
25639,test,0,2,2단계_부분_적응
25640,test,2,3,3단계_자립_적응
25641,test,2,3,3단계_자립_적응
25642,test,1,1,1단계_완전_소외
25643,test,2,3,3단계_자립_적응
25644,test,1,1,1단계_완전_소외
25645,test,0,2,2단계_부분_적응
25646,test,1,1,1단계_완전_소외
25647,test,0,2,2단계_부분_적응
25648,test,0,2,2단계_부분_적응
25649,test,1,1,1단계_완전_소외
25650,test,2,3,3단계_자립_적응
25651,test,0,2,2단계_부분_적응
25652,test,0,2,2단계_부분_적응
25653,test,2,3,3단계_자립_적응
25654,test,1,1,1단계_완전_소외
25655,test,0,2,2단계_부분_적응
25656,test,1,1,1단계_완전_소외
25657,test,1,1,1단계_완전_소외
25658,test,1,1,1단계_완전_소외
25659,test,0,2,2단계_부분_적응
25660,test,2,3,3단계_자립_적응
25661,test,1,1,1단계_완전_소외
25662,test,0,2,2단계_부분_적응
25663,test,1,1,1단계_완전_소외
25664,test,0,2,2단계_부분_적응
25665,test,1,1,1단계_완전_소외
25666,test,1,1,1단계_완전_소외
25667,test,1,1,1단계_완전_소외
25668,test,1,1,1단계_완전_소외
25669,test,1,1,1단계_완전_소외
25670,test,2,3,3단계_자립_적응
25671,test,2,3,3단계_자립_적응
25672,test,2,3,3단계_자립_적응
25673,test,1,1,1단계_완전_소외
25674,test,2,3,3단계_자립_적응
25675,test,0,2,2단계_부분_적응
25676,test,2,3,3단계_자립_적응
25677,test,2,3,3단계_자립_적응
25678,test,1,1,1단계_완전_소외
25679,test,0,2,2단계_부분_적응
25680,test,1,1,1단계_완전_소외
25681,test,0,2,2단계_부분_적응
25682,test,2,3,3단계_자립_적응
25683,test,0,2,2단계_부분_적응
25684,test,2,3,3단계_자립_적응
25685,test,2,3,3단계_자립_적응
25686,test,1,1,1단계_완전_소외
25687,test,0,2,2단계_부분_적응
25688,test,1,1,1단계_완전_소외
25689,test,0,2,2단계_부분_적응
25690,test,2,3,3단계_자립_적응
25691,test,2,3,3단계_자립_적응
25692,test,0,2,2단계_부분_적응
25693,test,0,2,2단계_부분_적응
25694,test,0,2,2단계_부분_적응
25695,test,2,3,3단계_자립_적응
25696,test,2,3,3단계_자립_적응
25697,test,1,1,1단계_완전_소외
25698,test,2,3,3단계_자립_적응
25699,test,0,2,2단계_부분_적응
25700,test,0,2,2단계_부분_적응
25701,test,0,2,2단계_부분_적응
25702,test,1,1,1단계_완전_소외
25703,test,1,1,1단계_완전_소외
25704,test,1,1,1단계_완전_소외
25705,test,0,2,2단계_부분_적응
25706,test,1,1,1단계_완전_소외
25707,test,0,2,2단계_부분_적응
25708,test,0,2,2단계_부분_적응
25709,test,0,2,2단계_부분_적응
25710,test,1,1,1단계_완전_소외
25711,test,1,1,1단계_완전_소외
25712,test,0,2,2단계_부분_적응
25713,test,1,1,1단계_완전_소외
25714,test,0,2,2단계_부분_적응
25715,test,2,3,3단계_자립_적응
25716,test,0,2,2단계_부분_적응
25717,test,1,1,1단계_완전_소외
25718,test,1,1,1단계_완전_소외
25719,test,1,1,1단계_완전_소외
25720,test,0,2,2단계_부분_적응
25721,test,2,3,3단계_자립_적응
25722,test,2,3,3단계_자립_적응
25723,test,0,2,2단계_부분_적응
25724,test,1,1,1단계_완전_소외
25725,test,1,1,1단계_완전_소외
25726,test,0,2,2단계_부분_적응
25727,test,0,2,2단계_부분_적응
25728,test,0,2,2단계_부분_적응
25729,test,1,1,1단계_완전_소외
25730,test,2,3,3단계_자립_적응
25731,test,0,2,2단계_부분_적응
25732,test,1,1,1단계_완전_소외
25733,test,0,2,2단계_부분_적응
25734,test,0,2,2단계_부분_적응
25735,test,1,1,1단계_완전_소외
25736,test,0,2,2단계_부분_적응
25737,test,0,2,2단계_부분_적응
25738,test,1,1,1단계_완전_소외
25739,test,0,2,2단계_부분_적응
25740,test,1,1,1단계_완전_소외
25741,test,2,3,3단계_자립_적응
25742,test,2,3,3단계_자립_적응
25743,test,0,2,2단계_부분_적응
25744,test,2,3,3단계_자립_적응
25745,test,2,3,3단계_자립_적응
25746,test,0,2,2단계_부분_적응
25747,test,1,1,1단계_완전_소외
25748,test,0,2,2단계_부분_적응
25749,test,2,3,3단계_자립_적응
25750,test,1,1,1단계_완전_소외
25751,test,1,1,1단계_완전_소외
25752,test,1,1,1단계_완전_소외
25753,test,2,3,3단계_자립_적응
25754,test,0,2,2단계_부분_적응
25755,test,2,3,3단계_자립_적응
25756,test,1,1,1단계_완전_소외
25757,test,0,2,2단계_부분_적응
25758,test,1,1,1단계_완전_소외
25759,test,0,2,2단계_부분_적응
25760,test,1,1,1단계_완전_소외
25761,test,1,1,1단계_완전_소외
25762,test,2,3,3단계_자립_적응
25763,test,1,1,1단계_완전_소외
25764,test,0,2,2단계_부분_적응
25765,test,1,1,1단계_완전_소외
25766,test,1,1,1단계_완전_소외
25767,test,2,3,3단계_자립_적응
25768,test,0,2,2단계_부분_적응
25769,test,0,2,2단계_부분_적응
25770,test,1,1,1단계_완전_소외
25771,test,0,2,2단계_부분_적응
25772,test,0,2,2단계_부분_적응
25773,test,2,3,3단계_자립_적응
25774,test,0,2,2단계_부분_적응
25775,test,2,3,3단계_자립_적응
25776,test,2,3,3단계_자립_적응
25777,test,1,1,1단계_완전_소외
25778,test,0,2,2단계_부분_적응
25779,test,0,2,2단계_부분_적응
25780,test,1,1,1단계_완전_소외
25781,test,0,2,2단계_부분_적응
25782,test,2,3,3단계_자립_적응
25783,test,1,1,1단계_완전_소외
25784,test,0,2,2단계_부분_적응
25785,test,2,3,3단계_자립_적응
25786,test,2,3,3단계_자립_적응
25787,test,2,3,3단계_자립_적응
25788,test,2,3,3단계_자립_적응
25789,test,2,3,3단계_자립_적응
25790,test,1,1,1단계_완전_소외
25791,test,2,3,3단계_자립_적응
25792,test,1,1,1단계_완전_소외
25793,test,0,2,2단계_부분_적응
25794,test,1,1,1단계_완전_소외
25795,test,0,2,2단계_부분_적응
25796,test,0,2,2단계_부분_적응
25797,test,1,1,1단계_완전_소외
25798,test,0,2,2단계_부분_적응
25799,test,1,1,1단계_완전_소외
25800,test,1,1,1단계_완전_소외
25801,test,2,3,3단계_자립_적응
25802,test,2,3,3단계_자립_적응
25803,test,2,3,3단계_자립_적응
25804,test,1,1,1단계_완전_소외
25805,test,0,2,2단계_부분_적응
25806,test,1,1,1단계_완전_소외
25807,test,1,1,1단계_완전_소외
25808,test,2,3,3단계_자립_적응
25809,test,0,2,2단계_부분_적응
25810,test,2,3,3단계_자립_적응
25811,test,2,3,3단계_자립_적응
25812,test,0,2,2단계_부분_적응
25813,test,1,1,1단계_완전_소외
25814,test,0,2,2단계_부분_적응
25815,test,0,2,2단계_부분_적응
25816,test,2,3,3단계_자립_적응
25817,test,2,3,3단계_자립_적응
25818,test,0,2,2단계_부분_적응
25819,test,1,1,1단계_완전_소외
25820,test,0,2,2단계_부분_적응
25821,test,1,1,1단계_완전_소외
25822,test,0,2,2단계_부분_적응
25823,test,1,1,1단계_완전_소외
25824,test,1,1,1단계_완전_소외
25825,test,0,2,2단계_부분_적응
25826,test,2,3,3단계_자립_적응
25827,test,0,2,2단계_부분_적응
25828,test,0,2,2단계_부분_적응
25829,test,0,2,2단계_부분_적응
25830,test,2,3,3단계_자립_적응
25831,test,1,1,1단계_완전_소외
25832,test,1,1,1단계_완전_소외
25833,test,1,1,1단계_완전_소외
25834,test,0,2,2단계_부분_적응
25835,test,1,1,1단계_완전_소외
25836,test,1,1,1단계_완전_소외
25837,test,1,1,1단계_완전_소외
25838,test,1,1,1단계_완전_소외
25839,test,0,2,2단계_부분_적응
25840,test,2,3,3단계_자립_적응
25841,test,0,2,2단계_부분_적응
25842,test,1,1,1단계_완전_소외
25843,test,2,3,3단계_자립_적응
25844,test,2,3,3단계_자립_적응
25845,test,0,2,2단계_부분_적응
25846,test,1,1,1단계_완전_소외
25847,test,1,1,1단계_완전_소외
25848,test,0,2,2단계_부분_적응
25849,test,0,2,2단계_부분_적응
25850,test,0,2,2단계_부분_적응
25851,test,1,1,1단계_완전_소외
25852,test,1,1,1단계_완전_소외
25853,test,0,2,2단계_부분_적응
25854,test,0,2,2단계_부분_적응
25855,test,2,3,3단계_자립_적응
25856,test,2,3,3단계_자립_적응
25857,test,1,1,1단계_완전_소외
25858,test,1,1,1단계_완전_소외
25859,test,1,1,1단계_완전_소외
25860,test,1,1,1단계_완전_소외
25861,test,1,1,1단계_완전_소외
25862,test,0,2,2단계_부분_적응
25863,test,2,3,3단계_자립_적응
25864,test,0,2,2단계_부분_적응
25865,test,1,1,1단계_완전_소외
25866,test,0,2,2단계_부분_적응
25867,test,1,1,1단계_완전_소외
25868,test,0,2,2단계_부분_적응
25869,test,2,3,3단계_자립_적응
25870,test,2,3,3단계_자립_적응
25871,test,0,2,2단계_부분_적응
25872,test,1,1,1단계_완전_소외
25873,test,1,1,1단계_완전_소외
25874,test,2,3,3단계_자립_적응
25875,test,2,3,3단계_자립_적응
25876,test,2,3,3단계_자립_적응
25877,test,1,1,1단계_완전_소외
25878,test,2,3,3단계_자립_적응
25879,test,1,1,1단계_완전_소외
25880,test,2,3,3단계_자립_적응
25881,test,0,2,2단계_부분_적응
25882,test,1,1,1단계_완전_소외
25883,test,0,2,2단계_부분_적응
25884,test,1,1,1단계_완전_소외
25885,test,1,1,1단계_완전_소외
25886,test,0,2,2단계_부분_적응
25887,test,1,1,1단계_완전_소외
25888,test,2,3,3단계_자립_적응
25889,test,1,1,1단계_완전_소외
25890,test,0,2,2단계_부분_적응
25891,test,1,1,1단계_완전_소외
25892,test,0,2,2단계_부분_적응
25893,test,1,1,1단계_완전_소외
25894,test,2,3,3단계_자립_적응
25895,test,0,2,2단계_부분_적응
25896,test,2,3,3단계_자립_적응
25897,test,2,3,3단계_자립_적응
25898,test,0,2,2단계_부분_적응
25899,test,2,3,3단계_자립_적응
25900,test,0,2,2단계_부분_적응
25901,test,2,3,3단계_자립_적응
25902,test,2,3,3단계_자립_적응
25903,test,0,2,2단계_부분_적응
25904,test,0,2,2단계_부분_적응
25905,test,2,3,3단계_자립_적응
25906,test,0,2,2단계_부분_적응
25907,test,0,2,2단계_부분_적응
25908,test,2,3,3단계_자립_적응
25909,test,1,1,1단계_완전_소외
25910,test,0,2,2단계_부분_적응
25911,test,2,3,3단계_자립_적응
25912,test,2,3,3단계_자립_적응
25913,test,1,1,1단계_완전_소외
25914,test,2,3,3단계_자립_적응
25915,test,0,2,2단계_부분_적응
25916,test,1,1,1단계_완전_소외
25917,test,2,3,3단계_자립_적응
25918,test,2,3,3단계_자립_적응
25919,test,2,3,3단계_자립_적응
25920,test,0,2,2단계_부분_적응
25921,test,1,1,1단계_완전_소외
25922,test,0,2,2단계_부분_적응
25923,test,2,3,3단계_자립_적응
25924,test,1,1,1단계_완전_소외
25925,test,0,2,2단계_부분_적응
25926,test,2,3,3단계_자립_적응
25927,test,1,1,1단계_완전_소외
25928,test,0,2,2단계_부분_적응
25929,test,0,2,2단계_부분_적응
25930,test,2,3,3단계_자립_적응
25931,test,1,1,1단계_완전_소외
25932,test,1,1,1단계_완전_소외
25933,test,0,2,2단계_부분_적응
25934,test,0,2,2단계_부분_적응
25935,test,1,1,1단계_완전_소외
25936,test,2,3,3단계_자립_적응
25937,test,1,1,1단계_완전_소외
25938,test,1,1,1단계_완전_소외
25939,test,2,3,3단계_자립_적응
25940,test,1,1,1단계_완전_소외
25941,test,2,3,3단계_자립_적응
25942,test,0,2,2단계_부분_적응
25943,test,1,1,1단계_완전_소외
25944,test,0,2,2단계_부분_적응
25945,test,1,1,1단계_완전_소외
25946,test,0,2,2단계_부분_적응
25947,test,0,2,2단계_부분_적응
25948,test,2,3,3단계_자립_적응
25949,test,2,3,3단계_자립_적응
25950,test,2,3,3단계_자립_적응
25951,test,2,3,3단계_자립_적응
25952,test,0,2,2단계_부분_적응
25953,test,1,1,1단계_완전_소외
25954,test,2,3,3단계_자립_적응
25955,test,1,1,1단계_완전_소외
25956,test,1,1,1단계_완전_소외
25957,test,0,2,2단계_부분_적응
25958,test,0,2,2단계_부분_적응
25959,test,2,3,3단계_자립_적응
25960,test,0,2,2단계_부분_적응
25961,test,2,3,3단계_자립_적응
25962,test,2,3,3단계_자립_적응
25963,test,0,2,2단계_부분_적응
25964,test,1,1,1단계_완전_소외
25965,test,1,1,1단계_완전_소외
25966,test,1,1,1단계_완전_소외
25967,test,1,1,1단계_완전_소외
25968,test,0,2,2단계_부분_적응
25969,test,1,1,1단계_완전_소외
25970,test,1,1,1단계_완전_소외
25971,test,0,2,2단계_부분_적응
25972,test,1,1,1단계_완전_소외
25973,test,0,2,2단계_부분_적응
25974,test,1,1,1단계_완전_소외
25975,test,0,2,2단계_부분_적응
25976,test,0,2,2단계_부분_적응
25977,test,0,2,2단계_부분_적응
25978,test,1,1,1단계_완전_소외
25979,test,1,1,1단계_완전_소외
25980,test,0,2,2단계_부분_적응
25981,test,2,3,3단계_자립_적응
25982,test,0,2,2단계_부분_적응
25983,test,1,1,1단계_완전_소외
25984,test,1,1,1단계_완전_소외
25985,test,2,3,3단계_자립_적응
25986,test,0,2,2단계_부분_적응
25987,test,2,3,3단계_자립_적응
25988,test,0,2,2단계_부분_적응
25989,test,2,3,3단계_자립_적응
25990,test,2,3,3단계_자립_적응
25991,test,0,2,2단계_부분_적응
25992,test,1,1,1단계_완전_소외
25993,test,1,1,1단계_완전_소외
25994,test,0,2,2단계_부분_적응
25995,test,2,3,3단계_자립_적응
25996,test,2,3,3단계_자립_적응
25997,test,0,2,2단계_부분_적응
25998,test,0,2,2단계_부분_적응
25999,test,2,3,3단계_자립_적응
26000,test,1,1,1단계_완전_소외
26001,test,1,1,1단계_완전_소외
26002,test,1,1,1단계_완전_소외
26003,test,2,3,3단계_자립_적응
26004,test,1,1,1단계_완전_소외
26005,test,0,2,2단계_부분_적응
26006,test,2,3,3단계_자립_적응
26007,test,0,2,2단계_부분_적응
26008,test,0,2,2단계_부분_적응
26009,test,1,1,1단계_완전_소외
26010,test,0,2,2단계_부분_적응
26011,test,1,1,1단계_완전_소외
26012,test,1,1,1단계_완전_소외
26013,test,2,3,3단계_자립_적응
26014,test,2,3,3단계_자립_적응
26015,test,2,3,3단계_자립_적응
26016,test,2,3,3단계_자립_적응
26017,test,1,1,1단계_완전_소외
26018,test,0,2,2단계_부분_적응
26019,test,1,1,1단계_완전_소외
26020,test,1,1,1단계_완전_소외
26021,test,1,1,1단계_완전_소외
26022,test,0,2,2단계_부분_적응
26023,test,1,1,1단계_완전_소외
26024,test,0,2,2단계_부분_적응
26025,test,1,1,1단계_완전_소외
26026,test,2,3,3단계_자립_적응
26027,test,2,3,3단계_자립_적응
26028,test,1,1,1단계_완전_소외
26029,test,1,1,1단계_완전_소외
26030,test,0,2,2단계_부분_적응
26031,test,2,3,3단계_자립_적응
26032,test,2,3,3단계_자립_적응
26033,test,0,2,2단계_부분_적응
26034,test,0,2,2단계_부분_적응
26035,test,0,2,2단계_부분_적응
26036,test,1,1,1단계_완전_소외
26037,test,0,2,2단계_부분_적응
26038,test,2,3,3단계_자립_적응
26039,test,2,3,3단계_자립_적응
26040,test,1,1,1단계_완전_소외
26041,test,0,2,2단계_부분_적응
26042,test,1,1,1단계_완전_소외
26043,test,1,1,1단계_완전_소외
26044,test,0,2,2단계_부분_적응
26045,test,0,2,2단계_부분_적응
26046,test,0,2,2단계_부분_적응
26047,test,0,2,2단계_부분_적응
26048,test,0,2,2단계_부분_적응
26049,test,1,1,1단계_완전_소외
26050,test,0,2,2단계_부분_적응
26051,test,2,3,3단계_자립_적응
26052,test,2,3,3단계_자립_적응
26053,test,1,1,1단계_완전_소외
26054,test,1,1,1단계_완전_소외
26055,test,0,2,2단계_부분_적응
26056,test,0,2,2단계_부분_적응
26057,test,0,2,2단계_부분_적응
26058,test,0,2,2단계_부분_적응
26059,test,1,1,1단계_완전_소외
26060,test,0,2,2단계_부분_적응
26061,test,2,3,3단계_자립_적응
26062,test,2,3,3단계_자립_적응
26063,test,1,1,1단계_완전_소외
26064,test,1,1,1단계_완전_소외
26065,test,2,3,3단계_자립_적응
26066,test,0,2,2단계_부분_적응
26067,test,0,2,2단계_부분_적응
26068,test,2,3,3단계_자립_적응
26069,test,2,3,3단계_자립_적응
26070,test,1,1,1단계_완전_소외
26071,test,0,2,2단계_부분_적응
26072,test,1,1,1단계_완전_소외
26073,test,1,1,1단계_완전_소외
26074,test,1,1,1단계_완전_소외
26075,test,1,1,1단계_완전_소외
26076,test,1,1,1단계_완전_소외
26077,test,1,1,1단계_완전_소외
26078,test,1,1,1단계_완전_소외
26079,test,2,3,3단계_자립_적응
26080,test,1,1,1단계_완전_소외
26081,test,0,2,2단계_부분_적응
26082,test,0,2,2단계_부분_적응
26083,test,0,2,2단계_부분_적응
26084,test,0,2,2단계_부분_적응
26085,test,1,1,1단계_완전_소외
26086,test,1,1,1단계_완전_소외
26087,test,1,1,1단계_완전_소외
26088,test,1,1,1단계_완전_소외
26089,test,2,3,3단계_자립_적응
26090,test,0,2,2단계_부분_적응
26091,test,0,2,2단계_부분_적응
26092,test,2,3,3단계_자립_적응
26093,test,0,2,2단계_부분_적응
26094,test,1,1,1단계_완전_소외
26095,test,0,2,2단계_부분_적응
26096,test,1,1,1단계_완전_소외
26097,test,1,1,1단계_완전_소외
26098,test,0,2,2단계_부분_적응
26099,test,2,3,3단계_자립_적응
26100,test,1,1,1단계_완전_소외
26101,test,0,2,2단계_부분_적응
26102,test,1,1,1단계_완전_소외
26103,test,0,2,2단계_부분_적응
26104,test,1,1,1단계_완전_소외
26105,test,0,2,2단계_부분_적응
26106,test,0,2,2단계_부분_적응
26107,test,0,2,2단계_부분_적응
26108,test,0,2,2단계_부분_적응
26109,test,2,3,3단계_자립_적응
26110,test,0,2,2단계_부분_적응
26111,test,0,2,2단계_부분_적응
26112,test,1,1,1단계_완전_소외
26113,test,1,1,1단계_완전_소외
26114,test,0,2,2단계_부분_적응
26115,test,2,3,3단계_자립_적응
26116,test,1,1,1단계_완전_소외
26117,test,2,3,3단계_자립_적응
26118,test,0,2,2단계_부분_적응
26119,test,1,1,1단계_완전_소외
26120,test,1,1,1단계_완전_소외
26121,test,0,2,2단계_부분_적응
26122,test,0,2,2단계_부분_적응
26123,test,1,1,1단계_완전_소외
26124,test,1,1,1단계_완전_소외
26125,test,1,1,1단계_완전_소외
26126,test,2,3,3단계_자립_적응
26127,test,1,1,1단계_완전_소외
26128,test,1,1,1단계_완전_소외
26129,test,0,2,2단계_부분_적응
26130,test,1,1,1단계_완전_소외
26131,test,2,3,3단계_자립_적응
26132,test,1,1,1단계_완전_소외
26133,test,0,2,2단계_부분_적응
26134,test,1,1,1단계_완전_소외
26135,test,1,1,1단계_완전_소외
26136,test,1,1,1단계_완전_소외
26137,test,0,2,2단계_부분_적응
26138,test,1,1,1단계_완전_소외
26139,test,2,3,3단계_자립_적응
26140,test,0,2,2단계_부분_적응
26141,test,1,1,1단계_완전_소외
26142,test,0,2,2단계_부분_적응
26143,test,0,2,2단계_부분_적응
26144,test,0,2,2단계_부분_적응
26145,test,0,2,2단계_부분_적응
26146,test,1,1,1단계_완전_소외
26147,test,0,2,2단계_부분_적응
26148,test,1,1,1단계_완전_소외
26149,test,0,2,2단계_부분_적응
26150,test,1,1,1단계_완전_소외
26151,test,2,3,3단계_자립_적응
26152,test,0,2,2단계_부분_적응
26153,test,1,1,1단계_완전_소외
26154,test,1,1,1단계_완전_소외
26155,test,0,2,2단계_부분_적응
26156,test,1,1,1단계_완전_소외
26157,test,1,1,1단계_완전_소외
26158,test,0,2,2단계_부분_적응
26159,test,1,1,1단계_완전_소외
26160,test,1,1,1단계_완전_소외
26161,test,0,2,2단계_부분_적응
26162,test,1,1,1단계_완전_소외
26163,test,1,1,1단계_완전_소외
26164,test,1,1,1단계_완전_소외
26165,test,1,1,1단계_완전_소외
26166,test,0,2,2단계_부분_적응
26167,test,0,2,2단계_부분_적응
26168,test,0,2,2단계_부분_적응
26169,test,0,2,2단계_부분_적응
26170,test,0,2,2단계_부분_적응
26171,test,2,3,3단계_자립_적응
26172,test,1,1,1단계_완전_소외
26173,test,2,3,3단계_자립_적응
26174,test,1,1,1단계_완전_소외
26175,test,0,2,2단계_부분_적응
26176,test,0,2,2단계_부분_적응
26177,test,0,2,2단계_부분_적응
26178,test,2,3,3단계_자립_적응
26179,test,2,3,3단계_자립_적응
26180,test,0,2,2단계_부분_적응
26181,test,0,2,2단계_부분_적응
26182,test,1,1,1단계_완전_소외
26183,test,1,1,1단계_완전_소외
26184,test,2,3,3단계_자립_적응
26185,test,2,3,3단계_자립_적응
26186,test,2,3,3단계_자립_적응
26187,test,1,1,1단계_완전_소외
26188,test,2,3,3단계_자립_적응
26189,test,1,1,1단계_완전_소외
26190,test,1,1,1단계_완전_소외
26191,test,0,2,2단계_부분_적응
26192,test,0,2,2단계_부분_적응
26193,test,0,2,2단계_부분_적응
26194,test,2,3,3단계_자립_적응
26195,test,0,2,2단계_부분_적응
26196,test,1,1,1단계_완전_소외
26197,test,0,2,2단계_부분_적응
26198,test,1,1,1단계_완전_소외
26199,test,0,2,2단계_부분_적응
26200,test,0,2,2단계_부분_적응
26201,test,1,1,1단계_완전_소외
26202,test,0,2,2단계_부분_적응
26203,test,1,1,1단계_완전_소외
26204,test,0,2,2단계_부분_적응
26205,test,0,2,2단계_부분_적응
26206,test,1,1,1단계_완전_소외
26207,test,0,2,2단계_부분_적응
26208,test,1,1,1단계_완전_소외
26209,test,1,1,1단계_완전_소외
26210,test,2,3,3단계_자립_적응
26211,test,0,2,2단계_부분_적응
26212,test,1,1,1단계_완전_소외
26213,test,2,3,3단계_자립_적응
26214,test,1,1,1단계_완전_소외
26215,test,2,3,3단계_자립_적응
26216,test,1,1,1단계_완전_소외
26217,test,1,1,1단계_완전_소외
26218,test,0,2,2단계_부분_적응
26219,test,1,1,1단계_완전_소외
26220,test,0,2,2단계_부분_적응
26221,test,1,1,1단계_완전_소외
26222,test,2,3,3단계_자립_적응
26223,test,1,1,1단계_완전_소외
26224,test,0,2,2단계_부분_적응
26225,test,0,2,2단계_부분_적응
26226,test,0,2,2단계_부분_적응
26227,test,1,1,1단계_완전_소외
26228,test,2,3,3단계_자립_적응
26229,test,1,1,1단계_완전_소외
26230,test,0,2,2단계_부분_적응
26231,test,1,1,1단계_완전_소외
26232,test,2,3,3단계_자립_적응
26233,test,0,2,2단계_부분_적응
26234,test,1,1,1단계_완전_소외
26235,test,2,3,3단계_자립_적응
26236,test,1,1,1단계_완전_소외
26237,test,1,1,1단계_완전_소외
26238,test,0,2,2단계_부분_적응
26239,test,2,3,3단계_자립_적응
26240,test,0,2,2단계_부분_적응
26241,test,1,1,1단계_완전_소외
26242,test,0,2,2단계_부분_적응
26243,test,1,1,1단계_완전_소외
26244,test,1,1,1단계_완전_소외
26245,test,2,3,3단계_자립_적응
26246,test,1,1,1단계_완전_소외
26247,test,2,3,3단계_자립_적응
26248,test,0,2,2단계_부분_적응
26249,test,1,1,1단계_완전_소외
26250,test,1,1,1단계_완전_소외
26251,test,0,2,2단계_부분_적응
26252,test,2,3,3단계_자립_적응
26253,test,0,2,2단계_부분_적응
26254,test,2,3,3단계_자립_적응
26255,test,0,2,2단계_부분_적응
26256,test,1,1,1단계_완전_소외
26257,test,2,3,3단계_자립_적응
26258,test,2,3,3단계_자립_적응
26259,test,2,3,3단계_자립_적응
26260,test,1,1,1단계_완전_소외
26261,test,2,3,3단계_자립_적응
26262,test,1,1,1단계_완전_소외
26263,test,2,3,3단계_자립_적응
26264,test,2,3,3단계_자립_적응
26265,test,1,1,1단계_완전_소외
26266,test,2,3,3단계_자립_적응
26267,test,0,2,2단계_부분_적응
26268,test,1,1,1단계_완전_소외
26269,test,1,1,1단계_완전_소외
26270,test,0,2,2단계_부분_적응
26271,test,2,3,3단계_자립_적응
26272,test,0,2,2단계_부분_적응
26273,test,0,2,2단계_부분_적응
26274,test,1,1,1단계_완전_소외
26275,test,0,2,2단계_부분_적응
26276,test,1,1,1단계_완전_소외
26277,test,2,3,3단계_자립_적응
26278,test,2,3,3단계_자립_적응
26279,test,1,1,1단계_완전_소외
26280,test,2,3,3단계_자립_적응
26281,test,2,3,3단계_자립_적응
26282,test,0,2,2단계_부분_적응
26283,test,2,3,3단계_자립_적응
26284,test,2,3,3단계_자립_적응
26285,test,0,2,2단계_부분_적응
26286,test,0,2,2단계_부분_적응
26287,test,0,2,2단계_부분_적응
26288,test,0,2,2단계_부분_적응
26289,test,2,3,3단계_자립_적응
26290,test,2,3,3단계_자립_적응
26291,test,0,2,2단계_부분_적응
26292,test,0,2,2단계_부분_적응
26293,test,0,2,2단계_부분_적응
26294,test,0,2,2단계_부분_적응
26295,test,2,3,3단계_자립_적응
26296,test,1,1,1단계_완전_소외
26297,test,1,1,1단계_완전_소외
26298,test,0,2,2단계_부분_적응
26299,test,0,2,2단계_부분_적응
26300,test,1,1,1단계_완전_소외
26301,test,1,1,1단계_완전_소외
26302,test,1,1,1단계_완전_소외
26303,test,1,1,1단계_완전_소외
26304,test,1,1,1단계_완전_소외
26305,test,2,3,3단계_자립_적응
26306,test,2,3,3단계_자립_적응
26307,test,0,2,2단계_부분_적응
26308,test,1,1,1단계_완전_소외
26309,test,1,1,1단계_완전_소외
26310,test,0,2,2단계_부분_적응
26311,test,2,3,3단계_자립_적응
26312,test,1,1,1단계_완전_소외
26313,test,0,2,2단계_부분_적응
26314,test,1,1,1단계_완전_소외
26315,test,1,1,1단계_완전_소외
26316,test,0,2,2단계_부분_적응
26317,test,0,2,2단계_부분_적응
26318,test,0,2,2단계_부분_적응
26319,test,2,3,3단계_자립_적응
26320,test,2,3,3단계_자립_적응
26321,test,2,3,3단계_자립_적응
26322,test,1,1,1단계_완전_소외
26323,test,1,1,1단계_완전_소외
26324,test,1,1,1단계_완전_소외
26325,test,0,2,2단계_부분_적응
26326,test,2,3,3단계_자립_적응
26327,test,0,2,2단계_부분_적응
26328,test,1,1,1단계_완전_소외
26329,test,2,3,3단계_자립_적응
26330,test,2,3,3단계_자립_적응
26331,test,2,3,3단계_자립_적응
26332,test,2,3,3단계_자립_적응
26333,test,2,3,3단계_자립_적응
26334,test,0,2,2단계_부분_적응
26335,test,0,2,2단계_부분_적응
26336,test,1,1,1단계_완전_소외
26337,test,0,2,2단계_부분_적응
26338,test,0,2,2단계_부분_적응
26339,test,1,1,1단계_완전_소외
26340,test,2,3,3단계_자립_적응
26341,test,1,1,1단계_완전_소외
26342,test,0,2,2단계_부분_적응
26343,test,0,2,2단계_부분_적응
26344,test,0,2,2단계_부분_적응
26345,test,2,3,3단계_자립_적응
26346,test,1,1,1단계_완전_소외
26347,test,2,3,3단계_자립_적응
26348,test,0,2,2단계_부분_적응
26349,test,1,1,1단계_완전_소외
26350,test,2,3,3단계_자립_적응
26351,test,1,1,1단계_완전_소외
26352,test,0,2,2단계_부분_적응
26353,test,2,3,3단계_자립_적응
26354,test,0,2,2단계_부분_적응
26355,test,1,1,1단계_완전_소외
26356,test,0,2,2단계_부분_적응
26357,test,0,2,2단계_부분_적응
26358,test,1,1,1단계_완전_소외
26359,test,2,3,3단계_자립_적응
26360,test,1,1,1단계_완전_소외
26361,test,0,2,2단계_부분_적응
26362,test,1,1,1단계_완전_소외
26363,test,1,1,1단계_완전_소외
26364,test,1,1,1단계_완전_소외
26365,test,1,1,1단계_완전_소외
26366,test,2,3,3단계_자립_적응
26367,test,0,2,2단계_부분_적응
26368,test,0,2,2단계_부분_적응
26369,test,2,3,3단계_자립_적응
26370,test,2,3,3단계_자립_적응
26371,test,1,1,1단계_완전_소외
26372,test,0,2,2단계_부분_적응
26373,test,0,2,2단계_부분_적응
26374,test,0,2,2단계_부분_적응
26375,test,0,2,2단계_부분_적응
26376,test,1,1,1단계_완전_소외
26377,test,2,3,3단계_자립_적응
26378,test,1,1,1단계_완전_소외
26379,test,1,1,1단계_완전_소외
26380,test,0,2,2단계_부분_적응
26381,test,0,2,2단계_부분_적응
26382,test,0,2,2단계_부분_적응
26383,test,2,3,3단계_자립_적응
26384,test,2,3,3단계_자립_적응
26385,test,2,3,3단계_자립_적응
26386,test,0,2,2단계_부분_적응
26387,test,1,1,1단계_완전_소외
26388,test,0,2,2단계_부분_적응
26389,test,1,1,1단계_완전_소외
26390,test,2,3,3단계_자립_적응
26391,test,1,1,1단계_완전_소외
26392,test,1,1,1단계_완전_소외
26393,test,0,2,2단계_부분_적응
26394,test,1,1,1단계_완전_소외
26395,test,2,3,3단계_자립_적응
26396,test,2,3,3단계_자립_적응
26397,test,1,1,1단계_완전_소외
26398,test,0,2,2단계_부분_적응
26399,test,1,1,1단계_완전_소외
26400,test,1,1,1단계_완전_소외
26401,test,1,1,1단계_완전_소외
26402,test,1,1,1단계_완전_소외
26403,test,0,2,2단계_부분_적응
26404,test,1,1,1단계_완전_소외
26405,test,2,3,3단계_자립_적응
26406,test,1,1,1단계_완전_소외
26407,test,0,2,2단계_부분_적응
26408,test,1,1,1단계_완전_소외
26409,test,1,1,1단계_완전_소외
26410,test,0,2,2단계_부분_적응
26411,test,1,1,1단계_완전_소외
26412,test,0,2,2단계_부분_적응
26413,test,2,3,3단계_자립_적응
26414,test,2,3,3단계_자립_적응
26415,test,1,1,1단계_완전_소외
26416,test,0,2,2단계_부분_적응
26417,test,1,1,1단계_완전_소외
26418,test,1,1,1단계_완전_소외
26419,test,1,1,1단계_완전_소외
26420,test,0,2,2단계_부분_적응
26421,test,0,2,2단계_부분_적응
26422,test,2,3,3단계_자립_적응
26423,test,1,1,1단계_완전_소외
26424,test,1,1,1단계_완전_소외
26425,test,1,1,1단계_완전_소외
26426,test,0,2,2단계_부분_적응
26427,test,2,3,3단계_자립_적응
26428,test,0,2,2단계_부분_적응
26429,test,1,1,1단계_완전_소외
26430,test,0,2,2단계_부분_적응
26431,test,1,1,1단계_완전_소외
26432,test,1,1,1단계_완전_소외
26433,test,0,2,2단계_부분_적응
26434,test,0,2,2단계_부분_적응
26435,test,2,3,3단계_자립_적응
26436,test,1,1,1단계_완전_소외
26437,test,0,2,2단계_부분_적응
26438,test,1,1,1단계_완전_소외
26439,test,0,2,2단계_부분_적응
26440,test,1,1,1단계_완전_소외
26441,test,0,2,2단계_부분_적응
26442,test,0,2,2단계_부분_적응
26443,test,0,2,2단계_부분_적응
26444,test,1,1,1단계_완전_소외
26445,test,1,1,1단계_완전_소외
26446,test,2,3,3단계_자립_적응
26447,test,1,1,1단계_완전_소외
26448,test,2,3,3단계_자립_적응
26449,test,1,1,1단계_완전_소외
26450,test,1,1,1단계_완전_소외
26451,test,2,3,3단계_자립_적응
26452,test,2,3,3단계_자립_적응
26453,test,2,3,3단계_자립_적응
26454,test,0,2,2단계_부분_적응
26455,test,0,2,2단계_부분_적응
26456,test,0,2,2단계_부분_적응
26457,test,2,3,3단계_자립_적응
26458,test,0,2,2단계_부분_적응
26459,test,2,3,3단계_자립_적응
26460,test,2,3,3단계_자립_적응
26461,test,1,1,1단계_완전_소외
26462,test,2,3,3단계_자립_적응
26463,test,2,3,3단계_자립_적응
26464,test,2,3,3단계_자립_적응
26465,test,2,3,3단계_자립_적응
26466,test,0,2,2단계_부분_적응
26467,test,0,2,2단계_부분_적응
26468,test,0,2,2단계_부분_적응
26469,test,1,1,1단계_완전_소외
26470,test,0,2,2단계_부분_적응
26471,test,1,1,1단계_완전_소외
26472,test,0,2,2단계_부분_적응
26473,test,1,1,1단계_완전_소외
26474,test,2,3,3단계_자립_적응
26475,test,0,2,2단계_부분_적응
26476,test,0,2,2단계_부분_적응
26477,test,2,3,3단계_자립_적응
26478,test,1,1,1단계_완전_소외
26479,test,0,2,2단계_부분_적응
26480,test,1,1,1단계_완전_소외
26481,test,0,2,2단계_부분_적응
26482,test,2,3,3단계_자립_적응
26483,test,0,2,2단계_부분_적응
26484,test,0,2,2단계_부분_적응
26485,test,2,3,3단계_자립_적응
26486,test,2,3,3단계_자립_적응
26487,test,0,2,2단계_부분_적응
26488,test,0,2,2단계_부분_적응
26489,test,2,3,3단계_자립_적응
26490,test,2,3,3단계_자립_적응
26491,test,1,1,1단계_완전_소외
26492,test,0,2,2단계_부분_적응
26493,test,0,2,2단계_부분_적응
26494,test,1,1,1단계_완전_소외
26495,test,2,3,3단계_자립_적응
26496,test,0,2,2단계_부분_적응
26497,test,0,2,2단계_부분_적응
26498,test,2,3,3단계_자립_적응
26499,test,0,2,2단계_부분_적응
26500,test,2,3,3단계_자립_적응
26501,test,2,3,3단계_자립_적응
26502,test,1,1,1단계_완전_소외
26503,test,1,1,1단계_완전_소외
26504,test,0,2,2단계_부분_적응
26505,test,1,1,1단계_완전_소외
26506,test,2,3,3단계_자립_적응
26507,test,0,2,2단계_부분_적응
26508,test,1,1,1단계_완전_소외
26509,test,2,3,3단계_자립_적응
26510,test,1,1,1단계_완전_소외
26511,test,1,1,1단계_완전_소외
26512,test,1,1,1단계_완전_소외
26513,test,2,3,3단계_자립_적응
26514,test,1,1,1단계_완전_소외
26515,test,2,3,3단계_자립_적응
26516,test,0,2,2단계_부분_적응
26517,test,1,1,1단계_완전_소외
26518,test,2,3,3단계_자립_적응
26519,test,0,2,2단계_부분_적응
26520,test,1,1,1단계_완전_소외
26521,test,0,2,2단계_부분_적응
26522,test,0,2,2단계_부분_적응
26523,test,1,1,1단계_완전_소외
26524,test,2,3,3단계_자립_적응
26525,test,0,2,2단계_부분_적응
26526,test,0,2,2단계_부분_적응
26527,test,0,2,2단계_부분_적응
26528,test,2,3,3단계_자립_적응
26529,test,0,2,2단계_부분_적응
26530,test,0,2,2단계_부분_적응
26531,test,1,1,1단계_완전_소외
26532,test,0,2,2단계_부분_적응
26533,test,0,2,2단계_부분_적응
26534,test,2,3,3단계_자립_적응
26535,test,1,1,1단계_완전_소외
26536,test,2,3,3단계_자립_적응
26537,test,2,3,3단계_자립_적응
26538,test,2,3,3단계_자립_적응
26539,test,0,2,2단계_부분_적응
26540,test,0,2,2단계_부분_적응
26541,test,1,1,1단계_완전_소외
26542,test,0,2,2단계_부분_적응
26543,test,1,1,1단계_완전_소외
26544,test,0,2,2단계_부분_적응
26545,test,1,1,1단계_완전_소외
26546,test,2,3,3단계_자립_적응
26547,test,1,1,1단계_완전_소외
26548,test,0,2,2단계_부분_적응
26549,test,0,2,2단계_부분_적응
26550,test,2,3,3단계_자립_적응
26551,test,1,1,1단계_완전_소외
26552,test,0,2,2단계_부분_적응
26553,test,1,1,1단계_완전_소외
26554,test,1,1,1단계_완전_소외
26555,test,1,1,1단계_완전_소외
26556,test,1,1,1단계_완전_소외
26557,test,0,2,2단계_부분_적응
26558,test,2,3,3단계_자립_적응
26559,test,1,1,1단계_완전_소외
26560,test,1,1,1단계_완전_소외
26561,test,2,3,3단계_자립_적응
26562,test,0,2,2단계_부분_적응
26563,test,2,3,3단계_자립_적응
26564,test,1,1,1단계_완전_소외
26565,test,0,2,2단계_부분_적응
26566,test,1,1,1단계_완전_소외
26567,test,1,1,1단계_완전_소외
26568,test,1,1,1단계_완전_소외
26569,test,0,2,2단계_부분_적응
26570,test,0,2,2단계_부분_적응
26571,test,2,3,3단계_자립_적응
26572,test,1,1,1단계_완전_소외
26573,test,0,2,2단계_부분_적응
26574,test,0,2,2단계_부분_적응
26575,test,2,3,3단계_자립_적응
26576,test,0,2,2단계_부분_적응
26577,test,0,2,2단계_부분_적응
26578,test,2,3,3단계_자립_적응
26579,test,1,1,1단계_완전_소외
26580,test,1,1,1단계_완전_소외
26581,test,0,2,2단계_부분_적응
26582,test,1,1,1단계_완전_소외
26583,test,1,1,1단계_완전_소외
26584,test,2,3,3단계_자립_적응
26585,test,1,1,1단계_완전_소외
26586,test,1,1,1단계_완전_소외
26587,test,0,2,2단계_부분_적응
26588,test,1,1,1단계_완전_소외
26589,test,1,1,1단계_완전_소외
26590,test,0,2,2단계_부분_적응
26591,test,0,2,2단계_부분_적응
26592,test,0,2,2단계_부분_적응
26593,test,0,2,2단계_부분_적응
26594,test,2,3,3단계_자립_적응
26595,test,0,2,2단계_부분_적응
26596,test,1,1,1단계_완전_소외
26597,test,2,3,3단계_자립_적응
26598,test,1,1,1단계_완전_소외
26599,test,0,2,2단계_부분_적응
26600,test,2,3,3단계_자립_적응
26601,test,0,2,2단계_부분_적응
26602,test,2,3,3단계_자립_적응
26603,test,0,2,2단계_부분_적응
26604,test,0,2,2단계_부분_적응
26605,test,0,2,2단계_부분_적응
26606,test,1,1,1단계_완전_소외
26607,test,0,2,2단계_부분_적응
26608,test,2,3,3단계_자립_적응
26609,test,1,1,1단계_완전_소외
26610,test,1,1,1단계_완전_소외
26611,test,2,3,3단계_자립_적응
26612,test,2,3,3단계_자립_적응
26613,test,2,3,3단계_자립_적응
26614,test,1,1,1단계_완전_소외
26615,test,2,3,3단계_자립_적응
26616,test,0,2,2단계_부분_적응
26617,test,2,3,3단계_자립_적응
26618,test,1,1,1단계_완전_소외
26619,test,2,3,3단계_자립_적응
26620,test,1,1,1단계_완전_소외
26621,test,0,2,2단계_부분_적응
26622,test,0,2,2단계_부분_적응
26623,test,0,2,2단계_부분_적응
26624,test,2,3,3단계_자립_적응
26625,test,1,1,1단계_완전_소외
26626,test,1,1,1단계_완전_소외
26627,test,1,1,1단계_완전_소외
26628,test,2,3,3단계_자립_적응
26629,test,1,1,1단계_완전_소외
26630,test,0,2,2단계_부분_적응
26631,test,2,3,3단계_자립_적응
26632,test,0,2,2단계_부분_적응
26633,test,2,3,3단계_자립_적응
26634,test,2,3,3단계_자립_적응
26635,test,0,2,2단계_부분_적응
26636,test,1,1,1단계_완전_소외
26637,test,2,3,3단계_자립_적응
26638,test,1,1,1단계_완전_소외
26639,test,1,1,1단계_완전_소외
26640,test,0,2,2단계_부분_적응
26641,test,0,2,2단계_부분_적응
26642,test,1,1,1단계_완전_소외
26643,test,2,3,3단계_자립_적응
26644,test,0,2,2단계_부분_적응
26645,test,0,2,2단계_부분_적응
26646,test,2,3,3단계_자립_적응
26647,test,1,1,1단계_완전_소외
26648,test,0,2,2단계_부분_적응
26649,test,2,3,3단계_자립_적응
26650,test,0,2,2단계_부분_적응
26651,test,0,2,2단계_부분_적응
26652,test,2,3,3단계_자립_적응
26653,test,2,3,3단계_자립_적응
26654,test,1,1,1단계_완전_소외
26655,test,2,3,3단계_자립_적응
26656,test,2,3,3단계_자립_적응
26657,test,0,2,2단계_부분_적응
26658,test,2,3,3단계_자립_적응
26659,test,1,1,1단계_완전_소외
26660,test,0,2,2단계_부분_적응
26661,test,1,1,1단계_완전_소외
26662,test,0,2,2단계_부분_적응
26663,test,2,3,3단계_자립_적응
26664,test,0,2,2단계_부분_적응
26665,test,2,3,3단계_자립_적응
26666,test,1,1,1단계_완전_소외
26667,test,1,1,1단계_완전_소외
26668,test,1,1,1단계_완전_소외
26669,test,0,2,2단계_부분_적응
26670,test,2,3,3단계_자립_적응
26671,test,1,1,1단계_완전_소외
26672,test,1,1,1단계_완전_소외
26673,test,1,1,1단계_완전_소외
26674,test,2,3,3단계_자립_적응
26675,test,0,2,2단계_부분_적응
26676,test,0,2,2단계_부분_적응
26677,test,0,2,2단계_부분_적응
26678,test,2,3,3단계_자립_적응
26679,test,0,2,2단계_부분_적응
26680,test,0,2,2단계_부분_적응
26681,test,0,2,2단계_부분_적응
26682,test,2,3,3단계_자립_적응
26683,test,1,1,1단계_완전_소외
26684,test,0,2,2단계_부분_적응
26685,test,2,3,3단계_자립_적응
26686,test,0,2,2단계_부분_적응
26687,test,2,3,3단계_자립_적응
26688,test,0,2,2단계_부분_적응
26689,test,0,2,2단계_부분_적응
26690,test,0,2,2단계_부분_적응
26691,test,0,2,2단계_부분_적응
26692,test,1,1,1단계_완전_소외
26693,test,1,1,1단계_완전_소외
26694,test,0,2,2단계_부분_적응
26695,test,1,1,1단계_완전_소외
26696,test,2,3,3단계_자립_적응
26697,test,0,2,2단계_부분_적응
26698,test,1,1,1단계_완전_소외
26699,test,0,2,2단계_부분_적응
26700,test,0,2,2단계_부분_적응
26701,test,1,1,1단계_완전_소외
26702,test,0,2,2단계_부분_적응
26703,test,1,1,1단계_완전_소외
26704,test,0,2,2단계_부분_적응
26705,test,2,3,3단계_자립_적응
26706,test,0,2,2단계_부분_적응
26707,test,1,1,1단계_완전_소외
26708,test,1,1,1단계_완전_소외
26709,test,0,2,2단계_부분_적응
26710,test,2,3,3단계_자립_적응
26711,test,0,2,2단계_부분_적응
26712,test,2,3,3단계_자립_적응
26713,test,1,1,1단계_완전_소외
26714,test,2,3,3단계_자립_적응
26715,test,0,2,2단계_부분_적응
26716,test,2,3,3단계_자립_적응
26717,test,2,3,3단계_자립_적응
26718,test,2,3,3단계_자립_적응
26719,test,1,1,1단계_완전_소외
26720,test,1,1,1단계_완전_소외
26721,test,2,3,3단계_자립_적응
26722,test,0,2,2단계_부분_적응
26723,test,1,1,1단계_완전_소외
26724,test,0,2,2단계_부분_적응
26725,test,2,3,3단계_자립_적응
26726,test,1,1,1단계_완전_소외
26727,test,2,3,3단계_자립_적응
26728,test,2,3,3단계_자립_적응
26729,test,0,2,2단계_부분_적응
26730,test,1,1,1단계_완전_소외
26731,test,2,3,3단계_자립_적응
26732,test,1,1,1단계_완전_소외
26733,test,1,1,1단계_완전_소외
26734,test,2,3,3단계_자립_적응
26735,test,2,3,3단계_자립_적응
26736,test,0,2,2단계_부분_적응
26737,test,0,2,2단계_부분_적응
26738,test,1,1,1단계_완전_소외
26739,test,0,2,2단계_부분_적응
26740,test,0,2,2단계_부분_적응
26741,test,0,2,2단계_부분_적응
26742,test,1,1,1단계_완전_소외
26743,test,1,1,1단계_완전_소외
26744,test,0,2,2단계_부분_적응
26745,test,0,2,2단계_부분_적응
26746,test,1,1,1단계_완전_소외
26747,test,2,3,3단계_자립_적응
26748,test,0,2,2단계_부분_적응
26749,test,1,1,1단계_완전_소외
26750,test,2,3,3단계_자립_적응
26751,test,2,3,3단계_자립_적응
26752,test,1,1,1단계_완전_소외
26753,test,2,3,3단계_자립_적응
26754,test,1,1,1단계_완전_소외
26755,test,2,3,3단계_자립_적응
26756,test,2,3,3단계_자립_적응
26757,test,2,3,3단계_자립_적응
26758,test,1,1,1단계_완전_소외
26759,test,0,2,2단계_부분_적응
26760,test,1,1,1단계_완전_소외
26761,test,2,3,3단계_자립_적응
26762,test,1,1,1단계_완전_소외
26763,test,1,1,1단계_완전_소외
26764,test,2,3,3단계_자립_적응
26765,test,0,2,2단계_부분_적응
26766,test,2,3,3단계_자립_적응
26767,test,0,2,2단계_부분_적응
26768,test,2,3,3단계_자립_적응
26769,test,0,2,2단계_부분_적응
26770,test,0,2,2단계_부분_적응
26771,test,1,1,1단계_완전_소외
26772,test,1,1,1단계_완전_소외
26773,test,0,2,2단계_부분_적응
26774,test,2,3,3단계_자립_적응
26775,test,1,1,1단계_완전_소외
26776,test,1,1,1단계_완전_소외
26777,test,2,3,3단계_자립_적응
26778,test,2,3,3단계_자립_적응
26779,test,1,1,1단계_완전_소외
26780,test,1,1,1단계_완전_소외
26781,test,2,3,3단계_자립_적응
26782,test,1,1,1단계_완전_소외
26783,test,1,1,1단계_완전_소외
26784,test,0,2,2단계_부분_적응
26785,test,1,1,1단계_완전_소외
26786,test,1,1,1단계_완전_소외
26787,test,1,1,1단계_완전_소외
26788,test,1,1,1단계_완전_소외
26789,test,2,3,3단계_자립_적응
26790,test,2,3,3단계_자립_적응
26791,test,0,2,2단계_부분_적응
26792,test,1,1,1단계_완전_소외
26793,test,0,2,2단계_부분_적응
26794,test,2,3,3단계_자립_적응
26795,test,2,3,3단계_자립_적응
26796,test,2,3,3단계_자립_적응
26797,test,1,1,1단계_완전_소외
26798,test,0,2,2단계_부분_적응
26799,test,0,2,2단계_부분_적응
26800,test,1,1,1단계_완전_소외
26801,test,0,2,2단계_부분_적응
26802,test,0,2,2단계_부분_적응
26803,test,2,3,3단계_자립_적응
26804,test,0,2,2단계_부분_적응
26805,test,0,2,2단계_부분_적응
26806,test,1,1,1단계_완전_소외
26807,test,0,2,2단계_부분_적응
26808,test,1,1,1단계_완전_소외
26809,test,1,1,1단계_완전_소외
26810,test,0,2,2단계_부분_적응
26811,test,1,1,1단계_완전_소외
26812,test,0,2,2단계_부분_적응
26813,test,1,1,1단계_완전_소외
26814,test,2,3,3단계_자립_적응
26815,test,2,3,3단계_자립_적응
26816,test,2,3,3단계_자립_적응
26817,test,1,1,1단계_완전_소외
26818,test,1,1,1단계_완전_소외
26819,test,2,3,3단계_자립_적응
26820,test,1,1,1단계_완전_소외
26821,test,2,3,3단계_자립_적응
26822,test,2,3,3단계_자립_적응
26823,test,2,3,3단계_자립_적응
26824,test,1,1,1단계_완전_소외
26825,test,2,3,3단계_자립_적응
26826,test,1,1,1단계_완전_소외
26827,test,1,1,1단계_완전_소외
26828,test,0,2,2단계_부분_적응
26829,test,0,2,2단계_부분_적응
26830,test,0,2,2단계_부분_적응
26831,test,0,2,2단계_부분_적응
26832,test,1,1,1단계_완전_소외
26833,test,0,2,2단계_부분_적응
26834,test,2,3,3단계_자립_적응
26835,test,1,1,1단계_완전_소외
26836,test,2,3,3단계_자립_적응
26837,test,0,2,2단계_부분_적응
26838,test,2,3,3단계_자립_적응
26839,test,2,3,3단계_자립_적응
26840,test,1,1,1단계_완전_소외
26841,test,1,1,1단계_완전_소외
26842,test,0,2,2단계_부분_적응
26843,test,0,2,2단계_부분_적응
26844,test,1,1,1단계_완전_소외
26845,test,0,2,2단계_부분_적응
26846,test,2,3,3단계_자립_적응
26847,test,1,1,1단계_완전_소외
26848,test,1,1,1단계_완전_소외
26849,test,0,2,2단계_부분_적응
26850,test,1,1,1단계_완전_소외
26851,test,0,2,2단계_부분_적응
26852,test,1,1,1단계_완전_소외
26853,test,2,3,3단계_자립_적응
26854,test,0,2,2단계_부분_적응
26855,test,0,2,2단계_부분_적응
26856,test,1,1,1단계_완전_소외
26857,test,0,2,2단계_부분_적응
26858,test,1,1,1단계_완전_소외
26859,test,0,2,2단계_부분_적응
26860,test,1,1,1단계_완전_소외
26861,test,0,2,2단계_부분_적응
26862,test,0,2,2단계_부분_적응
26863,test,0,2,2단계_부분_적응
26864,test,2,3,3단계_자립_적응
26865,test,2,3,3단계_자립_적응
26866,test,1,1,1단계_완전_소외
26867,test,1,1,1단계_완전_소외
26868,test,0,2,2단계_부분_적응
26869,test,2,3,3단계_자립_적응
26870,test,0,2,2단계_부분_적응
26871,test,1,1,1단계_완전_소외
26872,test,0,2,2단계_부분_적응
26873,test,0,2,2단계_부분_적응
26874,test,0,2,2단계_부분_적응
26875,test,0,2,2단계_부분_적응
26876,test,0,2,2단계_부분_적응
26877,test,2,3,3단계_자립_적응
26878,test,1,1,1단계_완전_소외
26879,test,2,3,3단계_자립_적응
26880,test,2,3,3단계_자립_적응
26881,test,1,1,1단계_완전_소외
26882,test,0,2,2단계_부분_적응
26883,test,1,1,1단계_완전_소외
26884,test,2,3,3단계_자립_적응
26885,test,1,1,1단계_완전_소외
26886,test,0,2,2단계_부분_적응
26887,test,0,2,2단계_부분_적응
26888,test,1,1,1단계_완전_소외
26889,test,0,2,2단계_부분_적응
26890,test,2,3,3단계_자립_적응
26891,test,2,3,3단계_자립_적응
26892,test,2,3,3단계_자립_적응
26893,test,0,2,2단계_부분_적응
26894,test,2,3,3단계_자립_적응
26895,test,2,3,3단계_자립_적응
26896,test,1,1,1단계_완전_소외
26897,test,0,2,2단계_부분_적응
26898,test,1,1,1단계_완전_소외
26899,test,2,3,3단계_자립_적응
26900,test,0,2,2단계_부분_적응
26901,test,1,1,1단계_완전_소외
26902,test,1,1,1단계_완전_소외
26903,test,2,3,3단계_자립_적응
26904,test,0,2,2단계_부분_적응
26905,test,1,1,1단계_완전_소외
26906,test,0,2,2단계_부분_적응
26907,test,1,1,1단계_완전_소외
26908,test,2,3,3단계_자립_적응
26909,test,0,2,2단계_부분_적응
26910,test,0,2,2단계_부분_적응
26911,test,1,1,1단계_완전_소외
26912,test,0,2,2단계_부분_적응
26913,test,1,1,1단계_완전_소외
26914,test,0,2,2단계_부분_적응
26915,test,2,3,3단계_자립_적응
26916,test,0,2,2단계_부분_적응
26917,test,0,2,2단계_부분_적응
26918,test,0,2,2단계_부분_적응
26919,test,0,2,2단계_부분_적응
26920,test,0,2,2단계_부분_적응
26921,test,0,2,2단계_부분_적응
26922,test,2,3,3단계_자립_적응
26923,test,2,3,3단계_자립_적응
26924,test,1,1,1단계_완전_소외
26925,test,0,2,2단계_부분_적응
26926,test,1,1,1단계_완전_소외
26927,test,2,3,3단계_자립_적응
26928,test,0,2,2단계_부분_적응
26929,test,1,1,1단계_완전_소외
26930,test,2,3,3단계_자립_적응
26931,test,2,3,3단계_자립_적응
26932,test,2,3,3단계_자립_적응
26933,test,1,1,1단계_완전_소외
26934,test,2,3,3단계_자립_적응
26935,test,2,3,3단계_자립_적응
26936,test,1,1,1단계_완전_소외
26937,test,1,1,1단계_완전_소외
26938,test,2,3,3단계_자립_적응
26939,test,0,2,2단계_부분_적응
26940,test,0,2,2단계_부분_적응
26941,test,1,1,1단계_완전_소외
26942,test,1,1,1단계_완전_소외
26943,test,2,3,3단계_자립_적응
26944,test,0,2,2단계_부분_적응
26945,test,0,2,2단계_부분_적응
26946,test,2,3,3단계_자립_적응
26947,test,1,1,1단계_완전_소외
26948,test,2,3,3단계_자립_적응
26949,test,0,2,2단계_부분_적응
26950,test,2,3,3단계_자립_적응
26951,test,0,2,2단계_부분_적응
26952,test,0,2,2단계_부분_적응
26953,test,0,2,2단계_부분_적응
26954,test,0,2,2단계_부분_적응
26955,test,0,2,2단계_부분_적응
26956,test,0,2,2단계_부분_적응
26957,test,1,1,1단계_완전_소외
26958,test,2,3,3단계_자립_적응
26959,test,1,1,1단계_완전_소외
26960,test,1,1,1단계_완전_소외
26961,test,2,3,3단계_자립_적응
26962,test,2,3,3단계_자립_적응
26963,test,1,1,1단계_완전_소외
26964,test,2,3,3단계_자립_적응
26965,test,2,3,3단계_자립_적응
26966,test,1,1,1단계_완전_소외
26967,test,2,3,3단계_자립_적응
26968,test,2,3,3단계_자립_적응
26969,test,2,3,3단계_자립_적응
26970,test,0,2,2단계_부분_적응
26971,test,2,3,3단계_자립_적응
26972,test,0,2,2단계_부분_적응
26973,test,0,2,2단계_부분_적응
26974,test,2,3,3단계_자립_적응
26975,test,0,2,2단계_부분_적응
26976,test,0,2,2단계_부분_적응
26977,test,1,1,1단계_완전_소외
26978,test,1,1,1단계_완전_소외
26979,test,0,2,2단계_부분_적응
26980,test,0,2,2단계_부분_적응
26981,test,1,1,1단계_완전_소외
26982,test,0,2,2단계_부분_적응
26983,test,2,3,3단계_자립_적응
26984,test,1,1,1단계_완전_소외
26985,test,1,1,1단계_완전_소외
26986,test,0,2,2단계_부분_적응
26987,test,1,1,1단계_완전_소외
26988,test,2,3,3단계_자립_적응
26989,test,1,1,1단계_완전_소외
26990,test,2,3,3단계_자립_적응
26991,test,1,1,1단계_완전_소외
26992,test,0,2,2단계_부분_적응
26993,test,0,2,2단계_부분_적응
26994,test,0,2,2단계_부분_적응
26995,test,0,2,2단계_부분_적응
26996,test,2,3,3단계_자립_적응
26997,test,0,2,2단계_부분_적응
26998,test,1,1,1단계_완전_소외
26999,test,2,3,3단계_자립_적응
27000,test,1,1,1단계_완전_소외
27001,test,0,2,2단계_부분_적응
27002,test,1,1,1단계_완전_소외
27003,test,1,1,1단계_완전_소외
27004,test,0,2,2단계_부분_적응
27005,test,1,1,1단계_완전_소외
27006,test,2,3,3단계_자립_적응
27007,test,2,3,3단계_자립_적응
27008,test,2,3,3단계_자립_적응
27009,test,0,2,2단계_부분_적응
27010,test,0,2,2단계_부분_적응
27011,test,1,1,1단계_완전_소외
27012,test,0,2,2단계_부분_적응
27013,test,0,2,2단계_부분_적응
27014,test,2,3,3단계_자립_적응
27015,test,0,2,2단계_부분_적응
27016,test,0,2,2단계_부분_적응
27017,test,0,2,2단계_부분_적응
27018,test,0,2,2단계_부분_적응
27019,test,1,1,1단계_완전_소외
27020,test,2,3,3단계_자립_적응
27021,test,2,3,3단계_자립_적응
27022,test,1,1,1단계_완전_소외
27023,test,0,2,2단계_부분_적응
27024,test,0,2,2단계_부분_적응
27025,test,0,2,2단계_부분_적응
27026,test,0,2,2단계_부분_적응
27027,test,0,2,2단계_부분_적응
27028,test,0,2,2단계_부분_적응
27029,test,1,1,1단계_완전_소외
27030,test,1,1,1단계_완전_소외
27031,test,1,1,1단계_완전_소외
27032,test,1,1,1단계_완전_소외
27033,test,0,2,2단계_부분_적응
27034,test,2,3,3단계_자립_적응
27035,test,1,1,1단계_완전_소외
27036,test,1,1,1단계_완전_소외
27037,test,0,2,2단계_부분_적응
27038,test,2,3,3단계_자립_적응
27039,test,1,1,1단계_완전_소외
27040,test,0,2,2단계_부분_적응
27041,test,1,1,1단계_완전_소외
27042,test,0,2,2단계_부분_적응
27043,test,2,3,3단계_자립_적응
27044,test,2,3,3단계_자립_적응
27045,test,1,1,1단계_완전_소외
27046,test,1,1,1단계_완전_소외
27047,test,1,1,1단계_완전_소외
27048,test,2,3,3단계_자립_적응
27049,test,0,2,2단계_부분_적응
27050,test,0,2,2단계_부분_적응
27051,test,0,2,2단계_부분_적응
27052,test,2,3,3단계_자립_적응
27053,test,1,1,1단계_완전_소외
27054,test,1,1,1단계_완전_소외
27055,test,0,2,2단계_부분_적응
27056,test,2,3,3단계_자립_적응
27057,test,1,1,1단계_완전_소외
27058,test,0,2,2단계_부분_적응
27059,test,1,1,1단계_완전_소외
27060,test,2,3,3단계_자립_적응
27061,test,0,2,2단계_부분_적응
27062,test,0,2,2단계_부분_적응
27063,test,0,2,2단계_부분_적응
27064,test,0,2,2단계_부분_적응
27065,test,0,2,2단계_부분_적응
27066,test,0,2,2단계_부분_적응
27067,test,2,3,3단계_자립_적응
27068,test,1,1,1단계_완전_소외
27069,test,0,2,2단계_부분_적응
27070,test,2,3,3단계_자립_적응
27071,test,0,2,2단계_부분_적응
27072,test,1,1,1단계_완전_소외
27073,test,0,2,2단계_부분_적응
27074,test,1,1,1단계_완전_소외
27075,test,1,1,1단계_완전_소외
27076,test,0,2,2단계_부분_적응
27077,test,1,1,1단계_완전_소외
27078,test,0,2,2단계_부분_적응
27079,test,1,1,1단계_완전_소외
27080,test,1,1,1단계_완전_소외
27081,test,2,3,3단계_자립_적응
27082,test,0,2,2단계_부분_적응
27083,test,0,2,2단계_부분_적응
27084,test,0,2,2단계_부분_적응
27085,test,0,2,2단계_부분_적응
27086,test,1,1,1단계_완전_소외
27087,test,0,2,2단계_부분_적응
27088,test,1,1,1단계_완전_소외
27089,test,0,2,2단계_부분_적응
27090,test,0,2,2단계_부분_적응
27091,test,1,1,1단계_완전_소외
27092,test,0,2,2단계_부분_적응
27093,test,0,2,2단계_부분_적응
27094,test,0,2,2단계_부분_적응
27095,test,0,2,2단계_부분_적응
27096,test,0,2,2단계_부분_적응
27097,test,1,1,1단계_완전_소외
27098,test,0,2,2단계_부분_적응
27099,test,2,3,3단계_자립_적응
27100,test,2,3,3단계_자립_적응
27101,test,0,2,2단계_부분_적응
27102,test,1,1,1단계_완전_소외
27103,test,1,1,1단계_완전_소외
27104,test,1,1,1단계_완전_소외
27105,test,0,2,2단계_부분_적응
27106,test,0,2,2단계_부분_적응
27107,test,0,2,2단계_부분_적응
27108,test,1,1,1단계_완전_소외
27109,test,2,3,3단계_자립_적응
27110,test,0,2,2단계_부분_적응
27111,test,2,3,3단계_자립_적응
27112,test,0,2,2단계_부분_적응
27113,test,1,1,1단계_완전_소외
27114,test,0,2,2단계_부분_적응
27115,test,2,3,3단계_자립_적응
27116,test,2,3,3단계_자립_적응
27117,test,2,3,3단계_자립_적응
27118,test,1,1,1단계_완전_소외
27119,test,1,1,1단계_완전_소외
27120,test,0,2,2단계_부분_적응
27121,test,1,1,1단계_완전_소외
27122,test,0,2,2단계_부분_적응
27123,test,1,1,1단계_완전_소외
27124,test,1,1,1단계_완전_소외
27125,test,2,3,3단계_자립_적응
27126,test,0,2,2단계_부분_적응
27127,test,1,1,1단계_완전_소외
27128,test,2,3,3단계_자립_적응
27129,test,1,1,1단계_완전_소외
27130,test,2,3,3단계_자립_적응
27131,test,1,1,1단계_완전_소외
27132,test,0,2,2단계_부분_적응
27133,test,2,3,3단계_자립_적응
27134,test,1,1,1단계_완전_소외
27135,test,1,1,1단계_완전_소외
27136,test,1,1,1단계_완전_소외
27137,test,2,3,3단계_자립_적응
27138,test,1,1,1단계_완전_소외
27139,test,1,1,1단계_완전_소외
27140,test,1,1,1단계_완전_소외
27141,test,2,3,3단계_자립_적응
27142,test,1,1,1단계_완전_소외
27143,test,0,2,2단계_부분_적응
27144,test,2,3,3단계_자립_적응
27145,test,2,3,3단계_자립_적응
27146,test,0,2,2단계_부분_적응
27147,test,0,2,2단계_부분_적응
27148,test,1,1,1단계_완전_소외
27149,test,1,1,1단계_완전_소외
27150,test,2,3,3단계_자립_적응
27151,test,0,2,2단계_부분_적응
27152,test,1,1,1단계_완전_소외
27153,test,0,2,2단계_부분_적응
27154,test,0,2,2단계_부분_적응
27155,test,0,2,2단계_부분_적응
27156,test,0,2,2단계_부분_적응
27157,test,0,2,2단계_부분_적응
27158,test,0,2,2단계_부분_적응
27159,test,1,1,1단계_완전_소외
27160,test,0,2,2단계_부분_적응
27161,test,2,3,3단계_자립_적응
27162,test,0,2,2단계_부분_적응
27163,test,1,1,1단계_완전_소외
27164,test,2,3,3단계_자립_적응
27165,test,2,3,3단계_자립_적응
27166,test,1,1,1단계_완전_소외
27167,test,1,1,1단계_완전_소외
27168,test,0,2,2단계_부분_적응
27169,test,0,2,2단계_부분_적응
27170,test,0,2,2단계_부분_적응
27171,test,0,2,2단계_부분_적응
27172,test,0,2,2단계_부분_적응
27173,test,0,2,2단계_부분_적응
27174,test,2,3,3단계_자립_적응
27175,test,0,2,2단계_부분_적응
27176,test,2,3,3단계_자립_적응
27177,test,2,3,3단계_자립_적응
27178,test,1,1,1단계_완전_소외
27179,test,1,1,1단계_완전_소외
27180,test,1,1,1단계_완전_소외
27181,test,0,2,2단계_부분_적응
27182,test,1,1,1단계_완전_소외
27183,test,2,3,3단계_자립_적응
27184,test,0,2,2단계_부분_적응
27185,test,2,3,3단계_자립_적응
27186,test,1,1,1단계_완전_소외
27187,test,0,2,2단계_부분_적응
27188,test,0,2,2단계_부분_적응
27189,test,1,1,1단계_완전_소외
27190,test,2,3,3단계_자립_적응
27191,test,1,1,1단계_완전_소외
27192,test,1,1,1단계_완전_소외
27193,test,1,1,1단계_완전_소외
27194,test,2,3,3단계_자립_적응
27195,test,0,2,2단계_부분_적응
27196,test,1,1,1단계_완전_소외
27197,test,2,3,3단계_자립_적응
27198,test,2,3,3단계_자립_적응
27199,test,2,3,3단계_자립_적응
27200,test,1,1,1단계_완전_소외
27201,test,0,2,2단계_부분_적응
27202,test,2,3,3단계_자립_적응
27203,test,1,1,1단계_완전_소외
27204,test,0,2,2단계_부분_적응
27205,test,2,3,3단계_자립_적응
27206,test,1,1,1단계_완전_소외
27207,test,2,3,3단계_자립_적응
27208,test,0,2,2단계_부분_적응
27209,test,1,1,1단계_완전_소외
27210,test,0,2,2단계_부분_적응
27211,test,0,2,2단계_부분_적응
27212,test,0,2,2단계_부분_적응
27213,test,1,1,1단계_완전_소외
27214,test,1,1,1단계_완전_소외
27215,test,2,3,3단계_자립_적응
27216,test,0,2,2단계_부분_적응
27217,test,2,3,3단계_자립_적응
27218,test,1,1,1단계_완전_소외
27219,test,0,2,2단계_부분_적응
27220,test,2,3,3단계_자립_적응
27221,test,0,2,2단계_부분_적응
27222,test,0,2,2단계_부분_적응
27223,test,1,1,1단계_완전_소외
27224,test,0,2,2단계_부분_적응
27225,test,1,1,1단계_완전_소외
27226,test,0,2,2단계_부분_적응
27227,test,0,2,2단계_부분_적응
27228,test,1,1,1단계_완전_소외
27229,test,0,2,2단계_부분_적응
27230,test,1,1,1단계_완전_소외
27231,test,2,3,3단계_자립_적응
27232,test,1,1,1단계_완전_소외
27233,test,0,2,2단계_부분_적응
27234,test,2,3,3단계_자립_적응
27235,test,0,2,2단계_부분_적응
27236,test,1,1,1단계_완전_소외
27237,test,2,3,3단계_자립_적응
27238,test,0,2,2단계_부분_적응
27239,test,0,2,2단계_부분_적응
27240,test,1,1,1단계_완전_소외
27241,test,1,1,1단계_완전_소외
27242,test,1,1,1단계_완전_소외
27243,test,2,3,3단계_자립_적응
27244,test,1,1,1단계_완전_소외
27245,test,1,1,1단계_완전_소외
27246,test,2,3,3단계_자립_적응
27247,test,1,1,1단계_완전_소외
27248,test,1,1,1단계_완전_소외
27249,test,1,1,1단계_완전_소외
27250,test,0,2,2단계_부분_적응
27251,test,0,2,2단계_부분_적응
27252,test,1,1,1단계_완전_소외
27253,test,0,2,2단계_부분_적응
27254,test,1,1,1단계_완전_소외
27255,test,0,2,2단계_부분_적응
27256,test,1,1,1단계_완전_소외
27257,test,0,2,2단계_부분_적응
27258,test,0,2,2단계_부분_적응
27259,test,1,1,1단계_완전_소외
27260,test,0,2,2단계_부분_적응
27261,test,1,1,1단계_완전_소외
27262,test,0,2,2단계_부분_적응
27263,test,1,1,1단계_완전_소외
27264,test,0,2,2단계_부분_적응
27265,test,1,1,1단계_완전_소외
27266,test,2,3,3단계_자립_적응
27267,test,1,1,1단계_완전_소외
27268,test,2,3,3단계_자립_적응
27269,test,0,2,2단계_부분_적응
27270,test,0,2,2단계_부분_적응
27271,test,1,1,1단계_완전_소외
27272,test,2,3,3단계_자립_적응
27273,test,0,2,2단계_부분_적응
27274,test,2,3,3단계_자립_적응
27275,test,1,1,1단계_완전_소외
27276,test,0,2,2단계_부분_적응
27277,test,1,1,1단계_완전_소외
27278,test,0,2,2단계_부분_적응
27279,test,0,2,2단계_부분_적응
27280,test,1,1,1단계_완전_소외
27281,test,0,2,2단계_부분_적응
27282,test,0,2,2단계_부분_적응
27283,test,0,2,2단계_부분_적응
27284,test,2,3,3단계_자립_적응
27285,test,1,1,1단계_완전_소외
27286,test,1,1,1단계_완전_소외
27287,test,2,3,3단계_자립_적응
27288,test,2,3,3단계_자립_적응
27289,test,1,1,1단계_완전_소외
27290,test,2,3,3단계_자립_적응
27291,test,0,2,2단계_부분_적응
27292,test,1,1,1단계_완전_소외
27293,test,2,3,3단계_자립_적응
27294,test,1,1,1단계_완전_소외
27295,test,2,3,3단계_자립_적응
27296,test,1,1,1단계_완전_소외
27297,test,0,2,2단계_부분_적응
27298,test,0,2,2단계_부분_적응
27299,test,0,2,2단계_부분_적응
27300,test,2,3,3단계_자립_적응
27301,test,1,1,1단계_완전_소외
27302,test,2,3,3단계_자립_적응
27303,test,2,3,3단계_자립_적응
27304,test,2,3,3단계_자립_적응
27305,test,1,1,1단계_완전_소외
27306,test,1,1,1단계_완전_소외
27307,test,0,2,2단계_부분_적응
27308,test,1,1,1단계_완전_소외
27309,test,2,3,3단계_자립_적응
27310,test,0,2,2단계_부분_적응
27311,test,0,2,2단계_부분_적응
27312,test,2,3,3단계_자립_적응
27313,test,0,2,2단계_부분_적응
27314,test,0,2,2단계_부분_적응
27315,test,1,1,1단계_완전_소외
27316,test,1,1,1단계_완전_소외
27317,test,2,3,3단계_자립_적응
27318,test,2,3,3단계_자립_적응
27319,test,0,2,2단계_부분_적응
27320,test,0,2,2단계_부분_적응
27321,test,0,2,2단계_부분_적응
27322,test,1,1,1단계_완전_소외
27323,test,2,3,3단계_자립_적응
27324,test,1,1,1단계_완전_소외
27325,test,2,3,3단계_자립_적응
27326,test,1,1,1단계_완전_소외
27327,test,1,1,1단계_완전_소외
27328,test,2,3,3단계_자립_적응
27329,test,1,1,1단계_완전_소외
27330,test,2,3,3단계_자립_적응
27331,test,2,3,3단계_자립_적응
27332,test,0,2,2단계_부분_적응
27333,test,0,2,2단계_부분_적응
27334,test,1,1,1단계_완전_소외
27335,test,2,3,3단계_자립_적응
27336,test,1,1,1단계_완전_소외
27337,test,2,3,3단계_자립_적응
27338,test,0,2,2단계_부분_적응
27339,test,1,1,1단계_완전_소외
27340,test,2,3,3단계_자립_적응
27341,test,0,2,2단계_부분_적응
27342,test,0,2,2단계_부분_적응
27343,test,1,1,1단계_완전_소외
27344,test,0,2,2단계_부분_적응
27345,test,0,2,2단계_부분_적응
27346,test,2,3,3단계_자립_적응
27347,test,1,1,1단계_완전_소외
27348,test,2,3,3단계_자립_적응
27349,test,0,2,2단계_부분_적응
27350,test,2,3,3단계_자립_적응
27351,test,2,3,3단계_자립_적응
27352,test,1,1,1단계_완전_소외
27353,test,1,1,1단계_완전_소외
27354,test,0,2,2단계_부분_적응
27355,test,1,1,1단계_완전_소외
27356,test,0,2,2단계_부분_적응
27357,test,2,3,3단계_자립_적응
27358,test,0,2,2단계_부분_적응
27359,test,0,2,2단계_부분_적응
27360,test,2,3,3단계_자립_적응
27361,test,1,1,1단계_완전_소외
27362,test,0,2,2단계_부분_적응
27363,test,1,1,1단계_완전_소외
27364,test,0,2,2단계_부분_적응
27365,test,0,2,2단계_부분_적응
27366,test,0,2,2단계_부분_적응
27367,test,2,3,3단계_자립_적응
27368,test,2,3,3단계_자립_적응
27369,test,2,3,3단계_자립_적응
27370,test,0,2,2단계_부분_적응
27371,test,0,2,2단계_부분_적응
27372,test,0,2,2단계_부분_적응
27373,test,1,1,1단계_완전_소외
27374,test,1,1,1단계_완전_소외
27375,test,1,1,1단계_완전_소외
27376,test,2,3,3단계_자립_적응
27377,test,1,1,1단계_완전_소외
27378,test,0,2,2단계_부분_적응
27379,test,2,3,3단계_자립_적응
27380,test,0,2,2단계_부분_적응
27381,test,0,2,2단계_부분_적응
27382,test,0,2,2단계_부분_적응
27383,test,0,2,2단계_부분_적응
27384,test,0,2,2단계_부분_적응
27385,test,2,3,3단계_자립_적응
27386,test,2,3,3단계_자립_적응
27387,test,2,3,3단계_자립_적응
27388,test,1,1,1단계_완전_소외
27389,test,0,2,2단계_부분_적응
27390,test,2,3,3단계_자립_적응
27391,test,2,3,3단계_자립_적응
27392,test,2,3,3단계_자립_적응
27393,test,2,3,3단계_자립_적응
27394,test,0,2,2단계_부분_적응
27395,test,0,2,2단계_부분_적응
27396,test,2,3,3단계_자립_적응
27397,test,1,1,1단계_완전_소외
27398,test,2,3,3단계_자립_적응
27399,test,0,2,2단계_부분_적응
27400,test,2,3,3단계_자립_적응
27401,test,0,2,2단계_부분_적응
27402,test,1,1,1단계_완전_소외
27403,test,0,2,2단계_부분_적응
27404,test,0,2,2단계_부분_적응
27405,test,0,2,2단계_부분_적응
27406,test,2,3,3단계_자립_적응
27407,test,0,2,2단계_부분_적응
27408,test,2,3,3단계_자립_적응
27409,test,0,2,2단계_부분_적응
27410,test,0,2,2단계_부분_적응
27411,test,0,2,2단계_부분_적응
27412,test,0,2,2단계_부분_적응
27413,test,2,3,3단계_자립_적응
27414,test,0,2,2단계_부분_적응
27415,test,1,1,1단계_완전_소외
27416,test,1,1,1단계_완전_소외
27417,test,0,2,2단계_부분_적응
27418,test,1,1,1단계_완전_소외
27419,test,0,2,2단계_부분_적응
27420,test,0,2,2단계_부분_적응
27421,test,1,1,1단계_완전_소외
27422,test,2,3,3단계_자립_적응
27423,test,1,1,1단계_완전_소외
27424,test,0,2,2단계_부분_적응
27425,test,1,1,1단계_완전_소외
27426,test,1,1,1단계_완전_소외
27427,test,2,3,3단계_자립_적응
27428,test,1,1,1단계_완전_소외
27429,test,0,2,2단계_부분_적응
27430,test,0,2,2단계_부분_적응
27431,test,0,2,2단계_부분_적응
27432,test,2,3,3단계_자립_적응
27433,test,0,2,2단계_부분_적응
27434,test,0,2,2단계_부분_적응
27435,test,1,1,1단계_완전_소외
27436,test,0,2,2단계_부분_적응
27437,test,0,2,2단계_부분_적응
27438,test,1,1,1단계_완전_소외
27439,test,0,2,2단계_부분_적응
27440,test,2,3,3단계_자립_적응
27441,test,2,3,3단계_자립_적응
27442,test,2,3,3단계_자립_적응
27443,test,2,3,3단계_자립_적응
27444,test,2,3,3단계_자립_적응
27445,test,0,2,2단계_부분_적응
27446,test,0,2,2단계_부분_적응
27447,test,0,2,2단계_부분_적응
27448,test,0,2,2단계_부분_적응
27449,test,1,1,1단계_완전_소외
27450,test,0,2,2단계_부분_적응
27451,test,0,2,2단계_부분_적응
27452,test,2,3,3단계_자립_적응
27453,test,2,3,3단계_자립_적응
27454,test,2,3,3단계_자립_적응
27455,test,2,3,3단계_자립_적응
27456,test,1,1,1단계_완전_소외
27457,test,2,3,3단계_자립_적응
27458,test,2,3,3단계_자립_적응
27459,test,1,1,1단계_완전_소외
27460,test,0,2,2단계_부분_적응
27461,test,1,1,1단계_완전_소외
27462,test,1,1,1단계_완전_소외
27463,test,2,3,3단계_자립_적응
27464,test,0,2,2단계_부분_적응
27465,test,2,3,3단계_자립_적응
27466,test,0,2,2단계_부분_적응
27467,test,0,2,2단계_부분_적응
27468,test,0,2,2단계_부분_적응
27469,test,2,3,3단계_자립_적응
27470,test,1,1,1단계_완전_소외
27471,test,1,1,1단계_완전_소외
27472,test,0,2,2단계_부분_적응
27473,test,1,1,1단계_완전_소외
27474,test,2,3,3단계_자립_적응
27475,test,2,3,3단계_자립_적응
27476,test,0,2,2단계_부분_적응
27477,test,0,2,2단계_부분_적응
27478,test,0,2,2단계_부분_적응
27479,test,0,2,2단계_부분_적응
27480,test,1,1,1단계_완전_소외
27481,test,2,3,3단계_자립_적응
27482,test,2,3,3단계_자립_적응
27483,test,0,2,2단계_부분_적응
27484,test,0,2,2단계_부분_적응
27485,test,0,2,2단계_부분_적응
27486,test,1,1,1단계_완전_소외
27487,test,0,2,2단계_부분_적응
27488,test,1,1,1단계_완전_소외
27489,test,2,3,3단계_자립_적응
27490,test,0,2,2단계_부분_적응
27491,test,2,3,3단계_자립_적응
27492,test,1,1,1단계_완전_소외
27493,test,0,2,2단계_부분_적응
27494,test,2,3,3단계_자립_적응
27495,test,1,1,1단계_완전_소외
27496,test,0,2,2단계_부분_적응
27497,test,1,1,1단계_완전_소외
27498,test,0,2,2단계_부분_적응
27499,test,1,1,1단계_완전_소외
27500,test,1,1,1단계_완전_소외
27501,test,1,1,1단계_완전_소외
27502,test,2,3,3단계_자립_적응
27503,test,1,1,1단계_완전_소외
27504,test,1,1,1단계_완전_소외
27505,test,0,2,2단계_부분_적응
27506,test,0,2,2단계_부분_적응
27507,test,2,3,3단계_자립_적응
27508,test,1,1,1단계_완전_소외
27509,test,2,3,3단계_자립_적응
27510,test,2,3,3단계_자립_적응
27511,test,1,1,1단계_완전_소외
27512,test,2,3,3단계_자립_적응
27513,test,0,2,2단계_부분_적응
27514,test,0,2,2단계_부분_적응
27515,test,0,2,2단계_부분_적응
27516,test,1,1,1단계_완전_소외
27517,test,2,3,3단계_자립_적응
27518,test,2,3,3단계_자립_적응
27519,test,0,2,2단계_부분_적응
27520,test,1,1,1단계_완전_소외
27521,test,0,2,2단계_부분_적응
27522,test,0,2,2단계_부분_적응
27523,test,1,1,1단계_완전_소외
27524,test,0,2,2단계_부분_적응
27525,test,0,2,2단계_부분_적응
27526,test,0,2,2단계_부분_적응
27527,test,0,2,2단계_부분_적응
27528,test,2,3,3단계_자립_적응
27529,test,1,1,1단계_완전_소외
27530,test,0,2,2단계_부분_적응
27531,test,1,1,1단계_완전_소외
27532,test,0,2,2단계_부분_적응
27533,test,2,3,3단계_자립_적응
27534,test,1,1,1단계_완전_소외
27535,test,1,1,1단계_완전_소외
27536,test,0,2,2단계_부분_적응
27537,test,1,1,1단계_완전_소외
27538,test,0,2,2단계_부분_적응
27539,test,0,2,2단계_부분_적응
27540,test,2,3,3단계_자립_적응
27541,test,0,2,2단계_부분_적응
27542,test,1,1,1단계_완전_소외
27543,test,2,3,3단계_자립_적응
27544,test,0,2,2단계_부분_적응
27545,test,0,2,2단계_부분_적응
27546,test,0,2,2단계_부분_적응
27547,test,1,1,1단계_완전_소외
27548,test,1,1,1단계_완전_소외
27549,test,1,1,1단계_완전_소외
27550,test,0,2,2단계_부분_적응
27551,test,0,2,2단계_부분_적응
27552,test,1,1,1단계_완전_소외
27553,test,1,1,1단계_완전_소외
27554,test,2,3,3단계_자립_적응
27555,test,1,1,1단계_완전_소외
27556,test,0,2,2단계_부분_적응
27557,test,0,2,2단계_부분_적응
27558,test,1,1,1단계_완전_소외
27559,test,1,1,1단계_완전_소외
27560,test,2,3,3단계_자립_적응
27561,test,0,2,2단계_부분_적응
27562,test,2,3,3단계_자립_적응
27563,test,1,1,1단계_완전_소외
27564,test,2,3,3단계_자립_적응
27565,test,1,1,1단계_완전_소외
27566,test,2,3,3단계_자립_적응
27567,test,1,1,1단계_완전_소외
27568,test,1,1,1단계_완전_소외
27569,test,2,3,3단계_자립_적응
27570,test,1,1,1단계_완전_소외
27571,test,0,2,2단계_부분_적응
27572,test,0,2,2단계_부분_적응
27573,test,1,1,1단계_완전_소외
27574,test,2,3,3단계_자립_적응
27575,test,2,3,3단계_자립_적응
27576,test,1,1,1단계_완전_소외
27577,test,0,2,2단계_부분_적응
27578,test,0,2,2단계_부분_적응
27579,test,2,3,3단계_자립_적응
27580,test,1,1,1단계_완전_소외
27581,test,0,2,2단계_부분_적응
27582,test,0,2,2단계_부분_적응
27583,test,2,3,3단계_자립_적응
27584,test,0,2,2단계_부분_적응
27585,test,0,2,2단계_부분_적응
27586,test,2,3,3단계_자립_적응
27587,test,2,3,3단계_자립_적응
27588,test,1,1,1단계_완전_소외
27589,test,1,1,1단계_완전_소외
27590,test,0,2,2단계_부분_적응
27591,test,2,3,3단계_자립_적응
27592,test,0,2,2단계_부분_적응
27593,test,0,2,2단계_부분_적응
27594,test,0,2,2단계_부분_적응
27595,test,1,1,1단계_완전_소외
27596,test,2,3,3단계_자립_적응
27597,test,2,3,3단계_자립_적응
27598,test,1,1,1단계_완전_소외
27599,test,1,1,1단계_완전_소외
27600,test,1,1,1단계_완전_소외
27601,test,0,2,2단계_부분_적응
27602,test,2,3,3단계_자립_적응
27603,test,2,3,3단계_자립_적응
27604,test,0,2,2단계_부분_적응
27605,test,0,2,2단계_부분_적응
27606,test,2,3,3단계_자립_적응
27607,test,0,2,2단계_부분_적응
27608,test,0,2,2단계_부분_적응
27609,test,1,1,1단계_완전_소외
27610,test,1,1,1단계_완전_소외
27611,test,2,3,3단계_자립_적응
27612,test,2,3,3단계_자립_적응
27613,test,0,2,2단계_부분_적응
27614,test,1,1,1단계_완전_소외
27615,test,1,1,1단계_완전_소외
27616,test,0,2,2단계_부분_적응
27617,test,0,2,2단계_부분_적응
27618,test,2,3,3단계_자립_적응
27619,test,0,2,2단계_부분_적응
27620,test,2,3,3단계_자립_적응
27621,test,1,1,1단계_완전_소외
27622,test,1,1,1단계_완전_소외
27623,test,2,3,3단계_자립_적응
27624,test,0,2,2단계_부분_적응
27625,test,2,3,3단계_자립_적응
27626,test,1,1,1단계_완전_소외
27627,test,2,3,3단계_자립_적응
27628,test,0,2,2단계_부분_적응
27629,test,0,2,2단계_부분_적응
27630,test,0,2,2단계_부분_적응
27631,test,1,1,1단계_완전_소외
27632,test,0,2,2단계_부분_적응
27633,test,0,2,2단계_부분_적응
27634,test,1,1,1단계_완전_소외
27635,test,1,1,1단계_완전_소외
27636,test,0,2,2단계_부분_적응
27637,test,0,2,2단계_부분_적응
27638,test,0,2,2단계_부분_적응
27639,test,1,1,1단계_완전_소외
27640,test,1,1,1단계_완전_소외
27641,test,1,1,1단계_완전_소외
27642,test,0,2,2단계_부분_적응
27643,test,1,1,1단계_완전_소외
27644,test,1,1,1단계_완전_소외
27645,test,2,3,3단계_자립_적응
27646,test,1,1,1단계_완전_소외
27647,test,1,1,1단계_완전_소외
27648,test,1,1,1단계_완전_소외
27649,test,0,2,2단계_부분_적응
27650,test,0,2,2단계_부분_적응
27651,test,1,1,1단계_완전_소외
27652,test,2,3,3단계_자립_적응
27653,test,2,3,3단계_자립_적응
27654,test,1,1,1단계_완전_소외
27655,test,2,3,3단계_자립_적응
27656,test,0,2,2단계_부분_적응
27657,test,2,3,3단계_자립_적응
27658,test,2,3,3단계_자립_적응
27659,test,2,3,3단계_자립_적응
27660,test,1,1,1단계_완전_소외
27661,test,1,1,1단계_완전_소외
27662,test,1,1,1단계_완전_소외
27663,test,2,3,3단계_자립_적응
27664,test,2,3,3단계_자립_적응
27665,test,0,2,2단계_부분_적응
27666,test,0,2,2단계_부분_적응
27667,test,1,1,1단계_완전_소외
27668,test,0,2,2단계_부분_적응
27669,test,0,2,2단계_부분_적응
27670,test,2,3,3단계_자립_적응
27671,test,1,1,1단계_완전_소외
27672,test,0,2,2단계_부분_적응
27673,test,1,1,1단계_완전_소외
27674,test,1,1,1단계_완전_소외
27675,test,0,2,2단계_부분_적응
27676,test,0,2,2단계_부분_적응
27677,test,0,2,2단계_부분_적응
27678,test,0,2,2단계_부분_적응
27679,test,1,1,1단계_완전_소외
27680,test,2,3,3단계_자립_적응
27681,test,1,1,1단계_완전_소외
27682,test,1,1,1단계_완전_소외
27683,test,0,2,2단계_부분_적응
27684,test,1,1,1단계_완전_소외
27685,test,1,1,1단계_완전_소외
27686,test,2,3,3단계_자립_적응
27687,test,0,2,2단계_부분_적응
27688,test,1,1,1단계_완전_소외
27689,test,1,1,1단계_완전_소외
27690,test,0,2,2단계_부분_적응
27691,test,0,2,2단계_부분_적응
27692,test,1,1,1단계_완전_소외
27693,test,2,3,3단계_자립_적응
27694,test,1,1,1단계_완전_소외
27695,test,1,1,1단계_완전_소외
27696,test,1,1,1단계_완전_소외
27697,test,0,2,2단계_부분_적응
27698,test,0,2,2단계_부분_적응
27699,test,0,2,2단계_부분_적응
27700,test,2,3,3단계_자립_적응
27701,test,0,2,2단계_부분_적응
27702,test,1,1,1단계_완전_소외
27703,test,2,3,3단계_자립_적응
27704,test,0,2,2단계_부분_적응
27705,test,1,1,1단계_완전_소외
27706,test,1,1,1단계_완전_소외
27707,test,2,3,3단계_자립_적응
27708,test,0,2,2단계_부분_적응
27709,test,2,3,3단계_자립_적응
27710,test,1,1,1단계_완전_소외
27711,test,2,3,3단계_자립_적응
27712,test,0,2,2단계_부분_적응
27713,test,0,2,2단계_부분_적응
27714,test,0,2,2단계_부분_적응
27715,test,2,3,3단계_자립_적응
27716,test,2,3,3단계_자립_적응
27717,test,0,2,2단계_부분_적응
27718,test,0,2,2단계_부분_적응
27719,test,1,1,1단계_완전_소외
27720,test,1,1,1단계_완전_소외
27721,test,0,2,2단계_부분_적응
27722,test,0,2,2단계_부분_적응
27723,test,2,3,3단계_자립_적응
27724,test,1,1,1단계_완전_소외
27725,test,2,3,3단계_자립_적응
27726,test,2,3,3단계_자립_적응
27727,test,0,2,2단계_부분_적응
27728,test,0,2,2단계_부분_적응
27729,test,0,2,2단계_부분_적응
27730,test,2,3,3단계_자립_적응
27731,test,1,1,1단계_완전_소외
27732,test,1,1,1단계_완전_소외
27733,test,1,1,1단계_완전_소외
27734,test,0,2,2단계_부분_적응
27735,test,0,2,2단계_부분_적응
27736,test,1,1,1단계_완전_소외
27737,test,0,2,2단계_부분_적응
27738,test,2,3,3단계_자립_적응
27739,test,1,1,1단계_완전_소외
27740,test,0,2,2단계_부분_적응
27741,test,1,1,1단계_완전_소외
27742,test,2,3,3단계_자립_적응
27743,test,1,1,1단계_완전_소외
27744,test,2,3,3단계_자립_적응
27745,test,0,2,2단계_부분_적응
27746,test,2,3,3단계_자립_적응
27747,test,0,2,2단계_부분_적응
27748,test,0,2,2단계_부분_적응
27749,test,1,1,1단계_완전_소외
27750,test,2,3,3단계_자립_적응
27751,test,2,3,3단계_자립_적응
27752,test,2,3,3단계_자립_적응
27753,test,1,1,1단계_완전_소외
27754,test,2,3,3단계_자립_적응
27755,test,0,2,2단계_부분_적응
27756,test,1,1,1단계_완전_소외
27757,test,0,2,2단계_부분_적응
27758,test,0,2,2단계_부분_적응
27759,test,0,2,2단계_부분_적응
27760,test,1,1,1단계_완전_소외
27761,test,2,3,3단계_자립_적응
27762,test,0,2,2단계_부분_적응
27763,test,1,1,1단계_완전_소외
27764,test,0,2,2단계_부분_적응
27765,test,0,2,2단계_부분_적응
27766,test,0,2,2단계_부분_적응
27767,test,1,1,1단계_완전_소외
27768,test,1,1,1단계_완전_소외
27769,test,1,1,1단계_완전_소외
27770,test,1,1,1단계_완전_소외
27771,test,1,1,1단계_완전_소외
27772,test,1,1,1단계_완전_소외
27773,test,2,3,3단계_자립_적응
27774,test,1,1,1단계_완전_소외
27775,test,1,1,1단계_완전_소외
27776,test,0,2,2단계_부분_적응
27777,test,0,2,2단계_부분_적응
27778,test,2,3,3단계_자립_적응
27779,test,1,1,1단계_완전_소외
27780,test,1,1,1단계_완전_소외
27781,test,1,1,1단계_완전_소외
27782,test,1,1,1단계_완전_소외
27783,test,1,1,1단계_완전_소외
27784,test,2,3,3단계_자립_적응
27785,test,2,3,3단계_자립_적응
27786,test,0,2,2단계_부분_적응
27787,test,1,1,1단계_완전_소외
27788,test,2,3,3단계_자립_적응
27789,test,1,1,1단계_완전_소외
27790,test,1,1,1단계_완전_소외
27791,test,0,2,2단계_부분_적응
27792,test,1,1,1단계_완전_소외
27793,test,0,2,2단계_부분_적응
27794,test,0,2,2단계_부분_적응
27795,test,1,1,1단계_완전_소외
27796,test,1,1,1단계_완전_소외
27797,test,1,1,1단계_완전_소외
27798,test,0,2,2단계_부분_적응
27799,test,1,1,1단계_완전_소외
27800,test,1,1,1단계_완전_소외
27801,test,2,3,3단계_자립_적응
27802,test,0,2,2단계_부분_적응
27803,test,1,1,1단계_완전_소외
27804,test,2,3,3단계_자립_적응
27805,test,0,2,2단계_부분_적응
27806,test,1,1,1단계_완전_소외
27807,test,0,2,2단계_부분_적응
27808,test,2,3,3단계_자립_적응
27809,test,1,1,1단계_완전_소외
27810,test,1,1,1단계_완전_소외
27811,test,0,2,2단계_부분_적응
27812,test,2,3,3단계_자립_적응
27813,test,1,1,1단계_완전_소외
27814,test,2,3,3단계_자립_적응
27815,test,2,3,3단계_자립_적응
27816,test,2,3,3단계_자립_적응
27817,test,0,2,2단계_부분_적응
27818,test,0,2,2단계_부분_적응
27819,test,0,2,2단계_부분_적응
27820,test,2,3,3단계_자립_적응
27821,test,0,2,2단계_부분_적응
27822,test,1,1,1단계_완전_소외
27823,test,0,2,2단계_부분_적응
27824,test,2,3,3단계_자립_적응
27825,test,1,1,1단계_완전_소외
27826,test,1,1,1단계_완전_소외
27827,test,0,2,2단계_부분_적응
27828,test,0,2,2단계_부분_적응
27829,test,2,3,3단계_자립_적응
27830,test,2,3,3단계_자립_적응
27831,test,1,1,1단계_완전_소외
27832,test,0,2,2단계_부분_적응
27833,test,2,3,3단계_자립_적응
27834,test,0,2,2단계_부분_적응
27835,test,0,2,2단계_부분_적응
27836,test,2,3,3단계_자립_적응
27837,test,2,3,3단계_자립_적응
27838,test,0,2,2단계_부분_적응
27839,test,0,2,2단계_부분_적응
27840,test,0,2,2단계_부분_적응
27841,test,2,3,3단계_자립_적응
27842,test,2,3,3단계_자립_적응
27843,test,0,2,2단계_부분_적응
27844,test,2,3,3단계_자립_적응
27845,test,0,2,2단계_부분_적응
27846,test,1,1,1단계_완전_소외
27847,test,1,1,1단계_완전_소외
27848,test,1,1,1단계_완전_소외
27849,test,0,2,2단계_부분_적응
27850,test,2,3,3단계_자립_적응
27851,test,0,2,2단계_부분_적응
27852,test,2,3,3단계_자립_적응
27853,test,2,3,3단계_자립_적응
27854,test,2,3,3단계_자립_적응
27855,test,1,1,1단계_완전_소외
27856,test,1,1,1단계_완전_소외
27857,test,1,1,1단계_완전_소외
27858,test,2,3,3단계_자립_적응
27859,test,1,1,1단계_완전_소외
27860,test,2,3,3단계_자립_적응
27861,test,1,1,1단계_완전_소외
27862,test,1,1,1단계_완전_소외
27863,test,0,2,2단계_부분_적응
27864,test,0,2,2단계_부분_적응
27865,test,0,2,2단계_부분_적응
27866,test,0,2,2단계_부분_적응
27867,test,1,1,1단계_완전_소외
27868,test,1,1,1단계_완전_소외
27869,test,1,1,1단계_완전_소외
27870,test,1,1,1단계_완전_소외
27871,test,0,2,2단계_부분_적응
27872,test,1,1,1단계_완전_소외
27873,test,1,1,1단계_완전_소외
27874,test,1,1,1단계_완전_소외
27875,test,0,2,2단계_부분_적응
27876,test,0,2,2단계_부분_적응
27877,test,0,2,2단계_부분_적응
27878,test,2,3,3단계_자립_적응
27879,test,1,1,1단계_완전_소외
27880,test,0,2,2단계_부분_적응
27881,test,0,2,2단계_부분_적응
27882,test,0,2,2단계_부분_적응
27883,test,2,3,3단계_자립_적응
27884,test,1,1,1단계_완전_소외
27885,test,2,3,3단계_자립_적응
27886,test,1,1,1단계_완전_소외
27887,test,0,2,2단계_부분_적응
27888,test,0,2,2단계_부분_적응
27889,test,0,2,2단계_부분_적응
27890,test,1,1,1단계_완전_소외
27891,test,1,1,1단계_완전_소외
27892,test,2,3,3단계_자립_적응
27893,test,1,1,1단계_완전_소외
27894,test,2,3,3단계_자립_적응
27895,test,0,2,2단계_부분_적응
27896,test,1,1,1단계_완전_소외
27897,test,2,3,3단계_자립_적응
27898,test,0,2,2단계_부분_적응
27899,test,0,2,2단계_부분_적응
27900,test,1,1,1단계_완전_소외
27901,test,1,1,1단계_완전_소외
27902,test,1,1,1단계_완전_소외
27903,test,0,2,2단계_부분_적응
27904,test,2,3,3단계_자립_적응
27905,test,1,1,1단계_완전_소외
27906,test,2,3,3단계_자립_적응
27907,test,2,3,3단계_자립_적응
27908,test,1,1,1단계_완전_소외
27909,test,2,3,3단계_자립_적응
27910,test,1,1,1단계_완전_소외
27911,test,0,2,2단계_부분_적응
27912,test,1,1,1단계_완전_소외
27913,test,1,1,1단계_완전_소외
27914,test,1,1,1단계_완전_소외
27915,test,0,2,2단계_부분_적응
27916,test,0,2,2단계_부분_적응
27917,test,0,2,2단계_부분_적응
27918,test,1,1,1단계_완전_소외
27919,test,0,2,2단계_부분_적응
27920,test,1,1,1단계_완전_소외
27921,test,0,2,2단계_부분_적응
27922,test,2,3,3단계_자립_적응
27923,test,1,1,1단계_완전_소외
27924,test,1,1,1단계_완전_소외
27925,test,0,2,2단계_부분_적응
27926,test,0,2,2단계_부분_적응
27927,test,1,1,1단계_완전_소외
27928,test,0,2,2단계_부분_적응
27929,test,2,3,3단계_자립_적응
27930,test,1,1,1단계_완전_소외
27931,test,1,1,1단계_완전_소외
27932,test,0,2,2단계_부분_적응
27933,test,0,2,2단계_부분_적응
27934,test,0,2,2단계_부분_적응
27935,test,2,3,3단계_자립_적응
27936,test,0,2,2단계_부분_적응
27937,test,1,1,1단계_완전_소외
27938,test,0,2,2단계_부분_적응
27939,test,1,1,1단계_완전_소외
27940,test,1,1,1단계_완전_소외
27941,test,0,2,2단계_부분_적응
27942,test,1,1,1단계_완전_소외
27943,test,2,3,3단계_자립_적응
27944,test,0,2,2단계_부분_적응
27945,test,1,1,1단계_완전_소외
27946,test,0,2,2단계_부분_적응
27947,test,0,2,2단계_부분_적응
27948,test,0,2,2단계_부분_적응
27949,test,1,1,1단계_완전_소외
27950,test,1,1,1단계_완전_소외
27951,test,2,3,3단계_자립_적응
27952,test,2,3,3단계_자립_적응
27953,test,1,1,1단계_완전_소외
27954,test,0,2,2단계_부분_적응
27955,test,1,1,1단계_완전_소외
27956,test,0,2,2단계_부분_적응
27957,test,1,1,1단계_완전_소외
27958,test,1,1,1단계_완전_소외
27959,test,1,1,1단계_완전_소외
27960,test,1,1,1단계_완전_소외
27961,test,2,3,3단계_자립_적응
27962,test,1,1,1단계_완전_소외
27963,test,2,3,3단계_자립_적응
27964,test,1,1,1단계_완전_소외
27965,test,2,3,3단계_자립_적응
27966,test,0,2,2단계_부분_적응
27967,test,2,3,3단계_자립_적응
27968,test,2,3,3단계_자립_적응
27969,test,0,2,2단계_부분_적응
27970,test,0,2,2단계_부분_적응
27971,test,1,1,1단계_완전_소외
27972,test,0,2,2단계_부분_적응
27973,test,1,1,1단계_완전_소외
27974,test,0,2,2단계_부분_적응
27975,test,0,2,2단계_부분_적응
27976,test,1,1,1단계_완전_소외
27977,test,0,2,2단계_부분_적응
27978,test,0,2,2단계_부분_적응
27979,test,2,3,3단계_자립_적응
27980,test,1,1,1단계_완전_소외
27981,test,2,3,3단계_자립_적응
27982,test,0,2,2단계_부분_적응
27983,test,1,1,1단계_완전_소외
27984,test,1,1,1단계_완전_소외
27985,test,0,2,2단계_부분_적응
27986,test,0,2,2단계_부분_적응
27987,test,2,3,3단계_자립_적응
27988,test,1,1,1단계_완전_소외
27989,test,0,2,2단계_부분_적응
27990,test,0,2,2단계_부분_적응
27991,test,1,1,1단계_완전_소외
27992,test,2,3,3단계_자립_적응
27993,test,1,1,1단계_완전_소외
27994,test,0,2,2단계_부분_적응
27995,test,2,3,3단계_자립_적응
27996,test,1,1,1단계_완전_소외
27997,test,1,1,1단계_완전_소외
27998,test,2,3,3단계_자립_적응
27999,test,1,1,1단계_완전_소외
28000,test,2,3,3단계_자립_적응
28001,test,2,3,3단계_자립_적응
28002,test,1,1,1단계_완전_소외
28003,test,2,3,3단계_자립_적응
28004,test,2,3,3단계_자립_적응
28005,test,0,2,2단계_부분_적응
28006,test,1,1,1단계_완전_소외
28007,test,1,1,1단계_완전_소외
28008,test,1,1,1단계_완전_소외
28009,test,2,3,3단계_자립_적응
28010,test,0,2,2단계_부분_적응
28011,test,1,1,1단계_완전_소외
28012,test,2,3,3단계_자립_적응
28013,test,0,2,2단계_부분_적응
28014,test,1,1,1단계_완전_소외
28015,test,1,1,1단계_완전_소외
28016,test,1,1,1단계_완전_소외
28017,test,2,3,3단계_자립_적응
28018,test,0,2,2단계_부분_적응
28019,test,1,1,1단계_완전_소외
28020,test,1,1,1단계_완전_소외
28021,test,1,1,1단계_완전_소외
28022,test,2,3,3단계_자립_적응
28023,test,2,3,3단계_자립_적응
28024,test,2,3,3단계_자립_적응
28025,test,1,1,1단계_완전_소외
28026,test,0,2,2단계_부분_적응
28027,test,1,1,1단계_완전_소외
28028,test,2,3,3단계_자립_적응
28029,test,1,1,1단계_완전_소외
28030,test,0,2,2단계_부분_적응
28031,test,1,1,1단계_완전_소외
28032,test,2,3,3단계_자립_적응
28033,test,0,2,2단계_부분_적응
28034,test,2,3,3단계_자립_적응
28035,test,1,1,1단계_완전_소외
28036,test,1,1,1단계_완전_소외
28037,test,2,3,3단계_자립_적응
28038,test,0,2,2단계_부분_적응
28039,test,1,1,1단계_완전_소외
28040,test,0,2,2단계_부분_적응
28041,test,2,3,3단계_자립_적응
28042,test,0,2,2단계_부분_적응
28043,test,2,3,3단계_자립_적응
28044,test,2,3,3단계_자립_적응
28045,test,0,2,2단계_부분_적응
28046,test,2,3,3단계_자립_적응
28047,test,1,1,1단계_완전_소외
28048,test,0,2,2단계_부분_적응
28049,test,1,1,1단계_완전_소외
28050,test,0,2,2단계_부분_적응
28051,test,0,2,2단계_부분_적응
28052,test,2,3,3단계_자립_적응
28053,test,0,2,2단계_부분_적응
28054,test,2,3,3단계_자립_적응
28055,test,1,1,1단계_완전_소외
28056,test,0,2,2단계_부분_적응
28057,test,0,2,2단계_부분_적응
28058,test,1,1,1단계_완전_소외
28059,test,1,1,1단계_완전_소외
28060,test,1,1,1단계_완전_소외
28061,test,1,1,1단계_완전_소외
28062,test,0,2,2단계_부분_적응
28063,test,1,1,1단계_완전_소외
28064,test,2,3,3단계_자립_적응
28065,test,2,3,3단계_자립_적응
28066,test,2,3,3단계_자립_적응
28067,test,0,2,2단계_부분_적응
28068,test,0,2,2단계_부분_적응
28069,test,1,1,1단계_완전_소외
28070,test,0,2,2단계_부분_적응
28071,test,0,2,2단계_부분_적응
28072,test,0,2,2단계_부분_적응
28073,test,0,2,2단계_부분_적응
28074,test,2,3,3단계_자립_적응
28075,test,1,1,1단계_완전_소외
28076,test,1,1,1단계_완전_소외
28077,test,1,1,1단계_완전_소외
28078,test,0,2,2단계_부분_적응
28079,test,1,1,1단계_완전_소외
28080,test,0,2,2단계_부분_적응
28081,test,2,3,3단계_자립_적응
28082,test,1,1,1단계_완전_소외
28083,test,0,2,2단계_부분_적응
28084,test,1,1,1단계_완전_소외
28085,test,0,2,2단계_부분_적응
28086,test,1,1,1단계_완전_소외
28087,test,2,3,3단계_자립_적응
28088,test,1,1,1단계_완전_소외
28089,test,1,1,1단계_완전_소외
28090,test,1,1,1단계_완전_소외
28091,test,1,1,1단계_완전_소외
28092,test,2,3,3단계_자립_적응
28093,test,0,2,2단계_부분_적응
28094,test,1,1,1단계_완전_소외
28095,test,0,2,2단계_부분_적응
28096,test,0,2,2단계_부분_적응
28097,test,0,2,2단계_부분_적응
28098,test,1,1,1단계_완전_소외
28099,test,1,1,1단계_완전_소외
28100,test,1,1,1단계_완전_소외
28101,test,1,1,1단계_완전_소외
28102,test,0,2,2단계_부분_적응
28103,test,0,2,2단계_부분_적응
28104,test,0,2,2단계_부분_적응
28105,test,0,2,2단계_부분_적응
28106,test,0,2,2단계_부분_적응
28107,test,2,3,3단계_자립_적응
28108,test,2,3,3단계_자립_적응
28109,test,0,2,2단계_부분_적응
28110,test,1,1,1단계_완전_소외
28111,test,2,3,3단계_자립_적응
28112,test,0,2,2단계_부분_적응
28113,test,0,2,2단계_부분_적응
28114,test,0,2,2단계_부분_적응
28115,test,2,3,3단계_자립_적응
28116,test,1,1,1단계_완전_소외
28117,test,2,3,3단계_자립_적응
28118,test,0,2,2단계_부분_적응
28119,test,0,2,2단계_부분_적응
28120,test,0,2,2단계_부분_적응
28121,test,2,3,3단계_자립_적응
28122,test,2,3,3단계_자립_적응
28123,test,1,1,1단계_완전_소외
28124,test,2,3,3단계_자립_적응
28125,test,0,2,2단계_부분_적응
28126,test,0,2,2단계_부분_적응
28127,test,0,2,2단계_부분_적응
28128,test,0,2,2단계_부분_적응
28129,test,0,2,2단계_부분_적응
28130,test,2,3,3단계_자립_적응
28131,test,1,1,1단계_완전_소외
28132,test,2,3,3단계_자립_적응
28133,test,1,1,1단계_완전_소외
28134,test,1,1,1단계_완전_소외
28135,test,2,3,3단계_자립_적응
28136,test,0,2,2단계_부분_적응
28137,test,2,3,3단계_자립_적응
28138,test,0,2,2단계_부분_적응
28139,test,2,3,3단계_자립_적응
28140,test,1,1,1단계_완전_소외
28141,test,0,2,2단계_부분_적응
28142,test,0,2,2단계_부분_적응
28143,test,0,2,2단계_부분_적응
28144,test,0,2,2단계_부분_적응
28145,test,0,2,2단계_부분_적응
28146,test,0,2,2단계_부분_적응
28147,test,2,3,3단계_자립_적응
28148,test,0,2,2단계_부분_적응
28149,test,0,2,2단계_부분_적응
28150,test,2,3,3단계_자립_적응
28151,test,1,1,1단계_완전_소외
28152,test,2,3,3단계_자립_적응
28153,test,0,2,2단계_부분_적응
28154,test,2,3,3단계_자립_적응
28155,test,2,3,3단계_자립_적응
28156,test,1,1,1단계_완전_소외
28157,test,2,3,3단계_자립_적응
28158,test,1,1,1단계_완전_소외
28159,test,2,3,3단계_자립_적응
28160,test,1,1,1단계_완전_소외
28161,test,2,3,3단계_자립_적응
28162,test,0,2,2단계_부분_적응
28163,test,0,2,2단계_부분_적응
28164,test,2,3,3단계_자립_적응
28165,test,0,2,2단계_부분_적응
28166,test,1,1,1단계_완전_소외
28167,test,0,2,2단계_부분_적응
28168,test,0,2,2단계_부분_적응
28169,test,2,3,3단계_자립_적응
28170,test,1,1,1단계_완전_소외
28171,test,1,1,1단계_완전_소외
28172,test,2,3,3단계_자립_적응
28173,test,1,1,1단계_완전_소외
28174,test,1,1,1단계_완전_소외
28175,test,2,3,3단계_자립_적응
28176,test,1,1,1단계_완전_소외
28177,test,1,1,1단계_완전_소외
28178,test,0,2,2단계_부분_적응
28179,test,2,3,3단계_자립_적응
28180,test,2,3,3단계_자립_적응
28181,test,2,3,3단계_자립_적응
28182,test,0,2,2단계_부분_적응
28183,test,0,2,2단계_부분_적응
28184,test,2,3,3단계_자립_적응
28185,test,1,1,1단계_완전_소외
28186,test,0,2,2단계_부분_적응
28187,test,0,2,2단계_부분_적응
28188,test,2,3,3단계_자립_적응
28189,test,0,2,2단계_부분_적응
28190,test,0,2,2단계_부분_적응
28191,test,2,3,3단계_자립_적응
28192,test,1,1,1단계_완전_소외
28193,test,1,1,1단계_완전_소외
28194,test,1,1,1단계_완전_소외
28195,test,2,3,3단계_자립_적응
28196,test,1,1,1단계_완전_소외
28197,test,1,1,1단계_완전_소외
28198,test,1,1,1단계_완전_소외
28199,test,2,3,3단계_자립_적응
28200,test,1,1,1단계_완전_소외
28201,test,0,2,2단계_부분_적응
28202,test,2,3,3단계_자립_적응
28203,test,1,1,1단계_완전_소외
28204,test,1,1,1단계_완전_소외
28205,test,1,1,1단계_완전_소외
28206,test,2,3,3단계_자립_적응
28207,test,0,2,2단계_부분_적응
28208,test,0,2,2단계_부분_적응
28209,test,2,3,3단계_자립_적응
28210,test,0,2,2단계_부분_적응
28211,test,1,1,1단계_완전_소외
28212,test,2,3,3단계_자립_적응
28213,test,1,1,1단계_완전_소외
28214,test,1,1,1단계_완전_소외
28215,test,0,2,2단계_부분_적응
28216,test,2,3,3단계_자립_적응
28217,test,0,2,2단계_부분_적응
28218,test,0,2,2단계_부분_적응
28219,test,0,2,2단계_부분_적응
28220,test,1,1,1단계_완전_소외
28221,test,0,2,2단계_부분_적응
28222,test,1,1,1단계_완전_소외
28223,test,0,2,2단계_부분_적응
28224,test,2,3,3단계_자립_적응
28225,test,0,2,2단계_부분_적응
28226,test,1,1,1단계_완전_소외
28227,test,1,1,1단계_완전_소외
28228,test,1,1,1단계_완전_소외
28229,test,0,2,2단계_부분_적응
28230,test,0,2,2단계_부분_적응
28231,test,0,2,2단계_부분_적응
28232,test,2,3,3단계_자립_적응
28233,test,2,3,3단계_자립_적응
28234,test,2,3,3단계_자립_적응
28235,test,2,3,3단계_자립_적응
28236,test,0,2,2단계_부분_적응
28237,test,1,1,1단계_완전_소외
28238,test,2,3,3단계_자립_적응
28239,test,2,3,3단계_자립_적응
28240,test,0,2,2단계_부분_적응
28241,test,0,2,2단계_부분_적응
28242,test,2,3,3단계_자립_적응
28243,test,2,3,3단계_자립_적응
28244,test,2,3,3단계_자립_적응
28245,test,0,2,2단계_부분_적응
28246,test,0,2,2단계_부분_적응
28247,test,1,1,1단계_완전_소외
28248,test,0,2,2단계_부분_적응
28249,test,0,2,2단계_부분_적응
28250,test,1,1,1단계_완전_소외
28251,test,0,2,2단계_부분_적응
28252,test,1,1,1단계_완전_소외
28253,test,0,2,2단계_부분_적응
28254,test,2,3,3단계_자립_적응
28255,test,2,3,3단계_자립_적응
28256,test,0,2,2단계_부분_적응
28257,test,0,2,2단계_부분_적응
28258,test,0,2,2단계_부분_적응
28259,test,0,2,2단계_부분_적응
28260,test,1,1,1단계_완전_소외
28261,test,2,3,3단계_자립_적응
28262,test,0,2,2단계_부분_적응
28263,test,0,2,2단계_부분_적응
28264,test,1,1,1단계_완전_소외
28265,test,1,1,1단계_완전_소외
28266,test,1,1,1단계_완전_소외
28267,test,1,1,1단계_완전_소외
28268,test,0,2,2단계_부분_적응
28269,test,2,3,3단계_자립_적응
28270,test,0,2,2단계_부분_적응
28271,test,0,2,2단계_부분_적응
28272,test,2,3,3단계_자립_적응
28273,test,1,1,1단계_완전_소외
28274,test,1,1,1단계_완전_소외
28275,test,2,3,3단계_자립_적응
28276,test,0,2,2단계_부분_적응
28277,test,0,2,2단계_부분_적응
28278,test,0,2,2단계_부분_적응
28279,test,2,3,3단계_자립_적응
28280,test,0,2,2단계_부분_적응
28281,test,1,1,1단계_완전_소외
28282,test,0,2,2단계_부분_적응
28283,test,0,2,2단계_부분_적응
28284,test,0,2,2단계_부분_적응
28285,test,0,2,2단계_부분_적응
28286,test,1,1,1단계_완전_소외
28287,test,1,1,1단계_완전_소외
28288,test,2,3,3단계_자립_적응
28289,test,1,1,1단계_완전_소외
28290,test,0,2,2단계_부분_적응
28291,test,0,2,2단계_부분_적응
28292,test,0,2,2단계_부분_적응
28293,test,0,2,2단계_부분_적응
28294,test,2,3,3단계_자립_적응
28295,test,1,1,1단계_완전_소외
28296,test,0,2,2단계_부분_적응
28297,test,2,3,3단계_자립_적응
28298,test,1,1,1단계_완전_소외
28299,test,0,2,2단계_부분_적응
28300,test,0,2,2단계_부분_적응
28301,test,1,1,1단계_완전_소외
28302,test,1,1,1단계_완전_소외
28303,test,0,2,2단계_부분_적응
28304,test,1,1,1단계_완전_소외
28305,test,0,2,2단계_부분_적응
28306,test,0,2,2단계_부분_적응
28307,test,1,1,1단계_완전_소외
28308,test,0,2,2단계_부분_적응
28309,test,2,3,3단계_자립_적응
28310,test,1,1,1단계_완전_소외
28311,test,1,1,1단계_완전_소외
28312,test,2,3,3단계_자립_적응
28313,test,1,1,1단계_완전_소외
28314,test,1,1,1단계_완전_소외
28315,test,1,1,1단계_완전_소외
28316,test,2,3,3단계_자립_적응
28317,test,2,3,3단계_자립_적응
28318,test,0,2,2단계_부분_적응
28319,test,0,2,2단계_부분_적응
28320,test,1,1,1단계_완전_소외
28321,test,0,2,2단계_부분_적응
28322,test,2,3,3단계_자립_적응
28323,test,1,1,1단계_완전_소외
28324,test,1,1,1단계_완전_소외
28325,test,2,3,3단계_자립_적응
28326,test,0,2,2단계_부분_적응
28327,test,1,1,1단계_완전_소외
28328,test,0,2,2단계_부분_적응
28329,test,2,3,3단계_자립_적응
28330,test,2,3,3단계_자립_적응
28331,test,0,2,2단계_부분_적응
28332,test,2,3,3단계_자립_적응
28333,test,0,2,2단계_부분_적응
28334,test,0,2,2단계_부분_적응
28335,test,2,3,3단계_자립_적응
28336,test,2,3,3단계_자립_적응
28337,test,2,3,3단계_자립_적응
28338,test,1,1,1단계_완전_소외
28339,test,2,3,3단계_자립_적응
28340,test,0,2,2단계_부분_적응
28341,test,0,2,2단계_부분_적응
28342,test,0,2,2단계_부분_적응
28343,test,2,3,3단계_자립_적응
28344,test,0,2,2단계_부분_적응
28345,test,2,3,3단계_자립_적응
28346,test,0,2,2단계_부분_적응
28347,test,2,3,3단계_자립_적응
28348,test,0,2,2단계_부분_적응
28349,test,0,2,2단계_부분_적응
28350,test,1,1,1단계_완전_소외
28351,test,2,3,3단계_자립_적응
28352,test,2,3,3단계_자립_적응
28353,test,1,1,1단계_완전_소외
28354,test,1,1,1단계_완전_소외
28355,test,0,2,2단계_부분_적응
28356,test,1,1,1단계_완전_소외
28357,test,0,2,2단계_부분_적응
28358,test,1,1,1단계_완전_소외
28359,test,2,3,3단계_자립_적응
28360,test,0,2,2단계_부분_적응
28361,test,1,1,1단계_완전_소외
28362,test,2,3,3단계_자립_적응
28363,test,2,3,3단계_자립_적응
28364,test,2,3,3단계_자립_적응
28365,test,1,1,1단계_완전_소외
28366,test,1,1,1단계_완전_소외
28367,test,1,1,1단계_완전_소외
28368,test,0,2,2단계_부분_적응
28369,test,0,2,2단계_부분_적응
28370,test,2,3,3단계_자립_적응
28371,test,1,1,1단계_완전_소외
28372,test,0,2,2단계_부분_적응
28373,test,0,2,2단계_부분_적응
28374,test,1,1,1단계_완전_소외
28375,test,0,2,2단계_부분_적응
28376,test,1,1,1단계_완전_소외
28377,test,0,2,2단계_부분_적응
28378,test,2,3,3단계_자립_적응
28379,test,1,1,1단계_완전_소외
28380,test,1,1,1단계_완전_소외
28381,test,1,1,1단계_완전_소외
28382,test,2,3,3단계_자립_적응
28383,test,2,3,3단계_자립_적응
28384,test,0,2,2단계_부분_적응
28385,test,0,2,2단계_부분_적응
28386,test,0,2,2단계_부분_적응
28387,test,0,2,2단계_부분_적응
28388,test,0,2,2단계_부분_적응
28389,test,1,1,1단계_완전_소외
28390,test,0,2,2단계_부분_적응
28391,test,0,2,2단계_부분_적응
28392,test,0,2,2단계_부분_적응
28393,test,1,1,1단계_완전_소외
28394,test,2,3,3단계_자립_적응
28395,test,1,1,1단계_완전_소외
28396,test,0,2,2단계_부분_적응
28397,test,2,3,3단계_자립_적응
28398,test,0,2,2단계_부분_적응
28399,test,2,3,3단계_자립_적응
28400,test,1,1,1단계_완전_소외
28401,test,0,2,2단계_부분_적응
28402,test,2,3,3단계_자립_적응
28403,test,1,1,1단계_완전_소외
28404,test,0,2,2단계_부분_적응
28405,test,1,1,1단계_완전_소외
28406,test,0,2,2단계_부분_적응
28407,test,1,1,1단계_완전_소외
28408,test,0,2,2단계_부분_적응
28409,test,0,2,2단계_부분_적응
28410,test,1,1,1단계_완전_소외
28411,test,1,1,1단계_완전_소외
28412,test,2,3,3단계_자립_적응
28413,test,2,3,3단계_자립_적응
28414,test,0,2,2단계_부분_적응
28415,test,2,3,3단계_자립_적응
28416,test,1,1,1단계_완전_소외
28417,test,0,2,2단계_부분_적응
28418,test,2,3,3단계_자립_적응
28419,test,0,2,2단계_부분_적응
28420,test,1,1,1단계_완전_소외
28421,test,1,1,1단계_완전_소외
28422,test,1,1,1단계_완전_소외
28423,test,0,2,2단계_부분_적응
28424,test,1,1,1단계_완전_소외
28425,test,0,2,2단계_부분_적응
28426,test,0,2,2단계_부분_적응
28427,test,0,2,2단계_부분_적응
28428,test,2,3,3단계_자립_적응
28429,test,0,2,2단계_부분_적응
28430,test,2,3,3단계_자립_적응
28431,test,1,1,1단계_완전_소외
28432,test,2,3,3단계_자립_적응
28433,test,0,2,2단계_부분_적응
28434,test,1,1,1단계_완전_소외
28435,test,2,3,3단계_자립_적응
28436,test,0,2,2단계_부분_적응
28437,test,1,1,1단계_완전_소외
28438,test,1,1,1단계_완전_소외
28439,test,0,2,2단계_부분_적응
28440,test,2,3,3단계_자립_적응
28441,test,0,2,2단계_부분_적응
28442,test,2,3,3단계_자립_적응
28443,test,1,1,1단계_완전_소외
28444,test,1,1,1단계_완전_소외
28445,test,0,2,2단계_부분_적응
28446,test,2,3,3단계_자립_적응
28447,test,1,1,1단계_완전_소외
28448,test,1,1,1단계_완전_소외
28449,test,1,1,1단계_완전_소외
28450,test,1,1,1단계_완전_소외
28451,test,1,1,1단계_완전_소외
28452,test,2,3,3단계_자립_적응
28453,test,2,3,3단계_자립_적응
28454,test,1,1,1단계_완전_소외
28455,test,0,2,2단계_부분_적응
28456,test,1,1,1단계_완전_소외
28457,test,2,3,3단계_자립_적응
28458,test,0,2,2단계_부분_적응
28459,test,0,2,2단계_부분_적응
28460,test,1,1,1단계_완전_소외
28461,test,1,1,1단계_완전_소외
28462,test,2,3,3단계_자립_적응
28463,test,2,3,3단계_자립_적응
28464,test,0,2,2단계_부분_적응
28465,test,0,2,2단계_부분_적응
28466,test,0,2,2단계_부분_적응
28467,test,1,1,1단계_완전_소외
28468,test,1,1,1단계_완전_소외
28469,test,2,3,3단계_자립_적응
28470,test,2,3,3단계_자립_적응
28471,test,0,2,2단계_부분_적응
28472,test,0,2,2단계_부분_적응
28473,test,0,2,2단계_부분_적응
28474,test,1,1,1단계_완전_소외
28475,test,2,3,3단계_자립_적응
28476,test,2,3,3단계_자립_적응
28477,test,1,1,1단계_완전_소외
28478,test,1,1,1단계_완전_소외
28479,test,0,2,2단계_부분_적응
28480,test,0,2,2단계_부분_적응
28481,test,1,1,1단계_완전_소외
28482,test,0,2,2단계_부분_적응
28483,test,1,1,1단계_완전_소외
28484,test,1,1,1단계_완전_소외
28485,test,2,3,3단계_자립_적응
28486,test,0,2,2단계_부분_적응
28487,test,1,1,1단계_완전_소외
28488,test,1,1,1단계_완전_소외
28489,test,1,1,1단계_완전_소외
28490,test,0,2,2단계_부분_적응
28491,test,1,1,1단계_완전_소외
28492,test,2,3,3단계_자립_적응
28493,test,1,1,1단계_완전_소외
28494,test,0,2,2단계_부분_적응
28495,test,1,1,1단계_완전_소외
28496,test,0,2,2단계_부분_적응
28497,test,0,2,2단계_부분_적응
28498,test,1,1,1단계_완전_소외
28499,test,0,2,2단계_부분_적응
28500,test,1,1,1단계_완전_소외
28501,test,2,3,3단계_자립_적응
28502,test,1,1,1단계_완전_소외
28503,test,2,3,3단계_자립_적응
28504,test,0,2,2단계_부분_적응
28505,test,1,1,1단계_완전_소외
28506,test,1,1,1단계_완전_소외
28507,test,0,2,2단계_부분_적응
28508,test,1,1,1단계_완전_소외
28509,test,0,2,2단계_부분_적응
28510,test,1,1,1단계_완전_소외
28511,test,0,2,2단계_부분_적응
28512,test,2,3,3단계_자립_적응
28513,test,0,2,2단계_부분_적응
28514,test,1,1,1단계_완전_소외
28515,test,0,2,2단계_부분_적응
28516,test,2,3,3단계_자립_적응
28517,test,2,3,3단계_자립_적응
28518,test,2,3,3단계_자립_적응
28519,test,0,2,2단계_부분_적응
28520,test,2,3,3단계_자립_적응
28521,test,1,1,1단계_완전_소외
28522,test,1,1,1단계_완전_소외
28523,test,0,2,2단계_부분_적응
28524,test,2,3,3단계_자립_적응
28525,test,0,2,2단계_부분_적응
28526,test,1,1,1단계_완전_소외
28527,test,2,3,3단계_자립_적응
28528,test,0,2,2단계_부분_적응
28529,test,2,3,3단계_자립_적응
28530,test,1,1,1단계_완전_소외
28531,test,0,2,2단계_부분_적응
28532,test,2,3,3단계_자립_적응
28533,test,0,2,2단계_부분_적응
28534,test,2,3,3단계_자립_적응
28535,test,1,1,1단계_완전_소외
28536,test,1,1,1단계_완전_소외
28537,test,1,1,1단계_완전_소외
28538,test,1,1,1단계_완전_소외
28539,test,2,3,3단계_자립_적응
28540,test,2,3,3단계_자립_적응
28541,test,1,1,1단계_완전_소외
28542,test,0,2,2단계_부분_적응
28543,test,1,1,1단계_완전_소외
28544,test,1,1,1단계_완전_소외
28545,test,0,2,2단계_부분_적응
28546,test,2,3,3단계_자립_적응
28547,test,0,2,2단계_부분_적응
28548,test,1,1,1단계_완전_소외
28549,test,2,3,3단계_자립_적응
28550,test,1,1,1단계_완전_소외
28551,test,1,1,1단계_완전_소외
28552,test,1,1,1단계_완전_소외
28553,test,2,3,3단계_자립_적응
28554,test,1,1,1단계_완전_소외
28555,test,1,1,1단계_완전_소외
28556,test,2,3,3단계_자립_적응
28557,test,0,2,2단계_부분_적응
28558,test,1,1,1단계_완전_소외
28559,test,2,3,3단계_자립_적응
28560,test,1,1,1단계_완전_소외
28561,test,1,1,1단계_완전_소외
28562,test,2,3,3단계_자립_적응
28563,test,0,2,2단계_부분_적응
28564,test,1,1,1단계_완전_소외
28565,test,0,2,2단계_부분_적응
28566,test,1,1,1단계_완전_소외
28567,test,1,1,1단계_완전_소외
28568,test,0,2,2단계_부분_적응
28569,test,0,2,2단계_부분_적응
28570,test,0,2,2단계_부분_적응
28571,test,1,1,1단계_완전_소외
28572,test,1,1,1단계_완전_소외
28573,test,1,1,1단계_완전_소외
28574,test,1,1,1단계_완전_소외
28575,test,2,3,3단계_자립_적응
28576,test,1,1,1단계_완전_소외
28577,test,1,1,1단계_완전_소외
28578,test,0,2,2단계_부분_적응
28579,test,1,1,1단계_완전_소외
28580,test,0,2,2단계_부분_적응
28581,test,1,1,1단계_완전_소외
28582,test,0,2,2단계_부분_적응
28583,test,1,1,1단계_완전_소외
28584,test,0,2,2단계_부분_적응
28585,test,1,1,1단계_완전_소외
28586,test,1,1,1단계_완전_소외
28587,test,2,3,3단계_자립_적응
28588,test,1,1,1단계_완전_소외
28589,test,0,2,2단계_부분_적응
28590,test,2,3,3단계_자립_적응
28591,test,2,3,3단계_자립_적응
28592,test,0,2,2단계_부분_적응
28593,test,1,1,1단계_완전_소외
28594,test,0,2,2단계_부분_적응
28595,test,0,2,2단계_부분_적응
28596,test,0,2,2단계_부분_적응
28597,test,0,2,2단계_부분_적응
28598,test,1,1,1단계_완전_소외
28599,test,2,3,3단계_자립_적응
28600,test,0,2,2단계_부분_적응
28601,test,1,1,1단계_완전_소외
28602,test,1,1,1단계_완전_소외
28603,test,1,1,1단계_완전_소외
28604,test,1,1,1단계_완전_소외
28605,test,0,2,2단계_부분_적응
28606,test,2,3,3단계_자립_적응
28607,test,0,2,2단계_부분_적응
28608,test,2,3,3단계_자립_적응
28609,test,1,1,1단계_완전_소외
28610,test,2,3,3단계_자립_적응
28611,test,2,3,3단계_자립_적응
28612,test,1,1,1단계_완전_소외
28613,test,2,3,3단계_자립_적응
28614,test,1,1,1단계_완전_소외
28615,test,1,1,1단계_완전_소외
28616,test,2,3,3단계_자립_적응
28617,test,0,2,2단계_부분_적응
28618,test,1,1,1단계_완전_소외
28619,test,0,2,2단계_부분_적응
28620,test,0,2,2단계_부분_적응
28621,test,1,1,1단계_완전_소외
28622,test,0,2,2단계_부분_적응
28623,test,2,3,3단계_자립_적응
28624,test,1,1,1단계_완전_소외
28625,test,0,2,2단계_부분_적응
28626,test,1,1,1단계_완전_소외
28627,test,2,3,3단계_자립_적응
28628,test,1,1,1단계_완전_소외
28629,test,2,3,3단계_자립_적응
28630,test,0,2,2단계_부분_적응
28631,test,0,2,2단계_부분_적응
28632,test,2,3,3단계_자립_적응
28633,test,2,3,3단계_자립_적응
28634,test,0,2,2단계_부분_적응
28635,test,2,3,3단계_자립_적응
28636,test,0,2,2단계_부분_적응
28637,test,2,3,3단계_자립_적응
28638,test,2,3,3단계_자립_적응
28639,test,1,1,1단계_완전_소외
28640,test,0,2,2단계_부분_적응
28641,test,0,2,2단계_부분_적응
28642,test,0,2,2단계_부분_적응
28643,test,1,1,1단계_완전_소외
28644,test,2,3,3단계_자립_적응
28645,test,1,1,1단계_완전_소외
28646,test,2,3,3단계_자립_적응
28647,test,1,1,1단계_완전_소외
28648,test,0,2,2단계_부분_적응
28649,test,2,3,3단계_자립_적응
28650,test,1,1,1단계_완전_소외
28651,test,2,3,3단계_자립_적응
28652,test,0,2,2단계_부분_적응
28653,test,2,3,3단계_자립_적응
28654,test,2,3,3단계_자립_적응
28655,test,2,3,3단계_자립_적응
28656,test,0,2,2단계_부분_적응
28657,test,0,2,2단계_부분_적응
28658,test,2,3,3단계_자립_적응
28659,test,2,3,3단계_자립_적응
28660,test,2,3,3단계_자립_적응
28661,test,1,1,1단계_완전_소외
28662,test,0,2,2단계_부분_적응
28663,test,0,2,2단계_부분_적응
28664,test,1,1,1단계_완전_소외
28665,test,0,2,2단계_부분_적응
28666,test,0,2,2단계_부분_적응
28667,test,0,2,2단계_부분_적응
28668,test,0,2,2단계_부분_적응
28669,test,0,2,2단계_부분_적응
28670,test,2,3,3단계_자립_적응
28671,test,1,1,1단계_완전_소외
28672,test,2,3,3단계_자립_적응
28673,test,1,1,1단계_완전_소외
28674,test,0,2,2단계_부분_적응
28675,test,0,2,2단계_부분_적응
28676,test,0,2,2단계_부분_적응
28677,test,1,1,1단계_완전_소외
28678,test,0,2,2단계_부분_적응
28679,test,1,1,1단계_완전_소외
28680,test,1,1,1단계_완전_소외
28681,test,1,1,1단계_완전_소외
28682,test,1,1,1단계_완전_소외
28683,test,0,2,2단계_부분_적응
28684,test,1,1,1단계_완전_소외
28685,test,0,2,2단계_부분_적응
28686,test,1,1,1단계_완전_소외
28687,test,0,2,2단계_부분_적응
28688,test,2,3,3단계_자립_적응
28689,test,0,2,2단계_부분_적응
28690,test,0,2,2단계_부분_적응
28691,test,1,1,1단계_완전_소외
28692,test,1,1,1단계_완전_소외
28693,test,1,1,1단계_완전_소외
28694,test,1,1,1단계_완전_소외
28695,test,1,1,1단계_완전_소외
28696,test,1,1,1단계_완전_소외
28697,test,0,2,2단계_부분_적응
28698,test,0,2,2단계_부분_적응
28699,test,0,2,2단계_부분_적응
28700,test,0,2,2단계_부분_적응
28701,test,1,1,1단계_완전_소외
28702,test,0,2,2단계_부분_적응
28703,test,1,1,1단계_완전_소외
28704,test,1,1,1단계_완전_소외
28705,test,2,3,3단계_자립_적응
28706,test,0,2,2단계_부분_적응
28707,test,0,2,2단계_부분_적응
28708,test,0,2,2단계_부분_적응
28709,test,1,1,1단계_완전_소외
28710,test,0,2,2단계_부분_적응
28711,test,1,1,1단계_완전_소외
28712,test,2,3,3단계_자립_적응
28713,test,1,1,1단계_완전_소외
28714,test,0,2,2단계_부분_적응
28715,test,0,2,2단계_부분_적응
28716,test,1,1,1단계_완전_소외
28717,test,0,2,2단계_부분_적응
28718,test,0,2,2단계_부분_적응
28719,test,0,2,2단계_부분_적응
28720,test,1,1,1단계_완전_소외
28721,test,0,2,2단계_부분_적응
28722,test,0,2,2단계_부분_적응
28723,test,0,2,2단계_부분_적응
28724,test,2,3,3단계_자립_적응
28725,test,2,3,3단계_자립_적응
28726,test,1,1,1단계_완전_소외
28727,test,1,1,1단계_완전_소외
28728,test,2,3,3단계_자립_적응
28729,test,0,2,2단계_부분_적응
28730,test,2,3,3단계_자립_적응
28731,test,1,1,1단계_완전_소외
28732,test,2,3,3단계_자립_적응
28733,test,0,2,2단계_부분_적응
28734,test,0,2,2단계_부분_적응
28735,test,0,2,2단계_부분_적응
28736,test,0,2,2단계_부분_적응
28737,test,2,3,3단계_자립_적응
28738,test,1,1,1단계_완전_소외
28739,test,1,1,1단계_완전_소외
28740,test,0,2,2단계_부분_적응
28741,test,2,3,3단계_자립_적응
28742,test,0,2,2단계_부분_적응
28743,test,1,1,1단계_완전_소외
28744,test,1,1,1단계_완전_소외
28745,test,0,2,2단계_부분_적응
28746,test,1,1,1단계_완전_소외
28747,test,0,2,2단계_부분_적응
28748,test,0,2,2단계_부분_적응
28749,test,1,1,1단계_완전_소외
28750,test,2,3,3단계_자립_적응
28751,test,1,1,1단계_완전_소외
28752,test,2,3,3단계_자립_적응
28753,test,2,3,3단계_자립_적응
28754,test,0,2,2단계_부분_적응
28755,test,0,2,2단계_부분_적응
28756,test,2,3,3단계_자립_적응
28757,test,1,1,1단계_완전_소외
28758,test,0,2,2단계_부분_적응
28759,test,1,1,1단계_완전_소외
28760,test,1,1,1단계_완전_소외
28761,test,1,1,1단계_완전_소외
28762,test,1,1,1단계_완전_소외
28763,test,0,2,2단계_부분_적응
28764,test,1,1,1단계_완전_소외
28765,test,0,2,2단계_부분_적응
28766,test,1,1,1단계_완전_소외
28767,test,0,2,2단계_부분_적응
28768,test,0,2,2단계_부분_적응
28769,test,0,2,2단계_부분_적응
28770,test,2,3,3단계_자립_적응
28771,test,0,2,2단계_부분_적응
28772,test,2,3,3단계_자립_적응
28773,test,2,3,3단계_자립_적응
28774,test,1,1,1단계_완전_소외
28775,test,1,1,1단계_완전_소외
28776,test,0,2,2단계_부분_적응
28777,test,0,2,2단계_부분_적응
28778,test,1,1,1단계_완전_소외
28779,test,2,3,3단계_자립_적응
28780,test,0,2,2단계_부분_적응
28781,test,2,3,3단계_자립_적응
28782,test,0,2,2단계_부분_적응
28783,test,0,2,2단계_부분_적응
28784,test,2,3,3단계_자립_적응
28785,test,1,1,1단계_완전_소외
28786,test,1,1,1단계_완전_소외
28787,test,1,1,1단계_완전_소외
28788,test,1,1,1단계_완전_소외
28789,test,0,2,2단계_부분_적응
28790,test,2,3,3단계_자립_적응
28791,test,0,2,2단계_부분_적응
28792,test,2,3,3단계_자립_적응
28793,test,2,3,3단계_자립_적응
28794,test,1,1,1단계_완전_소외
28795,test,1,1,1단계_완전_소외
28796,test,0,2,2단계_부분_적응
28797,test,2,3,3단계_자립_적응
28798,test,1,1,1단계_완전_소외
28799,test,1,1,1단계_완전_소외
28800,test,0,2,2단계_부분_적응
28801,test,0,2,2단계_부분_적응
28802,test,1,1,1단계_완전_소외
28803,test,0,2,2단계_부분_적응
28804,test,0,2,2단계_부분_적응
28805,test,2,3,3단계_자립_적응
28806,test,0,2,2단계_부분_적응
28807,test,2,3,3단계_자립_적응
28808,test,2,3,3단계_자립_적응
28809,test,0,2,2단계_부분_적응
28810,test,0,2,2단계_부분_적응
28811,test,1,1,1단계_완전_소외
28812,test,1,1,1단계_완전_소외
28813,test,1,1,1단계_완전_소외
28814,test,1,1,1단계_완전_소외
28815,test,2,3,3단계_자립_적응
28816,test,0,2,2단계_부분_적응
28817,test,1,1,1단계_완전_소외
28818,test,2,3,3단계_자립_적응
28819,test,1,1,1단계_완전_소외
28820,test,0,2,2단계_부분_적응
28821,test,1,1,1단계_완전_소외
28822,test,1,1,1단계_완전_소외
28823,test,1,1,1단계_완전_소외
28824,test,2,3,3단계_자립_적응
28825,test,1,1,1단계_완전_소외
28826,test,1,1,1단계_완전_소외
28827,test,0,2,2단계_부분_적응
28828,test,2,3,3단계_자립_적응
28829,test,1,1,1단계_완전_소외
28830,test,0,2,2단계_부분_적응
28831,test,1,1,1단계_완전_소외
28832,test,1,1,1단계_완전_소외
28833,test,1,1,1단계_완전_소외
28834,test,1,1,1단계_완전_소외
28835,test,0,2,2단계_부분_적응
28836,test,2,3,3단계_자립_적응
28837,test,0,2,2단계_부분_적응
28838,test,0,2,2단계_부분_적응
28839,test,0,2,2단계_부분_적응
28840,test,2,3,3단계_자립_적응
28841,test,1,1,1단계_완전_소외
28842,test,0,2,2단계_부분_적응
28843,test,2,3,3단계_자립_적응
28844,test,1,1,1단계_완전_소외
28845,test,0,2,2단계_부분_적응
28846,test,0,2,2단계_부분_적응
28847,test,0,2,2단계_부분_적응
28848,test,1,1,1단계_완전_소외
28849,test,0,2,2단계_부분_적응
28850,test,0,2,2단계_부분_적응
28851,test,0,2,2단계_부분_적응
28852,test,1,1,1단계_완전_소외
28853,test,1,1,1단계_완전_소외
28854,test,0,2,2단계_부분_적응
28855,test,1,1,1단계_완전_소외
28856,test,0,2,2단계_부분_적응
28857,test,0,2,2단계_부분_적응
28858,test,0,2,2단계_부분_적응
28859,test,1,1,1단계_완전_소외
28860,test,1,1,1단계_완전_소외
28861,test,2,3,3단계_자립_적응
28862,test,2,3,3단계_자립_적응
28863,test,1,1,1단계_완전_소외
28864,test,0,2,2단계_부분_적응
28865,test,2,3,3단계_자립_적응
28866,test,0,2,2단계_부분_적응
28867,test,0,2,2단계_부분_적응
28868,test,0,2,2단계_부분_적응
28869,test,1,1,1단계_완전_소외
28870,test,2,3,3단계_자립_적응
28871,test,1,1,1단계_완전_소외
28872,test,1,1,1단계_완전_소외
28873,test,2,3,3단계_자립_적응
28874,test,0,2,2단계_부분_적응
28875,test,1,1,1단계_완전_소외
28876,test,0,2,2단계_부분_적응
28877,test,2,3,3단계_자립_적응
28878,test,0,2,2단계_부분_적응
28879,test,0,2,2단계_부분_적응
28880,test,2,3,3단계_자립_적응
28881,test,1,1,1단계_완전_소외
28882,test,1,1,1단계_완전_소외
28883,test,1,1,1단계_완전_소외
28884,test,0,2,2단계_부분_적응
28885,test,0,2,2단계_부분_적응
28886,test,1,1,1단계_완전_소외
28887,test,2,3,3단계_자립_적응
28888,test,2,3,3단계_자립_적응
28889,test,1,1,1단계_완전_소외
28890,test,0,2,2단계_부분_적응
28891,test,1,1,1단계_완전_소외
28892,test,2,3,3단계_자립_적응
28893,test,2,3,3단계_자립_적응
28894,test,1,1,1단계_완전_소외
28895,test,1,1,1단계_완전_소외
28896,test,0,2,2단계_부분_적응
28897,test,0,2,2단계_부분_적응
28898,test,1,1,1단계_완전_소외
28899,test,0,2,2단계_부분_적응
28900,test,2,3,3단계_자립_적응
28901,test,1,1,1단계_완전_소외
28902,test,2,3,3단계_자립_적응
28903,test,1,1,1단계_완전_소외
28904,test,1,1,1단계_완전_소외
28905,test,0,2,2단계_부분_적응
28906,test,1,1,1단계_완전_소외
28907,test,0,2,2단계_부분_적응
28908,test,0,2,2단계_부분_적응
28909,test,2,3,3단계_자립_적응
28910,test,0,2,2단계_부분_적응
28911,test,0,2,2단계_부분_적응
28912,test,2,3,3단계_자립_적응
28913,test,1,1,1단계_완전_소외
28914,test,1,1,1단계_완전_소외
28915,test,0,2,2단계_부분_적응
28916,test,0,2,2단계_부분_적응
28917,test,1,1,1단계_완전_소외
28918,test,2,3,3단계_자립_적응
28919,test,1,1,1단계_완전_소외
28920,test,0,2,2단계_부분_적응
28921,test,2,3,3단계_자립_적응
28922,test,1,1,1단계_완전_소외
28923,test,0,2,2단계_부분_적응
28924,test,2,3,3단계_자립_적응
28925,test,2,3,3단계_자립_적응
28926,test,2,3,3단계_자립_적응
28927,test,2,3,3단계_자립_적응
28928,test,0,2,2단계_부분_적응
28929,test,1,1,1단계_완전_소외
28930,test,1,1,1단계_완전_소외
28931,test,1,1,1단계_완전_소외
28932,test,0,2,2단계_부분_적응
28933,test,2,3,3단계_자립_적응
28934,test,2,3,3단계_자립_적응
28935,test,1,1,1단계_완전_소외
28936,test,0,2,2단계_부분_적응
28937,test,1,1,1단계_완전_소외
28938,test,2,3,3단계_자립_적응
28939,test,0,2,2단계_부분_적응
28940,test,1,1,1단계_완전_소외
28941,test,1,1,1단계_완전_소외
28942,test,1,1,1단계_완전_소외
28943,test,0,2,2단계_부분_적응
28944,test,0,2,2단계_부분_적응
28945,test,1,1,1단계_완전_소외
28946,test,0,2,2단계_부분_적응
28947,test,1,1,1단계_완전_소외
28948,test,2,3,3단계_자립_적응
28949,test,2,3,3단계_자립_적응
28950,test,1,1,1단계_완전_소외
28951,test,0,2,2단계_부분_적응
28952,test,0,2,2단계_부분_적응
28953,test,2,3,3단계_자립_적응
28954,test,1,1,1단계_완전_소외
28955,test,2,3,3단계_자립_적응
28956,test,2,3,3단계_자립_적응
28957,test,2,3,3단계_자립_적응
28958,test,1,1,1단계_완전_소외
28959,test,1,1,1단계_완전_소외
28960,test,0,2,2단계_부분_적응
28961,test,1,1,1단계_완전_소외
28962,test,0,2,2단계_부분_적응
28963,test,1,1,1단계_완전_소외
28964,test,1,1,1단계_완전_소외
28965,test,0,2,2단계_부분_적응
28966,test,0,2,2단계_부분_적응
28967,test,1,1,1단계_완전_소외
28968,test,2,3,3단계_자립_적응
28969,test,0,2,2단계_부분_적응
28970,test,1,1,1단계_완전_소외
28971,test,1,1,1단계_완전_소외
28972,test,1,1,1단계_완전_소외
28973,test,1,1,1단계_완전_소외
28974,test,2,3,3단계_자립_적응
28975,test,2,3,3단계_자립_적응
28976,test,1,1,1단계_완전_소외
28977,test,0,2,2단계_부분_적응
28978,test,2,3,3단계_자립_적응
28979,test,0,2,2단계_부분_적응
28980,test,0,2,2단계_부분_적응
28981,test,1,1,1단계_완전_소외
28982,test,1,1,1단계_완전_소외
28983,test,1,1,1단계_완전_소외
28984,test,0,2,2단계_부분_적응
28985,test,1,1,1단계_완전_소외
28986,test,0,2,2단계_부분_적응
28987,test,0,2,2단계_부분_적응
28988,test,1,1,1단계_완전_소외
28989,test,1,1,1단계_완전_소외
28990,test,0,2,2단계_부분_적응
28991,test,0,2,2단계_부분_적응
28992,test,2,3,3단계_자립_적응
28993,test,2,3,3단계_자립_적응
28994,test,0,2,2단계_부분_적응
28995,test,1,1,1단계_완전_소외
28996,test,0,2,2단계_부분_적응
28997,test,1,1,1단계_완전_소외
28998,test,1,1,1단계_완전_소외
28999,test,1,1,1단계_완전_소외
29000,test,1,1,1단계_완전_소외
29001,test,1,1,1단계_완전_소외
29002,test,0,2,2단계_부분_적응
29003,test,2,3,3단계_자립_적응
29004,test,1,1,1단계_완전_소외
29005,test,2,3,3단계_자립_적응
29006,test,0,2,2단계_부분_적응
29007,test,0,2,2단계_부분_적응
29008,test,1,1,1단계_완전_소외
29009,test,0,2,2단계_부분_적응
29010,test,0,2,2단계_부분_적응
29011,test,1,1,1단계_완전_소외
29012,test,1,1,1단계_완전_소외
29013,test,1,1,1단계_완전_소외
29014,test,2,3,3단계_자립_적응
29015,test,2,3,3단계_자립_적응
29016,test,0,2,2단계_부분_적응
29017,test,0,2,2단계_부분_적응
29018,test,0,2,2단계_부분_적응
29019,test,0,2,2단계_부분_적응
29020,test,2,3,3단계_자립_적응
29021,test,0,2,2단계_부분_적응
29022,test,2,3,3단계_자립_적응
29023,test,0,2,2단계_부분_적응
29024,test,2,3,3단계_자립_적응
29025,test,1,1,1단계_완전_소외
29026,test,0,2,2단계_부분_적응
29027,test,0,2,2단계_부분_적응
29028,test,2,3,3단계_자립_적응
29029,test,2,3,3단계_자립_적응
29030,test,0,2,2단계_부분_적응
29031,test,2,3,3단계_자립_적응
29032,test,2,3,3단계_자립_적응
29033,test,0,2,2단계_부분_적응
29034,test,1,1,1단계_완전_소외
29035,test,0,2,2단계_부분_적응
29036,test,1,1,1단계_완전_소외
29037,test,2,3,3단계_자립_적응
29038,test,1,1,1단계_완전_소외
29039,test,0,2,2단계_부분_적응
29040,test,0,2,2단계_부분_적응
29041,test,1,1,1단계_완전_소외
29042,test,1,1,1단계_완전_소외
29043,test,1,1,1단계_완전_소외
29044,test,0,2,2단계_부분_적응
29045,test,2,3,3단계_자립_적응
29046,test,1,1,1단계_완전_소외
29047,test,1,1,1단계_완전_소외
29048,test,2,3,3단계_자립_적응
29049,test,0,2,2단계_부분_적응
29050,test,0,2,2단계_부분_적응
29051,test,0,2,2단계_부분_적응
29052,test,0,2,2단계_부분_적응
29053,test,0,2,2단계_부분_적응
29054,test,2,3,3단계_자립_적응
29055,test,1,1,1단계_완전_소외
29056,test,0,2,2단계_부분_적응
29057,test,1,1,1단계_완전_소외
29058,test,1,1,1단계_완전_소외
29059,test,1,1,1단계_완전_소외
29060,test,1,1,1단계_완전_소외
29061,test,0,2,2단계_부분_적응
29062,test,1,1,1단계_완전_소외
29063,test,2,3,3단계_자립_적응
29064,test,0,2,2단계_부분_적응
29065,test,2,3,3단계_자립_적응
29066,test,2,3,3단계_자립_적응
29067,test,0,2,2단계_부분_적응
29068,test,1,1,1단계_완전_소외
29069,test,1,1,1단계_완전_소외
29070,test,0,2,2단계_부분_적응
29071,test,0,2,2단계_부분_적응
29072,test,2,3,3단계_자립_적응
29073,test,1,1,1단계_완전_소외
29074,test,2,3,3단계_자립_적응
29075,test,2,3,3단계_자립_적응
29076,test,0,2,2단계_부분_적응
29077,test,2,3,3단계_자립_적응
29078,test,0,2,2단계_부분_적응
29079,test,1,1,1단계_완전_소외
29080,test,1,1,1단계_완전_소외
29081,test,2,3,3단계_자립_적응
29082,test,1,1,1단계_완전_소외
29083,test,0,2,2단계_부분_적응
29084,test,0,2,2단계_부분_적응
29085,test,0,2,2단계_부분_적응
29086,test,2,3,3단계_자립_적응
29087,test,1,1,1단계_완전_소외
29088,test,1,1,1단계_완전_소외
29089,test,0,2,2단계_부분_적응
29090,test,1,1,1단계_완전_소외
29091,test,2,3,3단계_자립_적응
29092,test,2,3,3단계_자립_적응
29093,test,1,1,1단계_완전_소외
29094,test,0,2,2단계_부분_적응
29095,test,0,2,2단계_부분_적응
29096,test,0,2,2단계_부분_적응
29097,test,0,2,2단계_부분_적응
29098,test,0,2,2단계_부분_적응
29099,test,2,3,3단계_자립_적응
29100,test,1,1,1단계_완전_소외
29101,test,0,2,2단계_부분_적응
29102,test,0,2,2단계_부분_적응
29103,test,0,2,2단계_부분_적응
29104,test,1,1,1단계_완전_소외
29105,test,0,2,2단계_부분_적응
29106,test,1,1,1단계_완전_소외
29107,test,0,2,2단계_부분_적응
29108,test,1,1,1단계_완전_소외
29109,test,0,2,2단계_부분_적응
29110,test,1,1,1단계_완전_소외
29111,test,0,2,2단계_부분_적응
29112,test,0,2,2단계_부분_적응
29113,test,1,1,1단계_완전_소외
29114,test,1,1,1단계_완전_소외
29115,test,2,3,3단계_자립_적응
29116,test,2,3,3단계_자립_적응
29117,test,0,2,2단계_부분_적응
29118,test,0,2,2단계_부분_적응
29119,test,0,2,2단계_부분_적응
29120,test,1,1,1단계_완전_소외
29121,test,0,2,2단계_부분_적응
29122,test,1,1,1단계_완전_소외
29123,test,1,1,1단계_완전_소외
29124,test,2,3,3단계_자립_적응
29125,test,0,2,2단계_부분_적응
29126,test,1,1,1단계_완전_소외
29127,test,0,2,2단계_부분_적응
29128,test,0,2,2단계_부분_적응
29129,test,1,1,1단계_완전_소외
29130,test,1,1,1단계_완전_소외
29131,test,1,1,1단계_완전_소외
29132,test,1,1,1단계_완전_소외
29133,test,2,3,3단계_자립_적응
29134,test,0,2,2단계_부분_적응
29135,test,1,1,1단계_완전_소외
29136,test,0,2,2단계_부분_적응
29137,test,2,3,3단계_자립_적응
29138,test,2,3,3단계_자립_적응
29139,test,1,1,1단계_완전_소외
29140,test,2,3,3단계_자립_적응
29141,test,0,2,2단계_부분_적응
29142,test,2,3,3단계_자립_적응
29143,test,1,1,1단계_완전_소외
29144,test,2,3,3단계_자립_적응
29145,test,1,1,1단계_완전_소외
29146,test,1,1,1단계_완전_소외
29147,test,1,1,1단계_완전_소외
29148,test,1,1,1단계_완전_소외
29149,test,2,3,3단계_자립_적응
29150,test,2,3,3단계_자립_적응
29151,test,1,1,1단계_완전_소외
29152,test,0,2,2단계_부분_적응
29153,test,1,1,1단계_완전_소외
29154,test,2,3,3단계_자립_적응
29155,test,0,2,2단계_부분_적응
29156,test,0,2,2단계_부분_적응
29157,test,0,2,2단계_부분_적응
29158,test,0,2,2단계_부분_적응
29159,test,2,3,3단계_자립_적응
29160,test,2,3,3단계_자립_적응
29161,test,2,3,3단계_자립_적응
29162,test,1,1,1단계_완전_소외
29163,test,0,2,2단계_부분_적응
29164,test,1,1,1단계_완전_소외
29165,test,0,2,2단계_부분_적응
29166,test,2,3,3단계_자립_적응
29167,test,2,3,3단계_자립_적응
29168,test,0,2,2단계_부분_적응
29169,test,1,1,1단계_완전_소외
29170,test,2,3,3단계_자립_적응
29171,test,2,3,3단계_자립_적응
29172,test,2,3,3단계_자립_적응
29173,test,2,3,3단계_자립_적응
29174,test,1,1,1단계_완전_소외
29175,test,0,2,2단계_부분_적응
29176,test,1,1,1단계_완전_소외
29177,test,0,2,2단계_부분_적응
29178,test,0,2,2단계_부분_적응
29179,test,2,3,3단계_자립_적응
29180,test,2,3,3단계_자립_적응
29181,test,1,1,1단계_완전_소외
29182,test,0,2,2단계_부분_적응
29183,test,0,2,2단계_부분_적응
29184,test,0,2,2단계_부분_적응
29185,test,0,2,2단계_부분_적응
29186,test,2,3,3단계_자립_적응
29187,test,0,2,2단계_부분_적응
29188,test,0,2,2단계_부분_적응
29189,test,0,2,2단계_부분_적응
29190,test,0,2,2단계_부분_적응
29191,test,0,2,2단계_부분_적응
29192,test,0,2,2단계_부분_적응
29193,test,1,1,1단계_완전_소외
29194,test,1,1,1단계_완전_소외
29195,test,0,2,2단계_부분_적응
29196,test,0,2,2단계_부분_적응
29197,test,0,2,2단계_부분_적응
29198,test,0,2,2단계_부분_적응
29199,test,1,1,1단계_완전_소외
29200,test,2,3,3단계_자립_적응
29201,test,0,2,2단계_부분_적응
29202,test,0,2,2단계_부분_적응
29203,test,2,3,3단계_자립_적응
29204,test,1,1,1단계_완전_소외
29205,test,2,3,3단계_자립_적응
29206,test,0,2,2단계_부분_적응
29207,test,0,2,2단계_부분_적응
29208,test,2,3,3단계_자립_적응
29209,test,1,1,1단계_완전_소외
29210,test,0,2,2단계_부분_적응
29211,test,2,3,3단계_자립_적응
29212,test,2,3,3단계_자립_적응
29213,test,0,2,2단계_부분_적응
29214,test,1,1,1단계_완전_소외
29215,test,1,1,1단계_완전_소외
29216,test,1,1,1단계_완전_소외
29217,test,0,2,2단계_부분_적응
29218,test,0,2,2단계_부분_적응
29219,test,1,1,1단계_완전_소외
29220,test,1,1,1단계_완전_소외
29221,test,1,1,1단계_완전_소외
29222,test,1,1,1단계_완전_소외
29223,test,1,1,1단계_완전_소외
29224,test,0,2,2단계_부분_적응
29225,test,2,3,3단계_자립_적응
29226,test,1,1,1단계_완전_소외
29227,test,1,1,1단계_완전_소외
29228,test,0,2,2단계_부분_적응
29229,test,2,3,3단계_자립_적응
29230,test,1,1,1단계_완전_소외
29231,test,0,2,2단계_부분_적응
29232,test,1,1,1단계_완전_소외
29233,test,1,1,1단계_완전_소외
29234,test,2,3,3단계_자립_적응
29235,test,0,2,2단계_부분_적응
29236,test,1,1,1단계_완전_소외
29237,test,2,3,3단계_자립_적응
29238,test,2,3,3단계_자립_적응
29239,test,0,2,2단계_부분_적응
29240,test,2,3,3단계_자립_적응
29241,test,1,1,1단계_완전_소외
29242,test,1,1,1단계_완전_소외
29243,test,2,3,3단계_자립_적응
29244,test,1,1,1단계_완전_소외
29245,test,1,1,1단계_완전_소외
29246,test,1,1,1단계_완전_소외
29247,test,0,2,2단계_부분_적응
29248,test,2,3,3단계_자립_적응
29249,test,1,1,1단계_완전_소외
29250,test,0,2,2단계_부분_적응
29251,test,1,1,1단계_완전_소외
29252,test,1,1,1단계_완전_소외
29253,test,2,3,3단계_자립_적응
29254,test,0,2,2단계_부분_적응
29255,test,1,1,1단계_완전_소외
29256,test,0,2,2단계_부분_적응
29257,test,0,2,2단계_부분_적응
29258,test,0,2,2단계_부분_적응
29259,test,1,1,1단계_완전_소외
29260,test,2,3,3단계_자립_적응
29261,test,1,1,1단계_완전_소외
29262,test,1,1,1단계_완전_소외
29263,test,0,2,2단계_부분_적응
29264,test,1,1,1단계_완전_소외
29265,test,0,2,2단계_부분_적응
29266,test,2,3,3단계_자립_적응
29267,test,0,2,2단계_부분_적응
29268,test,1,1,1단계_완전_소외
29269,test,0,2,2단계_부분_적응
29270,test,1,1,1단계_완전_소외
29271,test,1,1,1단계_완전_소외
29272,test,1,1,1단계_완전_소외
29273,test,2,3,3단계_자립_적응
29274,test,1,1,1단계_완전_소외
29275,test,0,2,2단계_부분_적응
29276,test,2,3,3단계_자립_적응
29277,test,1,1,1단계_완전_소외
29278,test,2,3,3단계_자립_적응
29279,test,0,2,2단계_부분_적응
29280,test,0,2,2단계_부분_적응
29281,test,0,2,2단계_부분_적응
29282,test,2,3,3단계_자립_적응
29283,test,0,2,2단계_부분_적응
29284,test,0,2,2단계_부분_적응
29285,test,2,3,3단계_자립_적응
29286,test,0,2,2단계_부분_적응
29287,test,1,1,1단계_완전_소외
29288,test,0,2,2단계_부분_적응
29289,test,0,2,2단계_부분_적응
29290,test,1,1,1단계_완전_소외
29291,test,2,3,3단계_자립_적응
29292,test,0,2,2단계_부분_적응
29293,test,1,1,1단계_완전_소외
29294,test,2,3,3단계_자립_적응
29295,test,1,1,1단계_완전_소외
29296,test,1,1,1단계_완전_소외
29297,test,1,1,1단계_완전_소외
29298,test,2,3,3단계_자립_적응
29299,test,1,1,1단계_완전_소외
29300,test,0,2,2단계_부분_적응
29301,test,0,2,2단계_부분_적응
29302,test,1,1,1단계_완전_소외
29303,test,0,2,2단계_부분_적응
29304,test,0,2,2단계_부분_적응
29305,test,1,1,1단계_완전_소외
29306,test,1,1,1단계_완전_소외
29307,test,1,1,1단계_완전_소외
29308,test,2,3,3단계_자립_적응
29309,test,1,1,1단계_완전_소외
29310,test,0,2,2단계_부분_적응
29311,test,1,1,1단계_완전_소외
29312,test,1,1,1단계_완전_소외
29313,test,1,1,1단계_완전_소외
29314,test,1,1,1단계_완전_소외
29315,test,2,3,3단계_자립_적응
29316,test,2,3,3단계_자립_적응
29317,test,1,1,1단계_완전_소외
29318,test,0,2,2단계_부분_적응
29319,test,1,1,1단계_완전_소외
29320,test,1,1,1단계_완전_소외
29321,test,1,1,1단계_완전_소외
29322,test,1,1,1단계_완전_소외
29323,test,2,3,3단계_자립_적응
29324,test,2,3,3단계_자립_적응
29325,test,1,1,1단계_완전_소외
29326,test,1,1,1단계_완전_소외
29327,test,0,2,2단계_부분_적응
29328,test,1,1,1단계_완전_소외
29329,test,0,2,2단계_부분_적응
29330,test,2,3,3단계_자립_적응
29331,test,0,2,2단계_부분_적응
29332,test,0,2,2단계_부분_적응
29333,test,0,2,2단계_부분_적응
29334,test,0,2,2단계_부분_적응
29335,test,1,1,1단계_완전_소외
29336,test,0,2,2단계_부분_적응
29337,test,2,3,3단계_자립_적응
29338,test,0,2,2단계_부분_적응
29339,test,0,2,2단계_부분_적응
29340,test,2,3,3단계_자립_적응
29341,test,2,3,3단계_자립_적응
29342,test,2,3,3단계_자립_적응
29343,test,2,3,3단계_자립_적응
29344,test,1,1,1단계_완전_소외
29345,test,2,3,3단계_자립_적응
29346,test,0,2,2단계_부분_적응
29347,test,0,2,2단계_부분_적응
29348,test,0,2,2단계_부분_적응
29349,test,1,1,1단계_완전_소외
29350,test,1,1,1단계_완전_소외
29351,test,2,3,3단계_자립_적응
29352,test,0,2,2단계_부분_적응
29353,test,2,3,3단계_자립_적응
29354,test,0,2,2단계_부분_적응
29355,test,0,2,2단계_부분_적응
29356,test,0,2,2단계_부분_적응
29357,test,1,1,1단계_완전_소외
29358,test,2,3,3단계_자립_적응
29359,test,2,3,3단계_자립_적응
29360,test,1,1,1단계_완전_소외
29361,test,0,2,2단계_부분_적응
29362,test,0,2,2단계_부분_적응
29363,test,0,2,2단계_부분_적응
29364,test,1,1,1단계_완전_소외
29365,test,2,3,3단계_자립_적응
29366,test,2,3,3단계_자립_적응
29367,test,0,2,2단계_부분_적응
29368,test,2,3,3단계_자립_적응
29369,test,1,1,1단계_완전_소외
29370,test,1,1,1단계_완전_소외
29371,test,2,3,3단계_자립_적응
29372,test,1,1,1단계_완전_소외
29373,test,2,3,3단계_자립_적응
29374,test,2,3,3단계_자립_적응
29375,test,0,2,2단계_부분_적응
29376,test,0,2,2단계_부분_적응
29377,test,1,1,1단계_완전_소외
29378,test,0,2,2단계_부분_적응
29379,test,1,1,1단계_완전_소외
29380,test,0,2,2단계_부분_적응
29381,test,1,1,1단계_완전_소외
29382,test,1,1,1단계_완전_소외
29383,test,2,3,3단계_자립_적응
29384,test,1,1,1단계_완전_소외
29385,test,1,1,1단계_완전_소외
29386,test,1,1,1단계_완전_소외
29387,test,0,2,2단계_부분_적응
29388,test,1,1,1단계_완전_소외
29389,test,2,3,3단계_자립_적응
29390,test,1,1,1단계_완전_소외
29391,test,1,1,1단계_완전_소외
29392,test,0,2,2단계_부분_적응
29393,test,1,1,1단계_완전_소외
29394,test,1,1,1단계_완전_소외
29395,test,2,3,3단계_자립_적응
29396,test,0,2,2단계_부분_적응
29397,test,1,1,1단계_완전_소외
29398,test,2,3,3단계_자립_적응
29399,test,1,1,1단계_완전_소외
29400,test,1,1,1단계_완전_소외
29401,test,0,2,2단계_부분_적응
29402,test,2,3,3단계_자립_적응
29403,test,2,3,3단계_자립_적응
29404,test,1,1,1단계_완전_소외
29405,test,2,3,3단계_자립_적응
29406,test,1,1,1단계_완전_소외
29407,test,2,3,3단계_자립_적응
29408,test,2,3,3단계_자립_적응
29409,test,2,3,3단계_자립_적응
29410,test,2,3,3단계_자립_적응
29411,test,1,1,1단계_완전_소외
29412,test,2,3,3단계_자립_적응
29413,test,2,3,3단계_자립_적응
29414,test,1,1,1단계_완전_소외
29415,test,2,3,3단계_자립_적응
29416,test,0,2,2단계_부분_적응
29417,test,0,2,2단계_부분_적응
29418,test,0,2,2단계_부분_적응
29419,test,1,1,1단계_완전_소외
29420,test,0,2,2단계_부분_적응
29421,test,1,1,1단계_완전_소외
29422,test,2,3,3단계_자립_적응
29423,test,0,2,2단계_부분_적응
29424,test,2,3,3단계_자립_적응
29425,test,0,2,2단계_부분_적응
29426,test,2,3,3단계_자립_적응
29427,test,0,2,2단계_부분_적응
29428,test,0,2,2단계_부분_적응
29429,test,2,3,3단계_자립_적응
29430,test,2,3,3단계_자립_적응
29431,test,1,1,1단계_완전_소외
29432,test,1,1,1단계_완전_소외
29433,test,0,2,2단계_부분_적응
29434,test,2,3,3단계_자립_적응
29435,test,0,2,2단계_부분_적응
29436,test,0,2,2단계_부분_적응
29437,test,2,3,3단계_자립_적응
29438,test,1,1,1단계_완전_소외
29439,test,1,1,1단계_완전_소외
29440,test,0,2,2단계_부분_적응
29441,test,2,3,3단계_자립_적응
29442,test,2,3,3단계_자립_적응
29443,test,2,3,3단계_자립_적응
29444,test,2,3,3단계_자립_적응
29445,test,0,2,2단계_부분_적응
29446,test,2,3,3단계_자립_적응
29447,test,1,1,1단계_완전_소외
29448,test,0,2,2단계_부분_적응
29449,test,1,1,1단계_완전_소외
29450,test,1,1,1단계_완전_소외
29451,test,0,2,2단계_부분_적응
29452,test,0,2,2단계_부분_적응
29453,test,0,2,2단계_부분_적응
29454,test,1,1,1단계_완전_소외
29455,test,0,2,2단계_부분_적응
29456,test,0,2,2단계_부분_적응
29457,test,0,2,2단계_부분_적응
29458,test,2,3,3단계_자립_적응
29459,test,0,2,2단계_부분_적응
29460,test,2,3,3단계_자립_적응
29461,test,0,2,2단계_부분_적응
29462,test,2,3,3단계_자립_적응
29463,test,2,3,3단계_자립_적응
29464,test,1,1,1단계_완전_소외
29465,test,1,1,1단계_완전_소외
29466,test,0,2,2단계_부분_적응
29467,test,2,3,3단계_자립_적응
29468,test,1,1,1단계_완전_소외
29469,test,0,2,2단계_부분_적응
29470,test,1,1,1단계_완전_소외
29471,test,1,1,1단계_완전_소외
29472,test,0,2,2단계_부분_적응
29473,test,1,1,1단계_완전_소외
29474,test,2,3,3단계_자립_적응
29475,test,2,3,3단계_자립_적응
29476,test,2,3,3단계_자립_적응
29477,test,0,2,2단계_부분_적응
29478,test,0,2,2단계_부분_적응
29479,test,0,2,2단계_부분_적응
29480,test,2,3,3단계_자립_적응
29481,test,2,3,3단계_자립_적응
29482,test,0,2,2단계_부분_적응
29483,test,0,2,2단계_부분_적응
29484,test,0,2,2단계_부분_적응
29485,test,0,2,2단계_부분_적응
29486,test,1,1,1단계_완전_소외
29487,test,2,3,3단계_자립_적응
29488,test,1,1,1단계_완전_소외
29489,test,0,2,2단계_부분_적응
29490,test,1,1,1단계_완전_소외
29491,test,2,3,3단계_자립_적응
29492,test,0,2,2단계_부분_적응
29493,test,0,2,2단계_부분_적응
29494,test,0,2,2단계_부분_적응
29495,test,0,2,2단계_부분_적응
29496,test,1,1,1단계_완전_소외
29497,test,1,1,1단계_완전_소외
29498,test,1,1,1단계_완전_소외
29499,test,1,1,1단계_완전_소외
29500,test,1,1,1단계_완전_소외
29501,test,1,1,1단계_완전_소외
29502,test,1,1,1단계_완전_소외
29503,test,1,1,1단계_완전_소외
29504,test,1,1,1단계_완전_소외
29505,test,2,3,3단계_자립_적응
29506,test,2,3,3단계_자립_적응
29507,test,1,1,1단계_완전_소외
29508,test,2,3,3단계_자립_적응
29509,test,0,2,2단계_부분_적응
29510,test,2,3,3단계_자립_적응
29511,test,2,3,3단계_자립_적응
29512,test,1,1,1단계_완전_소외
29513,test,1,1,1단계_완전_소외
29514,test,1,1,1단계_완전_소외
29515,test,0,2,2단계_부분_적응
29516,test,1,1,1단계_완전_소외
29517,test,1,1,1단계_완전_소외
29518,test,2,3,3단계_자립_적응
29519,test,2,3,3단계_자립_적응
29520,test,0,2,2단계_부분_적응
29521,test,0,2,2단계_부분_적응
29522,test,0,2,2단계_부분_적응
29523,test,2,3,3단계_자립_적응
29524,test,1,1,1단계_완전_소외
29525,test,0,2,2단계_부분_적응
29526,test,0,2,2단계_부분_적응
29527,test,1,1,1단계_완전_소외
29528,test,0,2,2단계_부분_적응
29529,test,0,2,2단계_부분_적응
29530,test,2,3,3단계_자립_적응
29531,test,0,2,2단계_부분_적응
29532,test,0,2,2단계_부분_적응
29533,test,0,2,2단계_부분_적응
29534,test,0,2,2단계_부분_적응
29535,test,2,3,3단계_자립_적응
29536,test,2,3,3단계_자립_적응
29537,test,0,2,2단계_부분_적응
29538,test,0,2,2단계_부분_적응
29539,test,0,2,2단계_부분_적응
29540,test,0,2,2단계_부분_적응
29541,test,0,2,2단계_부분_적응
29542,test,1,1,1단계_완전_소외
29543,test,1,1,1단계_완전_소외
29544,test,2,3,3단계_자립_적응
29545,test,2,3,3단계_자립_적응
29546,test,1,1,1단계_완전_소외
29547,test,2,3,3단계_자립_적응
29548,test,1,1,1단계_완전_소외
29549,test,1,1,1단계_완전_소외
29550,test,2,3,3단계_자립_적응
29551,test,0,2,2단계_부분_적응
29552,test,1,1,1단계_완전_소외
29553,test,0,2,2단계_부분_적응
29554,test,0,2,2단계_부분_적응
29555,test,1,1,1단계_완전_소외
29556,test,1,1,1단계_완전_소외
29557,test,0,2,2단계_부분_적응
29558,test,2,3,3단계_자립_적응
29559,test,1,1,1단계_완전_소외
29560,test,2,3,3단계_자립_적응
29561,test,1,1,1단계_완전_소외
29562,test,0,2,2단계_부분_적응
29563,test,1,1,1단계_완전_소외
29564,test,1,1,1단계_완전_소외
29565,test,1,1,1단계_완전_소외
29566,test,1,1,1단계_완전_소외
29567,test,2,3,3단계_자립_적응
29568,test,0,2,2단계_부분_적응
29569,test,2,3,3단계_자립_적응
29570,test,1,1,1단계_완전_소외
29571,test,1,1,1단계_완전_소외
29572,test,0,2,2단계_부분_적응
29573,test,2,3,3단계_자립_적응
29574,test,0,2,2단계_부분_적응
29575,test,0,2,2단계_부분_적응
29576,test,1,1,1단계_완전_소외
29577,test,1,1,1단계_완전_소외
29578,test,2,3,3단계_자립_적응
29579,test,0,2,2단계_부분_적응
29580,test,0,2,2단계_부분_적응
29581,test,0,2,2단계_부분_적응
29582,test,1,1,1단계_완전_소외
29583,test,2,3,3단계_자립_적응
29584,test,0,2,2단계_부분_적응
29585,test,1,1,1단계_완전_소외
29586,test,0,2,2단계_부분_적응
29587,test,1,1,1단계_완전_소외
29588,test,1,1,1단계_완전_소외
29589,test,0,2,2단계_부분_적응
29590,test,1,1,1단계_완전_소외
29591,test,2,3,3단계_자립_적응
29592,test,0,2,2단계_부분_적응
29593,test,2,3,3단계_자립_적응
29594,test,2,3,3단계_자립_적응
29595,test,0,2,2단계_부분_적응
29596,test,1,1,1단계_완전_소외
29597,test,2,3,3단계_자립_적응
29598,test,1,1,1단계_완전_소외
29599,test,1,1,1단계_완전_소외
29600,test,2,3,3단계_자립_적응
29601,test,1,1,1단계_완전_소외
29602,test,0,2,2단계_부분_적응
29603,test,2,3,3단계_자립_적응
29604,test,1,1,1단계_완전_소외
29605,test,2,3,3단계_자립_적응
29606,test,1,1,1단계_완전_소외
29607,test,2,3,3단계_자립_적응
29608,test,0,2,2단계_부분_적응
29609,test,2,3,3단계_자립_적응
29610,test,0,2,2단계_부분_적응
29611,test,1,1,1단계_완전_소외
29612,test,1,1,1단계_완전_소외
29613,test,1,1,1단계_완전_소외
29614,test,2,3,3단계_자립_적응
29615,test,2,3,3단계_자립_적응
29616,test,1,1,1단계_완전_소외
29617,test,1,1,1단계_완전_소외
29618,test,0,2,2단계_부분_적응
29619,test,1,1,1단계_완전_소외
29620,test,0,2,2단계_부분_적응
29621,test,1,1,1단계_완전_소외
29622,test,0,2,2단계_부분_적응
29623,test,0,2,2단계_부분_적응
29624,test,1,1,1단계_완전_소외
29625,test,1,1,1단계_완전_소외
29626,test,1,1,1단계_완전_소외
29627,test,1,1,1단계_완전_소외
29628,test,0,2,2단계_부분_적응
29629,test,1,1,1단계_완전_소외
29630,test,0,2,2단계_부분_적응
29631,test,0,2,2단계_부분_적응
29632,test,0,2,2단계_부분_적응
29633,test,1,1,1단계_완전_소외
29634,test,1,1,1단계_완전_소외
29635,test,1,1,1단계_완전_소외
29636,test,0,2,2단계_부분_적응
29637,test,2,3,3단계_자립_적응
29638,test,1,1,1단계_완전_소외
29639,test,1,1,1단계_완전_소외
29640,test,0,2,2단계_부분_적응
29641,test,1,1,1단계_완전_소외
29642,test,0,2,2단계_부분_적응
29643,test,1,1,1단계_완전_소외
29644,test,2,3,3단계_자립_적응
29645,test,1,1,1단계_완전_소외
29646,test,2,3,3단계_자립_적응
29647,test,1,1,1단계_완전_소외
29648,test,0,2,2단계_부분_적응
29649,test,1,1,1단계_완전_소외
29650,test,2,3,3단계_자립_적응
29651,test,1,1,1단계_완전_소외
29652,test,2,3,3단계_자립_적응
29653,test,1,1,1단계_완전_소외
29654,test,1,1,1단계_완전_소외
29655,test,0,2,2단계_부분_적응
29656,test,1,1,1단계_완전_소외
29657,test,0,2,2단계_부분_적응
29658,test,1,1,1단계_완전_소외
29659,test,2,3,3단계_자립_적응
29660,test,1,1,1단계_완전_소외
29661,test,0,2,2단계_부분_적응
29662,test,0,2,2단계_부분_적응
29663,test,1,1,1단계_완전_소외
29664,test,0,2,2단계_부분_적응
29665,test,1,1,1단계_완전_소외
29666,test,1,1,1단계_완전_소외
29667,test,1,1,1단계_완전_소외
29668,test,0,2,2단계_부분_적응
29669,test,2,3,3단계_자립_적응
29670,test,1,1,1단계_완전_소외
29671,test,0,2,2단계_부분_적응
29672,test,1,1,1단계_완전_소외
29673,test,1,1,1단계_완전_소외
29674,test,1,1,1단계_완전_소외
29675,test,1,1,1단계_완전_소외
29676,test,1,1,1단계_완전_소외
29677,test,0,2,2단계_부분_적응
29678,test,2,3,3단계_자립_적응
29679,test,2,3,3단계_자립_적응
29680,test,2,3,3단계_자립_적응
29681,test,2,3,3단계_자립_적응
29682,test,1,1,1단계_완전_소외
29683,test,2,3,3단계_자립_적응
29684,test,0,2,2단계_부분_적응
29685,test,1,1,1단계_완전_소외
29686,test,1,1,1단계_완전_소외
29687,test,0,2,2단계_부분_적응
29688,test,0,2,2단계_부분_적응
29689,test,2,3,3단계_자립_적응
29690,test,0,2,2단계_부분_적응
29691,test,2,3,3단계_자립_적응
29692,test,1,1,1단계_완전_소외
29693,test,1,1,1단계_완전_소외
29694,test,0,2,2단계_부분_적응
29695,test,2,3,3단계_자립_적응
29696,test,1,1,1단계_완전_소외
29697,test,2,3,3단계_자립_적응
29698,test,0,2,2단계_부분_적응
29699,test,0,2,2단계_부분_적응
29700,test,1,1,1단계_완전_소외
29701,test,1,1,1단계_완전_소외
29702,test,2,3,3단계_자립_적응
29703,test,0,2,2단계_부분_적응
29704,test,0,2,2단계_부분_적응
29705,test,1,1,1단계_완전_소외
29706,test,2,3,3단계_자립_적응
29707,test,2,3,3단계_자립_적응
29708,test,0,2,2단계_부분_적응
29709,test,0,2,2단계_부분_적응
29710,test,0,2,2단계_부분_적응
29711,test,0,2,2단계_부분_적응
29712,test,2,3,3단계_자립_적응
29713,test,0,2,2단계_부분_적응
29714,test,1,1,1단계_완전_소외
29715,test,2,3,3단계_자립_적응
29716,test,2,3,3단계_자립_적응
29717,test,0,2,2단계_부분_적응
29718,test,1,1,1단계_완전_소외
29719,test,1,1,1단계_완전_소외
29720,test,1,1,1단계_완전_소외
29721,test,1,1,1단계_완전_소외
29722,test,0,2,2단계_부분_적응
29723,test,2,3,3단계_자립_적응
29724,test,1,1,1단계_완전_소외
29725,test,0,2,2단계_부분_적응
29726,test,0,2,2단계_부분_적응
29727,test,2,3,3단계_자립_적응
29728,test,2,3,3단계_자립_적응
29729,test,1,1,1단계_완전_소외
29730,test,2,3,3단계_자립_적응
29731,test,0,2,2단계_부분_적응
29732,test,1,1,1단계_완전_소외
29733,test,2,3,3단계_자립_적응
29734,test,2,3,3단계_자립_적응
29735,test,0,2,2단계_부분_적응
29736,test,2,3,3단계_자립_적응
29737,test,1,1,1단계_완전_소외
29738,test,0,2,2단계_부분_적응
29739,test,1,1,1단계_완전_소외
29740,test,1,1,1단계_완전_소외
29741,test,0,2,2단계_부분_적응
29742,test,0,2,2단계_부분_적응
29743,test,2,3,3단계_자립_적응
29744,test,1,1,1단계_완전_소외
29745,test,0,2,2단계_부분_적응
29746,test,0,2,2단계_부분_적응
29747,test,2,3,3단계_자립_적응
29748,test,0,2,2단계_부분_적응
29749,test,2,3,3단계_자립_적응
29750,test,0,2,2단계_부분_적응
29751,test,2,3,3단계_자립_적응
29752,test,2,3,3단계_자립_적응
29753,test,2,3,3단계_자립_적응
29754,test,1,1,1단계_완전_소외
29755,test,2,3,3단계_자립_적응
29756,test,1,1,1단계_완전_소외
29757,test,2,3,3단계_자립_적응
29758,test,1,1,1단계_완전_소외
29759,test,2,3,3단계_자립_적응
29760,test,0,2,2단계_부분_적응
29761,test,2,3,3단계_자립_적응
29762,test,0,2,2단계_부분_적응
29763,test,1,1,1단계_완전_소외
29764,test,0,2,2단계_부분_적응
29765,test,0,2,2단계_부분_적응
29766,test,2,3,3단계_자립_적응
29767,test,0,2,2단계_부분_적응
29768,test,0,2,2단계_부분_적응
29769,test,1,1,1단계_완전_소외
29770,test,2,3,3단계_자립_적응
29771,test,1,1,1단계_완전_소외
29772,test,0,2,2단계_부분_적응
29773,test,2,3,3단계_자립_적응
29774,test,0,2,2단계_부분_적응
29775,test,2,3,3단계_자립_적응
29776,test,2,3,3단계_자립_적응
29777,test,2,3,3단계_자립_적응
29778,test,0,2,2단계_부분_적응
29779,test,1,1,1단계_완전_소외
29780,test,2,3,3단계_자립_적응
29781,test,1,1,1단계_완전_소외
29782,test,0,2,2단계_부분_적응
29783,test,1,1,1단계_완전_소외
29784,test,2,3,3단계_자립_적응
29785,test,0,2,2단계_부분_적응
29786,test,1,1,1단계_완전_소외
29787,test,2,3,3단계_자립_적응
29788,test,0,2,2단계_부분_적응
29789,test,1,1,1단계_완전_소외
29790,test,0,2,2단계_부분_적응
29791,test,2,3,3단계_자립_적응
29792,test,0,2,2단계_부분_적응
29793,test,0,2,2단계_부분_적응
29794,test,2,3,3단계_자립_적응
29795,test,0,2,2단계_부분_적응
29796,test,2,3,3단계_자립_적응
29797,test,0,2,2단계_부분_적응
29798,test,2,3,3단계_자립_적응
29799,test,2,3,3단계_자립_적응
29800,test,1,1,1단계_완전_소외
29801,test,1,1,1단계_완전_소외
29802,test,0,2,2단계_부분_적응
29803,test,0,2,2단계_부분_적응
29804,test,1,1,1단계_완전_소외
29805,test,1,1,1단계_완전_소외
29806,test,0,2,2단계_부분_적응
29807,test,0,2,2단계_부분_적응
29808,test,0,2,2단계_부분_적응
29809,test,2,3,3단계_자립_적응
29810,test,1,1,1단계_완전_소외
29811,test,2,3,3단계_자립_적응
29812,test,2,3,3단계_자립_적응
29813,test,1,1,1단계_완전_소외
29814,test,1,1,1단계_완전_소외
29815,test,2,3,3단계_자립_적응
29816,test,1,1,1단계_완전_소외
29817,test,2,3,3단계_자립_적응
29818,test,0,2,2단계_부분_적응
29819,test,1,1,1단계_완전_소외
29820,test,0,2,2단계_부분_적응
29821,test,0,2,2단계_부분_적응
29822,test,1,1,1단계_완전_소외
29823,test,0,2,2단계_부분_적응
29824,test,2,3,3단계_자립_적응
29825,test,0,2,2단계_부분_적응
29826,test,1,1,1단계_완전_소외
29827,test,1,1,1단계_완전_소외
29828,test,0,2,2단계_부분_적응
29829,test,0,2,2단계_부분_적응
29830,test,2,3,3단계_자립_적응
29831,test,0,2,2단계_부분_적응
29832,test,1,1,1단계_완전_소외
29833,test,0,2,2단계_부분_적응
29834,test,2,3,3단계_자립_적응
29835,test,2,3,3단계_자립_적응
29836,test,0,2,2단계_부분_적응
29837,test,1,1,1단계_완전_소외
29838,test,1,1,1단계_완전_소외
29839,test,1,1,1단계_완전_소외
29840,test,2,3,3단계_자립_적응
29841,test,1,1,1단계_완전_소외
29842,test,1,1,1단계_완전_소외
29843,test,0,2,2단계_부분_적응
29844,test,0,2,2단계_부분_적응
29845,test,0,2,2단계_부분_적응
29846,test,0,2,2단계_부분_적응
29847,test,0,2,2단계_부분_적응
29848,test,2,3,3단계_자립_적응
29849,test,0,2,2단계_부분_적응
29850,test,0,2,2단계_부분_적응
29851,test,2,3,3단계_자립_적응
29852,test,2,3,3단계_자립_적응
29853,test,0,2,2단계_부분_적응
29854,test,2,3,3단계_자립_적응
29855,test,0,2,2단계_부분_적응
29856,test,2,3,3단계_자립_적응
29857,test,0,2,2단계_부분_적응
29858,test,0,2,2단계_부분_적응
29859,test,0,2,2단계_부분_적응
29860,test,0,2,2단계_부분_적응
29861,test,0,2,2단계_부분_적응
29862,test,0,2,2단계_부분_적응
29863,test,0,2,2단계_부분_적응
29864,test,1,1,1단계_완전_소외
29865,test,0,2,2단계_부분_적응
29866,test,1,1,1단계_완전_소외
29867,test,2,3,3단계_자립_적응
29868,test,2,3,3단계_자립_적응
29869,test,0,2,2단계_부분_적응
29870,test,2,3,3단계_자립_적응
29871,test,2,3,3단계_자립_적응
29872,test,0,2,2단계_부분_적응
29873,test,0,2,2단계_부분_적응
29874,test,0,2,2단계_부분_적응
29875,test,1,1,1단계_완전_소외
29876,test,0,2,2단계_부분_적응
29877,test,2,3,3단계_자립_적응
29878,test,0,2,2단계_부분_적응
29879,test,0,2,2단계_부분_적응
29880,test,0,2,2단계_부분_적응
29881,test,1,1,1단계_완전_소외
29882,test,1,1,1단계_완전_소외
29883,test,1,1,1단계_완전_소외
29884,test,1,1,1단계_완전_소외
29885,test,0,2,2단계_부분_적응
29886,test,1,1,1단계_완전_소외
29887,test,1,1,1단계_완전_소외
29888,test,2,3,3단계_자립_적응
29889,test,2,3,3단계_자립_적응
29890,test,1,1,1단계_완전_소외
29891,test,1,1,1단계_완전_소외
29892,test,2,3,3단계_자립_적응
29893,test,1,1,1단계_완전_소외
29894,test,0,2,2단계_부분_적응
29895,test,1,1,1단계_완전_소외
29896,test,0,2,2단계_부분_적응
29897,test,2,3,3단계_자립_적응
29898,test,1,1,1단계_완전_소외
29899,test,1,1,1단계_완전_소외
29900,test,2,3,3단계_자립_적응
29901,test,1,1,1단계_완전_소외
29902,test,1,1,1단계_완전_소외
29903,test,1,1,1단계_완전_소외
29904,test,2,3,3단계_자립_적응
29905,test,1,1,1단계_완전_소외
29906,test,2,3,3단계_자립_적응
29907,test,2,3,3단계_자립_적응
29908,test,0,2,2단계_부분_적응
29909,test,1,1,1단계_완전_소외
29910,test,2,3,3단계_자립_적응
29911,test,2,3,3단계_자립_적응
29912,test,0,2,2단계_부분_적응
29913,test,0,2,2단계_부분_적응
29914,test,2,3,3단계_자립_적응
29915,test,2,3,3단계_자립_적응
29916,test,1,1,1단계_완전_소외
29917,test,2,3,3단계_자립_적응
29918,test,2,3,3단계_자립_적응
29919,test,1,1,1단계_완전_소외
29920,test,2,3,3단계_자립_적응
29921,test,0,2,2단계_부분_적응
29922,test,0,2,2단계_부분_적응
29923,test,1,1,1단계_완전_소외
29924,test,0,2,2단계_부분_적응
29925,test,0,2,2단계_부분_적응
29926,test,0,2,2단계_부분_적응
29927,test,1,1,1단계_완전_소외
29928,test,0,2,2단계_부분_적응
29929,test,0,2,2단계_부분_적응
29930,test,1,1,1단계_완전_소외
29931,test,0,2,2단계_부분_적응
29932,test,0,2,2단계_부분_적응
29933,test,1,1,1단계_완전_소외
29934,test,2,3,3단계_자립_적응
29935,test,1,1,1단계_완전_소외
29936,test,1,1,1단계_완전_소외
29937,test,1,1,1단계_완전_소외
29938,test,2,3,3단계_자립_적응
29939,test,1,1,1단계_완전_소외
29940,test,0,2,2단계_부분_적응
29941,test,0,2,2단계_부분_적응
29942,test,2,3,3단계_자립_적응
29943,test,0,2,2단계_부분_적응
29944,test,2,3,3단계_자립_적응
29945,test,2,3,3단계_자립_적응
29946,test,0,2,2단계_부분_적응
29947,test,0,2,2단계_부분_적응
29948,test,0,2,2단계_부분_적응
29949,test,1,1,1단계_완전_소외
29950,test,0,2,2단계_부분_적응
29951,test,0,2,2단계_부분_적응
29952,test,2,3,3단계_자립_적응
29953,test,2,3,3단계_자립_적응
29954,test,0,2,2단계_부분_적응
29955,test,2,3,3단계_자립_적응
29956,test,1,1,1단계_완전_소외
29957,test,0,2,2단계_부분_적응
29958,test,2,3,3단계_자립_적응
29959,test,1,1,1단계_완전_소외
29960,test,1,1,1단계_완전_소외
29961,test,1,1,1단계_완전_소외
29962,test,0,2,2단계_부분_적응
29963,test,2,3,3단계_자립_적응
29964,test,0,2,2단계_부분_적응
29965,test,0,2,2단계_부분_적응
29966,test,1,1,1단계_완전_소외
29967,test,0,2,2단계_부분_적응
29968,test,2,3,3단계_자립_적응
29969,test,0,2,2단계_부분_적응
29970,test,0,2,2단계_부분_적응
29971,test,2,3,3단계_자립_적응
29972,test,1,1,1단계_완전_소외
29973,test,2,3,3단계_자립_적응
29974,test,2,3,3단계_자립_적응
29975,test,1,1,1단계_완전_소외
29976,test,0,2,2단계_부분_적응
29977,test,0,2,2단계_부분_적응
29978,test,0,2,2단계_부분_적응
29979,test,0,2,2단계_부분_적응
29980,test,2,3,3단계_자립_적응
29981,test,0,2,2단계_부분_적응
29982,test,0,2,2단계_부분_적응
29983,test,0,2,2단계_부분_적응
29984,test,1,1,1단계_완전_소외
29985,test,2,3,3단계_자립_적응
29986,test,1,1,1단계_완전_소외
29987,test,1,1,1단계_완전_소외
29988,test,0,2,2단계_부분_적응
29989,test,2,3,3단계_자립_적응
29990,test,1,1,1단계_완전_소외
29991,test,0,2,2단계_부분_적응
29992,test,2,3,3단계_자립_적응
29993,test,2,3,3단계_자립_적응
29994,test,0,2,2단계_부분_적응
29995,test,2,3,3단계_자립_적응
29996,test,1,1,1단계_완전_소외
29997,test,0,2,2단계_부분_적응
29998,test,2,3,3단계_자립_적응
29999,test,2,3,3단계_자립_적응
30000,test,0,2,2단계_부분_적응
30001,test,0,2,2단계_부분_적응
30002,test,1,1,1단계_완전_소외
30003,test,1,1,1단계_완전_소외
30004,test,0,2,2단계_부분_적응
30005,test,2,3,3단계_자립_적응
30006,test,2,3,3단계_자립_적응
30007,test,1,1,1단계_완전_소외
30008,test,1,1,1단계_완전_소외
30009,test,0,2,2단계_부분_적응
30010,test,0,2,2단계_부분_적응
30011,test,1,1,1단계_완전_소외
30012,test,1,1,1단계_완전_소외
30013,test,0,2,2단계_부분_적응
30014,test,1,1,1단계_완전_소외
30015,test,1,1,1단계_완전_소외
30016,test,1,1,1단계_완전_소외
30017,test,0,2,2단계_부분_적응
30018,test,1,1,1단계_완전_소외
30019,test,2,3,3단계_자립_적응
30020,test,1,1,1단계_완전_소외
30021,test,0,2,2단계_부분_적응
30022,test,2,3,3단계_자립_적응
30023,test,0,2,2단계_부분_적응
30024,test,1,1,1단계_완전_소외
30025,test,1,1,1단계_완전_소외
30026,test,1,1,1단계_완전_소외
30027,test,1,1,1단계_완전_소외
30028,test,2,3,3단계_자립_적응
30029,test,0,2,2단계_부분_적응
30030,test,1,1,1단계_완전_소외
30031,test,2,3,3단계_자립_적응
30032,test,1,1,1단계_완전_소외
30033,test,1,1,1단계_완전_소외
30034,test,1,1,1단계_완전_소외
30035,test,1,1,1단계_완전_소외
30036,test,0,2,2단계_부분_적응
30037,test,0,2,2단계_부분_적응
30038,test,1,1,1단계_완전_소외
30039,test,0,2,2단계_부분_적응
30040,test,2,3,3단계_자립_적응
30041,test,0,2,2단계_부분_적응
30042,test,1,1,1단계_완전_소외
30043,test,2,3,3단계_자립_적응
30044,test,0,2,2단계_부분_적응
30045,test,1,1,1단계_완전_소외
30046,test,1,1,1단계_완전_소외
30047,test,2,3,3단계_자립_적응
30048,test,0,2,2단계_부분_적응
30049,test,0,2,2단계_부분_적응
30050,test,2,3,3단계_자립_적응
30051,test,1,1,1단계_완전_소외
30052,test,1,1,1단계_완전_소외
30053,test,0,2,2단계_부분_적응
30054,test,2,3,3단계_자립_적응
30055,test,0,2,2단계_부분_적응
30056,test,2,3,3단계_자립_적응
30057,test,0,2,2단계_부분_적응
30058,test,2,3,3단계_자립_적응
30059,test,0,2,2단계_부분_적응
30060,test,0,2,2단계_부분_적응
30061,test,0,2,2단계_부분_적응
30062,test,0,2,2단계_부분_적응
30063,test,0,2,2단계_부분_적응
30064,test,2,3,3단계_자립_적응
30065,test,1,1,1단계_완전_소외
30066,test,1,1,1단계_완전_소외
30067,test,2,3,3단계_자립_적응
30068,test,2,3,3단계_자립_적응
30069,test,1,1,1단계_완전_소외
30070,test,1,1,1단계_완전_소외
30071,test,0,2,2단계_부분_적응
30072,test,0,2,2단계_부분_적응
30073,test,0,2,2단계_부분_적응
30074,test,0,2,2단계_부분_적응
30075,test,1,1,1단계_완전_소외
30076,test,1,1,1단계_완전_소외
30077,test,0,2,2단계_부분_적응
30078,test,2,3,3단계_자립_적응
30079,test,1,1,1단계_완전_소외
30080,test,1,1,1단계_완전_소외
30081,test,1,1,1단계_완전_소외
30082,test,1,1,1단계_완전_소외
30083,test,0,2,2단계_부분_적응
30084,test,1,1,1단계_완전_소외
30085,test,2,3,3단계_자립_적응
30086,test,0,2,2단계_부분_적응
30087,test,1,1,1단계_완전_소외
30088,test,1,1,1단계_완전_소외
30089,test,1,1,1단계_완전_소외
30090,test,1,1,1단계_완전_소외
30091,test,2,3,3단계_자립_적응
30092,test,0,2,2단계_부분_적응
30093,test,0,2,2단계_부분_적응
30094,test,1,1,1단계_완전_소외
30095,test,2,3,3단계_자립_적응
30096,test,0,2,2단계_부분_적응
30097,test,2,3,3단계_자립_적응
30098,test,0,2,2단계_부분_적응
30099,test,2,3,3단계_자립_적응
30100,test,1,1,1단계_완전_소외
30101,test,2,3,3단계_자립_적응
30102,test,0,2,2단계_부분_적응
30103,test,2,3,3단계_자립_적응
30104,test,0,2,2단계_부분_적응
30105,test,2,3,3단계_자립_적응
30106,test,1,1,1단계_완전_소외
30107,test,1,1,1단계_완전_소외
30108,test,2,3,3단계_자립_적응
30109,test,1,1,1단계_완전_소외
30110,test,2,3,3단계_자립_적응
30111,test,1,1,1단계_완전_소외
30112,test,2,3,3단계_자립_적응
30113,test,1,1,1단계_완전_소외
30114,test,2,3,3단계_자립_적응
30115,test,2,3,3단계_자립_적응
30116,test,0,2,2단계_부분_적응
30117,test,2,3,3단계_자립_적응
30118,test,0,2,2단계_부분_적응
30119,test,1,1,1단계_완전_소외
30120,test,0,2,2단계_부분_적응
30121,test,0,2,2단계_부분_적응
30122,test,0,2,2단계_부분_적응
30123,test,0,2,2단계_부분_적응
30124,test,1,1,1단계_완전_소외
30125,test,0,2,2단계_부분_적응
30126,test,1,1,1단계_완전_소외
30127,test,0,2,2단계_부분_적응
30128,test,1,1,1단계_완전_소외
30129,test,0,2,2단계_부분_적응
30130,test,1,1,1단계_완전_소외
30131,test,2,3,3단계_자립_적응
30132,test,1,1,1단계_완전_소외
30133,test,1,1,1단계_완전_소외
30134,test,1,1,1단계_완전_소외
30135,test,2,3,3단계_자립_적응
30136,test,1,1,1단계_완전_소외
30137,test,0,2,2단계_부분_적응
30138,test,2,3,3단계_자립_적응
30139,test,2,3,3단계_자립_적응
30140,test,1,1,1단계_완전_소외
30141,test,0,2,2단계_부분_적응
30142,test,0,2,2단계_부분_적응
30143,test,0,2,2단계_부분_적응
30144,test,1,1,1단계_완전_소외
30145,test,2,3,3단계_자립_적응
30146,test,2,3,3단계_자립_적응
30147,test,1,1,1단계_완전_소외
30148,test,2,3,3단계_자립_적응
30149,test,0,2,2단계_부분_적응
30150,test,1,1,1단계_완전_소외
30151,test,0,2,2단계_부분_적응
30152,test,1,1,1단계_완전_소외
30153,test,2,3,3단계_자립_적응
30154,test,2,3,3단계_자립_적응
30155,test,0,2,2단계_부분_적응
30156,test,0,2,2단계_부분_적응
30157,test,1,1,1단계_완전_소외
30158,test,2,3,3단계_자립_적응
30159,test,2,3,3단계_자립_적응
30160,test,1,1,1단계_완전_소외
30161,test,0,2,2단계_부분_적응
30162,test,2,3,3단계_자립_적응
30163,test,0,2,2단계_부분_적응
30164,test,0,2,2단계_부분_적응
30165,test,2,3,3단계_자립_적응
30166,test,1,1,1단계_완전_소외
30167,test,1,1,1단계_완전_소외
30168,test,2,3,3단계_자립_적응
30169,test,0,2,2단계_부분_적응
30170,test,2,3,3단계_자립_적응
30171,test,0,2,2단계_부분_적응
30172,test,1,1,1단계_완전_소외
30173,test,2,3,3단계_자립_적응
30174,test,1,1,1단계_완전_소외
30175,test,0,2,2단계_부분_적응
30176,test,0,2,2단계_부분_적응
30177,test,0,2,2단계_부분_적응
30178,test,0,2,2단계_부분_적응
30179,test,2,3,3단계_자립_적응
30180,test,2,3,3단계_자립_적응
30181,test,1,1,1단계_완전_소외
30182,test,1,1,1단계_완전_소외
30183,test,0,2,2단계_부분_적응
30184,test,2,3,3단계_자립_적응
30185,test,1,1,1단계_완전_소외
30186,test,0,2,2단계_부분_적응
30187,test,0,2,2단계_부분_적응
30188,test,1,1,1단계_완전_소외
30189,test,1,1,1단계_완전_소외
30190,test,0,2,2단계_부분_적응
30191,test,2,3,3단계_자립_적응
30192,test,2,3,3단계_자립_적응
30193,test,0,2,2단계_부분_적응
30194,test,0,2,2단계_부분_적응
30195,test,1,1,1단계_완전_소외
30196,test,0,2,2단계_부분_적응
30197,test,1,1,1단계_완전_소외
30198,test,0,2,2단계_부분_적응
30199,test,1,1,1단계_완전_소외
30200,test,1,1,1단계_완전_소외
30201,test,0,2,2단계_부분_적응
30202,test,2,3,3단계_자립_적응
30203,test,1,1,1단계_완전_소외
30204,test,1,1,1단계_완전_소외
30205,test,1,1,1단계_완전_소외
30206,test,1,1,1단계_완전_소외
30207,test,1,1,1단계_완전_소외
30208,test,0,2,2단계_부분_적응
30209,test,2,3,3단계_자립_적응
30210,test,2,3,3단계_자립_적응
30211,test,2,3,3단계_자립_적응
30212,test,0,2,2단계_부분_적응
30213,test,0,2,2단계_부분_적응
30214,test,0,2,2단계_부분_적응
30215,test,1,1,1단계_완전_소외
30216,test,1,1,1단계_완전_소외
30217,test,2,3,3단계_자립_적응
30218,test,2,3,3단계_자립_적응
30219,test,0,2,2단계_부분_적응
30220,test,1,1,1단계_완전_소외
30221,test,0,2,2단계_부분_적응
30222,test,0,2,2단계_부분_적응
30223,test,0,2,2단계_부분_적응
30224,test,1,1,1단계_완전_소외
30225,test,0,2,2단계_부분_적응
30226,test,1,1,1단계_완전_소외
30227,test,2,3,3단계_자립_적응
30228,test,2,3,3단계_자립_적응
30229,test,1,1,1단계_완전_소외
30230,test,1,1,1단계_완전_소외
30231,test,1,1,1단계_완전_소외
30232,test,2,3,3단계_자립_적응
30233,test,0,2,2단계_부분_적응
30234,test,2,3,3단계_자립_적응
30235,test,1,1,1단계_완전_소외
30236,test,2,3,3단계_자립_적응
30237,test,0,2,2단계_부분_적응
30238,test,2,3,3단계_자립_적응
30239,test,2,3,3단계_자립_적응
30240,test,0,2,2단계_부분_적응
30241,test,2,3,3단계_자립_적응
30242,test,0,2,2단계_부분_적응
30243,test,2,3,3단계_자립_적응
30244,test,1,1,1단계_완전_소외
30245,test,1,1,1단계_완전_소외
30246,test,1,1,1단계_완전_소외
30247,test,1,1,1단계_완전_소외
30248,test,1,1,1단계_완전_소외
30249,test,0,2,2단계_부분_적응
30250,test,2,3,3단계_자립_적응
30251,test,0,2,2단계_부분_적응
30252,test,1,1,1단계_완전_소외
30253,test,0,2,2단계_부분_적응
30254,test,0,2,2단계_부분_적응
30255,test,1,1,1단계_완전_소외
30256,test,1,1,1단계_완전_소외
30257,test,0,2,2단계_부분_적응
30258,test,1,1,1단계_완전_소외
30259,test,0,2,2단계_부분_적응
30260,test,2,3,3단계_자립_적응
30261,test,1,1,1단계_완전_소외
30262,test,2,3,3단계_자립_적응
30263,test,0,2,2단계_부분_적응
30264,test,0,2,2단계_부분_적응
30265,test,1,1,1단계_완전_소외
30266,test,0,2,2단계_부분_적응
30267,test,0,2,2단계_부분_적응
30268,test,1,1,1단계_완전_소외
30269,test,1,1,1단계_완전_소외
30270,test,2,3,3단계_자립_적응
30271,test,2,3,3단계_자립_적응
30272,test,1,1,1단계_완전_소외
30273,test,1,1,1단계_완전_소외
30274,test,2,3,3단계_자립_적응
30275,test,2,3,3단계_자립_적응
30276,test,1,1,1단계_완전_소외
30277,test,0,2,2단계_부분_적응
30278,test,1,1,1단계_완전_소외
30279,test,0,2,2단계_부분_적응
30280,test,0,2,2단계_부분_적응
30281,test,1,1,1단계_완전_소외
30282,test,2,3,3단계_자립_적응
30283,test,1,1,1단계_완전_소외
30284,test,0,2,2단계_부분_적응
30285,test,2,3,3단계_자립_적응
30286,test,1,1,1단계_완전_소외
30287,test,0,2,2단계_부분_적응
30288,test,0,2,2단계_부분_적응
30289,test,1,1,1단계_완전_소외
30290,test,1,1,1단계_완전_소외
30291,test,1,1,1단계_완전_소외
30292,test,1,1,1단계_완전_소외
30293,test,1,1,1단계_완전_소외
30294,test,0,2,2단계_부분_적응
30295,test,0,2,2단계_부분_적응
30296,test,1,1,1단계_완전_소외
30297,test,1,1,1단계_완전_소외
30298,test,0,2,2단계_부분_적응
30299,test,0,2,2단계_부분_적응
30300,test,1,1,1단계_완전_소외
30301,test,0,2,2단계_부분_적응
30302,test,0,2,2단계_부분_적응
30303,test,0,2,2단계_부분_적응
30304,test,1,1,1단계_완전_소외
30305,test,2,3,3단계_자립_적응
30306,test,2,3,3단계_자립_적응
30307,test,2,3,3단계_자립_적응
30308,test,1,1,1단계_완전_소외
30309,test,0,2,2단계_부분_적응
30310,test,0,2,2단계_부분_적응
30311,test,1,1,1단계_완전_소외
30312,test,0,2,2단계_부분_적응
30313,test,1,1,1단계_완전_소외
30314,test,2,3,3단계_자립_적응
30315,test,0,2,2단계_부분_적응
30316,test,2,3,3단계_자립_적응
30317,test,1,1,1단계_완전_소외
30318,test,0,2,2단계_부분_적응
30319,test,1,1,1단계_완전_소외
30320,test,1,1,1단계_완전_소외
30321,test,1,1,1단계_완전_소외
30322,test,0,2,2단계_부분_적응
30323,test,1,1,1단계_완전_소외
30324,test,0,2,2단계_부분_적응
30325,test,0,2,2단계_부분_적응
30326,test,0,2,2단계_부분_적응
30327,test,0,2,2단계_부분_적응
30328,test,0,2,2단계_부분_적응
30329,test,1,1,1단계_완전_소외
30330,test,1,1,1단계_완전_소외
30331,test,0,2,2단계_부분_적응
30332,test,0,2,2단계_부분_적응
30333,test,0,2,2단계_부분_적응
30334,test,1,1,1단계_완전_소외
30335,test,0,2,2단계_부분_적응
30336,test,1,1,1단계_완전_소외
30337,test,0,2,2단계_부분_적응
30338,test,1,1,1단계_완전_소외
30339,test,1,1,1단계_완전_소외
30340,test,0,2,2단계_부분_적응
30341,test,1,1,1단계_완전_소외
30342,test,1,1,1단계_완전_소외
30343,test,1,1,1단계_완전_소외
30344,test,0,2,2단계_부분_적응
30345,test,2,3,3단계_자립_적응
30346,test,1,1,1단계_완전_소외
30347,test,0,2,2단계_부분_적응
30348,test,1,1,1단계_완전_소외
30349,test,0,2,2단계_부분_적응
30350,test,0,2,2단계_부분_적응
30351,test,1,1,1단계_완전_소외
30352,test,1,1,1단계_완전_소외
30353,test,1,1,1단계_완전_소외
30354,test,0,2,2단계_부분_적응
30355,test,1,1,1단계_완전_소외
30356,test,2,3,3단계_자립_적응
30357,test,0,2,2단계_부분_적응
30358,test,0,2,2단계_부분_적응
30359,test,1,1,1단계_완전_소외
30360,test,0,2,2단계_부분_적응
30361,test,2,3,3단계_자립_적응
30362,test,0,2,2단계_부분_적응
30363,test,1,1,1단계_완전_소외
30364,test,0,2,2단계_부분_적응
30365,test,0,2,2단계_부분_적응
30366,test,0,2,2단계_부분_적응
30367,test,1,1,1단계_완전_소외
30368,test,0,2,2단계_부분_적응
30369,test,1,1,1단계_완전_소외
30370,test,0,2,2단계_부분_적응
30371,test,1,1,1단계_완전_소외
30372,test,0,2,2단계_부분_적응
30373,test,2,3,3단계_자립_적응
30374,test,2,3,3단계_자립_적응
30375,test,2,3,3단계_자립_적응
30376,test,1,1,1단계_완전_소외
30377,test,0,2,2단계_부분_적응
30378,test,1,1,1단계_완전_소외
30379,test,2,3,3단계_자립_적응
30380,test,0,2,2단계_부분_적응
30381,test,1,1,1단계_완전_소외
30382,test,1,1,1단계_완전_소외
30383,test,2,3,3단계_자립_적응
30384,test,0,2,2단계_부분_적응
30385,test,0,2,2단계_부분_적응
30386,test,1,1,1단계_완전_소외
30387,test,0,2,2단계_부분_적응
30388,test,1,1,1단계_완전_소외
30389,test,0,2,2단계_부분_적응
30390,test,2,3,3단계_자립_적응
30391,test,0,2,2단계_부분_적응
30392,test,1,1,1단계_완전_소외
30393,test,2,3,3단계_자립_적응
30394,test,1,1,1단계_완전_소외
30395,test,0,2,2단계_부분_적응
30396,test,2,3,3단계_자립_적응
30397,test,1,1,1단계_완전_소외
30398,test,1,1,1단계_완전_소외
30399,test,1,1,1단계_완전_소외
30400,test,0,2,2단계_부분_적응
30401,test,1,1,1단계_완전_소외
30402,test,0,2,2단계_부분_적응
30403,test,1,1,1단계_완전_소외
30404,test,1,1,1단계_완전_소외
30405,test,0,2,2단계_부분_적응
30406,test,0,2,2단계_부분_적응
30407,test,0,2,2단계_부분_적응
30408,test,1,1,1단계_완전_소외
30409,test,1,1,1단계_완전_소외
30410,test,0,2,2단계_부분_적응
30411,test,1,1,1단계_완전_소외
30412,test,2,3,3단계_자립_적응
30413,test,2,3,3단계_자립_적응
30414,test,2,3,3단계_자립_적응
30415,test,0,2,2단계_부분_적응
30416,test,1,1,1단계_완전_소외
30417,test,1,1,1단계_완전_소외
30418,test,0,2,2단계_부분_적응
30419,test,0,2,2단계_부분_적응
30420,test,0,2,2단계_부분_적응
30421,test,1,1,1단계_완전_소외
30422,test,1,1,1단계_완전_소외
30423,test,2,3,3단계_자립_적응
30424,test,2,3,3단계_자립_적응
30425,test,0,2,2단계_부분_적응
30426,test,0,2,2단계_부분_적응
30427,test,1,1,1단계_완전_소외
30428,test,1,1,1단계_완전_소외
30429,test,1,1,1단계_완전_소외
30430,test,2,3,3단계_자립_적응
30431,test,1,1,1단계_완전_소외
30432,test,1,1,1단계_완전_소외
30433,test,2,3,3단계_자립_적응
30434,test,0,2,2단계_부분_적응
30435,test,2,3,3단계_자립_적응
30436,test,0,2,2단계_부분_적응
30437,test,0,2,2단계_부분_적응
30438,test,2,3,3단계_자립_적응
30439,test,2,3,3단계_자립_적응
30440,test,1,1,1단계_완전_소외
30441,test,1,1,1단계_완전_소외
30442,test,2,3,3단계_자립_적응
30443,test,1,1,1단계_완전_소외
30444,test,0,2,2단계_부분_적응
30445,test,0,2,2단계_부분_적응
30446,test,0,2,2단계_부분_적응
30447,test,2,3,3단계_자립_적응
30448,test,0,2,2단계_부분_적응
30449,test,0,2,2단계_부분_적응
30450,test,0,2,2단계_부분_적응
30451,test,1,1,1단계_완전_소외
30452,test,2,3,3단계_자립_적응
30453,test,0,2,2단계_부분_적응
30454,test,1,1,1단계_완전_소외
30455,test,1,1,1단계_완전_소외
30456,test,2,3,3단계_자립_적응
30457,test,0,2,2단계_부분_적응
30458,test,1,1,1단계_완전_소외
30459,test,2,3,3단계_자립_적응
30460,test,2,3,3단계_자립_적응
30461,test,1,1,1단계_완전_소외
30462,test,1,1,1단계_완전_소외
30463,test,0,2,2단계_부분_적응
30464,test,1,1,1단계_완전_소외
30465,test,2,3,3단계_자립_적응
30466,test,0,2,2단계_부분_적응
30467,test,1,1,1단계_완전_소외
30468,test,0,2,2단계_부분_적응
30469,test,2,3,3단계_자립_적응
30470,test,2,3,3단계_자립_적응
30471,test,1,1,1단계_완전_소외
30472,test,2,3,3단계_자립_적응
30473,test,1,1,1단계_완전_소외
30474,test,2,3,3단계_자립_적응
30475,test,2,3,3단계_자립_적응
30476,test,0,2,2단계_부분_적응
30477,test,1,1,1단계_완전_소외
30478,test,1,1,1단계_완전_소외
30479,test,0,2,2단계_부분_적응
30480,test,0,2,2단계_부분_적응
30481,test,0,2,2단계_부분_적응
30482,test,0,2,2단계_부분_적응
30483,test,1,1,1단계_완전_소외
30484,test,0,2,2단계_부분_적응
30485,test,1,1,1단계_완전_소외
30486,test,0,2,2단계_부분_적응
30487,test,1,1,1단계_완전_소외
30488,test,0,2,2단계_부분_적응
30489,test,0,2,2단계_부분_적응
30490,test,0,2,2단계_부분_적응
30491,test,1,1,1단계_완전_소외
30492,test,0,2,2단계_부분_적응
30493,test,0,2,2단계_부분_적응
30494,test,2,3,3단계_자립_적응
30495,test,1,1,1단계_완전_소외
30496,test,2,3,3단계_자립_적응
30497,test,1,1,1단계_완전_소외
30498,test,2,3,3단계_자립_적응
30499,test,1,1,1단계_완전_소외
30500,test,0,2,2단계_부분_적응
30501,test,1,1,1단계_완전_소외
30502,test,0,2,2단계_부분_적응
30503,test,1,1,1단계_완전_소외
30504,test,1,1,1단계_완전_소외
30505,test,1,1,1단계_완전_소외
30506,test,0,2,2단계_부분_적응
30507,test,1,1,1단계_완전_소외
30508,test,0,2,2단계_부분_적응
30509,test,1,1,1단계_완전_소외
30510,test,1,1,1단계_완전_소외
30511,test,1,1,1단계_완전_소외
30512,test,1,1,1단계_완전_소외
30513,test,0,2,2단계_부분_적응
30514,test,1,1,1단계_완전_소외
30515,test,2,3,3단계_자립_적응
30516,test,1,1,1단계_완전_소외
30517,test,2,3,3단계_자립_적응
30518,test,2,3,3단계_자립_적응
30519,test,0,2,2단계_부분_적응
30520,test,0,2,2단계_부분_적응
30521,test,0,2,2단계_부분_적응
30522,test,2,3,3단계_자립_적응
30523,test,2,3,3단계_자립_적응
30524,test,2,3,3단계_자립_적응
30525,test,2,3,3단계_자립_적응
30526,test,0,2,2단계_부분_적응
30527,test,0,2,2단계_부분_적응
30528,test,2,3,3단계_자립_적응
30529,test,2,3,3단계_자립_적응
30530,test,0,2,2단계_부분_적응
30531,test,1,1,1단계_완전_소외
30532,test,1,1,1단계_완전_소외
30533,test,1,1,1단계_완전_소외
30534,test,0,2,2단계_부분_적응
30535,test,2,3,3단계_자립_적응
30536,test,1,1,1단계_완전_소외
30537,test,0,2,2단계_부분_적응
30538,test,0,2,2단계_부분_적응
30539,test,0,2,2단계_부분_적응
30540,test,2,3,3단계_자립_적응
30541,test,1,1,1단계_완전_소외
30542,test,0,2,2단계_부분_적응
30543,test,0,2,2단계_부분_적응
30544,test,0,2,2단계_부분_적응
30545,test,2,3,3단계_자립_적응
30546,test,2,3,3단계_자립_적응
30547,test,1,1,1단계_완전_소외
30548,test,2,3,3단계_자립_적응
30549,test,0,2,2단계_부분_적응
30550,test,0,2,2단계_부분_적응
30551,test,2,3,3단계_자립_적응
30552,test,1,1,1단계_완전_소외
30553,test,2,3,3단계_자립_적응
30554,test,2,3,3단계_자립_적응
30555,test,2,3,3단계_자립_적응
30556,test,1,1,1단계_완전_소외
30557,test,2,3,3단계_자립_적응
30558,test,1,1,1단계_완전_소외
30559,test,2,3,3단계_자립_적응
30560,test,0,2,2단계_부분_적응
30561,test,2,3,3단계_자립_적응
30562,test,2,3,3단계_자립_적응
30563,test,2,3,3단계_자립_적응
30564,test,0,2,2단계_부분_적응
30565,test,1,1,1단계_완전_소외
30566,test,1,1,1단계_완전_소외
30567,test,1,1,1단계_완전_소외
30568,test,0,2,2단계_부분_적응
30569,test,1,1,1단계_완전_소외
30570,test,0,2,2단계_부분_적응
30571,test,1,1,1단계_완전_소외
30572,test,2,3,3단계_자립_적응
30573,test,0,2,2단계_부분_적응
30574,test,0,2,2단계_부분_적응
30575,test,1,1,1단계_완전_소외
30576,test,0,2,2단계_부분_적응
30577,test,2,3,3단계_자립_적응
30578,test,1,1,1단계_완전_소외
30579,test,0,2,2단계_부분_적응
30580,test,1,1,1단계_완전_소외
30581,test,1,1,1단계_완전_소외
30582,test,0,2,2단계_부분_적응
30583,test,0,2,2단계_부분_적응
30584,test,0,2,2단계_부분_적응
30585,test,0,2,2단계_부분_적응
30586,test,1,1,1단계_완전_소외
30587,test,1,1,1단계_완전_소외
30588,test,1,1,1단계_완전_소외
30589,test,1,1,1단계_완전_소외
30590,test,2,3,3단계_자립_적응
30591,test,1,1,1단계_완전_소외
30592,test,2,3,3단계_자립_적응
30593,test,1,1,1단계_완전_소외
30594,test,0,2,2단계_부분_적응
30595,test,0,2,2단계_부분_적응
30596,test,2,3,3단계_자립_적응
30597,test,1,1,1단계_완전_소외
30598,test,0,2,2단계_부분_적응
30599,test,1,1,1단계_완전_소외
30600,test,0,2,2단계_부분_적응
30601,test,0,2,2단계_부분_적응
30602,test,0,2,2단계_부분_적응
30603,test,0,2,2단계_부분_적응
30604,test,1,1,1단계_완전_소외
30605,test,0,2,2단계_부분_적응
30606,test,2,3,3단계_자립_적응
30607,test,0,2,2단계_부분_적응
30608,test,1,1,1단계_완전_소외
30609,test,0,2,2단계_부분_적응
30610,test,0,2,2단계_부분_적응
30611,test,1,1,1단계_완전_소외
30612,test,0,2,2단계_부분_적응
30613,test,1,1,1단계_완전_소외
30614,test,2,3,3단계_자립_적응
30615,test,2,3,3단계_자립_적응
30616,test,2,3,3단계_자립_적응
30617,test,0,2,2단계_부분_적응
30618,test,0,2,2단계_부분_적응
30619,test,1,1,1단계_완전_소외
30620,test,0,2,2단계_부분_적응
30621,test,2,3,3단계_자립_적응
30622,test,1,1,1단계_완전_소외
30623,test,0,2,2단계_부분_적응
30624,test,1,1,1단계_완전_소외
30625,test,0,2,2단계_부분_적응
30626,test,1,1,1단계_완전_소외
30627,test,1,1,1단계_완전_소외
30628,test,0,2,2단계_부분_적응
30629,test,0,2,2단계_부분_적응
30630,test,0,2,2단계_부분_적응
30631,test,1,1,1단계_완전_소외
30632,test,2,3,3단계_자립_적응
30633,test,1,1,1단계_완전_소외
30634,test,1,1,1단계_완전_소외
30635,test,2,3,3단계_자립_적응
30636,test,1,1,1단계_완전_소외
30637,test,2,3,3단계_자립_적응
30638,test,2,3,3단계_자립_적응
30639,test,0,2,2단계_부분_적응
30640,test,0,2,2단계_부분_적응
30641,test,0,2,2단계_부분_적응
30642,test,0,2,2단계_부분_적응
30643,test,2,3,3단계_자립_적응
30644,test,0,2,2단계_부분_적응
30645,test,1,1,1단계_완전_소외
30646,test,2,3,3단계_자립_적응
30647,test,2,3,3단계_자립_적응
30648,test,0,2,2단계_부분_적응
30649,test,0,2,2단계_부분_적응
30650,test,2,3,3단계_자립_적응
30651,test,0,2,2단계_부분_적응
30652,test,2,3,3단계_자립_적응
30653,test,0,2,2단계_부분_적응
30654,test,0,2,2단계_부분_적응
30655,test,2,3,3단계_자립_적응
30656,test,1,1,1단계_완전_소외
30657,test,2,3,3단계_자립_적응
30658,test,1,1,1단계_완전_소외
30659,test,2,3,3단계_자립_적응
30660,test,1,1,1단계_완전_소외
30661,test,1,1,1단계_완전_소외
30662,test,1,1,1단계_완전_소외
30663,test,2,3,3단계_자립_적응
30664,test,0,2,2단계_부분_적응
30665,test,0,2,2단계_부분_적응
30666,test,2,3,3단계_자립_적응
30667,test,2,3,3단계_자립_적응
30668,test,2,3,3단계_자립_적응
30669,test,1,1,1단계_완전_소외
30670,test,1,1,1단계_완전_소외
30671,test,2,3,3단계_자립_적응
30672,test,1,1,1단계_완전_소외
30673,test,0,2,2단계_부분_적응
30674,test,1,1,1단계_완전_소외
30675,test,0,2,2단계_부분_적응
30676,test,2,3,3단계_자립_적응
30677,test,1,1,1단계_완전_소외
30678,test,1,1,1단계_완전_소외
30679,test,1,1,1단계_완전_소외
30680,test,2,3,3단계_자립_적응
30681,test,0,2,2단계_부분_적응
30682,test,0,2,2단계_부분_적응
30683,test,1,1,1단계_완전_소외
30684,test,2,3,3단계_자립_적응
30685,test,0,2,2단계_부분_적응
30686,test,2,3,3단계_자립_적응
30687,test,1,1,1단계_완전_소외
30688,test,1,1,1단계_완전_소외
30689,test,1,1,1단계_완전_소외
30690,test,2,3,3단계_자립_적응
30691,test,1,1,1단계_완전_소외
30692,test,2,3,3단계_자립_적응
30693,test,2,3,3단계_자립_적응
30694,test,2,3,3단계_자립_적응
30695,test,1,1,1단계_완전_소외
30696,test,2,3,3단계_자립_적응
30697,test,0,2,2단계_부분_적응
30698,test,1,1,1단계_완전_소외
30699,test,0,2,2단계_부분_적응
30700,test,0,2,2단계_부분_적응
30701,test,1,1,1단계_완전_소외
30702,test,1,1,1단계_완전_소외
30703,test,0,2,2단계_부분_적응
30704,test,0,2,2단계_부분_적응
30705,test,0,2,2단계_부분_적응
30706,test,0,2,2단계_부분_적응
30707,test,2,3,3단계_자립_적응
30708,test,0,2,2단계_부분_적응
30709,test,1,1,1단계_완전_소외
30710,test,1,1,1단계_완전_소외
30711,test,0,2,2단계_부분_적응
30712,test,1,1,1단계_완전_소외
30713,test,2,3,3단계_자립_적응
30714,test,0,2,2단계_부분_적응
30715,test,1,1,1단계_완전_소외
30716,test,2,3,3단계_자립_적응
30717,test,0,2,2단계_부분_적응
30718,test,2,3,3단계_자립_적응
30719,test,1,1,1단계_완전_소외
30720,test,0,2,2단계_부분_적응
30721,test,0,2,2단계_부분_적응
30722,test,0,2,2단계_부분_적응
30723,test,0,2,2단계_부분_적응
30724,test,0,2,2단계_부분_적응
30725,test,0,2,2단계_부분_적응
30726,test,2,3,3단계_자립_적응
30727,test,0,2,2단계_부분_적응
30728,test,0,2,2단계_부분_적응
30729,test,2,3,3단계_자립_적응
30730,test,0,2,2단계_부분_적응
30731,test,2,3,3단계_자립_적응
30732,test,0,2,2단계_부분_적응
30733,test,1,1,1단계_완전_소외
30734,test,1,1,1단계_완전_소외
30735,test,2,3,3단계_자립_적응
30736,test,2,3,3단계_자립_적응
30737,test,0,2,2단계_부분_적응
30738,test,2,3,3단계_자립_적응
30739,test,1,1,1단계_완전_소외
30740,test,2,3,3단계_자립_적응
30741,test,1,1,1단계_완전_소외
30742,test,1,1,1단계_완전_소외
30743,test,1,1,1단계_완전_소외
30744,test,2,3,3단계_자립_적응
30745,test,0,2,2단계_부분_적응
30746,test,0,2,2단계_부분_적응
30747,test,1,1,1단계_완전_소외
30748,test,0,2,2단계_부분_적응
30749,test,2,3,3단계_자립_적응
30750,test,2,3,3단계_자립_적응
30751,test,1,1,1단계_완전_소외
30752,test,2,3,3단계_자립_적응
30753,test,0,2,2단계_부분_적응
30754,test,2,3,3단계_자립_적응
30755,test,0,2,2단계_부분_적응
30756,test,0,2,2단계_부분_적응
30757,test,0,2,2단계_부분_적응
30758,test,1,1,1단계_완전_소외
30759,test,1,1,1단계_완전_소외
30760,test,2,3,3단계_자립_적응
30761,test,0,2,2단계_부분_적응
30762,test,2,3,3단계_자립_적응
30763,test,0,2,2단계_부분_적응
30764,test,0,2,2단계_부분_적응
30765,test,2,3,3단계_자립_적응
30766,test,0,2,2단계_부분_적응
30767,test,2,3,3단계_자립_적응
30768,test,2,3,3단계_자립_적응
30769,test,2,3,3단계_자립_적응
30770,test,2,3,3단계_자립_적응
30771,test,2,3,3단계_자립_적응
30772,test,2,3,3단계_자립_적응
30773,test,1,1,1단계_완전_소외
30774,test,0,2,2단계_부분_적응
30775,test,1,1,1단계_완전_소외
30776,test,1,1,1단계_완전_소외
30777,test,2,3,3단계_자립_적응
30778,test,1,1,1단계_완전_소외
30779,test,2,3,3단계_자립_적응
30780,test,0,2,2단계_부분_적응
30781,test,0,2,2단계_부분_적응
30782,test,1,1,1단계_완전_소외
30783,test,1,1,1단계_완전_소외
30784,test,0,2,2단계_부분_적응
30785,test,2,3,3단계_자립_적응
30786,test,1,1,1단계_완전_소외
30787,test,0,2,2단계_부분_적응
30788,test,2,3,3단계_자립_적응
30789,test,0,2,2단계_부분_적응
30790,test,1,1,1단계_완전_소외
30791,test,0,2,2단계_부분_적응
30792,test,2,3,3단계_자립_적응
30793,test,0,2,2단계_부분_적응
30794,test,0,2,2단계_부분_적응
30795,test,2,3,3단계_자립_적응
30796,test,0,2,2단계_부분_적응
30797,test,0,2,2단계_부분_적응
30798,test,0,2,2단계_부분_적응
30799,test,1,1,1단계_완전_소외
30800,test,2,3,3단계_자립_적응
30801,test,0,2,2단계_부분_적응
30802,test,2,3,3단계_자립_적응
30803,test,0,2,2단계_부분_적응
30804,test,0,2,2단계_부분_적응
30805,test,1,1,1단계_완전_소외
30806,test,2,3,3단계_자립_적응
30807,test,1,1,1단계_완전_소외
30808,test,2,3,3단계_자립_적응
30809,test,1,1,1단계_완전_소외
30810,test,1,1,1단계_완전_소외
30811,test,0,2,2단계_부분_적응
30812,test,2,3,3단계_자립_적응
30813,test,1,1,1단계_완전_소외
30814,test,0,2,2단계_부분_적응
30815,test,0,2,2단계_부분_적응
30816,test,1,1,1단계_완전_소외
30817,test,0,2,2단계_부분_적응
30818,test,0,2,2단계_부분_적응
30819,test,1,1,1단계_완전_소외
30820,test,2,3,3단계_자립_적응
30821,test,0,2,2단계_부분_적응
30822,test,2,3,3단계_자립_적응
30823,test,0,2,2단계_부분_적응
30824,test,1,1,1단계_완전_소외
30825,test,0,2,2단계_부분_적응
30826,test,2,3,3단계_자립_적응
30827,test,0,2,2단계_부분_적응
30828,test,2,3,3단계_자립_적응
30829,test,0,2,2단계_부분_적응
30830,test,2,3,3단계_자립_적응
30831,test,1,1,1단계_완전_소외
30832,test,0,2,2단계_부분_적응
30833,test,2,3,3단계_자립_적응
30834,test,0,2,2단계_부분_적응
30835,test,2,3,3단계_자립_적응
30836,test,1,1,1단계_완전_소외
30837,test,0,2,2단계_부분_적응
30838,test,2,3,3단계_자립_적응
30839,test,0,2,2단계_부분_적응
30840,test,2,3,3단계_자립_적응
30841,test,0,2,2단계_부분_적응
30842,test,1,1,1단계_완전_소외
30843,test,0,2,2단계_부분_적응
30844,test,0,2,2단계_부분_적응
30845,test,0,2,2단계_부분_적응
30846,test,2,3,3단계_자립_적응
30847,test,2,3,3단계_자립_적응
30848,test,1,1,1단계_완전_소외
30849,test,0,2,2단계_부분_적응
30850,test,0,2,2단계_부분_적응
30851,test,2,3,3단계_자립_적응
30852,test,0,2,2단계_부분_적응
30853,test,0,2,2단계_부분_적응
30854,test,0,2,2단계_부분_적응
30855,test,1,1,1단계_완전_소외
30856,test,1,1,1단계_완전_소외
30857,test,0,2,2단계_부분_적응
30858,test,0,2,2단계_부분_적응
30859,test,1,1,1단계_완전_소외
30860,test,0,2,2단계_부분_적응
30861,test,2,3,3단계_자립_적응
30862,test,1,1,1단계_완전_소외
30863,test,0,2,2단계_부분_적응
30864,test,1,1,1단계_완전_소외
30865,test,0,2,2단계_부분_적응
30866,test,2,3,3단계_자립_적응
30867,test,0,2,2단계_부분_적응
30868,test,0,2,2단계_부분_적응
30869,test,0,2,2단계_부분_적응
30870,test,0,2,2단계_부분_적응
30871,test,0,2,2단계_부분_적응
30872,test,0,2,2단계_부분_적응
30873,test,0,2,2단계_부분_적응
30874,test,2,3,3단계_자립_적응
30875,test,1,1,1단계_완전_소외
30876,test,0,2,2단계_부분_적응
30877,test,1,1,1단계_완전_소외
30878,test,2,3,3단계_자립_적응
30879,test,2,3,3단계_자립_적응
30880,test,2,3,3단계_자립_적응
30881,test,1,1,1단계_완전_소외
30882,test,2,3,3단계_자립_적응
30883,test,1,1,1단계_완전_소외
30884,test,1,1,1단계_완전_소외
30885,test,0,2,2단계_부분_적응
30886,test,1,1,1단계_완전_소외
30887,test,2,3,3단계_자립_적응
30888,test,0,2,2단계_부분_적응
30889,test,1,1,1단계_완전_소외
30890,test,2,3,3단계_자립_적응
30891,test,0,2,2단계_부분_적응
30892,test,2,3,3단계_자립_적응
30893,test,0,2,2단계_부분_적응
30894,test,2,3,3단계_자립_적응
30895,test,0,2,2단계_부분_적응
30896,test,0,2,2단계_부분_적응
30897,test,1,1,1단계_완전_소외
30898,test,2,3,3단계_자립_적응
30899,test,0,2,2단계_부분_적응
30900,test,0,2,2단계_부분_적응
30901,test,0,2,2단계_부분_적응
30902,test,2,3,3단계_자립_적응
30903,test,1,1,1단계_완전_소외
30904,test,1,1,1단계_완전_소외
30905,test,0,2,2단계_부분_적응
30906,test,2,3,3단계_자립_적응
30907,test,1,1,1단계_완전_소외
30908,test,1,1,1단계_완전_소외
30909,test,1,1,1단계_완전_소외
30910,test,2,3,3단계_자립_적응
30911,test,2,3,3단계_자립_적응
30912,test,2,3,3단계_자립_적응
30913,test,1,1,1단계_완전_소외
30914,test,2,3,3단계_자립_적응
30915,test,0,2,2단계_부분_적응
30916,test,0,2,2단계_부분_적응
30917,test,0,2,2단계_부분_적응
30918,test,2,3,3단계_자립_적응
30919,test,0,2,2단계_부분_적응
30920,test,1,1,1단계_완전_소외
30921,test,2,3,3단계_자립_적응
30922,test,2,3,3단계_자립_적응
30923,test,0,2,2단계_부분_적응
30924,test,1,1,1단계_완전_소외
30925,test,1,1,1단계_완전_소외
30926,test,0,2,2단계_부분_적응
30927,test,2,3,3단계_자립_적응
30928,test,0,2,2단계_부분_적응
30929,test,0,2,2단계_부분_적응
30930,test,1,1,1단계_완전_소외
30931,test,2,3,3단계_자립_적응
30932,test,0,2,2단계_부분_적응
30933,test,2,3,3단계_자립_적응
30934,test,0,2,2단계_부분_적응
30935,test,1,1,1단계_완전_소외
30936,test,0,2,2단계_부분_적응
30937,test,2,3,3단계_자립_적응
30938,test,1,1,1단계_완전_소외
30939,test,1,1,1단계_완전_소외
30940,test,2,3,3단계_자립_적응
30941,test,0,2,2단계_부분_적응
30942,test,0,2,2단계_부분_적응
30943,test,0,2,2단계_부분_적응
30944,test,1,1,1단계_완전_소외
30945,test,2,3,3단계_자립_적응
30946,test,0,2,2단계_부분_적응
30947,test,1,1,1단계_완전_소외
30948,test,2,3,3단계_자립_적응
30949,test,2,3,3단계_자립_적응
30950,test,2,3,3단계_자립_적응
30951,test,0,2,2단계_부분_적응
30952,test,2,3,3단계_자립_적응
30953,test,1,1,1단계_완전_소외
30954,test,1,1,1단계_완전_소외
30955,test,0,2,2단계_부분_적응
30956,test,2,3,3단계_자립_적응
30957,test,1,1,1단계_완전_소외
30958,test,1,1,1단계_완전_소외
30959,test,1,1,1단계_완전_소외
30960,test,2,3,3단계_자립_적응
30961,test,1,1,1단계_완전_소외
30962,test,2,3,3단계_자립_적응
30963,test,2,3,3단계_자립_적응
30964,test,2,3,3단계_자립_적응
30965,test,0,2,2단계_부분_적응
30966,test,2,3,3단계_자립_적응
30967,test,1,1,1단계_완전_소외
30968,test,0,2,2단계_부분_적응
30969,test,1,1,1단계_완전_소외
30970,test,0,2,2단계_부분_적응
30971,test,0,2,2단계_부분_적응
30972,test,2,3,3단계_자립_적응
30973,test,1,1,1단계_완전_소외
30974,test,1,1,1단계_완전_소외
30975,test,0,2,2단계_부분_적응
30976,test,2,3,3단계_자립_적응
30977,test,0,2,2단계_부분_적응
30978,test,0,2,2단계_부분_적응
30979,test,0,2,2단계_부분_적응
30980,test,0,2,2단계_부분_적응
30981,test,1,1,1단계_완전_소외
30982,test,2,3,3단계_자립_적응
30983,test,1,1,1단계_완전_소외
30984,test,0,2,2단계_부분_적응
30985,test,0,2,2단계_부분_적응
30986,test,1,1,1단계_완전_소외
30987,test,1,1,1단계_완전_소외
30988,test,0,2,2단계_부분_적응
30989,test,1,1,1단계_완전_소외
30990,test,2,3,3단계_자립_적응
30991,test,1,1,1단계_완전_소외
30992,test,0,2,2단계_부분_적응
30993,test,2,3,3단계_자립_적응
30994,test,2,3,3단계_자립_적응
30995,test,1,1,1단계_완전_소외
30996,test,0,2,2단계_부분_적응
30997,test,2,3,3단계_자립_적응
30998,test,2,3,3단계_자립_적응
30999,test,2,3,3단계_자립_적응
31000,test,1,1,1단계_완전_소외
31001,test,1,1,1단계_완전_소외
31002,test,1,1,1단계_완전_소외
31003,test,1,1,1단계_완전_소외
31004,test,0,2,2단계_부분_적응
31005,test,0,2,2단계_부분_적응
31006,test,0,2,2단계_부분_적응
31007,test,2,3,3단계_자립_적응
31008,test,0,2,2단계_부분_적응
31009,test,2,3,3단계_자립_적응
31010,test,2,3,3단계_자립_적응
31011,test,0,2,2단계_부분_적응
31012,test,1,1,1단계_완전_소외
31013,test,0,2,2단계_부분_적응
31014,test,1,1,1단계_완전_소외
31015,test,2,3,3단계_자립_적응
31016,test,2,3,3단계_자립_적응
31017,test,0,2,2단계_부분_적응
31018,test,1,1,1단계_완전_소외
31019,test,0,2,2단계_부분_적응
31020,test,1,1,1단계_완전_소외
31021,test,1,1,1단계_완전_소외
31022,test,0,2,2단계_부분_적응
31023,test,0,2,2단계_부분_적응
31024,test,1,1,1단계_완전_소외
31025,test,0,2,2단계_부분_적응
31026,test,0,2,2단계_부분_적응
31027,test,1,1,1단계_완전_소외
31028,test,1,1,1단계_완전_소외
31029,test,2,3,3단계_자립_적응
31030,test,2,3,3단계_자립_적응
31031,test,1,1,1단계_완전_소외
31032,test,0,2,2단계_부분_적응
31033,test,0,2,2단계_부분_적응
31034,test,1,1,1단계_완전_소외
31035,test,1,1,1단계_완전_소외
31036,test,2,3,3단계_자립_적응
31037,test,1,1,1단계_완전_소외
31038,test,0,2,2단계_부분_적응
31039,test,0,2,2단계_부분_적응
31040,test,1,1,1단계_완전_소외
31041,test,2,3,3단계_자립_적응
31042,test,2,3,3단계_자립_적응
31043,test,0,2,2단계_부분_적응
31044,test,0,2,2단계_부분_적응
31045,test,2,3,3단계_자립_적응
31046,test,0,2,2단계_부분_적응
31047,test,2,3,3단계_자립_적응
31048,test,1,1,1단계_완전_소외
31049,test,2,3,3단계_자립_적응
31050,test,1,1,1단계_완전_소외
31051,test,0,2,2단계_부분_적응
31052,test,1,1,1단계_완전_소외
31053,test,1,1,1단계_완전_소외
31054,test,0,2,2단계_부분_적응
31055,test,0,2,2단계_부분_적응
31056,test,0,2,2단계_부분_적응
31057,test,1,1,1단계_완전_소외
31058,test,0,2,2단계_부분_적응
31059,test,0,2,2단계_부분_적응
31060,test,0,2,2단계_부분_적응
31061,test,0,2,2단계_부분_적응
31062,test,0,2,2단계_부분_적응
31063,test,0,2,2단계_부분_적응
31064,test,1,1,1단계_완전_소외
31065,test,1,1,1단계_완전_소외
31066,test,0,2,2단계_부분_적응
31067,test,2,3,3단계_자립_적응
31068,test,2,3,3단계_자립_적응
31069,test,0,2,2단계_부분_적응
31070,test,0,2,2단계_부분_적응
31071,test,0,2,2단계_부분_적응
31072,test,2,3,3단계_자립_적응
31073,test,2,3,3단계_자립_적응
31074,test,1,1,1단계_완전_소외
31075,test,1,1,1단계_완전_소외
31076,test,1,1,1단계_완전_소외
31077,test,1,1,1단계_완전_소외
31078,test,2,3,3단계_자립_적응
31079,test,1,1,1단계_완전_소외
31080,test,2,3,3단계_자립_적응
31081,test,2,3,3단계_자립_적응
31082,test,1,1,1단계_완전_소외
31083,test,1,1,1단계_완전_소외
31084,test,0,2,2단계_부분_적응
31085,test,2,3,3단계_자립_적응
31086,test,0,2,2단계_부분_적응
31087,test,0,2,2단계_부분_적응
31088,test,1,1,1단계_완전_소외
31089,test,1,1,1단계_완전_소외
31090,test,2,3,3단계_자립_적응
31091,test,0,2,2단계_부분_적응
31092,test,2,3,3단계_자립_적응
31093,test,2,3,3단계_자립_적응
31094,test,1,1,1단계_완전_소외
31095,test,1,1,1단계_완전_소외
31096,test,1,1,1단계_완전_소외
31097,test,1,1,1단계_완전_소외
31098,test,1,1,1단계_완전_소외
31099,test,0,2,2단계_부분_적응
31100,test,0,2,2단계_부분_적응
31101,test,2,3,3단계_자립_적응
31102,test,1,1,1단계_완전_소외
31103,test,1,1,1단계_완전_소외
31104,test,2,3,3단계_자립_적응
31105,test,0,2,2단계_부분_적응
31106,test,0,2,2단계_부분_적응
31107,test,2,3,3단계_자립_적응
31108,test,0,2,2단계_부분_적응
31109,test,1,1,1단계_완전_소외
31110,test,1,1,1단계_완전_소외
31111,test,0,2,2단계_부분_적응
31112,test,0,2,2단계_부분_적응
31113,test,0,2,2단계_부분_적응
31114,test,1,1,1단계_완전_소외
31115,test,1,1,1단계_완전_소외
31116,test,2,3,3단계_자립_적응
31117,test,0,2,2단계_부분_적응
31118,test,0,2,2단계_부분_적응
31119,test,0,2,2단계_부분_적응
31120,test,0,2,2단계_부분_적응
31121,test,1,1,1단계_완전_소외
31122,test,1,1,1단계_완전_소외
31123,test,1,1,1단계_완전_소외
31124,test,1,1,1단계_완전_소외
31125,test,1,1,1단계_완전_소외
31126,test,1,1,1단계_완전_소외
31127,test,0,2,2단계_부분_적응
31128,test,1,1,1단계_완전_소외
31129,test,0,2,2단계_부분_적응
31130,test,1,1,1단계_완전_소외
31131,test,2,3,3단계_자립_적응
31132,test,1,1,1단계_완전_소외
31133,test,0,2,2단계_부분_적응
31134,test,2,3,3단계_자립_적응
31135,test,1,1,1단계_완전_소외
31136,test,0,2,2단계_부분_적응
31137,test,0,2,2단계_부분_적응
31138,test,0,2,2단계_부분_적응
31139,test,1,1,1단계_완전_소외
31140,test,1,1,1단계_완전_소외
31141,test,1,1,1단계_완전_소외
31142,test,2,3,3단계_자립_적응
31143,test,2,3,3단계_자립_적응
31144,test,1,1,1단계_완전_소외
31145,test,1,1,1단계_완전_소외
31146,test,2,3,3단계_자립_적응
31147,test,1,1,1단계_완전_소외
31148,test,1,1,1단계_완전_소외
31149,test,2,3,3단계_자립_적응
31150,test,0,2,2단계_부분_적응
31151,test,0,2,2단계_부분_적응
31152,test,1,1,1단계_완전_소외
31153,test,2,3,3단계_자립_적응
31154,test,0,2,2단계_부분_적응
31155,test,0,2,2단계_부분_적응
31156,test,2,3,3단계_자립_적응
31157,test,2,3,3단계_자립_적응
31158,test,1,1,1단계_완전_소외
31159,test,2,3,3단계_자립_적응
31160,test,0,2,2단계_부분_적응
31161,test,0,2,2단계_부분_적응
31162,test,1,1,1단계_완전_소외
31163,test,1,1,1단계_완전_소외
31164,test,2,3,3단계_자립_적응
31165,test,1,1,1단계_완전_소외
31166,test,0,2,2단계_부분_적응
31167,test,1,1,1단계_완전_소외
31168,test,0,2,2단계_부분_적응
31169,test,0,2,2단계_부분_적응
31170,test,0,2,2단계_부분_적응
31171,test,0,2,2단계_부분_적응
31172,test,2,3,3단계_자립_적응
31173,test,0,2,2단계_부분_적응
31174,test,2,3,3단계_자립_적응
31175,test,1,1,1단계_완전_소외
31176,test,1,1,1단계_완전_소외
31177,test,2,3,3단계_자립_적응
31178,test,1,1,1단계_완전_소외
31179,test,2,3,3단계_자립_적응
31180,test,2,3,3단계_자립_적응
31181,test,0,2,2단계_부분_적응
31182,test,1,1,1단계_완전_소외
31183,test,1,1,1단계_완전_소외
31184,test,1,1,1단계_완전_소외
31185,test,1,1,1단계_완전_소외
31186,test,0,2,2단계_부분_적응
31187,test,0,2,2단계_부분_적응
31188,test,1,1,1단계_완전_소외
31189,test,2,3,3단계_자립_적응
31190,test,0,2,2단계_부분_적응
31191,test,1,1,1단계_완전_소외
31192,test,1,1,1단계_완전_소외
31193,test,1,1,1단계_완전_소외
31194,test,2,3,3단계_자립_적응
31195,test,1,1,1단계_완전_소외
31196,test,2,3,3단계_자립_적응
31197,test,2,3,3단계_자립_적응
31198,test,2,3,3단계_자립_적응
31199,test,1,1,1단계_완전_소외
31200,test,0,2,2단계_부분_적응
31201,test,1,1,1단계_완전_소외
31202,test,2,3,3단계_자립_적응
31203,test,1,1,1단계_완전_소외
31204,test,0,2,2단계_부분_적응
31205,test,0,2,2단계_부분_적응
31206,test,0,2,2단계_부분_적응
31207,test,1,1,1단계_완전_소외
31208,test,0,2,2단계_부분_적응
31209,test,1,1,1단계_완전_소외
31210,test,1,1,1단계_완전_소외
31211,test,1,1,1단계_완전_소외
31212,test,0,2,2단계_부분_적응
31213,test,2,3,3단계_자립_적응
31214,test,0,2,2단계_부분_적응
31215,test,1,1,1단계_완전_소외
31216,test,1,1,1단계_완전_소외
31217,test,1,1,1단계_완전_소외
31218,test,2,3,3단계_자립_적응
31219,test,1,1,1단계_완전_소외
31220,test,2,3,3단계_자립_적응
31221,test,0,2,2단계_부분_적응
31222,test,2,3,3단계_자립_적응
31223,test,1,1,1단계_완전_소외
31224,test,2,3,3단계_자립_적응
31225,test,1,1,1단계_완전_소외
31226,test,1,1,1단계_완전_소외
31227,test,2,3,3단계_자립_적응
31228,test,1,1,1단계_완전_소외
31229,test,1,1,1단계_완전_소외
31230,test,0,2,2단계_부분_적응
31231,test,1,1,1단계_완전_소외
31232,test,0,2,2단계_부분_적응
31233,test,0,2,2단계_부분_적응
31234,test,1,1,1단계_완전_소외
31235,test,1,1,1단계_완전_소외
31236,test,1,1,1단계_완전_소외
31237,test,0,2,2단계_부분_적응
31238,test,2,3,3단계_자립_적응
31239,test,1,1,1단계_완전_소외
31240,test,1,1,1단계_완전_소외
31241,test,1,1,1단계_완전_소외
31242,test,2,3,3단계_자립_적응
31243,test,2,3,3단계_자립_적응
31244,test,0,2,2단계_부분_적응
31245,test,0,2,2단계_부분_적응
31246,test,1,1,1단계_완전_소외
31247,test,0,2,2단계_부분_적응
31248,test,0,2,2단계_부분_적응
31249,test,2,3,3단계_자립_적응
31250,test,0,2,2단계_부분_적응
31251,test,1,1,1단계_완전_소외
31252,test,2,3,3단계_자립_적응
31253,test,0,2,2단계_부분_적응
31254,test,2,3,3단계_자립_적응
31255,test,2,3,3단계_자립_적응
31256,test,1,1,1단계_완전_소외
31257,test,1,1,1단계_완전_소외
31258,test,2,3,3단계_자립_적응
31259,test,1,1,1단계_완전_소외
31260,test,2,3,3단계_자립_적응
31261,test,1,1,1단계_완전_소외
31262,test,0,2,2단계_부분_적응
31263,test,2,3,3단계_자립_적응
31264,test,1,1,1단계_완전_소외
31265,test,0,2,2단계_부분_적응
31266,test,1,1,1단계_완전_소외
31267,test,1,1,1단계_완전_소외
31268,test,0,2,2단계_부분_적응
31269,test,1,1,1단계_완전_소외
31270,test,2,3,3단계_자립_적응
31271,test,2,3,3단계_자립_적응
31272,test,0,2,2단계_부분_적응
31273,test,2,3,3단계_자립_적응
31274,test,0,2,2단계_부분_적응
31275,test,0,2,2단계_부분_적응
31276,test,1,1,1단계_완전_소외
31277,test,0,2,2단계_부분_적응
31278,test,0,2,2단계_부분_적응
31279,test,1,1,1단계_완전_소외
31280,test,0,2,2단계_부분_적응
31281,test,1,1,1단계_완전_소외
31282,test,1,1,1단계_완전_소외
31283,test,2,3,3단계_자립_적응
31284,test,1,1,1단계_완전_소외
31285,test,2,3,3단계_자립_적응
31286,test,0,2,2단계_부분_적응
31287,test,0,2,2단계_부분_적응
31288,test,0,2,2단계_부분_적응
31289,test,1,1,1단계_완전_소외
31290,test,0,2,2단계_부분_적응
31291,test,0,2,2단계_부분_적응
31292,test,0,2,2단계_부분_적응
31293,test,2,3,3단계_자립_적응
31294,test,1,1,1단계_완전_소외
31295,test,1,1,1단계_완전_소외
31296,test,1,1,1단계_완전_소외
31297,test,1,1,1단계_완전_소외
31298,test,1,1,1단계_완전_소외
31299,test,0,2,2단계_부분_적응
31300,test,2,3,3단계_자립_적응
31301,test,1,1,1단계_완전_소외
31302,test,1,1,1단계_완전_소외
31303,test,0,2,2단계_부분_적응
31304,test,0,2,2단계_부분_적응
31305,test,1,1,1단계_완전_소외
31306,test,1,1,1단계_완전_소외
31307,test,2,3,3단계_자립_적응
31308,test,2,3,3단계_자립_적응
31309,test,1,1,1단계_완전_소외
31310,test,2,3,3단계_자립_적응
31311,test,0,2,2단계_부분_적응
31312,test,0,2,2단계_부분_적응
31313,test,0,2,2단계_부분_적응
31314,test,0,2,2단계_부분_적응
31315,test,2,3,3단계_자립_적응
31316,test,0,2,2단계_부분_적응
31317,test,1,1,1단계_완전_소외
31318,test,2,3,3단계_자립_적응
31319,test,0,2,2단계_부분_적응
31320,test,2,3,3단계_자립_적응
31321,test,1,1,1단계_완전_소외
31322,test,1,1,1단계_완전_소외
31323,test,1,1,1단계_완전_소외
31324,test,0,2,2단계_부분_적응
31325,test,1,1,1단계_완전_소외
31326,test,0,2,2단계_부분_적응
31327,test,0,2,2단계_부분_적응
31328,test,1,1,1단계_완전_소외
31329,test,2,3,3단계_자립_적응
31330,test,0,2,2단계_부분_적응
31331,test,1,1,1단계_완전_소외
31332,test,2,3,3단계_자립_적응
